{
"type": "FeatureCollection",
"name": "batas_kecamatan_binjai",
"crs": { "type": "name", "properties": { "name": "urn:ogc:def:crs:OGC:1.3:CRS84" } },
"features": [
{ "type": "Feature", "properties": { "Nama Kecamatan": "Binjai Utara", "Luas(Ha)": 2145.72 }, "geometry": { "type": "MultiPolygon", "coordinates": [ [ [ [ 98.518479730000081, 3.668125479000026, 0.0 ], [ 98.518223659000057, 3.665771959000039, 0.0 ], [ 98.51817311700006, 3.665307436000035, 0.0 ], [ 98.518115261000048, 3.664339943000072, 0.0 ], [ 98.518103980000035, 3.664151298000036, 0.0 ], [ 98.518077333000065, 3.663705685000024, 0.0 ], [ 98.517786089000097, 3.663702314000033, 0.0 ], [ 98.514375007000069, 3.663662833000046, 0.0 ], [ 98.51108432500007, 3.66362474500005, 0.0 ], [ 98.510754491000057, 3.663620927000069, 0.0 ], [ 98.510797507000063, 3.662193504000073, 0.0 ], [ 98.510835350000036, 3.660937716000035, 0.0 ], [ 98.510959577000051, 3.656815376000053, 0.0 ], [ 98.511000333000084, 3.655462936000047, 0.0 ], [ 98.511271204000082, 3.655450645000031, 0.0 ], [ 98.513086903000058, 3.655368253000063, 0.0 ], [ 98.51487151300006, 3.655287272000066, 0.0 ], [ 98.516762286000073, 3.655201473000035, 0.0 ], [ 98.516743761000043, 3.654008812000029, 0.0 ], [ 98.516716528000075, 3.652255585000034, 0.0 ], [ 98.515933029000067, 3.652208504000042, 0.0 ], [ 98.511344026000074, 3.651932749000025, 0.0 ], [ 98.511131130000081, 3.651919956000028, 0.0 ], [ 98.51114036000007, 3.651539511000067, 0.0 ], [ 98.511189609000041, 3.649509439000041, 0.0 ], [ 98.511269522000077, 3.646215423000058, 0.0 ], [ 98.511276366000061, 3.645933291000063, 0.0 ], [ 98.51137721300006, 3.645931726000073, 0.0 ], [ 98.51706720500006, 3.645843425000067, 0.0 ], [ 98.517193309000049, 3.645841468000071, 0.0 ], [ 98.517190658000061, 3.645728532000021, 0.0 ], [ 98.517143040000079, 3.643699900000057, 0.0 ], [ 98.517100739000057, 3.641897764000021, 0.0 ], [ 98.517083658000047, 3.641897860000029, 0.0 ], [ 98.51658369900008, 3.641900664000048, 0.0 ], [ 98.511967358000049, 3.64192655900007, 0.0 ], [ 98.511966108000081, 3.641671725000037, 0.0 ], [ 98.511949568000034, 3.638300463000064, 0.0 ], [ 98.511935621000077, 3.63545754100005, 0.0 ], [ 98.511932157000047, 3.634751445000063, 0.0 ], [ 98.511938786000087, 3.63462630400005, 0.0 ], [ 98.512087485000052, 3.631819164000035, 0.0 ], [ 98.512089999000068, 3.631771707000041, 0.0 ], [ 98.516126867000082, 3.631725337000034, 0.0 ], [ 98.516130872000076, 3.629551939000066, 0.0 ], [ 98.516134328000078, 3.629469655000035, 0.0 ], [ 98.516185510000071, 3.628251199000032, 0.0 ], [ 98.516195261000064, 3.627829969000061, 0.0 ], [ 98.51619988300007, 3.62763036700005, 0.0 ], [ 98.516201537000086, 3.627558944000044, 0.0 ], [ 98.516202110000052, 3.627534215000025, 0.0 ], [ 98.516211648000095, 3.627122239000073, 0.0 ], [ 98.516186330000039, 3.626706533000062, 0.0 ], [ 98.516162504000079, 3.62649426300004, 0.0 ], [ 98.516178652000065, 3.626220944000067, 0.0 ], [ 98.516178798000055, 3.625947617000065, 0.0 ], [ 98.516179045000058, 3.625481352000066, 0.0 ], [ 98.516179352000051, 3.624902541000041, 0.0 ], [ 98.516179992000048, 3.623700491000022, 0.0 ], [ 98.516180213000041, 3.623284130000058, 0.0 ], [ 98.516180343000087, 3.623039018000044, 0.0 ], [ 98.516180404000067, 3.622924933000034, 0.0 ], [ 98.515990007000084, 3.620835658000033, 0.0 ], [ 98.514063615000055, 3.62081760800004, 0.0 ], [ 98.514073223000082, 3.617191184000035, 0.0 ], [ 98.512008196000068, 3.617227702000037, 0.0 ], [ 98.512008492000064, 3.617098989000056, 0.0 ], [ 98.512009744000068, 3.616553866000061, 0.0 ], [ 98.512007685000071, 3.616238022000061, 0.0 ], [ 98.512086536000083, 3.616239783000025, 0.0 ], [ 98.512412383000083, 3.616254648000052, 0.0 ], [ 98.512413600000059, 3.615915942000073, 0.0 ], [ 98.512423306000073, 3.61321418700004, 0.0 ], [ 98.512423383000055, 3.61319254400007, 0.0 ], [ 98.512423860000069, 3.613060043000076, 0.0 ], [ 98.512115633000064, 3.613057609000065, 0.0 ], [ 98.505908995000084, 3.613008606000051, 0.0 ], [ 98.505044007000052, 3.612989332000041, 0.0 ], [ 98.50247332400005, 3.612981480000029, 0.0 ], [ 98.502157864000083, 3.61298051700004, 0.0 ], [ 98.500328783000043, 3.612990721000073, 0.0 ], [ 98.499340687000085, 3.613001286000042, 0.0 ], [ 98.498748247000037, 3.613009717000068, 0.0 ], [ 98.498748166000041, 3.613009453000074, 0.0 ], [ 98.497894994000035, 3.61017713800004, 0.0 ], [ 98.497884153000086, 3.610184265000044, 0.0 ], [ 98.497873146000074, 3.610148273000051, 0.0 ], [ 98.497554893000085, 3.61037729700007, 0.0 ], [ 98.497293151000065, 3.610591448000036, 0.0 ], [ 98.496939208000072, 3.610591448000037, 0.0 ], [ 98.496136139000043, 3.61056467900005, 0.0 ], [ 98.495719734000033, 3.61055278200007, 0.0 ], [ 98.495225996000045, 3.610528987000067, 0.0 ], [ 98.494793318000063, 3.610473008000043, 0.0 ], [ 98.494698792000065, 3.610449488000027, 0.0 ], [ 98.494682871000066, 3.61044747900007, 0.0 ], [ 98.494629884000062, 3.610444788000052, 0.0 ], [ 98.494627408000042, 3.610449488000029, 0.0 ], [ 98.494611486000053, 3.610447479000071, 0.0 ], [ 98.494605327000045, 3.610447166000029, 0.0 ], [ 98.494540506000078, 3.610443874000056, 0.0 ], [ 98.494465189000039, 3.610481656000047, 0.0 ], [ 98.494465111000082, 3.610481697000069, 0.0 ], [ 98.494400041000063, 3.610481660000062, 0.0 ], [ 98.494145202000084, 3.610481519000075, 0.0 ], [ 98.493973180000069, 3.610465218000058, 0.0 ], [ 98.493779030000042, 3.610446821000039, 0.0 ], [ 98.493669085000079, 3.610436403000051, 0.0 ], [ 98.493595092000092, 3.610375759000021, 0.0 ], [ 98.493468303000043, 3.610271845000057, 0.0 ], [ 98.49314614900004, 3.609941060000041, 0.0 ], [ 98.493034907000037, 3.609808073000068, 0.0 ], [ 98.492858628000079, 3.609583822000046, 0.0 ], [ 98.492851463000079, 3.609397614000046, 0.0 ], [ 98.492847891000054, 3.609304769000061, 0.0 ], [ 98.492843960000073, 3.609202599000071, 0.0 ], [ 98.492844061000085, 3.609018299000069, 0.0 ], [ 98.492844065000043, 3.609013216000051, 0.0 ], [ 98.492793891000076, 3.609016788000076, 0.0 ], [ 98.492712961000066, 3.608997976000068, 0.0 ], [ 98.492630316000046, 3.608982831000048, 0.0 ], [ 98.492576215000042, 3.608985998000037, 0.0 ], [ 98.492558931000076, 3.608982831000049, 0.0 ], [ 98.492431191000037, 3.608990309000033, 0.0 ], [ 98.492213273000061, 3.609012835000044, 0.0 ], [ 98.492177005000087, 3.609047579000049, 0.0 ], [ 98.49204787900004, 3.609171279000067, 0.0 ], [ 98.491978414000073, 3.609276640000075, 0.0 ], [ 98.491925120000076, 3.609400963000041, 0.0 ], [ 98.49192, 3.60942788600005, 0.0 ], [ 98.491882317000034, 3.609631698000043, 0.0 ], [ 98.491987273000063, 3.610062072000059, 0.0 ], [ 98.49204721600006, 3.610364081000056, 0.0 ], [ 98.492293966000048, 3.610669748000021, 0.0 ], [ 98.492463429000054, 3.610897027000021, 0.0 ], [ 98.49260122700008, 3.611085537000064, 0.0 ], [ 98.492665166000052, 3.611173007000047, 0.0 ], [ 98.492713540000068, 3.611319081000033, 0.0 ], [ 98.493004210000038, 3.611416609000059, 0.0 ], [ 98.493448286000046, 3.611571019000053, 0.0 ], [ 98.493609783000068, 3.611603564000063, 0.0 ], [ 98.493900444000076, 3.611717319000036, 0.0 ], [ 98.494045720000088, 3.611871561000041, 0.0 ], [ 98.494073416000049, 3.612094660000025, 0.0 ], [ 98.494101367000042, 3.612672241000041, 0.0 ], [ 98.494007018000048, 3.612871022000037, 0.0 ], [ 98.49414803100008, 3.613496008000027, 0.0 ], [ 98.494316188000099, 3.613580469000056, 0.0 ], [ 98.494316757000036, 3.613703449000071, 0.0 ], [ 98.494277838000073, 3.614135883000073, 0.0 ], [ 98.494157039000072, 3.61424400900006, 0.0 ], [ 98.494062481000071, 3.614821520000022, 0.0 ], [ 98.493854918000068, 3.615247477000026, 0.0 ], [ 98.493600353000033, 3.615465105000055, 0.0 ], [ 98.493242071000054, 3.61577735700007, 0.0 ], [ 98.493110104000039, 3.615834094000037, 0.0 ], [ 98.492695352000055, 3.616013758000066, 0.0 ], [ 98.492087724000044, 3.616276973000026, 0.0 ], [ 98.492087391000041, 3.61627801700007, 0.0 ], [ 98.492010538000045, 3.616517775000033, 0.0 ], [ 98.49195192600007, 3.616700634000041, 0.0 ], [ 98.491934872000058, 3.616753838000023, 0.0 ], [ 98.491849971000079, 3.616986588000032, 0.0 ], [ 98.491895076000048, 3.617179666000027, 0.0 ], [ 98.491770526000039, 3.617571376000058, 0.0 ], [ 98.491698577000079, 3.617709714000056, 0.0 ], [ 98.491696322000053, 3.617712519000064, 0.0 ], [ 98.49157256400008, 3.617866521000053, 0.0 ], [ 98.491397237000058, 3.618104897000023, 0.0 ], [ 98.491272698000046, 3.618479575000038, 0.0 ], [ 98.491160512000079, 3.618837983000049, 0.0 ], [ 98.491068719000054, 3.619427684000073, 0.0 ], [ 98.490991578000035, 3.619803066000031, 0.0 ], [ 98.490989383000056, 3.619813742000075, 0.0 ], [ 98.491382570000042, 3.620277531000055, 0.0 ], [ 98.491620345000058, 3.620573914000034, 0.0 ], [ 98.491723144000048, 3.620841832000054, 0.0 ], [ 98.491818322000086, 3.621474769000031, 0.0 ], [ 98.491699349000044, 3.622193366000034, 0.0 ], [ 98.491580375000069, 3.622455108000053, 0.0 ], [ 98.491470921000086, 3.622764437000056, 0.0 ], [ 98.49142455100008, 3.622860570000057, 0.0 ], [ 98.491409667000084, 3.622891427000069, 0.0 ], [ 98.491275805000043, 3.62316894500003, 0.0 ], [ 98.491140616000052, 3.623348420000069, 0.0 ], [ 98.491056179000054, 3.62346051800006, 0.0 ], [ 98.490999788000067, 3.623535382000057, 0.0 ], [ 98.49068569800005, 3.62370194400006, 0.0 ], [ 98.490412694000042, 3.623856706000027, 0.0 ], [ 98.490125621000061, 3.623937063000028, 0.0 ], [ 98.489964436000051, 3.62398218200002, 0.0 ], [ 98.489870911000082, 3.624008362000041, 0.0 ], [ 98.48985354000007, 3.624013224000066, 0.0 ], [ 98.489239618000056, 3.624185072000045, 0.0 ], [ 98.488240246000032, 3.624484885000072, 0.0 ], [ 98.487990401000047, 3.624972674000049, 0.0 ], [ 98.487692970000069, 3.625983945000029, 0.0 ], [ 98.487490716000082, 3.626126712000031, 0.0 ], [ 98.486907748000078, 3.625841177000039, 0.0 ], [ 98.486229601000048, 3.625377182000022, 0.0 ], [ 98.485848886000042, 3.62529390100002, 0.0 ], [ 98.485551454000088, 3.625400977000026, 0.0 ], [ 98.485384893000059, 3.625757897000028, 0.0 ], [ 98.485432481000046, 3.626198096000052, 0.0 ], [ 98.485696601000086, 3.626923832000045, 0.0 ], [ 98.485707061000085, 3.626949980000064, 0.0 ], [ 98.485779453000077, 3.627130963000069, 0.0 ], [ 98.485967859000084, 3.62760197800003, 0.0 ], [ 98.485939307000081, 3.628065973000048, 0.0 ], [ 98.485916768000038, 3.628221866000047, 0.0 ], [ 98.485896589000049, 3.628361437000023, 0.0 ], [ 98.485853646000066, 3.628658459000063, 0.0 ], [ 98.485525281000037, 3.629707801000052, 0.0 ], [ 98.485411067000086, 3.630071859000054, 0.0 ], [ 98.485325405000083, 3.630464471000039, 0.0 ], [ 98.485125531000065, 3.630771420000031, 0.0 ], [ 98.484768612000053, 3.631114063000041, 0.0 ], [ 98.484525906000044, 3.63139959800003, 0.0 ], [ 98.484425970000075, 3.631628026000044, 0.0 ], [ 98.484368863000043, 3.631877869000051, 0.0 ], [ 98.484554461000073, 3.632420387000025, 0.0 ], [ 98.484740058000057, 3.632877243000053, 0.0 ], [ 98.485296852000033, 3.633812371000033, 0.0 ], [ 98.485560973000077, 3.634312058000034, 0.0 ], [ 98.485718017000067, 3.634768915000052, 0.0 ], [ 98.485739432000059, 3.635361401000069, 0.0 ], [ 98.48559666400007, 3.635832534000031, 0.0 ], [ 98.485361098000055, 3.636389328000064, 0.0 ], [ 98.48510411500007, 3.637010367000074, 0.0 ], [ 98.484889964000047, 3.637438670000051, 0.0 ], [ 98.484425970000075, 3.637852696000039, 0.0 ], [ 98.484211818000063, 3.638070418000041, 0.0 ], [ 98.48397004800006, 3.638278785000068, 0.0 ], [ 98.483956212000066, 3.638290709000045, 0.0 ], [ 98.48387933500004, 3.638329147000036, 0.0 ], [ 98.483624597000073, 3.638367081000069, 0.0 ], [ 98.483317646000046, 3.638281420000057, 0.0 ], [ 98.48292503600004, 3.637981609000065, 0.0 ], [ 98.482525285000065, 3.637660382000036, 0.0 ], [ 98.482175506000033, 3.636953681000024, 0.0 ], [ 98.481797171000039, 3.635925754000027, 0.0 ], [ 98.481698557000072, 3.635625625000046, 0.0 ], [ 98.481635611000058, 3.635434047000046, 0.0 ], [ 98.481468806000066, 3.634926380000023, 0.0 ], [ 98.481133302000046, 3.634312479000073, 0.0 ], [ 98.480819213000075, 3.634126881000043, 0.0 ], [ 98.480483709000055, 3.63409832800005, 0.0 ], [ 98.480226727000058, 3.634262510000043, 0.0 ], [ 98.480062544000091, 3.634640845000035, 0.0 ], [ 98.479969745000062, 3.635426067000025, 0.0 ], [ 98.480212449000078, 3.636204151000071, 0.0 ], [ 98.48043374000008, 3.636796636000043, 0.0 ], [ 98.480448017000072, 3.637631827000064, 0.0 ], [ 98.480429696000044, 3.638584512000023, 0.0 ], [ 98.480427409000072, 3.63870345600003, 0.0 ], [ 98.480419462000043, 3.639116611000019, 0.0 ], [ 98.480169620000098, 3.639530637000064, 0.0 ], [ 98.479855531000055, 3.639880418000076, 0.0 ], [ 98.479612825000061, 3.639994632000025, 0.0 ], [ 98.479234491000057, 3.640030324000065, 0.0 ], [ 98.478734805000045, 3.639859003000028, 0.0 ], [ 98.47834632200005, 3.639591083000027, 0.0 ], [ 98.47833511400006, 3.639583354000024, 0.0 ], [ 98.478113765000046, 3.639430701000037, 0.0 ], [ 98.477806815000065, 3.639295071000049, 0.0 ], [ 98.477507003000085, 3.639266517000066, 0.0 ], [ 98.477185776000056, 3.639452115000039, 0.0 ], [ 98.476964486000043, 3.639730512000028, 0.0 ], [ 98.476964486000043, 3.640101708000031, 0.0 ], [ 98.477535557000067, 3.640951175000055, 0.0 ], [ 98.478185150000073, 3.641593630000046, 0.0 ], [ 98.478256533000035, 3.642043348000073, 0.0 ], [ 98.478032405000079, 3.642322364000052, 0.0 ], [ 98.477967676000048, 3.642402946000062, 0.0 ], [ 98.47790675300007, 3.64247878900005, 0.0 ], [ 98.477642632000084, 3.642614419000039, 0.0 ], [ 98.477314267000054, 3.642493066000043, 0.0 ], [ 98.47692879300007, 3.642435959000067, 0.0 ], [ 98.476329169000053, 3.64261441900004, 0.0 ], [ 98.475058538000042, 3.642792878000023, 0.0 ], [ 98.473787906000041, 3.642821432000062, 0.0 ], [ 98.473314332000086, 3.64278500300003, 0.0 ], [ 98.473231001000059, 3.64277859300006, 0.0 ], [ 98.473138313000049, 3.64277146300003, 0.0 ], [ 98.472324537000077, 3.642443098000057, 0.0 ], [ 98.471796297000083, 3.642443098000057, 0.0 ], [ 98.471596422000061, 3.64277146300003, 0.0 ], [ 98.471653528000047, 3.643428194000024, 0.0 ], [ 98.472217461000071, 3.644377600000042, 0.0 ], [ 98.472631487000058, 3.644613166000056, 0.0 ], [ 98.473273941000059, 3.644677411000032, 0.0 ], [ 98.473673691000045, 3.644741657000054, 0.0 ], [ 98.474316146000035, 3.645077161000075, 0.0 ], [ 98.474358976000076, 3.645526879000045, 0.0 ], [ 98.473816458000044, 3.645798137000042, 0.0 ], [ 98.473259665000057, 3.646133641000064, 0.0 ], [ 98.472845638000081, 3.646611913000071, 0.0 ], [ 98.472588657000074, 3.647104462000072, 0.0 ], [ 98.472474442000077, 3.647463760000051, 0.0 ], [ 98.472460327000078, 3.647797541000046, 0.0 ], [ 98.472460319000049, 3.647797725000034, 0.0 ], [ 98.472461283000086, 3.64779880900005, 0.0 ], [ 98.47285067100006, 3.64823655400005, 0.0 ], [ 98.47382458900006, 3.648494427000059, 0.0 ], [ 98.476415825000061, 3.651641044000031, 0.0 ], [ 98.476947669000083, 3.65228687900003, 0.0 ], [ 98.477437567000038, 3.652995866000027, 0.0 ], [ 98.480200469000067, 3.656994376000056, 0.0 ], [ 98.481242767000083, 3.658343165000075, 0.0 ], [ 98.48495003000005, 3.663140558000066, 0.0 ], [ 98.485401644000035, 3.663704468000049, 0.0 ], [ 98.488413195000078, 3.667464855000048, 0.0 ], [ 98.49142517100006, 3.667942047000053, 0.0 ], [ 98.491428949000067, 3.667942646000028, 0.0 ], [ 98.491591663000065, 3.667968425000026, 0.0 ], [ 98.491774417000045, 3.667997379000041, 0.0 ], [ 98.491948898000032, 3.668025022000052, 0.0 ], [ 98.492306127000063, 3.66808161800003, 0.0 ], [ 98.492460035000079, 3.668106002000058, 0.0 ], [ 98.49255361700007, 3.668120828000042, 0.0 ], [ 98.494170637000082, 3.668377015000033, 0.0 ], [ 98.494594091000081, 3.668189069000051, 0.0 ], [ 98.495137316000068, 3.667947964000063, 0.0 ], [ 98.495308213000044, 3.667872113000044, 0.0 ], [ 98.495519840000043, 3.667778184000043, 0.0 ], [ 98.496654854000042, 3.667274419000023, 0.0 ], [ 98.497191009000062, 3.667804883000029, 0.0 ], [ 98.497573616000068, 3.668183429000067, 0.0 ], [ 98.498165626000059, 3.668769155000064, 0.0 ], [ 98.498504552000043, 3.66910448300007, 0.0 ], [ 98.499249619000068, 3.669322714000032, 0.0 ], [ 98.499569261000033, 3.669416338000075, 0.0 ], [ 98.500166594000063, 3.669591297000067, 0.0 ], [ 98.500600398000074, 3.669718359000057, 0.0 ], [ 98.500625976000038, 3.66986346300007, 0.0 ], [ 98.500630727000043, 3.669890413000075, 0.0 ], [ 98.500749651000035, 3.670565048000071, 0.0 ], [ 98.500858113000049, 3.671180333000052, 0.0 ], [ 98.500860118000048, 3.671191709000028, 0.0 ], [ 98.501080741000067, 3.672443266000073, 0.0 ], [ 98.501081272000079, 3.672446279000043, 0.0 ], [ 98.501172848000067, 3.672447177000037, 0.0 ], [ 98.501318510000033, 3.672448606000045, 0.0 ], [ 98.501319927000054, 3.672448620000069, 0.0 ], [ 98.509760250000056, 3.672531410000035, 0.0 ], [ 98.510894032000067, 3.672511802000031, 0.0 ], [ 98.511646198000051, 3.672498794000034, 0.0 ], [ 98.511884202000033, 3.672494678000021, 0.0 ], [ 98.511803619000034, 3.668328033000022, 0.0 ], [ 98.517465788000038, 3.668156242000065, 0.0 ], [ 98.518330050000031, 3.668130020000035, 0.0 ], [ 98.518479730000081, 3.668125479000026, 0.0 ] ] ] ] } },
{ "type": "Feature", "properties": { "Nama Kecamatan": "Binjai Kota", "Luas(Ha)": 372.68 }, "geometry": { "type": "MultiPolygon", "coordinates": [ [ [ [ 98.492431191000037, 3.608990309000033, 0.0 ], [ 98.492558931000076, 3.608982831000049, 0.0 ], [ 98.492576215000042, 3.608985998000037, 0.0 ], [ 98.492630316000046, 3.608982831000048, 0.0 ], [ 98.492712961000066, 3.608997976000068, 0.0 ], [ 98.492793891000076, 3.609016788000076, 0.0 ], [ 98.492844065000043, 3.609013216000051, 0.0 ], [ 98.49284444500006, 3.609013189000052, 0.0 ], [ 98.492949615000043, 3.609058544000049, 0.0 ], [ 98.493332804000033, 3.609096505000025, 0.0 ], [ 98.493731556000057, 3.609058278000021, 0.0 ], [ 98.493671198000072, 3.608613534000029, 0.0 ], [ 98.493536065000058, 3.608402076000061, 0.0 ], [ 98.493235570000081, 3.608288667000067, 0.0 ], [ 98.493047756000067, 3.608228167000049, 0.0 ], [ 98.492875023000067, 3.608069534000037, 0.0 ], [ 98.492717277000054, 3.60798640300004, 0.0 ], [ 98.492589666000072, 3.607759849000046, 0.0 ], [ 98.492619944000069, 3.607359750000057, 0.0 ], [ 98.492747873000042, 3.607012550000036, 0.0 ], [ 98.492815673000052, 3.606695514000024, 0.0 ], [ 98.492860945000075, 3.606355817000064, 0.0 ], [ 98.492861050000045, 3.606167083000059, 0.0 ], [ 98.492794422000046, 3.605962962000035, 0.0 ], [ 98.492742127000042, 3.605698186000041, 0.0 ], [ 98.492741993000038, 3.605697507000059, 0.0 ], [ 98.492568987000084, 3.605656018000046, 0.0 ], [ 98.492342395000037, 3.605796315000021, 0.0 ], [ 98.492092316000083, 3.605999156000052, 0.0 ], [ 98.491703835000067, 3.606294774000049, 0.0 ], [ 98.491500923000046, 3.606362606000061, 0.0 ], [ 98.49125667800007, 3.606239514000037, 0.0 ], [ 98.491095770000072, 3.606184377000033, 0.0 ], [ 98.491047867000077, 3.606122425000023, 0.0 ], [ 98.49104107800008, 3.606015769000067, 0.0 ], [ 98.491050353000048, 3.605886741000063, 0.0 ], [ 98.491012842000032, 3.605781029000071, 0.0 ], [ 98.490982883000072, 3.605607376000023, 0.0 ], [ 98.490983150000034, 3.605506563000063, 0.0 ], [ 98.490870380000047, 3.605237394000027, 0.0 ], [ 98.490780285000085, 3.605109004000041, 0.0 ], [ 98.490697685000043, 3.60501081600006, 0.0 ], [ 98.490675194000062, 3.604920210000045, 0.0 ], [ 98.490404794000085, 3.604738874000021, 0.0 ], [ 98.490179496000053, 3.604527364000033, 0.0 ], [ 98.489683641000056, 3.604413845000067, 0.0 ], [ 98.489443298000097, 3.604232525000044, 0.0 ], [ 98.489315759000078, 3.603877632000034, 0.0 ], [ 98.489248510000039, 3.603205700000047, 0.0 ], [ 98.48933136900007, 3.602835828000024, 0.0 ], [ 98.489564568000048, 3.602583003000064, 0.0 ], [ 98.489567650000083, 3.602414520000026, 0.0 ], [ 98.489621721000049, 3.60212206500006, 0.0 ], [ 98.489690013000086, 3.602111271000069, 0.0 ], [ 98.489858378000065, 3.602292632000059, 0.0 ], [ 98.490132312000071, 3.602292786000019, 0.0 ], [ 98.490099845000032, 3.60189484600005, 0.0 ], [ 98.489916555000036, 3.601891131000059, 0.0 ], [ 98.489815930000077, 3.601880242000051, 0.0 ], [ 98.489675763000037, 3.601883774000043, 0.0 ], [ 98.489169007000044, 3.601901544000043, 0.0 ], [ 98.48931675700004, 3.601186662000033, 0.0 ], [ 98.489385205000076, 3.600894215000038, 0.0 ], [ 98.489558187000071, 3.600045743000067, 0.0 ], [ 98.489803666000057, 3.598841618000051, 0.0 ], [ 98.489829524000072, 3.598714780000023, 0.0 ], [ 98.48982955200006, 3.598714640000026, 0.0 ], [ 98.489260482000077, 3.598980351000022, 0.0 ], [ 98.488523528000087, 3.599333808000039, 0.0 ], [ 98.488271884000085, 3.599456438000062, 0.0 ], [ 98.487743427000055, 3.599719738000033, 0.0 ], [ 98.487281130000042, 3.599874275000048, 0.0 ], [ 98.487279754000042, 3.599874735000071, 0.0 ], [ 98.487279722000039, 3.599874746000068, 0.0 ], [ 98.487278148000087, 3.599869004000026, 0.0 ], [ 98.487253635000073, 3.599779530000036, 0.0 ], [ 98.487123497000084, 3.599482158000058, 0.0 ], [ 98.487017653000066, 3.599252114000024, 0.0 ], [ 98.486873590000073, 3.599145559000022, 0.0 ], [ 98.486810039000034, 3.599085897000065, 0.0 ], [ 98.486721084000067, 3.59897511400004, 0.0 ], [ 98.486665975000051, 3.598979342000064, 0.0 ], [ 98.486615137000058, 3.59892820600004, 0.0 ], [ 98.48658548800006, 3.598885599000028, 0.0 ], [ 98.486572810000041, 3.598817449000025, 0.0 ], [ 98.486462653000046, 3.598719430000074, 0.0 ], [ 98.486271832000057, 3.598842833000049, 0.0 ], [ 98.486131980000039, 3.598783128000036, 0.0 ], [ 98.485971026000072, 3.598561570000071, 0.0 ], [ 98.48586935600008, 3.598446521000028, 0.0 ], [ 98.485797363000074, 3.598322970000026, 0.0 ], [ 98.485682987000075, 3.598190877000036, 0.0 ], [ 98.485606787000052, 3.598011958000029, 0.0 ], [ 98.485572959000081, 3.597862875000033, 0.0 ], [ 98.485492479000072, 3.597756355000058, 0.0 ], [ 98.485390807000044, 3.597645564000061, 0.0 ], [ 98.485310353000045, 3.597492197000066, 0.0 ], [ 98.485467294000046, 3.597313408000047, 0.0 ], [ 98.48554366500008, 3.597185682000031, 0.0 ], [ 98.485658177000076, 3.59707927300002, 0.0 ], [ 98.485696378000057, 3.59698559900005, 0.0 ], [ 98.485700654000084, 3.596921715000065, 0.0 ], [ 98.485696444000041, 3.596870605000049, 0.0 ], [ 98.485721925000064, 3.596785441000066, 0.0 ], [ 98.485726213000078, 3.596696005000069, 0.0 ], [ 98.485749111000075, 3.596624040000052, 0.0 ], [ 98.485789865000072, 3.596576790000028, 0.0 ], [ 98.48578991100004, 3.596491610000043, 0.0 ], [ 98.485776539000085, 3.596261258000027, 0.0 ], [ 98.485838890000082, 3.596145759000024, 0.0 ], [ 98.485901194000064, 3.596116910000034, 0.0 ], [ 98.486059278000099, 3.596165139000051, 0.0 ], [ 98.486136004000059, 3.596049648000076, 0.0 ], [ 98.486226938000073, 3.59622781500002, 0.0 ], [ 98.486361123000052, 3.596174937000057, 0.0 ], [ 98.486528766000049, 3.596266497000045, 0.0 ], [ 98.486605478000058, 3.596175076000065, 0.0 ], [ 98.486538494000058, 3.596006550000026, 0.0 ], [ 98.486549626000055, 3.595951214000024, 0.0 ], [ 98.486551489000092, 3.595909, 0.0 ], [ 98.486404431000039, 3.595842800000071, 0.0 ], [ 98.486251141000082, 3.595784946000037, 0.0 ], [ 98.48615056400007, 3.595717494000041, 0.0 ], [ 98.485973276000038, 3.595736650000049, 0.0 ], [ 98.485709715000041, 3.595808710000029, 0.0 ], [ 98.48558984500005, 3.595967502000065, 0.0 ], [ 98.485374163000074, 3.596102170000051, 0.0 ], [ 98.485191309000072, 3.596021661000066, 0.0 ], [ 98.485188297000036, 3.596022023000046, 0.0 ], [ 98.485121480000032, 3.596030048000046, 0.0 ], [ 98.485043601000086, 3.596039402000031, 0.0 ], [ 98.484871447000046, 3.596047673000044, 0.0 ], [ 98.484746533000077, 3.596053675000064, 0.0 ], [ 98.483903244000032, 3.59610133700005, 0.0 ], [ 98.483236053000041, 3.596130645000074, 0.0 ], [ 98.482789456000035, 3.596158256000023, 0.0 ], [ 98.481397331000039, 3.596244328000068, 0.0 ], [ 98.48088944400007, 3.596268108000061, 0.0 ], [ 98.480223444000046, 3.596291797000049, 0.0 ], [ 98.478936283000053, 3.596334604000049, 0.0 ], [ 98.478801417000057, 3.596339088000037, 0.0 ], [ 98.478800413000045, 3.596339122000074, 0.0 ], [ 98.478772294000066, 3.59523190300007, 0.0 ], [ 98.478691687000037, 3.593744352000045, 0.0 ], [ 98.478658512000038, 3.593104080000046, 0.0 ], [ 98.478629783000088, 3.592655261000062, 0.0 ], [ 98.478577777000055, 3.59184278500004, 0.0 ], [ 98.478506713000058, 3.590422635000037, 0.0 ], [ 98.478497198000071, 3.590252663000058, 0.0 ], [ 98.478487602000087, 3.590078928000026, 0.0 ], [ 98.478458753000041, 3.589724495000041, 0.0 ], [ 98.478457606000063, 3.589558542000019, 0.0 ], [ 98.47806875200007, 3.589561658000037, 0.0 ], [ 98.477865395000038, 3.589582390000031, 0.0 ], [ 98.477541703000043, 3.589578034000055, 0.0 ], [ 98.477516745000059, 3.589682260000075, 0.0 ], [ 98.477447917000063, 3.589681605000068, 0.0 ], [ 98.476336727000046, 3.589646347000041, 0.0 ], [ 98.476412812000049, 3.590657316000033, 0.0 ], [ 98.476475601000061, 3.591486809000059, 0.0 ], [ 98.476492677000067, 3.591939632000049, 0.0 ], [ 98.475179940000032, 3.591997708000065, 0.0 ], [ 98.47421214600007, 3.592074935000027, 0.0 ], [ 98.474227901000063, 3.591600446000029, 0.0 ], [ 98.474251248000087, 3.591390435000051, 0.0 ], [ 98.473840886000076, 3.591452427000035, 0.0 ], [ 98.473446030000048, 3.59147553500003, 0.0 ], [ 98.473159564000071, 3.59149870500005, 0.0 ], [ 98.4728963620001, 3.591451881000068, 0.0 ], [ 98.47272604300008, 3.591444003000048, 0.0 ], [ 98.472532547000071, 3.591350547000046, 0.0 ], [ 98.47244743400006, 3.591264933000047, 0.0 ], [ 98.472370241000078, 3.590868176000071, 0.0 ], [ 98.472261862000039, 3.590852556000073, 0.0 ], [ 98.472021776000076, 3.591000211000051, 0.0 ], [ 98.471889974000078, 3.591326839000033, 0.0 ], [ 98.471440915000073, 3.591365472000064, 0.0 ], [ 98.471231882000041, 3.591365350000046, 0.0 ], [ 98.471030567000071, 3.591404127000032, 0.0 ], [ 98.470844769000053, 3.591388461000065, 0.0 ], [ 98.470566013000052, 3.591466086000025, 0.0 ], [ 98.470257632000084, 3.591695441000069, 0.0 ], [ 98.46944929600005, 3.592111253000041, 0.0 ], [ 98.469124004000037, 3.592111063000061, 0.0 ], [ 98.469087470000048, 3.59219009100002, 0.0 ], [ 98.469014294000033, 3.592348383000057, 0.0 ], [ 98.468764321000037, 3.592368880000038, 0.0 ], [ 98.468750742000054, 3.592165892000026, 0.0 ], [ 98.468346630000042, 3.59227574600004, 0.0 ], [ 98.467596742000069, 3.592278748000069, 0.0 ], [ 98.467586440000048, 3.592330347000029, 0.0 ], [ 98.466627590000087, 3.592488042000071, 0.0 ], [ 98.465488296000046, 3.592662670000038, 0.0 ], [ 98.465443326000084, 3.59269458700004, 0.0 ], [ 98.465805657000047, 3.592909801000075, 0.0 ], [ 98.46666692000008, 3.593520837000028, 0.0 ], [ 98.466768007000042, 3.594004236000045, 0.0 ], [ 98.466691686000047, 3.594512967000072, 0.0 ], [ 98.466159258000062, 3.594945114000041, 0.0 ], [ 98.465901161000033, 3.595026230000031, 0.0 ], [ 98.465836980000077, 3.595046401000046, 0.0 ], [ 98.464866596000036, 3.595351376000053, 0.0 ], [ 98.463269788000048, 3.595833772000049, 0.0 ], [ 98.462454229000059, 3.596297435000054, 0.0 ], [ 98.462421631000041, 3.596301051000068, 0.0 ], [ 98.461396338000043, 3.596414794000053, 0.0 ], [ 98.460032815000034, 3.596192004000045, 0.0 ], [ 98.460152280000059, 3.59644429900004, 0.0 ], [ 98.459567537000055, 3.596713153000052, 0.0 ], [ 98.458842751000077, 3.596957452000027, 0.0 ], [ 98.458684278000078, 3.597208204000026, 0.0 ], [ 98.458611071000064, 3.597434535000047, 0.0 ], [ 98.458440541000073, 3.597477261000051, 0.0 ], [ 98.458683826000083, 3.597972983000033, 0.0 ], [ 98.459054928000072, 3.598572790000049, 0.0 ], [ 98.459298032000049, 3.599374423000028, 0.0 ], [ 98.459468486000063, 3.599460180000051, 0.0 ], [ 98.459632819000035, 3.599600997000039, 0.0 ], [ 98.459961515000032, 3.599827567000034, 0.0 ], [ 98.460241500000066, 3.600047990000063, 0.0 ], [ 98.46074062200006, 3.600409262000027, 0.0 ], [ 98.460904998000046, 3.600476661000073, 0.0 ], [ 98.461422652000067, 3.600391312000055, 0.0 ], [ 98.461678470000038, 3.600287454000066, 0.0 ], [ 98.46176981800005, 3.600275271000043, 0.0 ], [ 98.461848993000046, 3.600256964000038, 0.0 ], [ 98.461916070000086, 3.600097929000072, 0.0 ], [ 98.461830989000077, 3.599804204000066, 0.0 ], [ 98.461709308000081, 3.599620585000025, 0.0 ], [ 98.461532704000035, 3.599638835000065, 0.0 ], [ 98.461441362000073, 3.599638781000067, 0.0 ], [ 98.461343964000037, 3.599583659000075, 0.0 ], [ 98.461244786000066, 3.599447163000037, 0.0 ], [ 98.461478813000042, 3.599119365000036, 0.0 ], [ 98.461761728000056, 3.598497920000057, 0.0 ], [ 98.461942240000042, 3.598047725000071, 0.0 ], [ 98.462127224000085, 3.598277880000069, 0.0 ], [ 98.462355974000047, 3.598640215000046, 0.0 ], [ 98.462502040000061, 3.598869592000028, 0.0 ], [ 98.462502688000086, 3.598870611000053, 0.0 ], [ 98.462701431000085, 3.599117739000064, 0.0 ], [ 98.462823386000082, 3.599218112000074, 0.0 ], [ 98.463139349000073, 3.599494125000036, 0.0 ], [ 98.463627453000072, 3.599465621000035, 0.0 ], [ 98.464093046000073, 3.599210817000028, 0.0 ], [ 98.464761854000074, 3.598760574000039, 0.0 ], [ 98.465608613000086, 3.597902310000051, 0.0 ], [ 98.466294191000031, 3.597715656000047, 0.0 ], [ 98.466996521000056, 3.597826602000055, 0.0 ], [ 98.467529555000056, 3.598013971000058, 0.0 ], [ 98.467927133000046, 3.598294790000068, 0.0 ], [ 98.468113197000037, 3.598490459000061, 0.0 ], [ 98.46830757500004, 3.598941211000067, 0.0 ], [ 98.468290408000087, 3.599357828000051, 0.0 ], [ 98.468112675000043, 3.599777172000074, 0.0 ], [ 98.467957184000056, 3.600040454000066, 0.0 ], [ 98.467656018000071, 3.600381687000039, 0.0 ], [ 98.467082958000049, 3.600810550000063, 0.0 ], [ 98.466752687000053, 3.601112747000058, 0.0 ], [ 98.466480567000076, 3.601590560000034, 0.0 ], [ 98.466470744000048, 3.601785645000065, 0.0 ], [ 98.466393001000085, 3.601912408000032, 0.0 ], [ 98.466334397000082, 3.602517156000034, 0.0 ], [ 98.466353672000082, 3.602761031000058, 0.0 ], [ 98.466489326000044, 3.603219574000035, 0.0 ], [ 98.466906511000047, 3.603717301000075, 0.0 ], [ 98.46750832500004, 3.603932254000028, 0.0 ], [ 98.467993754000076, 3.603942293000045, 0.0 ], [ 98.468935639000051, 3.603698982000026, 0.0 ], [ 98.469343602000038, 3.603357811000023, 0.0 ], [ 98.469635049000033, 3.603036083000063, 0.0 ], [ 98.470043001000079, 3.602714420000041, 0.0 ], [ 98.470664413000065, 3.602617237000062, 0.0 ], [ 98.471285593000076, 3.602919990000032, 0.0 ], [ 98.471702809000078, 3.603368942000031, 0.0 ], [ 98.472001672000033, 3.603706381000052, 0.0 ], [ 98.47217822500005, 3.603905719000066, 0.0 ], [ 98.472566710000081, 3.60399424000002, 0.0 ], [ 98.472620059000064, 3.604006396000046, 0.0 ], [ 98.472838396000043, 3.603945122000026, 0.0 ], [ 98.472954962000074, 3.603837889000034, 0.0 ], [ 98.472999851000054, 3.60379284000004, 0.0 ], [ 98.473032676000059, 3.603759898000022, 0.0 ], [ 98.47307168500005, 3.603457529000024, 0.0 ], [ 98.473110683000073, 3.603174670000044, 0.0 ], [ 98.472974984000075, 3.602784409000038, 0.0 ], [ 98.472593700000061, 3.602207076000069, 0.0 ], [ 98.472162418000039, 3.601924717000032, 0.0 ], [ 98.47144167600004, 3.601632480000035, 0.0 ], [ 98.470636087000059, 3.601232075000041, 0.0 ], [ 98.470383858000048, 3.600890518000027, 0.0 ], [ 98.470267614000079, 3.600441741000054, 0.0 ], [ 98.470520286000067, 3.600012688000048, 0.0 ], [ 98.470996174000064, 3.599730084000043, 0.0 ], [ 98.471481664000066, 3.599632821000057, 0.0 ], [ 98.471860312000047, 3.599613532000035, 0.0 ], [ 98.472242440000059, 3.599726378000071, 0.0 ], [ 98.472595067000043, 3.599833234000073, 0.0 ], [ 98.472743576000084, 3.600004227000056, 0.0 ], [ 98.473024942000052, 3.600326291000045, 0.0 ], [ 98.473577827000042, 3.601214276000065, 0.0 ], [ 98.473946415000057, 3.601809517000048, 0.0 ], [ 98.474392845000068, 3.602102413000068, 0.0 ], [ 98.474587031000056, 3.602083016000051, 0.0 ], [ 98.474775003000047, 3.602029444000038, 0.0 ], [ 98.475059302000034, 3.601871351000057, 0.0 ], [ 98.475206687000082, 3.601616850000027, 0.0 ], [ 98.475490687000047, 3.600776428000074, 0.0 ], [ 98.475432826000088, 3.600093576000063, 0.0 ], [ 98.475578875000053, 3.599362068000062, 0.0 ], [ 98.475705170000083, 3.599215823000065, 0.0 ], [ 98.47588968000008, 3.599137893000034, 0.0 ], [ 98.476064464000046, 3.599089221000042, 0.0 ], [ 98.476248889000033, 3.599157609000031, 0.0 ], [ 98.476539949000085, 3.599508941000067, 0.0 ], [ 98.476630599000032, 3.599821878000057, 0.0 ], [ 98.476675603000047, 3.599977238000064, 0.0 ], [ 98.476790219000065, 3.600141951000069, 0.0 ], [ 98.476947222000035, 3.600367577000042, 0.0 ], [ 98.477326811000069, 3.600637572000037, 0.0 ], [ 98.478196005000086, 3.601597931000073, 0.0 ], [ 98.478569007000033, 3.602007548000073, 0.0 ], [ 98.479307922000032, 3.602569947000063, 0.0 ], [ 98.479342537000051, 3.602596293000034, 0.0 ], [ 98.47953773200004, 3.603373471000053, 0.0 ], [ 98.479517999000052, 3.603929469000035, 0.0 ], [ 98.479478876000087, 3.604436684000063, 0.0 ], [ 98.479342726000084, 3.604836543000033, 0.0 ], [ 98.479235736000078, 3.605177891000038, 0.0 ], [ 98.479128745000082, 3.605519239000046, 0.0 ], [ 98.478953810000064, 3.605831285000022, 0.0 ], [ 98.478545866000047, 3.606143196000061, 0.0 ], [ 98.478254381000056, 3.606533211000056, 0.0 ], [ 98.47805997200004, 3.606942791000051, 0.0 ], [ 98.477898171000064, 3.607480768000074, 0.0 ], [ 98.477816520000033, 3.608230252000055, 0.0 ], [ 98.47810757700006, 3.608591339000042, 0.0 ], [ 98.478719179000052, 3.60867948200007, 0.0 ], [ 98.47930184900008, 3.608426198000075, 0.0 ], [ 98.479816496000083, 3.608280175000062, 0.0 ], [ 98.480573741000072, 3.608348892000037, 0.0 ], [ 98.481398919000071, 3.608466419000024, 0.0 ], [ 98.482059083000081, 3.608525324000027, 0.0 ], [ 98.482505985000046, 3.608592459000022, 0.0 ], [ 98.482515356000079, 3.608593867000025, 0.0 ], [ 98.482942531000049, 3.608613620000029, 0.0 ], [ 98.483622095000044, 3.608701799000073, 0.0 ], [ 98.483832930000062, 3.608701919000056, 0.0 ], [ 98.483932775000099, 3.608701976000021, 0.0 ], [ 98.484180112000047, 3.608732508000061, 0.0 ], [ 98.484745830000065, 3.608802344000026, 0.0 ], [ 98.486117031000049, 3.609093401000053, 0.0 ], [ 98.486563579000062, 3.609191199000066, 0.0 ], [ 98.486990667000057, 3.609367023000062, 0.0 ], [ 98.487021048000088, 3.60940185100003, 0.0 ], [ 98.487340091000078, 3.60953304900005, 0.0 ], [ 98.487825383000086, 3.609796697000036, 0.0 ], [ 98.488162513000077, 3.610011848000056, 0.0 ], [ 98.488463778000039, 3.610128991000067, 0.0 ], [ 98.488951215000043, 3.610489908000034, 0.0 ], [ 98.49023760700004, 3.61120475900003, 0.0 ], [ 98.490593495000041, 3.611617803000058, 0.0 ], [ 98.490853505000089, 3.61203423300003, 0.0 ], [ 98.491226481000069, 3.612509213000068, 0.0 ], [ 98.491647387000057, 3.613001421000034, 0.0 ], [ 98.491866363000042, 3.613314617000071, 0.0 ], [ 98.491811177000045, 3.614030181000032, 0.0 ], [ 98.491492033000057, 3.615268532000073, 0.0 ], [ 98.491515852000077, 3.615540335000049, 0.0 ], [ 98.491775792000055, 3.61608405800007, 0.0 ], [ 98.492087320000067, 3.616277393000074, 0.0 ], [ 98.492087391000041, 3.61627801700007, 0.0 ], [ 98.492087724000044, 3.616276973000026, 0.0 ], [ 98.492695352000055, 3.616013758000066, 0.0 ], [ 98.493110104000039, 3.615834094000037, 0.0 ], [ 98.493242071000054, 3.61577735700007, 0.0 ], [ 98.493600353000033, 3.615465105000055, 0.0 ], [ 98.493854918000068, 3.615247477000026, 0.0 ], [ 98.494062481000071, 3.614821520000022, 0.0 ], [ 98.494157039000072, 3.61424400900006, 0.0 ], [ 98.494277838000073, 3.614135883000073, 0.0 ], [ 98.494316757000036, 3.613703449000071, 0.0 ], [ 98.494316188000099, 3.613580469000056, 0.0 ], [ 98.49414803100008, 3.613496008000027, 0.0 ], [ 98.494007018000048, 3.612871022000037, 0.0 ], [ 98.494101367000042, 3.612672241000041, 0.0 ], [ 98.494073416000049, 3.612094660000025, 0.0 ], [ 98.494045720000088, 3.611871561000041, 0.0 ], [ 98.493900444000076, 3.611717319000036, 0.0 ], [ 98.493609783000068, 3.611603564000063, 0.0 ], [ 98.493448286000046, 3.611571019000053, 0.0 ], [ 98.493004210000038, 3.611416609000059, 0.0 ], [ 98.492713540000068, 3.611319081000033, 0.0 ], [ 98.492665166000052, 3.611173007000047, 0.0 ], [ 98.49260122700008, 3.611085537000064, 0.0 ], [ 98.492463429000054, 3.610897027000021, 0.0 ], [ 98.492293966000048, 3.610669748000021, 0.0 ], [ 98.49204721600006, 3.610364081000056, 0.0 ], [ 98.491987273000063, 3.610062072000059, 0.0 ], [ 98.491882317000034, 3.609631698000043, 0.0 ], [ 98.49192, 3.60942788600005, 0.0 ], [ 98.491925120000076, 3.609400963000041, 0.0 ], [ 98.491978414000073, 3.609276640000075, 0.0 ], [ 98.49204787900004, 3.609171279000067, 0.0 ], [ 98.492177005000087, 3.609047579000049, 0.0 ], [ 98.492213273000061, 3.609012835000044, 0.0 ], [ 98.492431191000037, 3.608990309000033, 0.0 ] ] ] ] } },
{ "type": "Feature", "properties": { "Nama Kecamatan": "Binjai Barat", "Luas(Ha)": 1391.93 }, "geometry": { "type": "MultiPolygon", "coordinates": [ [ [ [ 98.453905880000036, 3.655986960000065, 0.0 ], [ 98.453725965000046, 3.654686957000024, 0.0 ], [ 98.453626114000102, 3.653576988000054, 0.0 ], [ 98.453606303000072, 3.653356761000054, 0.0 ], [ 98.453636584000037, 3.653084710000029, 0.0 ], [ 98.45378727800005, 3.652903421000075, 0.0 ], [ 98.454269183000065, 3.65284325500005, 0.0 ], [ 98.455021932000079, 3.653115784000021, 0.0 ], [ 98.456527034000032, 3.654325901000051, 0.0 ], [ 98.457159155000056, 3.654870428000037, 0.0 ], [ 98.458002367000063, 3.654961628000023, 0.0 ], [ 98.45893598400005, 3.654962193000076, 0.0 ], [ 98.459494476000032, 3.654749939000054, 0.0 ], [ 98.459650955000086, 3.654690470000047, 0.0 ], [ 98.459756869000046, 3.654650218000029, 0.0 ], [ 98.459809562000032, 3.65463019200007, 0.0 ], [ 98.459868874000051, 3.654596589000049, 0.0 ], [ 98.459937681000042, 3.654557606000025, 0.0 ], [ 98.460227247000034, 3.654393552000045, 0.0 ], [ 98.46099750500008, 3.65395716100005, 0.0 ], [ 98.460997534000057, 3.653957145000048, 0.0 ], [ 98.460997632000044, 3.653957089000072, 0.0 ], [ 98.461195401000055, 3.653845043000048, 0.0 ], [ 98.461595687000056, 3.653623312000036, 0.0 ], [ 98.462340208000057, 3.653210899000044, 0.0 ], [ 98.463274399000056, 3.652244097000049, 0.0 ], [ 98.463624965000079, 3.651677919000064, 0.0 ], [ 98.463817016000078, 3.65136774900003, 0.0 ], [ 98.464064135000058, 3.651030821000061, 0.0 ], [ 98.464570539000078, 3.650340377000018, 0.0 ], [ 98.4646101310001, 3.650312026000052, 0.0 ], [ 98.464759979000064, 3.650204723000059, 0.0 ], [ 98.46491528200005, 3.650093514000048, 0.0 ], [ 98.464992352000081, 3.650038326000071, 0.0 ], [ 98.465050076000068, 3.650034498000025, 0.0 ], [ 98.465444116000072, 3.650008366000066, 0.0 ], [ 98.466557513000055, 3.650307104000036, 0.0 ], [ 98.466799144000049, 3.650371936000056, 0.0 ], [ 98.46757083600005, 3.650497342000051, 0.0 ], [ 98.467732669000043, 3.650523641000063, 0.0 ], [ 98.468154322000032, 3.650493661000041, 0.0 ], [ 98.468335124000077, 3.650312387000042, 0.0 ], [ 98.468365418000076, 3.650010105000036, 0.0 ], [ 98.468291724000039, 3.649840750000066, 0.0 ], [ 98.46815489100004, 3.649526298000068, 0.0 ], [ 98.468122838000056, 3.649458630000027, 0.0 ], [ 98.468056030000085, 3.649317590000067, 0.0 ], [ 98.467854097000043, 3.648891286000038, 0.0 ], [ 98.467914473000064, 3.648649481000063, 0.0 ], [ 98.468215711000084, 3.648528741000063, 0.0 ], [ 98.46872763600004, 3.648619734000022, 0.0 ], [ 98.468944299000043, 3.64867950300004, 0.0 ], [ 98.469256919000031, 3.648765743000069, 0.0 ], [ 98.470180470000059, 3.649020517000054, 0.0 ], [ 98.470594561000041, 3.64913475000003, 0.0 ], [ 98.47092772700006, 3.649117347000071, 0.0 ], [ 98.471166791000087, 3.649104859000031, 0.0 ], [ 98.471289326000033, 3.649019813000054, 0.0 ], [ 98.471558462000075, 3.648833019000051, 0.0 ], [ 98.471695645000068, 3.648595495000053, 0.0 ], [ 98.471890081000083, 3.64825884000004, 0.0 ], [ 98.472036201000037, 3.648239587000035, 0.0 ], [ 98.472587693000037, 3.648166923000077, 0.0 ], [ 98.47285067100006, 3.64823655400005, 0.0 ], [ 98.472461283000086, 3.64779880900005, 0.0 ], [ 98.472460319000049, 3.647797725000034, 0.0 ], [ 98.472460327000078, 3.647797541000046, 0.0 ], [ 98.472474442000077, 3.647463760000051, 0.0 ], [ 98.472588657000074, 3.647104462000072, 0.0 ], [ 98.472845638000081, 3.646611913000071, 0.0 ], [ 98.473259665000057, 3.646133641000064, 0.0 ], [ 98.473816458000044, 3.645798137000042, 0.0 ], [ 98.474358976000076, 3.645526879000045, 0.0 ], [ 98.474316146000035, 3.645077161000075, 0.0 ], [ 98.473673691000045, 3.644741657000054, 0.0 ], [ 98.473273941000059, 3.644677411000032, 0.0 ], [ 98.472631487000058, 3.644613166000056, 0.0 ], [ 98.472217461000071, 3.644377600000042, 0.0 ], [ 98.471653528000047, 3.643428194000024, 0.0 ], [ 98.471596422000061, 3.64277146300003, 0.0 ], [ 98.471796297000083, 3.642443098000057, 0.0 ], [ 98.472324537000077, 3.642443098000057, 0.0 ], [ 98.473138313000049, 3.64277146300003, 0.0 ], [ 98.473231001000059, 3.64277859300006, 0.0 ], [ 98.473314332000086, 3.64278500300003, 0.0 ], [ 98.473787906000041, 3.642821432000062, 0.0 ], [ 98.475058538000042, 3.642792878000023, 0.0 ], [ 98.476329169000053, 3.64261441900004, 0.0 ], [ 98.47692879300007, 3.642435959000067, 0.0 ], [ 98.477314267000054, 3.642493066000043, 0.0 ], [ 98.477642632000084, 3.642614419000039, 0.0 ], [ 98.47790675300007, 3.64247878900005, 0.0 ], [ 98.477967676000048, 3.642402946000062, 0.0 ], [ 98.478032405000079, 3.642322364000052, 0.0 ], [ 98.478256533000035, 3.642043348000073, 0.0 ], [ 98.478185150000073, 3.641593630000046, 0.0 ], [ 98.477535557000067, 3.640951175000055, 0.0 ], [ 98.476964486000043, 3.640101708000031, 0.0 ], [ 98.476964486000043, 3.639730512000028, 0.0 ], [ 98.477185776000056, 3.639452115000039, 0.0 ], [ 98.477507003000085, 3.639266517000066, 0.0 ], [ 98.477806815000065, 3.639295071000049, 0.0 ], [ 98.478113765000046, 3.639430701000037, 0.0 ], [ 98.47833511400006, 3.639583354000024, 0.0 ], [ 98.47834632200005, 3.639591083000027, 0.0 ], [ 98.478734805000045, 3.639859003000028, 0.0 ], [ 98.479234491000057, 3.640030324000065, 0.0 ], [ 98.479612825000061, 3.639994632000025, 0.0 ], [ 98.479855531000055, 3.639880418000076, 0.0 ], [ 98.480169620000098, 3.639530637000064, 0.0 ], [ 98.480419462000043, 3.639116611000019, 0.0 ], [ 98.480427409000072, 3.63870345600003, 0.0 ], [ 98.480429696000044, 3.638584512000023, 0.0 ], [ 98.480448017000072, 3.637631827000064, 0.0 ], [ 98.48043374000008, 3.636796636000043, 0.0 ], [ 98.480212449000078, 3.636204151000071, 0.0 ], [ 98.479969745000062, 3.635426067000025, 0.0 ], [ 98.480062544000091, 3.634640845000035, 0.0 ], [ 98.480226727000058, 3.634262510000043, 0.0 ], [ 98.480483709000055, 3.63409832800005, 0.0 ], [ 98.480819213000075, 3.634126881000043, 0.0 ], [ 98.481133302000046, 3.634312479000073, 0.0 ], [ 98.481468806000066, 3.634926380000023, 0.0 ], [ 98.481635611000058, 3.635434047000046, 0.0 ], [ 98.481698557000072, 3.635625625000046, 0.0 ], [ 98.481797171000039, 3.635925754000027, 0.0 ], [ 98.482175506000033, 3.636953681000024, 0.0 ], [ 98.482525285000065, 3.637660382000036, 0.0 ], [ 98.48292503600004, 3.637981609000065, 0.0 ], [ 98.483317646000046, 3.638281420000057, 0.0 ], [ 98.483624597000073, 3.638367081000069, 0.0 ], [ 98.48387933500004, 3.638329147000036, 0.0 ], [ 98.483956212000066, 3.638290709000045, 0.0 ], [ 98.48397004800006, 3.638278785000068, 0.0 ], [ 98.484211818000063, 3.638070418000041, 0.0 ], [ 98.484425970000075, 3.637852696000039, 0.0 ], [ 98.484889964000047, 3.637438670000051, 0.0 ], [ 98.48510411500007, 3.637010367000074, 0.0 ], [ 98.485361098000055, 3.636389328000064, 0.0 ], [ 98.48559666400007, 3.635832534000031, 0.0 ], [ 98.485739432000059, 3.635361401000069, 0.0 ], [ 98.485718017000067, 3.634768915000052, 0.0 ], [ 98.485560973000077, 3.634312058000034, 0.0 ], [ 98.485296852000033, 3.633812371000033, 0.0 ], [ 98.484740058000057, 3.632877243000053, 0.0 ], [ 98.484554461000073, 3.632420387000025, 0.0 ], [ 98.484368863000043, 3.631877869000051, 0.0 ], [ 98.484425970000075, 3.631628026000044, 0.0 ], [ 98.484525906000044, 3.63139959800003, 0.0 ], [ 98.484768612000053, 3.631114063000041, 0.0 ], [ 98.485125531000065, 3.630771420000031, 0.0 ], [ 98.485325405000083, 3.630464471000039, 0.0 ], [ 98.485411067000086, 3.630071859000054, 0.0 ], [ 98.485525281000037, 3.629707801000052, 0.0 ], [ 98.485853646000066, 3.628658459000063, 0.0 ], [ 98.485896589000049, 3.628361437000023, 0.0 ], [ 98.485916768000038, 3.628221866000047, 0.0 ], [ 98.485939307000081, 3.628065973000048, 0.0 ], [ 98.485967859000084, 3.62760197800003, 0.0 ], [ 98.485779453000077, 3.627130963000069, 0.0 ], [ 98.485707061000085, 3.626949980000064, 0.0 ], [ 98.485696601000086, 3.626923832000045, 0.0 ], [ 98.485432481000046, 3.626198096000052, 0.0 ], [ 98.485384893000059, 3.625757897000028, 0.0 ], [ 98.485551454000088, 3.625400977000026, 0.0 ], [ 98.485848886000042, 3.62529390100002, 0.0 ], [ 98.486229601000048, 3.625377182000022, 0.0 ], [ 98.486907748000078, 3.625841177000039, 0.0 ], [ 98.487490716000082, 3.626126712000031, 0.0 ], [ 98.487692970000069, 3.625983945000029, 0.0 ], [ 98.487990401000047, 3.624972674000049, 0.0 ], [ 98.488240246000032, 3.624484885000072, 0.0 ], [ 98.489239618000056, 3.624185072000045, 0.0 ], [ 98.48985354000007, 3.624013224000066, 0.0 ], [ 98.489870911000082, 3.624008362000041, 0.0 ], [ 98.489964436000051, 3.62398218200002, 0.0 ], [ 98.490125621000061, 3.623937063000028, 0.0 ], [ 98.490412694000042, 3.623856706000027, 0.0 ], [ 98.49068569800005, 3.62370194400006, 0.0 ], [ 98.490999788000067, 3.623535382000057, 0.0 ], [ 98.491056179000054, 3.62346051800006, 0.0 ], [ 98.491140616000052, 3.623348420000069, 0.0 ], [ 98.491275805000043, 3.62316894500003, 0.0 ], [ 98.491409667000084, 3.622891427000069, 0.0 ], [ 98.49142455100008, 3.622860570000057, 0.0 ], [ 98.491470921000086, 3.622764437000056, 0.0 ], [ 98.491580375000069, 3.622455108000053, 0.0 ], [ 98.491699349000044, 3.622193366000034, 0.0 ], [ 98.491818322000086, 3.621474769000031, 0.0 ], [ 98.491723144000048, 3.620841832000054, 0.0 ], [ 98.491620345000058, 3.620573914000034, 0.0 ], [ 98.491382570000042, 3.620277531000055, 0.0 ], [ 98.490989383000056, 3.619813742000075, 0.0 ], [ 98.490991578000035, 3.619803066000031, 0.0 ], [ 98.491068719000054, 3.619427684000073, 0.0 ], [ 98.491160512000079, 3.618837983000049, 0.0 ], [ 98.491272698000046, 3.618479575000038, 0.0 ], [ 98.491397237000058, 3.618104897000023, 0.0 ], [ 98.49157256400008, 3.617866521000053, 0.0 ], [ 98.491696322000053, 3.617712519000064, 0.0 ], [ 98.491698577000079, 3.617709714000056, 0.0 ], [ 98.491770526000039, 3.617571376000058, 0.0 ], [ 98.491895076000048, 3.617179666000027, 0.0 ], [ 98.491849971000079, 3.616986588000032, 0.0 ], [ 98.491934872000058, 3.616753838000023, 0.0 ], [ 98.49195192600007, 3.616700634000041, 0.0 ], [ 98.492010538000045, 3.616517775000033, 0.0 ], [ 98.492087391000041, 3.61627801700007, 0.0 ], [ 98.492087320000067, 3.616277393000074, 0.0 ], [ 98.491775792000055, 3.61608405800007, 0.0 ], [ 98.491515852000077, 3.615540335000049, 0.0 ], [ 98.491492033000057, 3.615268532000073, 0.0 ], [ 98.491811177000045, 3.614030181000032, 0.0 ], [ 98.491866363000042, 3.613314617000071, 0.0 ], [ 98.491647387000057, 3.613001421000034, 0.0 ], [ 98.491226481000069, 3.612509213000068, 0.0 ], [ 98.490853505000089, 3.61203423300003, 0.0 ], [ 98.490593495000041, 3.611617803000058, 0.0 ], [ 98.49023760700004, 3.61120475900003, 0.0 ], [ 98.488951215000043, 3.610489908000034, 0.0 ], [ 98.488463778000039, 3.610128991000067, 0.0 ], [ 98.488162513000077, 3.610011848000056, 0.0 ], [ 98.487825383000086, 3.609796697000036, 0.0 ], [ 98.487340091000078, 3.60953304900005, 0.0 ], [ 98.487021048000088, 3.60940185100003, 0.0 ], [ 98.486990667000057, 3.609367023000062, 0.0 ], [ 98.486563579000062, 3.609191199000066, 0.0 ], [ 98.486117031000049, 3.609093401000053, 0.0 ], [ 98.484745830000065, 3.608802344000026, 0.0 ], [ 98.484180112000047, 3.608732508000061, 0.0 ], [ 98.483932775000099, 3.608701976000021, 0.0 ], [ 98.483832930000062, 3.608701919000056, 0.0 ], [ 98.483622095000044, 3.608701799000073, 0.0 ], [ 98.482942531000049, 3.608613620000029, 0.0 ], [ 98.482515356000079, 3.608593867000025, 0.0 ], [ 98.482505985000046, 3.608592459000022, 0.0 ], [ 98.482059083000081, 3.608525324000027, 0.0 ], [ 98.481398919000071, 3.608466419000024, 0.0 ], [ 98.480573741000072, 3.608348892000037, 0.0 ], [ 98.479816496000083, 3.608280175000062, 0.0 ], [ 98.47930184900008, 3.608426198000075, 0.0 ], [ 98.478719179000052, 3.60867948200007, 0.0 ], [ 98.47810757700006, 3.608591339000042, 0.0 ], [ 98.477816520000033, 3.608230252000055, 0.0 ], [ 98.477898171000064, 3.607480768000074, 0.0 ], [ 98.47805997200004, 3.606942791000051, 0.0 ], [ 98.478254381000056, 3.606533211000056, 0.0 ], [ 98.478545866000047, 3.606143196000061, 0.0 ], [ 98.478953810000064, 3.605831285000022, 0.0 ], [ 98.479128745000082, 3.605519239000046, 0.0 ], [ 98.479235736000078, 3.605177891000038, 0.0 ], [ 98.479342726000084, 3.604836543000033, 0.0 ], [ 98.479478876000087, 3.604436684000063, 0.0 ], [ 98.479517999000052, 3.603929469000035, 0.0 ], [ 98.47953773200004, 3.603373471000053, 0.0 ], [ 98.479342537000051, 3.602596293000034, 0.0 ], [ 98.479307922000032, 3.602569947000063, 0.0 ], [ 98.478569007000033, 3.602007548000073, 0.0 ], [ 98.478196005000086, 3.601597931000073, 0.0 ], [ 98.477326811000069, 3.600637572000037, 0.0 ], [ 98.476947222000035, 3.600367577000042, 0.0 ], [ 98.476790219000065, 3.600141951000069, 0.0 ], [ 98.476675603000047, 3.599977238000064, 0.0 ], [ 98.476630599000032, 3.599821878000057, 0.0 ], [ 98.476539949000085, 3.599508941000067, 0.0 ], [ 98.476248889000033, 3.599157609000031, 0.0 ], [ 98.476064464000046, 3.599089221000042, 0.0 ], [ 98.47588968000008, 3.599137893000034, 0.0 ], [ 98.475705170000083, 3.599215823000065, 0.0 ], [ 98.475578875000053, 3.599362068000062, 0.0 ], [ 98.475432826000088, 3.600093576000063, 0.0 ], [ 98.475490687000047, 3.600776428000074, 0.0 ], [ 98.475206687000082, 3.601616850000027, 0.0 ], [ 98.475059302000034, 3.601871351000057, 0.0 ], [ 98.474775003000047, 3.602029444000038, 0.0 ], [ 98.474587031000056, 3.602083016000051, 0.0 ], [ 98.474392845000068, 3.602102413000068, 0.0 ], [ 98.473946415000057, 3.601809517000048, 0.0 ], [ 98.473577827000042, 3.601214276000065, 0.0 ], [ 98.473024942000052, 3.600326291000045, 0.0 ], [ 98.472743576000084, 3.600004227000056, 0.0 ], [ 98.472595067000043, 3.599833234000073, 0.0 ], [ 98.472242440000059, 3.599726378000071, 0.0 ], [ 98.471860312000047, 3.599613532000035, 0.0 ], [ 98.471481664000066, 3.599632821000057, 0.0 ], [ 98.470996174000064, 3.599730084000043, 0.0 ], [ 98.470520286000067, 3.600012688000048, 0.0 ], [ 98.470267614000079, 3.600441741000054, 0.0 ], [ 98.470383858000048, 3.600890518000027, 0.0 ], [ 98.470636087000059, 3.601232075000041, 0.0 ], [ 98.47144167600004, 3.601632480000035, 0.0 ], [ 98.472162418000039, 3.601924717000032, 0.0 ], [ 98.472593700000061, 3.602207076000069, 0.0 ], [ 98.472974984000075, 3.602784409000038, 0.0 ], [ 98.473110683000073, 3.603174670000044, 0.0 ], [ 98.47307168500005, 3.603457529000024, 0.0 ], [ 98.473032676000059, 3.603759898000022, 0.0 ], [ 98.472999851000054, 3.60379284000004, 0.0 ], [ 98.472954962000074, 3.603837889000034, 0.0 ], [ 98.472838396000043, 3.603945122000026, 0.0 ], [ 98.472620059000064, 3.604006396000046, 0.0 ], [ 98.472566710000081, 3.60399424000002, 0.0 ], [ 98.47217822500005, 3.603905719000066, 0.0 ], [ 98.472001672000033, 3.603706381000052, 0.0 ], [ 98.471702809000078, 3.603368942000031, 0.0 ], [ 98.471285593000076, 3.602919990000032, 0.0 ], [ 98.470664413000065, 3.602617237000062, 0.0 ], [ 98.470043001000079, 3.602714420000041, 0.0 ], [ 98.469635049000033, 3.603036083000063, 0.0 ], [ 98.469343602000038, 3.603357811000023, 0.0 ], [ 98.468935639000051, 3.603698982000026, 0.0 ], [ 98.467993754000076, 3.603942293000045, 0.0 ], [ 98.46750832500004, 3.603932254000028, 0.0 ], [ 98.466906511000047, 3.603717301000075, 0.0 ], [ 98.466489326000044, 3.603219574000035, 0.0 ], [ 98.466353672000082, 3.602761031000058, 0.0 ], [ 98.466334397000082, 3.602517156000034, 0.0 ], [ 98.466393001000085, 3.601912408000032, 0.0 ], [ 98.466470744000048, 3.601785645000065, 0.0 ], [ 98.466480567000076, 3.601590560000034, 0.0 ], [ 98.466752687000053, 3.601112747000058, 0.0 ], [ 98.467082958000049, 3.600810550000063, 0.0 ], [ 98.467656018000071, 3.600381687000039, 0.0 ], [ 98.467957184000056, 3.600040454000066, 0.0 ], [ 98.468112675000043, 3.599777172000074, 0.0 ], [ 98.468290408000087, 3.599357828000051, 0.0 ], [ 98.46830757500004, 3.598941211000067, 0.0 ], [ 98.468113197000037, 3.598490459000061, 0.0 ], [ 98.467927133000046, 3.598294790000068, 0.0 ], [ 98.467529555000056, 3.598013971000058, 0.0 ], [ 98.466996521000056, 3.597826602000055, 0.0 ], [ 98.466294191000031, 3.597715656000047, 0.0 ], [ 98.465608613000086, 3.597902310000051, 0.0 ], [ 98.464761854000074, 3.598760574000039, 0.0 ], [ 98.464093046000073, 3.599210817000028, 0.0 ], [ 98.463627453000072, 3.599465621000035, 0.0 ], [ 98.463139349000073, 3.599494125000036, 0.0 ], [ 98.462823386000082, 3.599218112000074, 0.0 ], [ 98.462701431000085, 3.599117739000064, 0.0 ], [ 98.462502688000086, 3.598870611000053, 0.0 ], [ 98.462502040000061, 3.598869592000028, 0.0 ], [ 98.462355974000047, 3.598640215000046, 0.0 ], [ 98.462127224000085, 3.598277880000069, 0.0 ], [ 98.461942240000042, 3.598047725000071, 0.0 ], [ 98.461761728000056, 3.598497920000057, 0.0 ], [ 98.461478813000042, 3.599119365000036, 0.0 ], [ 98.461244786000066, 3.599447163000037, 0.0 ], [ 98.461343964000037, 3.599583659000075, 0.0 ], [ 98.461441362000073, 3.599638781000067, 0.0 ], [ 98.461532704000035, 3.599638835000065, 0.0 ], [ 98.461709308000081, 3.599620585000025, 0.0 ], [ 98.461830989000077, 3.599804204000066, 0.0 ], [ 98.461916070000086, 3.600097929000072, 0.0 ], [ 98.461848993000046, 3.600256964000038, 0.0 ], [ 98.46176981800005, 3.600275271000043, 0.0 ], [ 98.461678470000038, 3.600287454000066, 0.0 ], [ 98.461422652000067, 3.600391312000055, 0.0 ], [ 98.460904998000046, 3.600476661000073, 0.0 ], [ 98.46074062200006, 3.600409262000027, 0.0 ], [ 98.460241500000066, 3.600047990000063, 0.0 ], [ 98.459961515000032, 3.599827567000034, 0.0 ], [ 98.459632819000035, 3.599600997000039, 0.0 ], [ 98.459468486000063, 3.599460180000051, 0.0 ], [ 98.459298032000049, 3.599374423000028, 0.0 ], [ 98.459054928000072, 3.598572790000049, 0.0 ], [ 98.458683826000083, 3.597972983000033, 0.0 ], [ 98.458440541000073, 3.597477261000051, 0.0 ], [ 98.458611071000064, 3.597434535000047, 0.0 ], [ 98.458684278000078, 3.597208204000026, 0.0 ], [ 98.458842751000077, 3.596957452000027, 0.0 ], [ 98.459567537000055, 3.596713153000052, 0.0 ], [ 98.460152280000059, 3.59644429900004, 0.0 ], [ 98.460032815000034, 3.596192004000045, 0.0 ], [ 98.459222139000076, 3.59605954500006, 0.0 ], [ 98.458605700000078, 3.594783059000064, 0.0 ], [ 98.457400093000047, 3.595119828000065, 0.0 ], [ 98.452510256000039, 3.596485732000076, 0.0 ], [ 98.446692297000084, 3.597803552000072, 0.0 ], [ 98.44643273700008, 3.597862345000068, 0.0 ], [ 98.445085607000067, 3.598167482000065, 0.0 ], [ 98.445062946000064, 3.598371093000025, 0.0 ], [ 98.444967888000065, 3.599225178000041, 0.0 ], [ 98.444933663000086, 3.601531989000024, 0.0 ], [ 98.44493036700004, 3.601754143000051, 0.0 ], [ 98.444927201000041, 3.601967516000058, 0.0 ], [ 98.44488091900007, 3.603305287000067, 0.0 ], [ 98.444860108000057, 3.603906827000059, 0.0 ], [ 98.444845562000069, 3.604327268000019, 0.0 ], [ 98.444837301000064, 3.604566047000049, 0.0 ], [ 98.444791910000049, 3.605878069000028, 0.0 ], [ 98.444791729000087, 3.605883312000059, 0.0 ], [ 98.440712637000047, 3.606779517000064, 0.0 ], [ 98.440690997000047, 3.606784271000038, 0.0 ], [ 98.440809814000033, 3.607454563000033, 0.0 ], [ 98.440823142000056, 3.607529751000073, 0.0 ], [ 98.440863229000058, 3.60775589900004, 0.0 ], [ 98.440880609000033, 3.607853945000044, 0.0 ], [ 98.440886324000076, 3.607886184000053, 0.0 ], [ 98.440887946000032, 3.607895335000023, 0.0 ], [ 98.440903821000077, 3.607984892000047, 0.0 ], [ 98.440922794000073, 3.608091931000047, 0.0 ], [ 98.440940149000099, 3.608189837000055, 0.0 ], [ 98.441085813000086, 3.608629394000047, 0.0 ], [ 98.441157368000063, 3.608845321000047, 0.0 ], [ 98.441189701000042, 3.608942890000036, 0.0 ], [ 98.441339061000079, 3.609069303000069, 0.0 ], [ 98.442139259000044, 3.609746567000058, 0.0 ], [ 98.442656987000078, 3.610550831000069, 0.0 ], [ 98.442673015000082, 3.610575730000051, 0.0 ], [ 98.44268876200006, 3.610600192000049, 0.0 ], [ 98.442689216000076, 3.610621051000067, 0.0 ], [ 98.442689489000031, 3.610633601000075, 0.0 ], [ 98.442691029000059, 3.610704332000068, 0.0 ], [ 98.442691690000061, 3.610734670000056, 0.0 ], [ 98.442693815000041, 3.61083222800005, 0.0 ], [ 98.442695465000057, 3.610907974000043, 0.0 ], [ 98.442697958000053, 3.611022469000035, 0.0 ], [ 98.442700362000039, 3.611132835000036, 0.0 ], [ 98.44270085900007, 3.611155656000052, 0.0 ], [ 98.442703843000061, 3.611292694000041, 0.0 ], [ 98.442704697000067, 3.61133191500005, 0.0 ], [ 98.442714577000061, 3.611785569000062, 0.0 ], [ 98.442719012000055, 3.611989222000033, 0.0 ], [ 98.442719169000043, 3.611996409000028, 0.0 ], [ 98.442731680000065, 3.612570927000036, 0.0 ], [ 98.442734076000079, 3.612680945000023, 0.0 ], [ 98.442734813000072, 3.612714790000041, 0.0 ], [ 98.442734959000063, 3.612721488000033, 0.0 ], [ 98.442735224000046, 3.612733659000072, 0.0 ], [ 98.442735748000075, 3.612757704000046, 0.0 ], [ 98.442735850000076, 3.612762406000059, 0.0 ], [ 98.442735932000062, 3.612766190000059, 0.0 ], [ 98.442736007000065, 3.612769624000066, 0.0 ], [ 98.442737054000077, 3.612817693000066, 0.0 ], [ 98.447768803000088, 3.613476052000067, 0.0 ], [ 98.450110837000068, 3.613782486000048, 0.0 ], [ 98.451355865000039, 3.613945387000058, 0.0 ], [ 98.453136953000069, 3.614178426000023, 0.0 ], [ 98.454026674000033, 3.614294838000033, 0.0 ], [ 98.454986985000062, 3.614420486000029, 0.0 ], [ 98.456432507000045, 3.61460961900002, 0.0 ], [ 98.457322840000074, 3.614726111000039, 0.0 ], [ 98.457375656000067, 3.614733022000053, 0.0 ], [ 98.458405828000082, 3.614867811000066, 0.0 ], [ 98.45878222500005, 3.614917059000049, 0.0 ], [ 98.461171144000048, 3.615229627000076, 0.0 ], [ 98.461336564000078, 3.615251271000034, 0.0 ], [ 98.461443670000051, 3.61526528500002, 0.0 ], [ 98.46165282200009, 3.615292650000073, 0.0 ], [ 98.462201886000059, 3.615381400000048, 0.0 ], [ 98.462225641000032, 3.615385240000022, 0.0 ], [ 98.462731037000083, 3.615466932000061, 0.0 ], [ 98.462791935000041, 3.615476775000047, 0.0 ], [ 98.462887890000047, 3.615492285000074, 0.0 ], [ 98.463815104000048, 3.615642159000059, 0.0 ], [ 98.464374277000061, 3.615732543000034, 0.0 ], [ 98.464771928000062, 3.615796819000025, 0.0 ], [ 98.465015254000036, 3.615836150000065, 0.0 ], [ 98.465016731000048, 3.615836389000038, 0.0 ], [ 98.465939449000075, 3.615985536000039, 0.0 ], [ 98.467357794000065, 3.616214795000074, 0.0 ], [ 98.467498956000043, 3.616237612000021, 0.0 ], [ 98.468013269000039, 3.616320745000052, 0.0 ], [ 98.469410124000035, 3.616546531000039, 0.0 ], [ 98.47016891800007, 3.61666918100002, 0.0 ], [ 98.470301828000061, 3.616690664000032, 0.0 ], [ 98.471234664000065, 3.616841446000024, 0.0 ], [ 98.471282260000066, 3.616849139000066, 0.0 ], [ 98.471495632000085, 3.616883628000038, 0.0 ], [ 98.471498356000041, 3.616884068000048, 0.0 ], [ 98.472483934000081, 3.617043376000027, 0.0 ], [ 98.472685529000046, 3.617075962000057, 0.0 ], [ 98.473283246000051, 3.61717257600003, 0.0 ], [ 98.473421076000079, 3.617194855000037, 0.0 ], [ 98.473511020000046, 3.617209393000053, 0.0 ], [ 98.473586208000086, 3.617221546000053, 0.0 ], [ 98.473717495000074, 3.617242768000039, 0.0 ], [ 98.473789082000053, 3.617254339000056, 0.0 ], [ 98.47379531100006, 3.617255346000035, 0.0 ], [ 98.473891473000037, 3.617270889000055, 0.0 ], [ 98.474009574000036, 3.61728997900002, 0.0 ], [ 98.47402629700008, 3.617426435000028, 0.0 ], [ 98.474041292000038, 3.617548790000058, 0.0 ], [ 98.474053224000045, 3.617646152000019, 0.0 ], [ 98.474073700000076, 3.617813237000064, 0.0 ], [ 98.474344466000048, 3.620022660000074, 0.0 ], [ 98.474343530000056, 3.621644606000074, 0.0 ], [ 98.474343273000059, 3.622090385000036, 0.0 ], [ 98.474342976000059, 3.622604191000052, 0.0 ], [ 98.474342252000042, 3.623859377000032, 0.0 ], [ 98.474342226000033, 3.623905205000029, 0.0 ], [ 98.47434209100004, 3.624138953000055, 0.0 ], [ 98.474341628000047, 3.624940228000071, 0.0 ], [ 98.474341280000033, 3.62554394700004, 0.0 ], [ 98.474310828000057, 3.625881810000066, 0.0 ], [ 98.474268020000068, 3.626356769000039, 0.0 ], [ 98.474235290000081, 3.626719906000063, 0.0 ], [ 98.474224268000057, 3.626842197000031, 0.0 ], [ 98.474208587000092, 3.627016178000076, 0.0 ], [ 98.474050806000037, 3.62876675700005, 0.0 ], [ 98.474011831000041, 3.629199183000026, 0.0 ], [ 98.473724171000086, 3.632390778000059, 0.0 ], [ 98.473670259000073, 3.632988931000056, 0.0 ], [ 98.473334377000072, 3.634725481000032, 0.0 ], [ 98.473168715000043, 3.635581971000023, 0.0 ], [ 98.470833628000051, 3.638257585000076, 0.0 ], [ 98.47033803000005, 3.638541469000074, 0.0 ], [ 98.469807216000049, 3.638845525000021, 0.0 ], [ 98.46849931800007, 3.639594702000067, 0.0 ], [ 98.465612589000045, 3.640591971000049, 0.0 ], [ 98.464552304000051, 3.640958264000063, 0.0 ], [ 98.463664582000035, 3.641264943000067, 0.0 ], [ 98.462581104000037, 3.641347950000068, 0.0 ], [ 98.462580784000068, 3.641887659000077, 0.0 ], [ 98.462580296000056, 3.642710197000042, 0.0 ], [ 98.462579761000086, 3.643611564000026, 0.0 ], [ 98.462579753000057, 3.643625412000062, 0.0 ], [ 98.462579733000055, 3.643659677000075, 0.0 ], [ 98.462579466000079, 3.644108590000031, 0.0 ], [ 98.462580797000058, 3.644299662000038, 0.0 ], [ 98.462590339000087, 3.645669867000036, 0.0 ], [ 98.462592917000052, 3.64603996300002, 0.0 ], [ 98.462593804000065, 3.646167325000022, 0.0 ], [ 98.462594155000033, 3.646217786000023, 0.0 ], [ 98.462606694000044, 3.646468254000069, 0.0 ], [ 98.462665301000072, 3.647638960000052, 0.0 ], [ 98.46268098600008, 3.647952286000021, 0.0 ], [ 98.462696850000043, 3.648269181000046, 0.0 ], [ 98.462696390000076, 3.649042635000057, 0.0 ], [ 98.462696390000076, 3.649042678000058, 0.0 ], [ 98.46269578600004, 3.650058872000046, 0.0 ], [ 98.462694660000068, 3.65195462400004, 0.0 ], [ 98.462521411000068, 3.652058824000049, 0.0 ], [ 98.461967205000064, 3.652058491000048, 0.0 ], [ 98.460893495000064, 3.651953541000067, 0.0 ], [ 98.46027009900007, 3.651814092000053, 0.0 ], [ 98.459764558000074, 3.651644604000069, 0.0 ], [ 98.459646947000081, 3.651605174000053, 0.0 ], [ 98.459437960000059, 3.651535109000065, 0.0 ], [ 98.459007419000059, 3.65139076500003, 0.0 ], [ 98.458815606000101, 3.651326458000028, 0.0 ], [ 98.458192211000039, 3.651187008000022, 0.0 ], [ 98.457395462000079, 3.651325598000028, 0.0 ], [ 98.456324474000041, 3.651552298000069, 0.0 ], [ 98.455487704000063, 3.651729420000038, 0.0 ], [ 98.455369224000037, 3.651755174000072, 0.0 ], [ 98.455369179000058, 3.651755184000023, 0.0 ], [ 98.454979592000086, 3.651839870000061, 0.0 ], [ 98.453722441000082, 3.652113142000075, 0.0 ], [ 98.453722416000076, 3.652113147000023, 0.0 ], [ 98.453208111000038, 3.652224944000067, 0.0 ], [ 98.452333980000049, 3.652414957000075, 0.0 ], [ 98.45209439100006, 3.652467037000064, 0.0 ], [ 98.451753091000072, 3.65254122700003, 0.0 ], [ 98.451620183000045, 3.652572694000071, 0.0 ], [ 98.451146851000033, 3.652684759000067, 0.0 ], [ 98.45036241400004, 3.652870480000048, 0.0 ], [ 98.449392797000087, 3.653100043000051, 0.0 ], [ 98.448570287000052, 3.653294778000032, 0.0 ], [ 98.448000722000074, 3.653429626000047, 0.0 ], [ 98.447680456000057, 3.653505451000057, 0.0 ], [ 98.447401709000076, 3.653590567000037, 0.0 ], [ 98.446997615000043, 3.653713957000037, 0.0 ], [ 98.44669600400006, 3.653806054000027, 0.0 ], [ 98.446559661000038, 3.653847687000052, 0.0 ], [ 98.446294686000044, 3.653928597000061, 0.0 ], [ 98.446294436000073, 3.654335641000045, 0.0 ], [ 98.446280397000066, 3.655410224000036, 0.0 ], [ 98.446276710000063, 3.655692439000064, 0.0 ], [ 98.446313018000069, 3.656003868000028, 0.0 ], [ 98.446411175000037, 3.65684581100004, 0.0 ], [ 98.446440274000054, 3.656822312000032, 0.0 ], [ 98.447019751000099, 3.656354343000034, 0.0 ], [ 98.447270293000088, 3.656107029000054, 0.0 ], [ 98.447702035000077, 3.65568084900002, 0.0 ], [ 98.448361821000063, 3.655117395000047, 0.0 ], [ 98.448515609000083, 3.654986060000056, 0.0 ], [ 98.448907380000037, 3.654563083000028, 0.0 ], [ 98.448988338000049, 3.654540974000043, 0.0 ], [ 98.449238720000039, 3.654472596000061, 0.0 ], [ 98.449479636000035, 3.654502974000024, 0.0 ], [ 98.449539630000061, 3.654896002000044, 0.0 ], [ 98.44953154600006, 3.655016611000065, 0.0 ], [ 98.44947940600008, 3.655794483000022, 0.0 ], [ 98.449478844000055, 3.655802865000056, 0.0 ], [ 98.449388088000035, 3.656467870000027, 0.0 ], [ 98.449538432000068, 3.656860954000024, 0.0 ], [ 98.449719110000046, 3.656891295000035, 0.0 ], [ 98.449960137000062, 3.656740292000052, 0.0 ], [ 98.450382160000061, 3.656105720000028, 0.0 ], [ 98.450548210000079, 3.65601325600005, 0.0 ], [ 98.450653298000077, 3.655954738000049, 0.0 ], [ 98.451105014000063, 3.656015475000061, 0.0 ], [ 98.452309146000061, 3.656892885000048, 0.0 ], [ 98.453302834000056, 3.657165563000035, 0.0 ], [ 98.453634206000061, 3.657014615000037, 0.0 ], [ 98.453905496000061, 3.656621792000067, 0.0 ], [ 98.453905611000039, 3.656431628000064, 0.0 ], [ 98.453905880000036, 3.655986960000065, 0.0 ] ] ] ] } },
{ "type": "Feature", "properties": { "Nama Kecamatan": "Binjai Timur", "Luas(Ha)": 2387.64 }, "geometry": { "type": "MultiPolygon", "coordinates": [ [ [ [ 98.527233801000079, 3.631816221000066, 0.0 ], [ 98.527390007000065, 3.630930417000059, 0.0 ], [ 98.527380922000077, 3.63062419000005, 0.0 ], [ 98.527342063000049, 3.629314436000072, 0.0 ], [ 98.527309163000041, 3.628205535000064, 0.0 ], [ 98.52727305500008, 3.626988523000023, 0.0 ], [ 98.527270323000039, 3.626896445000057, 0.0 ], [ 98.527264348000074, 3.626695049000034, 0.0 ], [ 98.527247196000076, 3.626116924000029, 0.0 ], [ 98.527239885000085, 3.625870514000042, 0.0 ], [ 98.527236943000048, 3.625771352000072, 0.0 ], [ 98.527204573000063, 3.62502323700005, 0.0 ], [ 98.527200016000052, 3.624917914000036, 0.0 ], [ 98.527153516000055, 3.623843218000047, 0.0 ], [ 98.527150757000072, 3.62377944800005, 0.0 ], [ 98.527116656000032, 3.622991342000033, 0.0 ], [ 98.527097243000071, 3.62254267000003, 0.0 ], [ 98.527090854000051, 3.622395010000048, 0.0 ], [ 98.52704613700007, 3.621361525000053, 0.0 ], [ 98.527031755000053, 3.621029148000048, 0.0 ], [ 98.527044750000087, 3.621029438000051, 0.0 ], [ 98.528465818000086, 3.621061192000071, 0.0 ], [ 98.529419743000062, 3.621082507000039, 0.0 ], [ 98.533066653000049, 3.620877334000055, 0.0 ], [ 98.533190981000075, 3.620870339000022, 0.0 ], [ 98.533170959000074, 3.620112308000046, 0.0 ], [ 98.533141357000034, 3.618991582000035, 0.0 ], [ 98.533109053000032, 3.617768539000053, 0.0 ], [ 98.533104662000085, 3.617602314000066, 0.0 ], [ 98.533128029000068, 3.616421765000041, 0.0 ], [ 98.533129468000084, 3.616349048000075, 0.0 ], [ 98.533131985000068, 3.616221902000063, 0.0 ], [ 98.533146975000079, 3.615464604000066, 0.0 ], [ 98.533168604000082, 3.614371900000036, 0.0 ], [ 98.533194987000059, 3.613038969000059, 0.0 ], [ 98.533406670000034, 3.612774049000053, 0.0 ], [ 98.534584746000064, 3.611299691000057, 0.0 ], [ 98.534821214000033, 3.611003752000044, 0.0 ], [ 98.534926220000045, 3.610872337000046, 0.0 ], [ 98.535051037000088, 3.610716129000025, 0.0 ], [ 98.535058287000084, 3.610701591000065, 0.0 ], [ 98.53507253500004, 3.61067302300006, 0.0 ], [ 98.535123257000066, 3.610571321000067, 0.0 ], [ 98.535301988000072, 3.610212948000026, 0.0 ], [ 98.53533877700005, 3.610155567000049, 0.0 ], [ 98.535377956000048, 3.610094459000037, 0.0 ], [ 98.535472037000034, 3.609947718000056, 0.0 ], [ 98.53550726900005, 3.609892766000031, 0.0 ], [ 98.535518773000035, 3.609873541000069, 0.0 ], [ 98.535541856000066, 3.609834968000028, 0.0 ], [ 98.535562281000068, 3.609800836000033, 0.0 ], [ 98.535712561000082, 3.609549705000063, 0.0 ], [ 98.535803988000055, 3.60902356500003, 0.0 ], [ 98.535804174000077, 3.608657521000054, 0.0 ], [ 98.535759133000056, 3.608029430000044, 0.0 ], [ 98.535758930000043, 3.608024072000035, 0.0 ], [ 98.535755494000057, 3.607933154000022, 0.0 ], [ 98.53575063600006, 3.607804627000063, 0.0 ], [ 98.535748925000064, 3.607759371000043, 0.0 ], [ 98.535736649000057, 3.607434597000066, 0.0 ], [ 98.535736774000043, 3.60718778200004, 0.0 ], [ 98.535736869000061, 3.606999922000057, 0.0 ], [ 98.535748487000035, 3.60683777500003, 0.0 ], [ 98.535759818000088, 3.606679646000031, 0.0 ], [ 98.535821174000034, 3.606418490000067, 0.0 ], [ 98.535851180000066, 3.606290771000033, 0.0 ], [ 98.535879821000037, 3.606181742000047, 0.0 ], [ 98.535899105000055, 3.606108336000035, 0.0 ], [ 98.535913735000065, 3.606052644000044, 0.0 ], [ 98.535929423000084, 3.605992923000031, 0.0 ], [ 98.535949699000071, 3.605915739000068, 0.0 ], [ 98.535965352000062, 3.605856154000037, 0.0 ], [ 98.535965515000044, 3.605535866000027, 0.0 ], [ 98.535965570000087, 3.605427848000033, 0.0 ], [ 98.535965700000077, 3.60516982300004, 0.0 ], [ 98.535953757000073, 3.60503720600002, 0.0 ], [ 98.535948770000061, 3.60498182300006, 0.0 ], [ 98.535943036000049, 3.604918155000064, 0.0 ], [ 98.53585195800008, 3.604757965000035, 0.0 ], [ 98.535650560000079, 3.604555592000053, 0.0 ], [ 98.535646945000053, 3.604551960000037, 0.0 ], [ 98.535510307000038, 3.604345992000049, 0.0 ], [ 98.535487690000082, 3.604002815000058, 0.0 ], [ 98.535467794000056, 3.603890639000042, 0.0 ], [ 98.535441555000034, 3.603742702000032, 0.0 ], [ 98.535424599000066, 3.603647102000024, 0.0 ], [ 98.535384343000032, 3.603420138000047, 0.0 ], [ 98.535376857000074, 3.603377931000067, 0.0 ], [ 98.535374064000052, 3.603362182000069, 0.0 ], [ 98.535368121000033, 3.603340664000029, 0.0 ], [ 98.535362460000044, 3.603320166000059, 0.0 ], [ 98.53535080000006, 3.603277944000071, 0.0 ], [ 98.535332284000049, 3.603210899000033, 0.0 ], [ 98.535325432000036, 3.603186089000075, 0.0 ], [ 98.535323600000083, 3.603179456000021, 0.0 ], [ 98.535168357000032, 3.602617340000053, 0.0 ], [ 98.535146574000066, 3.602538468000034, 0.0 ], [ 98.534825190000049, 3.602044659000058, 0.0 ], [ 98.534763378000036, 3.601950241000055, 0.0 ], [ 98.534691011000064, 3.601839700000027, 0.0 ], [ 98.53465748800005, 3.601788493000071, 0.0 ], [ 98.53425586600008, 3.601175014000034, 0.0 ], [ 98.534051116000057, 3.600465702000065, 0.0 ], [ 98.533974084000079, 3.600171254000031, 0.0 ], [ 98.533937302000083, 3.600030656000059, 0.0 ], [ 98.533851708000043, 3.599703480000073, 0.0 ], [ 98.533823651000034, 3.599596232000067, 0.0 ], [ 98.533823803000075, 3.599298823000026, 0.0 ], [ 98.533732701000076, 3.599184386000046, 0.0 ], [ 98.533550459000097, 3.599024149000058, 0.0 ], [ 98.533527784000057, 3.598795362000032, 0.0 ], [ 98.533527912000068, 3.598543706000043, 0.0 ], [ 98.533528039000032, 3.598293264000062, 0.0 ], [ 98.533528086000047, 3.598200540000049, 0.0 ], [ 98.533573750000073, 3.598040420000074, 0.0 ], [ 98.533596623000051, 3.597880288000055, 0.0 ], [ 98.533733492000067, 3.597628705000033, 0.0 ], [ 98.533751105000078, 3.597562537000044, 0.0 ], [ 98.533782758000086, 3.597443622000072, 0.0 ], [ 98.533796305000067, 3.597392728000046, 0.0 ], [ 98.533801683000036, 3.597372523000046, 0.0 ], [ 98.53380459300007, 3.597361592000027, 0.0 ], [ 98.533806611000045, 3.597354012000039, 0.0 ], [ 98.533809455000039, 3.597343329000068, 0.0 ], [ 98.533812569000077, 3.597331632000021, 0.0 ], [ 98.533824826000057, 3.597285586000055, 0.0 ], [ 98.533875829000067, 3.597168723000038, 0.0 ], [ 98.5339263850001, 3.597052885000039, 0.0 ], [ 98.533984544000077, 3.596919624000066, 0.0 ], [ 98.534121448000064, 3.596599407000041, 0.0 ], [ 98.534189769000079, 3.596325679000073, 0.0 ], [ 98.534235636000062, 3.596141912000065, 0.0 ], [ 98.534235834000071, 3.595752990000051, 0.0 ], [ 98.534187486000064, 3.595590919000074, 0.0 ], [ 98.534167577000062, 3.59552418000004, 0.0 ], [ 98.534008091000032, 3.595432586000072, 0.0 ], [ 98.533780208000053, 3.595386713000039, 0.0 ], [ 98.533772326000076, 3.595384731000023, 0.0 ], [ 98.533715150000035, 3.595370351000042, 0.0 ], [ 98.533641042000056, 3.595351713000071, 0.0 ], [ 98.53359791400004, 3.595340866000072, 0.0 ], [ 98.533483993000061, 3.595272173000069, 0.0 ], [ 98.533370113000046, 3.595134849000033, 0.0 ], [ 98.533370124000044, 3.595113635000075, 0.0 ], [ 98.533370194000042, 3.594974705000027, 0.0 ], [ 98.533379016000083, 3.594904152000027, 0.0 ], [ 98.533393078000074, 3.594791695000026, 0.0 ], [ 98.533461492000086, 3.59470021800007, 0.0 ], [ 98.533529912000063, 3.594608743000038, 0.0 ], [ 98.533666735000054, 3.59444867000002, 0.0 ], [ 98.533767443000045, 3.594280371000024, 0.0 ], [ 98.533770691000086, 3.594274943000072, 0.0 ], [ 98.53379091000005, 3.59424115500002, 0.0 ], [ 98.533803592000083, 3.594219962000067, 0.0 ], [ 98.533842064000055, 3.594158242000049, 0.0 ], [ 98.533870017000098, 3.594113398000047, 0.0 ], [ 98.533901708000087, 3.594062558000076, 0.0 ], [ 98.533917640000084, 3.594036999000025, 0.0 ], [ 98.533926702000088, 3.59401731600002, 0.0 ], [ 98.533939020000048, 3.593990560000066, 0.0 ], [ 98.533983010000043, 3.59389500900005, 0.0 ], [ 98.534019705000048, 3.593815305000021, 0.0 ], [ 98.534054532000084, 3.593739659000051, 0.0 ], [ 98.534168517000069, 3.593671086000028, 0.0 ], [ 98.534305304000043, 3.593579644000045, 0.0 ], [ 98.534487592000062, 3.593648371000029, 0.0 ], [ 98.534578705000058, 3.593739927000058, 0.0 ], [ 98.534760935000065, 3.593923043000075, 0.0 ], [ 98.534943258000069, 3.593923136000058, 0.0 ], [ 98.535193966000065, 3.593900386000029, 0.0 ], [ 98.535391368000035, 3.593788230000029, 0.0 ], [ 98.535628959000064, 3.593502326000021, 0.0 ], [ 98.535822893000045, 3.59312819400003, 0.0 ], [ 98.535862120000047, 3.59301124600006, 0.0 ], [ 98.53603312000007, 3.59250144200007, 0.0 ], [ 98.53617597200008, 3.591738783000039, 0.0 ], [ 98.536508776000062, 3.590976217000047, 0.0 ], [ 98.53668441700006, 3.590470132000064, 0.0 ], [ 98.53669900500006, 3.590428099000064, 0.0 ], [ 98.536699174000034, 3.590094402000033, 0.0 ], [ 98.536699318000061, 3.589808377000054, 0.0 ], [ 98.536818232000101, 3.589427071000046, 0.0 ], [ 98.536889847000054, 3.588664373000029, 0.0 ], [ 98.536900870000068, 3.588606438000057, 0.0 ], [ 98.536985078000043, 3.588163877000056, 0.0 ], [ 98.537174888000038, 3.587936763000072, 0.0 ], [ 98.537341169000058, 3.58779383500007, 0.0 ], [ 98.537578704000055, 3.587603271000035, 0.0 ], [ 98.537816233000058, 3.587436544000069, 0.0 ], [ 98.538125087000083, 3.587079169000049, 0.0 ], [ 98.538196478000032, 3.586769343000071, 0.0 ], [ 98.538172909000082, 3.586411800000065, 0.0 ], [ 98.538173327000052, 3.585577559000058, 0.0 ], [ 98.538316044000055, 3.585077087000059, 0.0 ], [ 98.538553667000102, 3.584719675000031, 0.0 ], [ 98.538553763000039, 3.584528467000041, 0.0 ], [ 98.538553870000044, 3.584314472000074, 0.0 ], [ 98.538530330000071, 3.583909259000051, 0.0 ], [ 98.538554336000061, 3.583384890000048, 0.0 ], [ 98.538729443000079, 3.583150760000023, 0.0 ], [ 98.53876817400004, 3.583098973000062, 0.0 ], [ 98.539053295000087, 3.582717751000074, 0.0 ], [ 98.539124649000087, 3.582479431000023, 0.0 ], [ 98.539124781000055, 3.582215631000054, 0.0 ], [ 98.539124804000039, 3.582169571000065, 0.0 ], [ 98.539146575000075, 3.581992081000066, 0.0 ], [ 98.538955246000057, 3.581684431000041, 0.0 ], [ 98.538802233000069, 3.581338353000034, 0.0 ], [ 98.538802445000044, 3.580915467000068, 0.0 ], [ 98.538802599000064, 3.580607914000041, 0.0 ], [ 98.538810585000078, 3.58057059500004, 0.0 ], [ 98.538917758000082, 3.580069750000063, 0.0 ], [ 98.538960513000063, 3.579912688000035, 0.0 ], [ 98.538963298000056, 3.57990245700006, 0.0 ], [ 98.539032858000041, 3.579646922000052, 0.0 ], [ 98.539262912000083, 3.579108819000055, 0.0 ], [ 98.539263334000069, 3.578263044000038, 0.0 ], [ 98.539340388000085, 3.577340419000052, 0.0 ], [ 98.539493900000082, 3.576686945000063, 0.0 ], [ 98.539609441000039, 3.575379897000061, 0.0 ], [ 98.539456639000036, 3.574610933000031, 0.0 ], [ 98.539188809000066, 3.574111024000046, 0.0 ], [ 98.538882554000054, 3.573880201000065, 0.0 ], [ 98.538665539000078, 3.573831675000064, 0.0 ], [ 98.538537921000056, 3.573803139000062, 0.0 ], [ 98.538155035000045, 3.57364916900002, 0.0 ], [ 98.537783988000058, 3.573344103000067, 0.0 ], [ 98.53773394500007, 3.573302959000045, 0.0 ], [ 98.537671093000085, 3.573224009000058, 0.0 ], [ 98.537427767000054, 3.572918362000053, 0.0 ], [ 98.537427960000059, 3.572533917000044, 0.0 ], [ 98.537428037000041, 3.572380140000064, 0.0 ], [ 98.537428229000056, 3.571995698000022, 0.0 ], [ 98.537428383000076, 3.571688145000053, 0.0 ], [ 98.537275347000048, 3.571380511000029, 0.0 ], [ 98.536930798000071, 3.571149672000046, 0.0 ], [ 98.53627993200007, 3.570803344000069, 0.0 ], [ 98.535640735000072, 3.570277410000074, 0.0 ], [ 98.535418057000072, 3.570270910000034, 0.0 ], [ 98.535389358000032, 3.570270072000028, 0.0 ], [ 98.53528797000007, 3.570267112000067, 0.0 ], [ 98.535173414000042, 3.570263768000075, 0.0 ], [ 98.534431521000059, 3.570242112000073, 0.0 ], [ 98.531756465000058, 3.570164023000074, 0.0 ], [ 98.530599283000072, 3.570136042000057, 0.0 ], [ 98.529926024000076, 3.570119762000047, 0.0 ], [ 98.525143125000056, 3.570004108000034, 0.0 ], [ 98.524164795000061, 3.569980451000049, 0.0 ], [ 98.520963135000045, 3.56990303300006, 0.0 ], [ 98.51771791300007, 3.569824561000075, 0.0 ], [ 98.517292354000077, 3.56981427100004, 0.0 ], [ 98.515547477000041, 3.569772079000074, 0.0 ], [ 98.515281541000036, 3.569765649000033, 0.0 ], [ 98.515276042000039, 3.569765516000074, 0.0 ], [ 98.515194049000073, 3.569820326000069, 0.0 ], [ 98.51477645500006, 3.570099478000032, 0.0 ], [ 98.514144301000044, 3.570476350000035, 0.0 ], [ 98.512722670000073, 3.571323886000073, 0.0 ], [ 98.512671620000049, 3.571344860000067, 0.0 ], [ 98.511081372000035, 3.571998209000072, 0.0 ], [ 98.511043584000049, 3.572004319000029, 0.0 ], [ 98.510784150000063, 3.572046267000075, 0.0 ], [ 98.510577705000074, 3.572079647000066, 0.0 ], [ 98.50913874400004, 3.572312312000065, 0.0 ], [ 98.50785178700005, 3.57252040000003, 0.0 ], [ 98.507275399000036, 3.572627048000072, 0.0 ], [ 98.505884278000053, 3.572884446000046, 0.0 ], [ 98.504954161000057, 3.573056545000043, 0.0 ], [ 98.50396971400005, 3.573238696000032, 0.0 ], [ 98.503964223000082, 3.573244333000048, 0.0 ], [ 98.503557966000074, 3.573661416000049, 0.0 ], [ 98.503031880000037, 3.574201521000021, 0.0 ], [ 98.502599829000076, 3.574645085000042, 0.0 ], [ 98.50259894800007, 3.574645989000032, 0.0 ], [ 98.502352313000074, 3.575499884000067, 0.0 ], [ 98.502011898000035, 3.576678460000039, 0.0 ], [ 98.501910879000036, 3.577028206000023, 0.0 ], [ 98.501805790000049, 3.577392044000021, 0.0 ], [ 98.501751380000087, 3.577580419000072, 0.0 ], [ 98.501748528000064, 3.577588068000068, 0.0 ], [ 98.501644312000053, 3.577867528000069, 0.0 ], [ 98.501413939000088, 3.578485282000031, 0.0 ], [ 98.501382108000087, 3.578570638000031, 0.0 ], [ 98.501304443000038, 3.57880854900003, 0.0 ], [ 98.50110959400007, 3.579405425000061, 0.0 ], [ 98.501032724000083, 3.579640901000062, 0.0 ], [ 98.501031014000034, 3.579644329000075, 0.0 ], [ 98.500987318000057, 3.579731938000065, 0.0 ], [ 98.500898320000047, 3.579910377000032, 0.0 ], [ 98.500876228000038, 3.579954672000042, 0.0 ], [ 98.50087110000004, 3.579964954000047, 0.0 ], [ 98.500859272000071, 3.579988668000055, 0.0 ], [ 98.500855337000075, 3.579996558000062, 0.0 ], [ 98.500803260000055, 3.580100972000025, 0.0 ], [ 98.500663607000035, 3.580340998000054, 0.0 ], [ 98.500479453000082, 3.58047093600004, 0.0 ], [ 98.500462419000087, 3.580482955000037, 0.0 ], [ 98.50039442700006, 3.580530930000066, 0.0 ], [ 98.500388791000034, 3.580532292000044, 0.0 ], [ 98.500116390000073, 3.580598140000063, 0.0 ], [ 98.500105379000047, 3.580600802000049, 0.0 ], [ 98.499951434000081, 3.580600718000028, 0.0 ], [ 98.499866194000049, 3.58060067100007, 0.0 ], [ 98.49986365000008, 3.580598811000073, 0.0 ], [ 98.499845871000062, 3.580585817000042, 0.0 ], [ 98.499842152000042, 3.580583098000034, 0.0 ], [ 98.499801994000052, 3.580553745000032, 0.0 ], [ 98.499758541000062, 3.580521983000039, 0.0 ], [ 98.499756618000049, 3.580520577000072, 0.0 ], [ 98.499706830000051, 3.580440517000056, 0.0 ], [ 98.499706831000083, 3.58043782900006, 0.0 ], [ 98.499706854000067, 3.580396948000044, 0.0 ], [ 98.499445356000081, 3.58041113500002, 0.0 ], [ 98.498968154000067, 3.58026529600005, 0.0 ], [ 98.498605986000086, 3.580162337000047, 0.0 ], [ 98.498316323000054, 3.579952376000051, 0.0 ], [ 98.498111876000053, 3.579763870000021, 0.0 ], [ 98.497903075000067, 3.579746628000067, 0.0 ], [ 98.497766635000062, 3.579883567000024, 0.0 ], [ 98.497651429000086, 3.580153249000033, 0.0 ], [ 98.497425475000057, 3.580332955000074, 0.0 ], [ 98.497152712000059, 3.580388467000034, 0.0 ], [ 98.496918324000035, 3.580405465000069, 0.0 ], [ 98.496551826000086, 3.580430953000076, 0.0 ], [ 98.49621517900006, 3.580417922000038, 0.0 ], [ 98.496061659000077, 3.580614794000041, 0.0 ], [ 98.496095610000054, 3.580871714000068, 0.0 ], [ 98.496039774000053, 3.58167235600007, 0.0 ], [ 98.495945937000045, 3.581826445000047, 0.0 ], [ 98.495783915000061, 3.581984777000059, 0.0 ], [ 98.495536595000033, 3.582271514000069, 0.0 ], [ 98.49519551700007, 3.582566760000019, 0.0 ], [ 98.495024867000041, 3.582917763000069, 0.0 ], [ 98.494703962000074, 3.583095409000066, 0.0 ], [ 98.494470796000087, 3.583309364000058, 0.0 ], [ 98.494437404000053, 3.583489978000046, 0.0 ], [ 98.494783589000065, 3.58359721100004, 0.0 ], [ 98.49521629700007, 3.583771394000052, 0.0 ], [ 98.495442658000059, 3.583825040000022, 0.0 ], [ 98.496620822000068, 3.58454822400006, 0.0 ], [ 98.497053458000039, 3.584856208000076, 0.0 ], [ 98.497610931000054, 3.585034002000043, 0.0 ], [ 98.497834713000032, 3.585334137000074, 0.0 ], [ 98.497844315000066, 3.585678424000036, 0.0 ], [ 98.497846916000086, 3.585771662000069, 0.0 ], [ 98.49779833100007, 3.585886890000039, 0.0 ], [ 98.49774724100007, 3.586034117000053, 0.0 ], [ 98.497821659000067, 3.586459176000062, 0.0 ], [ 98.498179994000054, 3.586879141000053, 0.0 ], [ 98.49863373800008, 3.587103399000056, 0.0 ], [ 98.498808827000062, 3.587263502000042, 0.0 ], [ 98.498832589000074, 3.587495525000065, 0.0 ], [ 98.498689076000062, 3.587839460000055, 0.0 ], [ 98.498394369000039, 3.588007305000076, 0.0 ], [ 98.498044037000057, 3.587967110000022, 0.0 ], [ 98.497709603000033, 3.587974926000073, 0.0 ], [ 98.497478536000074, 3.588254810000024, 0.0 ], [ 98.497510303000084, 3.588406834000069, 0.0 ], [ 98.497677425000063, 3.588574933000074, 0.0 ], [ 98.498067466000066, 3.588807158000065, 0.0 ], [ 98.49854534800005, 3.588575411000023, 0.0 ], [ 98.498816246000047, 3.588263547000053, 0.0 ], [ 98.499134798000057, 3.588175719000049, 0.0 ], [ 98.499349665000068, 3.588399846000072, 0.0 ], [ 98.499468916000069, 3.588743926000063, 0.0 ], [ 98.499508577000086, 3.58902395900003, 0.0 ], [ 98.499309330000074, 3.589359864000072, 0.0 ], [ 98.498895105000088, 3.589671649000024, 0.0 ], [ 98.498520831000064, 3.58972744500005, 0.0 ], [ 98.498170464000054, 3.589751253000031, 0.0 ], [ 98.497851895000053, 3.58987108200006, 0.0 ], [ 98.49770856400005, 3.589879004000068, 0.0 ], [ 98.497581222000065, 3.589766929000064, 0.0 ], [ 98.497708747000047, 3.58954299000004, 0.0 ], [ 98.497605400000054, 3.58923892100006, 0.0 ], [ 98.497223308000059, 3.589030701000069, 0.0 ], [ 98.496785336000073, 3.589086462000068, 0.0 ], [ 98.49650650500007, 3.589342318000035, 0.0 ], [ 98.496394888000069, 3.589598267000041, 0.0 ], [ 98.496498240000051, 3.589894336000043, 0.0 ], [ 98.496864432000052, 3.590054545000043, 0.0 ], [ 98.497230628000068, 3.590206754000064, 0.0 ], [ 98.497349992000082, 3.590342825000051, 0.0 ], [ 98.497437467000054, 3.59055088200006, 0.0 ], [ 98.497341794000079, 3.590774838000073, 0.0 ], [ 98.497079256000063, 3.590943911000068, 0.0 ], [ 98.496784275000039, 3.591022540000039, 0.0 ], [ 98.496648811000057, 3.591206473000056, 0.0 ], [ 98.496839729000044, 3.591542592000053, 0.0 ], [ 98.497500565000053, 3.591654962000063, 0.0 ], [ 98.497946332000083, 3.591911218000064, 0.0 ], [ 98.498185119000084, 3.592079357000046, 0.0 ], [ 98.498256620000078, 3.592375408000065, 0.0 ], [ 98.498137055000086, 3.592607353000062, 0.0 ], [ 98.49763540500004, 3.592615075000026, 0.0 ], [ 98.497539652000057, 3.592983037000068, 0.0 ], [ 98.497730513000079, 3.593423161000032, 0.0 ], [ 98.497738263000087, 3.593815181000025, 0.0 ], [ 98.497634586000061, 3.594111136000038, 0.0 ], [ 98.497722035000038, 3.594367195000075, 0.0 ], [ 98.498127942000067, 3.594711433000043, 0.0 ], [ 98.498597589000042, 3.594983703000025, 0.0 ], [ 98.498764673000039, 3.595223805000047, 0.0 ], [ 98.498748644000045, 3.595415804000027, 0.0 ], [ 98.498581240000078, 3.59575972600004, 0.0 ], [ 98.498405886000057, 3.596079642000063, 0.0 ], [ 98.498389778000046, 3.596415647000072, 0.0 ], [ 98.498506948000056, 3.59682074500006, 0.0 ], [ 98.498373411000046, 3.597223672000041, 0.0 ], [ 98.498078578000047, 3.597615524000048, 0.0 ], [ 98.497728093000035, 3.597847340000045, 0.0 ], [ 98.497385708000081, 3.597831150000047, 0.0 ], [ 98.49713900900008, 3.597567003000051, 0.0 ], [ 98.497187009000072, 3.597159013000065, 0.0 ], [ 98.497529631000077, 3.596743185000036, 0.0 ], [ 98.497458041000073, 3.596607140000059, 0.0 ], [ 98.497282924000046, 3.596495039000047, 0.0 ], [ 98.49705195100006, 3.596598915000072, 0.0 ], [ 98.496892500000058, 3.596958842000048, 0.0 ], [ 98.496741514000064, 3.59715760900002, 0.0 ], [ 98.496565537000038, 3.597316042000046, 0.0 ], [ 98.496156721000034, 3.597552310000026, 0.0 ], [ 98.495970546000081, 3.597440457000062, 0.0 ], [ 98.49594994000006, 3.597281915000053, 0.0 ], [ 98.49599141200008, 3.597126007000043, 0.0 ], [ 98.49619337300004, 3.59675188500006, 0.0 ], [ 98.496317704000035, 3.596437493000053, 0.0 ], [ 98.496245369000064, 3.596271127000022, 0.0 ], [ 98.496077246000084, 3.596260638000047, 0.0 ], [ 98.495836677000057, 3.596286494000026, 0.0 ], [ 98.495562458000052, 3.596353912000041, 0.0 ], [ 98.495239059000085, 3.596486273000039, 0.0 ], [ 98.495073390000073, 3.596717479000062, 0.0 ], [ 98.495026743000039, 3.596875983000075, 0.0 ], [ 98.495072500000049, 3.597030303000053, 0.0 ], [ 98.495078379000063, 3.597050134000029, 0.0 ], [ 98.495155887000067, 3.597213905000047, 0.0 ], [ 98.495180308000045, 3.597357909000037, 0.0 ], [ 98.495194394000066, 3.597746690000064, 0.0 ], [ 98.495111358000031, 3.598224832000028, 0.0 ], [ 98.494968862000064, 3.598648365000031, 0.0 ], [ 98.49509024200006, 3.598994079000022, 0.0 ], [ 98.495418581000081, 3.599287931000049, 0.0 ], [ 98.495609792000039, 3.599649277000025, 0.0 ], [ 98.495490712000048, 3.599823334000064, 0.0 ], [ 98.495138888000042, 3.599901104000025, 0.0 ], [ 98.494784505000041, 3.599929494000038, 0.0 ], [ 98.494531721000058, 3.600036305000059, 0.0 ], [ 98.494370416000038, 3.600347678000047, 0.0 ], [ 98.494388455000035, 3.600467235000052, 0.0 ], [ 98.494473742000082, 3.600599825000074, 0.0 ], [ 98.494724515000087, 3.600833860000022, 0.0 ], [ 98.494783922000067, 3.600989825000055, 0.0 ], [ 98.494664850000049, 3.601148287000058, 0.0 ], [ 98.494496710000078, 3.601163787000075, 0.0 ], [ 98.494182546000047, 3.601218992000042, 0.0 ], [ 98.493875886000069, 3.601225813000042, 0.0 ], [ 98.493575861000068, 3.601181466000071, 0.0 ], [ 98.493381885000076, 3.601144974000023, 0.0 ], [ 98.493185346000075, 3.601064300000076, 0.0 ], [ 98.492975873000034, 3.600983618000043, 0.0 ], [ 98.492846469000085, 3.601118686000063, 0.0 ], [ 98.492859298000042, 3.601305810000042, 0.0 ], [ 98.492970377000063, 3.60156835600003, 0.0 ], [ 98.493110004000073, 3.601661992000061, 0.0 ], [ 98.493371177000085, 3.601799877000075, 0.0 ], [ 98.49348494200008, 3.601883104000025, 0.0 ], [ 98.493560513000034, 3.602022823000027, 0.0 ], [ 98.493404567000084, 3.602344949000041, 0.0 ], [ 98.492818128000067, 3.602381446000038, 0.0 ], [ 98.492433284000072, 3.602390437000053, 0.0 ], [ 98.492222555000069, 3.602362700000071, 0.0 ], [ 98.491984354000067, 3.602307331000021, 0.0 ], [ 98.491627056000098, 3.602215070000057, 0.0 ], [ 98.491498643000057, 3.602454356000066, 0.0 ], [ 98.491416056000048, 3.602675257000044, 0.0 ], [ 98.491498347000075, 3.602988309000067, 0.0 ], [ 98.491534855000054, 3.603246099000044, 0.0 ], [ 98.49142478400006, 3.603457778000062, 0.0 ], [ 98.491021708000076, 3.603301048000049, 0.0 ], [ 98.490838498000087, 3.603218091000031, 0.0 ], [ 98.490591189000043, 3.603061448000061, 0.0 ], [ 98.490443963000075, 3.603023221000057, 0.0 ], [ 98.489968246000046, 3.602830946000041, 0.0 ], [ 98.489564568000048, 3.602583003000064, 0.0 ], [ 98.48933136900007, 3.602835828000024, 0.0 ], [ 98.489248510000039, 3.603205700000047, 0.0 ], [ 98.489315759000078, 3.603877632000034, 0.0 ], [ 98.489443298000097, 3.604232525000044, 0.0 ], [ 98.489683641000056, 3.604413845000067, 0.0 ], [ 98.490179496000053, 3.604527364000033, 0.0 ], [ 98.490404794000085, 3.604738874000021, 0.0 ], [ 98.490675194000062, 3.604920210000045, 0.0 ], [ 98.490697685000043, 3.60501081600006, 0.0 ], [ 98.490780285000085, 3.605109004000041, 0.0 ], [ 98.490870380000047, 3.605237394000027, 0.0 ], [ 98.490983150000034, 3.605506563000063, 0.0 ], [ 98.490982883000072, 3.605607376000023, 0.0 ], [ 98.491012842000032, 3.605781029000071, 0.0 ], [ 98.491050353000048, 3.605886741000063, 0.0 ], [ 98.49104107800008, 3.606015769000067, 0.0 ], [ 98.491047867000077, 3.606122425000023, 0.0 ], [ 98.491095770000072, 3.606184377000033, 0.0 ], [ 98.49125667800007, 3.606239514000037, 0.0 ], [ 98.491500923000046, 3.606362606000061, 0.0 ], [ 98.491703835000067, 3.606294774000049, 0.0 ], [ 98.492092316000083, 3.605999156000052, 0.0 ], [ 98.492342395000037, 3.605796315000021, 0.0 ], [ 98.492568987000084, 3.605656018000046, 0.0 ], [ 98.492741993000038, 3.605697507000059, 0.0 ], [ 98.492742127000042, 3.605698186000041, 0.0 ], [ 98.492794422000046, 3.605962962000035, 0.0 ], [ 98.492861050000045, 3.606167083000059, 0.0 ], [ 98.492860945000075, 3.606355817000064, 0.0 ], [ 98.492815673000052, 3.606695514000024, 0.0 ], [ 98.492747873000042, 3.607012550000036, 0.0 ], [ 98.492619944000069, 3.607359750000057, 0.0 ], [ 98.492589666000072, 3.607759849000046, 0.0 ], [ 98.492717277000054, 3.60798640300004, 0.0 ], [ 98.492875023000067, 3.608069534000037, 0.0 ], [ 98.493047756000067, 3.608228167000049, 0.0 ], [ 98.493235570000081, 3.608288667000067, 0.0 ], [ 98.493536065000058, 3.608402076000061, 0.0 ], [ 98.493671198000072, 3.608613534000029, 0.0 ], [ 98.493731556000057, 3.609058278000021, 0.0 ], [ 98.493332804000033, 3.609096505000025, 0.0 ], [ 98.492949615000043, 3.609058544000049, 0.0 ], [ 98.49284444500006, 3.609013189000052, 0.0 ], [ 98.492844065000043, 3.609013216000051, 0.0 ], [ 98.492844061000085, 3.609018299000069, 0.0 ], [ 98.492843960000073, 3.609202599000071, 0.0 ], [ 98.492847891000054, 3.609304769000061, 0.0 ], [ 98.492851463000079, 3.609397614000046, 0.0 ], [ 98.492858628000079, 3.609583822000046, 0.0 ], [ 98.493034907000037, 3.609808073000068, 0.0 ], [ 98.49314614900004, 3.609941060000041, 0.0 ], [ 98.493468303000043, 3.610271845000057, 0.0 ], [ 98.493595092000092, 3.610375759000021, 0.0 ], [ 98.493669085000079, 3.610436403000051, 0.0 ], [ 98.493779030000042, 3.610446821000039, 0.0 ], [ 98.493973180000069, 3.610465218000058, 0.0 ], [ 98.494145202000084, 3.610481519000075, 0.0 ], [ 98.494400041000063, 3.610481660000062, 0.0 ], [ 98.494465111000082, 3.610481697000069, 0.0 ], [ 98.494465189000039, 3.610481656000047, 0.0 ], [ 98.494540506000078, 3.610443874000056, 0.0 ], [ 98.494605327000045, 3.610447166000029, 0.0 ], [ 98.494611486000053, 3.610447479000071, 0.0 ], [ 98.494627408000042, 3.610449488000029, 0.0 ], [ 98.494629884000062, 3.610444788000052, 0.0 ], [ 98.494682871000066, 3.61044747900007, 0.0 ], [ 98.494698792000065, 3.610449488000027, 0.0 ], [ 98.494793318000063, 3.610473008000043, 0.0 ], [ 98.495225996000045, 3.610528987000067, 0.0 ], [ 98.495719734000033, 3.61055278200007, 0.0 ], [ 98.496136139000043, 3.61056467900005, 0.0 ], [ 98.496939208000072, 3.610591448000037, 0.0 ], [ 98.497293151000065, 3.610591448000036, 0.0 ], [ 98.497554893000085, 3.61037729700007, 0.0 ], [ 98.497873146000074, 3.610148273000051, 0.0 ], [ 98.497884153000086, 3.610184265000044, 0.0 ], [ 98.497894994000035, 3.61017713800004, 0.0 ], [ 98.498748166000041, 3.613009453000074, 0.0 ], [ 98.498748247000037, 3.613009717000068, 0.0 ], [ 98.499340687000085, 3.613001286000042, 0.0 ], [ 98.500328783000043, 3.612990721000073, 0.0 ], [ 98.502157864000083, 3.61298051700004, 0.0 ], [ 98.50247332400005, 3.612981480000029, 0.0 ], [ 98.505044007000052, 3.612989332000041, 0.0 ], [ 98.505908995000084, 3.613008606000051, 0.0 ], [ 98.512115633000064, 3.613057609000065, 0.0 ], [ 98.512423860000069, 3.613060043000076, 0.0 ], [ 98.512423383000055, 3.61319254400007, 0.0 ], [ 98.512423306000073, 3.61321418700004, 0.0 ], [ 98.512413600000059, 3.615915942000073, 0.0 ], [ 98.512412383000083, 3.616254648000052, 0.0 ], [ 98.512086536000083, 3.616239783000025, 0.0 ], [ 98.512007685000071, 3.616238022000061, 0.0 ], [ 98.512009744000068, 3.616553866000061, 0.0 ], [ 98.512008492000064, 3.617098989000056, 0.0 ], [ 98.512008196000068, 3.617227702000037, 0.0 ], [ 98.514073223000082, 3.617191184000035, 0.0 ], [ 98.514063615000055, 3.62081760800004, 0.0 ], [ 98.515990007000084, 3.620835658000033, 0.0 ], [ 98.516180404000067, 3.622924933000034, 0.0 ], [ 98.516180343000087, 3.623039018000044, 0.0 ], [ 98.516180213000041, 3.623284130000058, 0.0 ], [ 98.516179992000048, 3.623700491000022, 0.0 ], [ 98.516179352000051, 3.624902541000041, 0.0 ], [ 98.516179045000058, 3.625481352000066, 0.0 ], [ 98.516178798000055, 3.625947617000065, 0.0 ], [ 98.516178652000065, 3.626220944000067, 0.0 ], [ 98.516162504000079, 3.62649426300004, 0.0 ], [ 98.516186330000039, 3.626706533000062, 0.0 ], [ 98.516211648000095, 3.627122239000073, 0.0 ], [ 98.516202110000052, 3.627534215000025, 0.0 ], [ 98.516201537000086, 3.627558944000044, 0.0 ], [ 98.51619988300007, 3.62763036700005, 0.0 ], [ 98.516195261000064, 3.627829969000061, 0.0 ], [ 98.516185510000071, 3.628251199000032, 0.0 ], [ 98.516134328000078, 3.629469655000035, 0.0 ], [ 98.516130872000076, 3.629551939000066, 0.0 ], [ 98.516126867000082, 3.631725337000034, 0.0 ], [ 98.517199069000071, 3.631713021000053, 0.0 ], [ 98.524910133000049, 3.631883584000037, 0.0 ], [ 98.527233801000079, 3.631816221000066, 0.0 ] ] ] ] } },
{ "type": "Feature", "properties": { "Nama Kecamatan": "Binjai Selatan", "Luas(Ha)": 3079.05 }, "geometry": { "type": "MultiPolygon", "coordinates": [ [ [ [ 98.491498643000057, 3.602454356000066, 0.0 ], [ 98.491627056000098, 3.602215070000057, 0.0 ], [ 98.491984354000067, 3.602307331000021, 0.0 ], [ 98.492222555000069, 3.602362700000071, 0.0 ], [ 98.492433284000072, 3.602390437000053, 0.0 ], [ 98.492818128000067, 3.602381446000038, 0.0 ], [ 98.493404567000084, 3.602344949000041, 0.0 ], [ 98.493560513000034, 3.602022823000027, 0.0 ], [ 98.49348494200008, 3.601883104000025, 0.0 ], [ 98.493371177000085, 3.601799877000075, 0.0 ], [ 98.493110004000073, 3.601661992000061, 0.0 ], [ 98.492970377000063, 3.60156835600003, 0.0 ], [ 98.492859298000042, 3.601305810000042, 0.0 ], [ 98.492846469000085, 3.601118686000063, 0.0 ], [ 98.492975873000034, 3.600983618000043, 0.0 ], [ 98.493185346000075, 3.601064300000076, 0.0 ], [ 98.493381885000076, 3.601144974000023, 0.0 ], [ 98.493575861000068, 3.601181466000071, 0.0 ], [ 98.493875886000069, 3.601225813000042, 0.0 ], [ 98.494182546000047, 3.601218992000042, 0.0 ], [ 98.494496710000078, 3.601163787000075, 0.0 ], [ 98.494664850000049, 3.601148287000058, 0.0 ], [ 98.494783922000067, 3.600989825000055, 0.0 ], [ 98.494724515000087, 3.600833860000022, 0.0 ], [ 98.494473742000082, 3.600599825000074, 0.0 ], [ 98.494388455000035, 3.600467235000052, 0.0 ], [ 98.494370416000038, 3.600347678000047, 0.0 ], [ 98.494531721000058, 3.600036305000059, 0.0 ], [ 98.494784505000041, 3.599929494000038, 0.0 ], [ 98.495138888000042, 3.599901104000025, 0.0 ], [ 98.495490712000048, 3.599823334000064, 0.0 ], [ 98.495609792000039, 3.599649277000025, 0.0 ], [ 98.495418581000081, 3.599287931000049, 0.0 ], [ 98.49509024200006, 3.598994079000022, 0.0 ], [ 98.494968862000064, 3.598648365000031, 0.0 ], [ 98.495111358000031, 3.598224832000028, 0.0 ], [ 98.495194394000066, 3.597746690000064, 0.0 ], [ 98.495180308000045, 3.597357909000037, 0.0 ], [ 98.495155887000067, 3.597213905000047, 0.0 ], [ 98.495078379000063, 3.597050134000029, 0.0 ], [ 98.495072500000049, 3.597030303000053, 0.0 ], [ 98.495026743000039, 3.596875983000075, 0.0 ], [ 98.495073390000073, 3.596717479000062, 0.0 ], [ 98.495239059000085, 3.596486273000039, 0.0 ], [ 98.495562458000052, 3.596353912000041, 0.0 ], [ 98.495836677000057, 3.596286494000026, 0.0 ], [ 98.496077246000084, 3.596260638000047, 0.0 ], [ 98.496245369000064, 3.596271127000022, 0.0 ], [ 98.496317704000035, 3.596437493000053, 0.0 ], [ 98.49619337300004, 3.59675188500006, 0.0 ], [ 98.49599141200008, 3.597126007000043, 0.0 ], [ 98.49594994000006, 3.597281915000053, 0.0 ], [ 98.495970546000081, 3.597440457000062, 0.0 ], [ 98.496156721000034, 3.597552310000026, 0.0 ], [ 98.496565537000038, 3.597316042000046, 0.0 ], [ 98.496741514000064, 3.59715760900002, 0.0 ], [ 98.496892500000058, 3.596958842000048, 0.0 ], [ 98.49705195100006, 3.596598915000072, 0.0 ], [ 98.497282924000046, 3.596495039000047, 0.0 ], [ 98.497458041000073, 3.596607140000059, 0.0 ], [ 98.497529631000077, 3.596743185000036, 0.0 ], [ 98.497187009000072, 3.597159013000065, 0.0 ], [ 98.49713900900008, 3.597567003000051, 0.0 ], [ 98.497385708000081, 3.597831150000047, 0.0 ], [ 98.497728093000035, 3.597847340000045, 0.0 ], [ 98.498078578000047, 3.597615524000048, 0.0 ], [ 98.498373411000046, 3.597223672000041, 0.0 ], [ 98.498506948000056, 3.59682074500006, 0.0 ], [ 98.498389778000046, 3.596415647000072, 0.0 ], [ 98.498405886000057, 3.596079642000063, 0.0 ], [ 98.498581240000078, 3.59575972600004, 0.0 ], [ 98.498748644000045, 3.595415804000027, 0.0 ], [ 98.498764673000039, 3.595223805000047, 0.0 ], [ 98.498597589000042, 3.594983703000025, 0.0 ], [ 98.498127942000067, 3.594711433000043, 0.0 ], [ 98.497722035000038, 3.594367195000075, 0.0 ], [ 98.497634586000061, 3.594111136000038, 0.0 ], [ 98.497738263000087, 3.593815181000025, 0.0 ], [ 98.497730513000079, 3.593423161000032, 0.0 ], [ 98.497539652000057, 3.592983037000068, 0.0 ], [ 98.49763540500004, 3.592615075000026, 0.0 ], [ 98.498137055000086, 3.592607353000062, 0.0 ], [ 98.498256620000078, 3.592375408000065, 0.0 ], [ 98.498185119000084, 3.592079357000046, 0.0 ], [ 98.497946332000083, 3.591911218000064, 0.0 ], [ 98.497500565000053, 3.591654962000063, 0.0 ], [ 98.496839729000044, 3.591542592000053, 0.0 ], [ 98.496648811000057, 3.591206473000056, 0.0 ], [ 98.496784275000039, 3.591022540000039, 0.0 ], [ 98.497079256000063, 3.590943911000068, 0.0 ], [ 98.497341794000079, 3.590774838000073, 0.0 ], [ 98.497437467000054, 3.59055088200006, 0.0 ], [ 98.497349992000082, 3.590342825000051, 0.0 ], [ 98.497230628000068, 3.590206754000064, 0.0 ], [ 98.496864432000052, 3.590054545000043, 0.0 ], [ 98.496498240000051, 3.589894336000043, 0.0 ], [ 98.496394888000069, 3.589598267000041, 0.0 ], [ 98.49650650500007, 3.589342318000035, 0.0 ], [ 98.496785336000073, 3.589086462000068, 0.0 ], [ 98.497223308000059, 3.589030701000069, 0.0 ], [ 98.497605400000054, 3.58923892100006, 0.0 ], [ 98.497708747000047, 3.58954299000004, 0.0 ], [ 98.497581222000065, 3.589766929000064, 0.0 ], [ 98.49770856400005, 3.589879004000068, 0.0 ], [ 98.497851895000053, 3.58987108200006, 0.0 ], [ 98.498170464000054, 3.589751253000031, 0.0 ], [ 98.498520831000064, 3.58972744500005, 0.0 ], [ 98.498895105000088, 3.589671649000024, 0.0 ], [ 98.499309330000074, 3.589359864000072, 0.0 ], [ 98.499508577000086, 3.58902395900003, 0.0 ], [ 98.499468916000069, 3.588743926000063, 0.0 ], [ 98.499349665000068, 3.588399846000072, 0.0 ], [ 98.499134798000057, 3.588175719000049, 0.0 ], [ 98.498816246000047, 3.588263547000053, 0.0 ], [ 98.49854534800005, 3.588575411000023, 0.0 ], [ 98.498067466000066, 3.588807158000065, 0.0 ], [ 98.497677425000063, 3.588574933000074, 0.0 ], [ 98.497510303000084, 3.588406834000069, 0.0 ], [ 98.497478536000074, 3.588254810000024, 0.0 ], [ 98.497709603000033, 3.587974926000073, 0.0 ], [ 98.498044037000057, 3.587967110000022, 0.0 ], [ 98.498394369000039, 3.588007305000076, 0.0 ], [ 98.498689076000062, 3.587839460000055, 0.0 ], [ 98.498832589000074, 3.587495525000065, 0.0 ], [ 98.498808827000062, 3.587263502000042, 0.0 ], [ 98.49863373800008, 3.587103399000056, 0.0 ], [ 98.498179994000054, 3.586879141000053, 0.0 ], [ 98.497821659000067, 3.586459176000062, 0.0 ], [ 98.49774724100007, 3.586034117000053, 0.0 ], [ 98.49779833100007, 3.585886890000039, 0.0 ], [ 98.497846916000086, 3.585771662000069, 0.0 ], [ 98.497844315000066, 3.585678424000036, 0.0 ], [ 98.497834713000032, 3.585334137000074, 0.0 ], [ 98.497610931000054, 3.585034002000043, 0.0 ], [ 98.497053458000039, 3.584856208000076, 0.0 ], [ 98.496620822000068, 3.58454822400006, 0.0 ], [ 98.495442658000059, 3.583825040000022, 0.0 ], [ 98.49521629700007, 3.583771394000052, 0.0 ], [ 98.494783589000065, 3.58359721100004, 0.0 ], [ 98.494437404000053, 3.583489978000046, 0.0 ], [ 98.494470796000087, 3.583309364000058, 0.0 ], [ 98.494703962000074, 3.583095409000066, 0.0 ], [ 98.495024867000041, 3.582917763000069, 0.0 ], [ 98.49519551700007, 3.582566760000019, 0.0 ], [ 98.495536595000033, 3.582271514000069, 0.0 ], [ 98.495783915000061, 3.581984777000059, 0.0 ], [ 98.495945937000045, 3.581826445000047, 0.0 ], [ 98.496039774000053, 3.58167235600007, 0.0 ], [ 98.496095610000054, 3.580871714000068, 0.0 ], [ 98.496061659000077, 3.580614794000041, 0.0 ], [ 98.49621517900006, 3.580417922000038, 0.0 ], [ 98.496551826000086, 3.580430953000076, 0.0 ], [ 98.496918324000035, 3.580405465000069, 0.0 ], [ 98.497152712000059, 3.580388467000034, 0.0 ], [ 98.497425475000057, 3.580332955000074, 0.0 ], [ 98.497651429000086, 3.580153249000033, 0.0 ], [ 98.497766635000062, 3.579883567000024, 0.0 ], [ 98.497903075000067, 3.579746628000067, 0.0 ], [ 98.498111876000053, 3.579763870000021, 0.0 ], [ 98.498316323000054, 3.579952376000051, 0.0 ], [ 98.498605986000086, 3.580162337000047, 0.0 ], [ 98.498968154000067, 3.58026529600005, 0.0 ], [ 98.499445356000081, 3.58041113500002, 0.0 ], [ 98.499706854000067, 3.580396948000044, 0.0 ], [ 98.499706909000054, 3.58029571700007, 0.0 ], [ 98.49970692800008, 3.580260439000029, 0.0 ], [ 98.499706936000052, 3.58024652000006, 0.0 ], [ 98.499707031000071, 3.580070360000037, 0.0 ], [ 98.499707932000035, 3.580064953000034, 0.0 ], [ 98.499713462000045, 3.580031751000036, 0.0 ], [ 98.499719445000039, 3.579995835000033, 0.0 ], [ 98.499746266000045, 3.579834824000045, 0.0 ], [ 98.499747023000054, 3.579830280000066, 0.0 ], [ 98.49979690300006, 3.579740268000024, 0.0 ], [ 98.499798411000086, 3.579739344000075, 0.0 ], [ 98.499843119000047, 3.579711950000046, 0.0 ], [ 98.499974609000049, 3.579631384000038, 0.0 ], [ 98.499976347000086, 3.579630319000046, 0.0 ], [ 98.500115978000053, 3.579430312000056, 0.0 ], [ 98.500116278000064, 3.57942833200002, 0.0 ], [ 98.500118772000064, 3.579411866000044, 0.0 ], [ 98.500164945000051, 3.579107080000028, 0.0 ], [ 98.500165988000049, 3.579100198000049, 0.0 ], [ 98.500163030000067, 3.579074542000057, 0.0 ], [ 98.500149306000083, 3.578955502000042, 0.0 ], [ 98.500142064000045, 3.57889268100007, 0.0 ], [ 98.500117315000068, 3.578678016000026, 0.0 ], [ 98.500116390000073, 3.578669990000038, 0.0 ], [ 98.500051084000063, 3.578521619000071, 0.0 ], [ 98.500029989000055, 3.578501745000039, 0.0 ], [ 98.499835919000077, 3.578318902000034, 0.0 ], [ 98.499735151000039, 3.578223965000063, 0.0 ], [ 98.499578380000059, 3.578046725000036, 0.0 ], [ 98.499577201000079, 3.578045392000035, 0.0 ], [ 98.499529444000075, 3.577946372000042, 0.0 ], [ 98.499498269000071, 3.577881734000072, 0.0 ], [ 98.499498045000053, 3.577879548000055, 0.0 ], [ 98.49949803800007, 3.577879483000061, 0.0 ], [ 98.499483526000063, 3.577737945000024, 0.0 ], [ 98.499482193000063, 3.577701942000033, 0.0 ], [ 98.499482189000048, 3.577701833000049, 0.0 ], [ 98.499473794000039, 3.577475165000066, 0.0 ], [ 98.499472797000067, 3.577470953000045, 0.0 ], [ 98.499425288000069, 3.577270159000022, 0.0 ], [ 98.49942451700008, 3.577266902000076, 0.0 ], [ 98.499311001000081, 3.577118100000063, 0.0 ], [ 98.499305836000076, 3.577115203000062, 0.0 ], [ 98.499239726000042, 3.577078114000074, 0.0 ], [ 98.499098688000061, 3.576998991000039, 0.0 ], [ 98.499078169000086, 3.576982335000025, 0.0 ], [ 98.498970333000045, 3.576894803000072, 0.0 ], [ 98.498965264000049, 3.576887282000029, 0.0 ], [ 98.49887026600004, 3.576746337000031, 0.0 ], [ 98.498866701000054, 3.57674104800003, 0.0 ], [ 98.498842320000051, 3.576654721000068, 0.0 ], [ 98.498842323000076, 3.576649345000021, 0.0 ], [ 98.498842381000046, 3.576540911000052, 0.0 ], [ 98.498842697000043, 3.576527876000057, 0.0 ], [ 98.49884809100007, 3.576305382000044, 0.0 ], [ 98.498848175000035, 3.576301913000065, 0.0 ], [ 98.498819891000039, 3.576193776000025, 0.0 ], [ 98.498814808000077, 3.576184951000072, 0.0 ], [ 98.498812449000084, 3.576180855000075, 0.0 ], [ 98.498805286000064, 3.576168418000066, 0.0 ], [ 98.49878195000008, 3.576127902000053, 0.0 ], [ 98.498758022000061, 3.576086358000054, 0.0 ], [ 98.498757598000054, 3.576085622000051, 0.0 ], [ 98.498754466000037, 3.576081800000054, 0.0 ], [ 98.498749219000047, 3.576075397000067, 0.0 ], [ 98.498742694000043, 3.576067436000073, 0.0 ], [ 98.498736526000073, 3.576059909000037, 0.0 ], [ 98.498730975000058, 3.576053136000041, 0.0 ], [ 98.498725581000087, 3.576046554000072, 0.0 ], [ 98.49867828500004, 3.575988841000026, 0.0 ], [ 98.49867529900007, 3.575980331000039, 0.0 ], [ 98.498664376000079, 3.575949205000029, 0.0 ], [ 98.498644330000047, 3.575892083000042, 0.0 ], [ 98.498624531000075, 3.575802427000042, 0.0 ], [ 98.498621707000041, 3.575789641000029, 0.0 ], [ 98.498644441000067, 3.575687224000034, 0.0 ], [ 98.498646802000053, 3.575684067000054, 0.0 ], [ 98.498646840000049, 3.575684017000071, 0.0 ], [ 98.49869549500005, 3.575618966000036, 0.0 ], [ 98.498696126000084, 3.575618650000024, 0.0 ], [ 98.498729550000064, 3.575601897000069, 0.0 ], [ 98.498786220000056, 3.575573492000046, 0.0 ], [ 98.49878831400008, 3.575573493000036, 0.0 ], [ 98.498865580000086, 3.575573535000046, 0.0 ], [ 98.498869217000049, 3.575575504000027, 0.0 ], [ 98.499012923000066, 3.575653284000055, 0.0 ], [ 98.499013527000045, 3.575653688000045, 0.0 ], [ 98.499114920000068, 3.575721625000027, 0.0 ], [ 98.499192591000053, 3.575759833000062, 0.0 ], [ 98.499344560000054, 3.575834590000056, 0.0 ], [ 98.499381279000033, 3.575852653000026, 0.0 ], [ 98.49947762100004, 3.575892539000051, 0.0 ], [ 98.49949368700004, 3.575895394000042, 0.0 ], [ 98.499573982000072, 3.575909664000051, 0.0 ], [ 98.49957478400006, 3.575909530000047, 0.0 ], [ 98.49964200800008, 3.575898319000032, 0.0 ], [ 98.499644914000044, 3.575895919000061, 0.0 ], [ 98.499738421000075, 3.575818707000053, 0.0 ], [ 98.499739433000059, 3.575815591000036, 0.0 ], [ 98.499739466000051, 3.575815490000025, 0.0 ], [ 98.499817914000062, 3.575574057000039, 0.0 ], [ 98.499818382000058, 3.575568606000048, 0.0 ], [ 98.499844651000046, 3.575262917000032, 0.0 ], [ 98.499852143000055, 3.57517573900003, 0.0 ], [ 98.499851116000059, 3.575136837000059, 0.0 ], [ 98.499846587000036, 3.574965186000042, 0.0 ], [ 98.499826742000039, 3.574928140000053, 0.0 ], [ 98.49976730700007, 3.574817189000043, 0.0 ], [ 98.499757117000058, 3.57480490100005, 0.0 ], [ 98.499710658000083, 3.574748873000033, 0.0 ], [ 98.499709202000076, 3.57473860400006, 0.0 ], [ 98.499699361000069, 3.574669199000027, 0.0 ], [ 98.499699442000065, 3.574521245000028, 0.0 ], [ 98.49970318700008, 3.57451061200004, 0.0 ], [ 98.499733507000087, 3.57442452600003, 0.0 ], [ 98.499778915000036, 3.574322122000069, 0.0 ], [ 98.499784266000063, 3.574315451000075, 0.0 ], [ 98.499864248000051, 3.574215746000049, 0.0 ], [ 98.499901252000086, 3.574170524000067, 0.0 ], [ 98.499950442000056, 3.57411040900007, 0.0 ], [ 98.49995046500004, 3.574110381000025, 0.0 ], [ 98.500045767000074, 3.573993914000027, 0.0 ], [ 98.50005086300007, 3.573984089000021, 0.0 ], [ 98.500119535000067, 3.573851691000072, 0.0 ], [ 98.500119901000062, 3.573845508000033, 0.0 ], [ 98.50011991000008, 3.57384535500006, 0.0 ], [ 98.500119918000053, 3.573845222000045, 0.0 ], [ 98.500136695000037, 3.573561485000027, 0.0 ], [ 98.500136191000081, 3.57355721500005, 0.0 ], [ 98.500135091000061, 3.573547899000062, 0.0 ], [ 98.500129093000055, 3.573497080000038, 0.0 ], [ 98.500117390000071, 3.573397939000074, 0.0 ], [ 98.500101248000078, 3.573261185000035, 0.0 ], [ 98.500089947000049, 3.57316544400004, 0.0 ], [ 98.500080268000033, 3.57308345000007, 0.0 ], [ 98.500072035000088, 3.573014952000051, 0.0 ], [ 98.500052850000031, 3.572855330000039, 0.0 ], [ 98.500035124000092, 3.572707850000028, 0.0 ], [ 98.500034308000068, 3.572706055000026, 0.0 ], [ 98.500027342000067, 3.572690726000075, 0.0 ], [ 98.500027273000057, 3.572690574000034, 0.0 ], [ 98.500000005000061, 3.572630567000032, 0.0 ], [ 98.499999694000067, 3.572630317000062, 0.0 ], [ 98.499957200000054, 3.572596136000072, 0.0 ], [ 98.499957030000076, 3.572595999000042, 0.0 ], [ 98.499916943000073, 3.572523438000076, 0.0 ], [ 98.499916916000075, 3.572523388000036, 0.0 ], [ 98.499877895000068, 3.572452756000075, 0.0 ], [ 98.499877659000049, 3.57245109300004, 0.0 ], [ 98.499866212000086, 3.572370296000031, 0.0 ], [ 98.499859855000082, 3.572325424000041, 0.0 ], [ 98.499846718000072, 3.57223269900004, 0.0 ], [ 98.49984633300005, 3.572229985000036, 0.0 ], [ 98.499854744000061, 3.572054570000035, 0.0 ], [ 98.499858679000056, 3.571972513000049, 0.0 ], [ 98.499862354000072, 3.571895862000077, 0.0 ], [ 98.499864211000045, 3.57189089700006, 0.0 ], [ 98.499909951000063, 3.571768599000051, 0.0 ], [ 98.499911250000082, 3.571765733000063, 0.0 ], [ 98.499958952000043, 3.571660486000041, 0.0 ], [ 98.499989258000085, 3.571593620000044, 0.0 ], [ 98.499989313000071, 3.571492032000037, 0.0 ], [ 98.499989344000099, 3.57143469500005, 0.0 ], [ 98.499989344000099, 3.571434511000064, 0.0 ], [ 98.499967167000079, 3.571322829000053, 0.0 ], [ 98.499958907000064, 3.571281234000026, 0.0 ], [ 98.499957745000074, 3.571275382000067, 0.0 ], [ 98.499952620000045, 3.571262495000041, 0.0 ], [ 98.499894462000057, 3.571116237000069, 0.0 ], [ 98.499887452000053, 3.571105479000038, 0.0 ], [ 98.499809594000055, 3.570985986000039, 0.0 ], [ 98.499599668000087, 3.57066380200007, 0.0 ], [ 98.499593706000056, 3.570654652000031, 0.0 ], [ 98.499557250000066, 3.570628777000025, 0.0 ], [ 98.499420806000046, 3.57053193400003, 0.0 ], [ 98.499403437000069, 3.570519606000062, 0.0 ], [ 98.499217504000057, 3.570387639000046, 0.0 ], [ 98.499217479000038, 3.570387621000066, 0.0 ], [ 98.499143167000057, 3.57033487700005, 0.0 ], [ 98.499055271000032, 3.570272492000071, 0.0 ], [ 98.499048790000074, 3.570265162000056, 0.0 ], [ 98.499048762000086, 3.570265130000052, 0.0 ], [ 98.498928610000064, 3.570129225000073, 0.0 ], [ 98.498920205000047, 3.570116548000045, 0.0 ], [ 98.498833633000061, 3.56998597300003, 0.0 ], [ 98.498814382000035, 3.569961086000033, 0.0 ], [ 98.498755648000042, 3.569885158000034, 0.0 ], [ 98.498750051000073, 3.569877922000046, 0.0 ], [ 98.498735769000064, 3.569859459000042, 0.0 ], [ 98.498733928000036, 3.569857080000021, 0.0 ], [ 98.498726530000056, 3.569847517000028, 0.0 ], [ 98.498722813000086, 3.569842712000025, 0.0 ], [ 98.498721513000092, 3.569840424000063, 0.0 ], [ 98.498720689000038, 3.569838974000049, 0.0 ], [ 98.49871842500005, 3.56983499000006, 0.0 ], [ 98.498717735000071, 3.569833775000063, 0.0 ], [ 98.498715941000057, 3.569830618000026, 0.0 ], [ 98.498690559000067, 3.569785951000028, 0.0 ], [ 98.498679687000049, 3.569766819000051, 0.0 ], [ 98.498651301000052, 3.569716864000043, 0.0 ], [ 98.498614847000056, 3.56965271200005, 0.0 ], [ 98.498596196000051, 3.569619889000024, 0.0 ], [ 98.498567586000036, 3.569562343000029, 0.0 ], [ 98.498567200000082, 3.56956156700005, 0.0 ], [ 98.498501245000057, 3.569428903000073, 0.0 ], [ 98.498501096000041, 3.569428151000068, 0.0 ], [ 98.498462670000038, 3.56923464700003, 0.0 ], [ 98.498454717000072, 3.569194598000024, 0.0 ], [ 98.498453846000075, 3.569190212000024, 0.0 ], [ 98.498438527000076, 3.569152761000055, 0.0 ], [ 98.498364993000067, 3.568972989000031, 0.0 ], [ 98.498360738000088, 3.568967658000077, 0.0 ], [ 98.498269667000045, 3.568853572000022, 0.0 ], [ 98.498093687000051, 3.568633116000057, 0.0 ], [ 98.498084799000083, 3.568625625000038, 0.0 ], [ 98.49787034200007, 3.568444861000046, 0.0 ], [ 98.497529094000072, 3.568157227000029, 0.0 ], [ 98.497526495000045, 3.568154180000021, 0.0 ], [ 98.497377336000056, 3.567979295000042, 0.0 ], [ 98.49709206700004, 3.567644827000037, 0.0 ], [ 98.497090783000033, 3.567641115000072, 0.0 ], [ 98.496960654000077, 3.567264890000047, 0.0 ], [ 98.49688688100008, 3.56705160000007, 0.0 ], [ 98.496822583000039, 3.566865704000065, 0.0 ], [ 98.49680098500005, 3.566803261000075, 0.0 ], [ 98.496729146000064, 3.566520703000037, 0.0 ], [ 98.496667253000055, 3.566277264000063, 0.0 ], [ 98.496667246000072, 3.566277237000065, 0.0 ], [ 98.496600984000054, 3.566016617000059, 0.0 ], [ 98.496600196000031, 3.565992507000033, 0.0 ], [ 98.496589749000066, 3.565672674000041, 0.0 ], [ 98.496583059000045, 3.565467864000027, 0.0 ], [ 98.496586625000077, 3.565461310000046, 0.0 ], [ 98.49668224800007, 3.565285556000048, 0.0 ], [ 98.496692497000083, 3.565266718000033, 0.0 ], [ 98.496723817000031, 3.565192161000028, 0.0 ], [ 98.496835753000084, 3.564925695000056, 0.0 ], [ 98.496838456000035, 3.564919261000056, 0.0 ], [ 98.496984329000057, 3.564718135000021, 0.0 ], [ 98.496991666000042, 3.564712475000021, 0.0 ], [ 98.49722130300006, 3.564535350000027, 0.0 ], [ 98.49723163200008, 3.564533412000059, 0.0 ], [ 98.497468730000037, 3.564488919000041, 0.0 ], [ 98.497796624000046, 3.564427387000023, 0.0 ], [ 98.497804436000081, 3.564425921000065, 0.0 ], [ 98.498191962000078, 3.564387946000068, 0.0 ], [ 98.49822583200006, 3.564384627000038, 0.0 ], [ 98.49822583200006, 3.564384493000034, 0.0 ], [ 98.49822583200006, 3.56438444500003, 0.0 ], [ 98.498225844000046, 3.564362234000044, 0.0 ], [ 98.498226011000042, 3.56405538100006, 0.0 ], [ 98.498262571000055, 3.56383590400003, 0.0 ], [ 98.498313945000064, 3.563739332000068, 0.0 ], [ 98.498408489000042, 3.563561612000057, 0.0 ], [ 98.498572595000041, 3.563342204000037, 0.0 ], [ 98.498809558000062, 3.563177711000037, 0.0 ], [ 98.498894056000054, 3.563022395000075, 0.0 ], [ 98.49891899000005, 3.562976565000041, 0.0 ], [ 98.498882747000039, 3.562610714000073, 0.0 ], [ 98.498645952000075, 3.56246425300003, 0.0 ], [ 98.498299824000071, 3.562336023000057, 0.0 ], [ 98.498190635000071, 3.56230259800003, 0.0 ], [ 98.497964189000072, 3.562233277000076, 0.0 ], [ 98.497933660000058, 3.562223931000062, 0.0 ], [ 98.497880815000087, 3.562207754000042, 0.0 ], [ 98.497790826000085, 3.562160146000054, 0.0 ], [ 98.497739529000057, 3.562133008000046, 0.0 ], [ 98.497534711000071, 3.562024650000069, 0.0 ], [ 98.497517878000053, 3.561959729000022, 0.0 ], [ 98.497425617000047, 3.561603887000046, 0.0 ], [ 98.497425672000077, 3.561503439000035, 0.0 ], [ 98.497425776000057, 3.561311224000065, 0.0 ], [ 98.497441151000032, 3.561249625000073, 0.0 ], [ 98.497535336000055, 3.560872290000021, 0.0 ], [ 98.497626728000057, 3.560341885000071, 0.0 ], [ 98.497612318000051, 3.559900622000043, 0.0 ], [ 98.497608808000052, 3.559793132000038, 0.0 ], [ 98.497517009000035, 3.559409949000042, 0.0 ], [ 98.496964583000079, 3.558762241000067, 0.0 ], [ 98.496565648000058, 3.558222516000058, 0.0 ], [ 98.496228617000043, 3.557504235000067, 0.0 ], [ 98.496225262000053, 3.557497085000022, 0.0 ], [ 98.496182214000044, 3.557405340000058, 0.0 ], [ 98.496050462000085, 3.557153385000049, 0.0 ], [ 98.495930663000081, 3.556924288000061, 0.0 ], [ 98.495913250000058, 3.556890989000066, 0.0 ], [ 98.495901208000078, 3.556867960000034, 0.0 ], [ 98.495884900000078, 3.556836773000043, 0.0 ], [ 98.495868656000098, 3.55680570800007, 0.0 ], [ 98.495861693000052, 3.556792393000024, 0.0 ], [ 98.495847168000068, 3.556764615000019, 0.0 ], [ 98.495820003000063, 3.556712667000056, 0.0 ], [ 98.495781867000062, 3.556639737000068, 0.0 ], [ 98.495759301000078, 3.556596583000044, 0.0 ], [ 98.495553317000088, 3.556202669000072, 0.0 ], [ 98.495292469000049, 3.555863408000051, 0.0 ], [ 98.494610680000051, 3.55580080900006, 0.0 ], [ 98.494447988000047, 3.555785871000068, 0.0 ], [ 98.494206605000045, 3.55579482500002, 0.0 ], [ 98.494066089000057, 3.555800037000039, 0.0 ], [ 98.493876709000062, 3.555807062000042, 0.0 ], [ 98.493624449000038, 3.555816420000042, 0.0 ], [ 98.493219574000079, 3.55583143900003, 0.0 ], [ 98.49315407000006, 3.555833932000041, 0.0 ], [ 98.492524367000044, 3.555857897000066, 0.0 ], [ 98.492021865000083, 3.555877021000071, 0.0 ], [ 98.49188027100007, 3.555849428000044, 0.0 ], [ 98.491714665000089, 3.555817156000045, 0.0 ], [ 98.491545915000074, 3.55578427100005, 0.0 ], [ 98.491507366000064, 3.555764896000028, 0.0 ], [ 98.491352670000083, 3.555687143000057, 0.0 ], [ 98.491331045000038, 3.555676274000064, 0.0 ], [ 98.491300300000034, 3.55566082100006, 0.0 ], [ 98.49090115000007, 3.555521870000064, 0.0 ], [ 98.490280015000053, 3.555476538000051, 0.0 ], [ 98.487949364000102, 3.555475242000056, 0.0 ], [ 98.487759099000073, 3.555475136000041, 0.0 ], [ 98.48755133700007, 3.555475020000074, 0.0 ], [ 98.486998501000073, 3.555474713000024, 0.0 ], [ 98.486883783000053, 3.555474649000075, 0.0 ], [ 98.485151487000053, 3.555618597000034, 0.0 ], [ 98.483755930000086, 3.555734563000045, 0.0 ], [ 98.483466875000047, 3.555758583000057, 0.0 ], [ 98.482870987000069, 3.555808099000046, 0.0 ], [ 98.481573046000051, 3.555915954000057, 0.0 ], [ 98.48117703800007, 3.555948861000047, 0.0 ], [ 98.481071636000081, 3.555958976000056, 0.0 ], [ 98.478768965000086, 3.556179945000054, 0.0 ], [ 98.478768882000054, 3.556179953000026, 0.0 ], [ 98.478429326000096, 3.556212537000021, 0.0 ], [ 98.478421822000087, 3.556213476000039, 0.0 ], [ 98.477933731000064, 3.55627454100005, 0.0 ], [ 98.477706117000082, 3.556303018000051, 0.0 ], [ 98.477620018000039, 3.556313790000047, 0.0 ], [ 98.477186889000052, 3.556367979000072, 0.0 ], [ 98.477170546000082, 3.556370024000046, 0.0 ], [ 98.47716580000008, 3.556370618000074, 0.0 ], [ 98.477022332000047, 3.556388567000055, 0.0 ], [ 98.476927141000033, 3.556400476000021, 0.0 ], [ 98.476813725000056, 3.556414665000033, 0.0 ], [ 98.476571710000087, 3.55644494400002, 0.0 ], [ 98.476131026000076, 3.556500078000056, 0.0 ], [ 98.476030469000079, 3.55651265900002, 0.0 ], [ 98.475954850000065, 3.556522120000067, 0.0 ], [ 98.475713245000065, 3.556552347000035, 0.0 ], [ 98.475383083000054, 3.556593653000049, 0.0 ], [ 98.474978553000085, 3.556644264000056, 0.0 ], [ 98.474923422000074, 3.556651161000048, 0.0 ], [ 98.474508382000067, 3.556703087000074, 0.0 ], [ 98.474507598000059, 3.556690364000075, 0.0 ], [ 98.47449449700008, 3.556477911000059, 0.0 ], [ 98.474494649000064, 3.556210522000072, 0.0 ], [ 98.474520635000033, 3.556112872000029, 0.0 ], [ 98.474550816000033, 3.55599945900002, 0.0 ], [ 98.474887282000054, 3.555690044000072, 0.0 ], [ 98.475033402000065, 3.55554345500002, 0.0 ], [ 98.475129817000038, 3.555446731000074, 0.0 ], [ 98.475251803000049, 3.55532435300006, 0.0 ], [ 98.475295782000046, 3.555236138000055, 0.0 ], [ 98.47532194300004, 3.555183664000025, 0.0 ], [ 98.475331545000074, 3.555135586000063, 0.0 ], [ 98.475340438000046, 3.555091059000062, 0.0 ], [ 98.475350047000063, 3.55504294800005, 0.0 ], [ 98.475376088000075, 3.554843310000023, 0.0 ], [ 98.475389591000067, 3.554739789000052, 0.0 ], [ 98.475392265000039, 3.554719292000073, 0.0 ], [ 98.475392361000047, 3.55455041700003, 0.0 ], [ 98.475364441000067, 3.554367451000075, 0.0 ], [ 98.475294469000062, 3.554212608000057, 0.0 ], [ 98.475224464000064, 3.55411405700005, 0.0 ], [ 98.475042386000041, 3.553973221000035, 0.0 ], [ 98.474935993000088, 3.553916904000062, 0.0 ], [ 98.474879326000064, 3.553886908000038, 0.0 ], [ 98.474776235000036, 3.553832339000053, 0.0 ], [ 98.474706231000084, 3.553733788000045, 0.0 ], [ 98.474678264000033, 3.553635261000067, 0.0 ], [ 98.474686330000054, 3.553451314000028, 0.0 ], [ 98.47469245700006, 3.553311589000032, 0.0 ], [ 98.474650470000086, 3.553227126000025, 0.0 ], [ 98.474566485000082, 3.553072276000024, 0.0 ], [ 98.474398420000057, 3.552931450000074, 0.0 ], [ 98.474183310000058, 3.552715157000022, 0.0 ], [ 98.474048319000076, 3.552579423000054, 0.0 ], [ 98.474020350000046, 3.55248089500003, 0.0 ], [ 98.474006385000052, 3.55239645000006, 0.0 ], [ 98.474020477000082, 3.552255727000044, 0.0 ], [ 98.474047854000062, 3.552182534000053, 0.0 ], [ 98.474062578000087, 3.552143167000054, 0.0 ], [ 98.474118697000051, 3.552016542000046, 0.0 ], [ 98.474118777000058, 3.551875812000048, 0.0 ], [ 98.474104836000038, 3.551749147000066, 0.0 ], [ 98.474034832000086, 3.551650595000069, 0.0 ], [ 98.473866767000061, 3.551509768000073, 0.0 ], [ 98.473838798000031, 3.55141124000005, 0.0 ], [ 98.47381062900007, 3.55110610400004, 0.0 ], [ 98.473852761000046, 3.55093725100005, 0.0 ], [ 98.473880842000085, 3.550838756000076, 0.0 ], [ 98.473894940000037, 3.550683961000061, 0.0 ], [ 98.473867005000045, 3.550529142000074, 0.0 ], [ 98.473797033000039, 3.550374298000065, 0.0 ], [ 98.473713024000062, 3.55026166600004, 0.0 ], [ 98.473657094000032, 3.55005053800005, 0.0 ], [ 98.473657166000066, 3.54992388100004, 0.0 ], [ 98.473727292000035, 3.549811337000051, 0.0 ], [ 98.473769421000043, 3.549758507000035, 0.0 ], [ 98.473839466000072, 3.549670671000057, 0.0 ], [ 98.474182469000084, 3.549427789000049, 0.0 ], [ 98.474271152000085, 3.54936499200005, 0.0 ], [ 98.474316065000039, 3.549333189000037, 0.0 ], [ 98.474345863000053, 3.549299396000037, 0.0 ], [ 98.474482075000083, 3.549144924000075, 0.0 ], [ 98.474528278000051, 3.549092527000028, 0.0 ], [ 98.474638548000101, 3.548967475000041, 0.0 ], [ 98.474708679000059, 3.548840858000061, 0.0 ], [ 98.474715779000064, 3.548825192000039, 0.0 ], [ 98.474778826000033, 3.548686093000072, 0.0 ], [ 98.474812574000055, 3.548436336000065, 0.0 ], [ 98.474849180000035, 3.548165432000076, 0.0 ], [ 98.474849222000046, 3.548090893000051, 0.0 ], [ 98.474849371000062, 3.547827678000032, 0.0 ], [ 98.474863463000077, 3.547686956000064, 0.0 ], [ 98.47487125300006, 3.547668728000076, 0.0 ], [ 98.474890378000055, 3.547623979000036, 0.0 ], [ 98.474947646000032, 3.547489981000069, 0.0 ], [ 98.475087844000086, 3.547349331000021, 0.0 ], [ 98.475105948000078, 3.547332985000025, 0.0 ], [ 98.475228035000043, 3.547222754000074, 0.0 ], [ 98.475298182000074, 3.547067989000027, 0.0 ], [ 98.475298231000082, 3.54706774400006, 0.0 ], [ 98.47532628600004, 3.546927275000029, 0.0 ], [ 98.475334048000036, 3.546853620000036, 0.0 ], [ 98.475354462000041, 3.546659904000023, 0.0 ], [ 98.475326524000081, 3.546505084000046, 0.0 ], [ 98.475228511000068, 3.546378371000059, 0.0 ], [ 98.475102500000062, 3.546209422000061, 0.0 ], [ 98.475116663000051, 3.545942043000025, 0.0 ], [ 98.475154265000072, 3.545811255000045, 0.0 ], [ 98.475199972000041, 3.545652275000065, 0.0 ], [ 98.475212443000046, 3.545564953000052, 0.0 ], [ 98.475214040000083, 3.545553771000073, 0.0 ], [ 98.475214084000072, 3.545476370000074, 0.0 ], [ 98.475214117000064, 3.545417230000055, 0.0 ], [ 98.475214127000072, 3.545398969000075, 0.0 ], [ 98.475202609000064, 3.545361298000046, 0.0 ], [ 98.475195478000046, 3.545337975000052, 0.0 ], [ 98.475176830000066, 3.545276981000029, 0.0 ], [ 98.47515818100004, 3.545215987000063, 0.0 ], [ 98.475138678000064, 3.545173481000063, 0.0 ], [ 98.475119174000042, 3.545130974000073, 0.0 ], [ 98.475096694000058, 3.545081982000056, 0.0 ], [ 98.475074214000074, 3.545032989000048, 0.0 ], [ 98.474976209000033, 3.544892203000074, 0.0 ], [ 98.474850156000059, 3.544793620000064, 0.0 ], [ 98.474780129000067, 3.544737288000022, 0.0 ], [ 98.474710101000085, 3.544680956000036, 0.0 ], [ 98.474647076000053, 3.544631665000054, 0.0 ], [ 98.474584050000047, 3.544582373000025, 0.0 ], [ 98.474537369000075, 3.544535436000046, 0.0 ], [ 98.474490691000085, 3.544488501000046, 0.0 ], [ 98.47444401100006, 3.54444156300002, 0.0 ], [ 98.474416022000071, 3.544378218000019, 0.0 ], [ 98.474388033000082, 3.544314874000065, 0.0 ], [ 98.474388073000057, 3.54424450800002, 0.0 ], [ 98.474388112000042, 3.544174142000032, 0.0 ], [ 98.474402159000078, 3.544113167000035, 0.0 ], [ 98.474416205000068, 3.544052195000063, 0.0 ], [ 98.474430253000037, 3.543991218000031, 0.0 ], [ 98.474453643000061, 3.543925557000022, 0.0 ], [ 98.474477033000085, 3.543859896000071, 0.0 ], [ 98.474500423000066, 3.543794235000064, 0.0 ], [ 98.474550902000033, 3.543729528000028, 0.0 ], [ 98.47460138200006, 3.54366482100005, 0.0 ], [ 98.474651862000087, 3.543600113000025, 0.0 ], [ 98.474702341000068, 3.543535406000046, 0.0 ], [ 98.474752821000052, 3.543470699000068, 0.0 ], [ 98.474744895000072, 3.543442173000074, 0.0 ], [ 98.474729775000071, 3.543387757000061, 0.0 ], [ 98.474695697000072, 3.543321749000029, 0.0 ], [ 98.474661619000074, 3.543255741000053, 0.0 ], [ 98.474617470000069, 3.543189177000044, 0.0 ], [ 98.474573320000047, 3.543122613000037, 0.0 ], [ 98.474529171000086, 3.543056049000029, 0.0 ], [ 98.474485008000045, 3.543013371000029, 0.0 ], [ 98.47444084600005, 3.542970694000075, 0.0 ], [ 98.474396683000066, 3.542928017000065, 0.0 ], [ 98.47432277300004, 3.542895986000075, 0.0 ], [ 98.474248861000049, 3.54286395300005, 0.0 ], [ 98.474174951000066, 3.542831921000072, 0.0 ], [ 98.47410104100004, 3.542799889000037, 0.0 ], [ 98.474027137000064, 3.542753783000023, 0.0 ], [ 98.473953233000032, 3.54270767600002, 0.0 ], [ 98.473912465000083, 3.542674384000065, 0.0 ], [ 98.47387169700005, 3.542641091000064, 0.0 ], [ 98.473856434000083, 3.542582221000032, 0.0 ], [ 98.47384117200005, 3.542523351000057, 0.0 ], [ 98.473841213000071, 3.542449136000073, 0.0 ], [ 98.473841255000082, 3.542374920000043, 0.0 ], [ 98.473866792000081, 3.54230327700003, 0.0 ], [ 98.473880426000051, 3.542233335000048, 0.0 ], [ 98.473894061000067, 3.54216339200002, 0.0 ], [ 98.473907695000037, 3.542093450000038, 0.0 ], [ 98.473900096000079, 3.542008993000024, 0.0 ], [ 98.473892497000065, 3.541924536000067, 0.0 ], [ 98.473872131000064, 3.541873341000041, 0.0 ], [ 98.473841446000051, 3.541850382000063, 0.0 ], [ 98.47379813200007, 3.541809411000031, 0.0 ], [ 98.473754817000042, 3.541768439000066, 0.0 ], [ 98.473746593000044, 3.541759673000058, 0.0 ], [ 98.473693285000081, 3.541702849000047, 0.0 ], [ 98.473639977000062, 3.541646024000044, 0.0 ], [ 98.473586669000042, 3.541589201000023, 0.0 ], [ 98.473573952000038, 3.541540571000042, 0.0 ], [ 98.473561234000044, 3.541491938000036, 0.0 ], [ 98.473561262000047, 3.541440756000042, 0.0 ], [ 98.473561291000067, 3.541389573000061, 0.0 ], [ 98.473568971000077, 3.541330716000061, 0.0 ], [ 98.473576651000087, 3.541271859000062, 0.0 ], [ 98.473581786000068, 3.54120702900002, 0.0 ], [ 98.473586920000059, 3.54114220100007, 0.0 ], [ 98.473592054000051, 3.541077370000039, 0.0 ], [ 98.473576790000038, 3.541026179000028, 0.0 ], [ 98.473561526000083, 3.540974987000026, 0.0 ], [ 98.473527814000079, 3.540913373000024, 0.0 ], [ 98.473494101000085, 3.540851759000019, 0.0 ], [ 98.473471785000072, 3.540810974000067, 0.0 ], [ 98.473449470000048, 3.540770190000046, 0.0 ], [ 98.473402347000047, 3.540702345000057, 0.0 ], [ 98.473355225000034, 3.540634500000067, 0.0 ], [ 98.473308103000079, 3.540566656000067, 0.0 ], [ 98.473260980000077, 3.540498811000021, 0.0 ], [ 98.473238921000075, 3.540439085000059, 0.0 ], [ 98.473216861000083, 3.540379358000052, 0.0 ], [ 98.473194801000048, 3.540319632000035, 0.0 ], [ 98.47318974000008, 3.540254797000045, 0.0 ], [ 98.473184679000042, 3.540189961000067, 0.0 ], [ 98.473181944000032, 3.540154929000038, 0.0 ], [ 98.473179618000074, 3.54012512600002, 0.0 ], [ 98.473174626000059, 3.539930626000057, 0.0 ], [ 98.473144007000087, 3.539850848000071, 0.0 ], [ 98.473105796000084, 3.539802202000032, 0.0 ], [ 98.473067584000034, 3.539753556000051, 0.0 ], [ 98.473008979000042, 3.539710018000051, 0.0 ], [ 98.472950372000071, 3.539666479000061, 0.0 ], [ 98.472894319000034, 3.53961014500004, 0.0 ], [ 98.472838266000053, 3.539553811000075, 0.0 ], [ 98.472782213000073, 3.539497477000054, 0.0 ], [ 98.472751668000058, 3.539420685000039, 0.0 ], [ 98.472721122000053, 3.539343892000033, 0.0 ], [ 98.472708414000067, 3.539277347000052, 0.0 ], [ 98.472695706000081, 3.539210802000071, 0.0 ], [ 98.472690650000061, 3.539136583000072, 0.0 ], [ 98.472685593000051, 3.539062364000074, 0.0 ], [ 98.472690731000057, 3.538992416000042, 0.0 ], [ 98.472695868000073, 3.538922469000057, 0.0 ], [ 98.472701005000033, 3.538852521000023, 0.0 ], [ 98.472719734000066, 3.538789407000023, 0.0 ], [ 98.472738464000088, 3.538726291000045, 0.0 ], [ 98.472757194000053, 3.538663175000067, 0.0 ], [ 98.472787826000058, 3.53859153600007, 0.0 ], [ 98.472818459000052, 3.538519897000072, 0.0 ], [ 98.472849092000047, 3.538448258000074, 0.0 ], [ 98.472878079000054, 3.538375834000021, 0.0 ], [ 98.472907065000072, 3.538303411000073, 0.0 ], [ 98.472936051000033, 3.538230987000019, 0.0 ], [ 98.472987070000045, 3.538169596000045, 0.0 ], [ 98.473038089000056, 3.538108205000072, 0.0 ], [ 98.473066165000034, 3.538046802000053, 0.0 ], [ 98.473094241000069, 3.537985397000056, 0.0 ], [ 98.473102778000055, 3.537913745000025, 0.0 ], [ 98.473111316000086, 3.537842092000062, 0.0 ], [ 98.473119853000071, 3.537770440000031, 0.0 ], [ 98.473114875000078, 3.53756058700003, 0.0 ], [ 98.473114945000077, 3.537437747000069, 0.0 ], [ 98.473125177000043, 3.537376332000064, 0.0 ], [ 98.473155806000079, 3.537309812000045, 0.0 ], [ 98.473191517000032, 3.53726888500006, 0.0 ], [ 98.473268035000046, 3.537197272000071, 0.0 ], [ 98.473298650000061, 3.537151226000049, 0.0 ], [ 98.473329266000064, 3.537105177000058, 0.0 ], [ 98.47333270300004, 3.537038641000038, 0.0 ], [ 98.473336139000082, 3.536972105000074, 0.0 ], [ 98.473339576000058, 3.536905569000055, 0.0 ], [ 98.473331119000079, 3.536833907000073, 0.0 ], [ 98.473322663000033, 3.536762245000034, 0.0 ], [ 98.473314206000055, 3.536690583000051, 0.0 ], [ 98.473273518000042, 3.536511418000032, 0.0 ], [ 98.473258117000057, 3.536406668000041, 0.0 ], [ 98.473258143000066, 3.536360603000048, 0.0 ], [ 98.473283665000054, 3.536309435000021, 0.0 ], [ 98.473309187000041, 3.536258266000061, 0.0 ], [ 98.473339804000034, 3.536209660000054, 0.0 ], [ 98.473370421000084, 3.536161053000058, 0.0 ], [ 98.473413787000084, 3.536109894000048, 0.0 ], [ 98.473457153000084, 3.536058734000051, 0.0 ], [ 98.473485220000043, 3.536012686000049, 0.0 ], [ 98.473513288000049, 3.535966637000059, 0.0 ], [ 98.473536265000064, 3.535905230000025, 0.0 ], [ 98.473559242000078, 3.53584382300005, 0.0 ], [ 98.473561821000033, 3.535792642000047, 0.0 ], [ 98.473564401000033, 3.535741460000054, 0.0 ], [ 98.473564446000069, 3.535662126000034, 0.0 ], [ 98.473564491000047, 3.535582791000024, 0.0 ], [ 98.473564519000035, 3.535534167000037, 0.0 ], [ 98.473564540000041, 3.535496880000039, 0.0 ], [ 98.473564546000034, 3.53548554200006, 0.0 ], [ 98.473564573000033, 3.535436918000073, 0.0 ], [ 98.473564579000083, 3.535426447000019, 0.0 ], [ 98.473564600000032, 3.53538829300004, 0.0 ], [ 98.473574823000035, 3.53534223500003, 0.0 ], [ 98.473585047000086, 3.53529617600003, 0.0 ], [ 98.4736207750001, 3.535224539000068, 0.0 ], [ 98.473661597000046, 3.535158024000054, 0.0 ], [ 98.473697362000053, 3.535104236000052, 0.0 ], [ 98.473712626000065, 3.535081279000052, 0.0 ], [ 98.473743245000037, 3.535032672000056, 0.0 ], [ 98.473773865000055, 3.53498406500006, 0.0 ], [ 98.473784097000078, 3.534917533000055, 0.0 ], [ 98.473794329000043, 3.53485100100005, 0.0 ], [ 98.47379692700008, 3.534766550000028, 0.0 ], [ 98.47379952600005, 3.534682098000076, 0.0 ], [ 98.473799539000083, 3.534659211000076, 0.0 ], [ 98.473799539000083, 3.534659177000038, 0.0 ], [ 98.473799601000053, 3.534549022000022, 0.0 ], [ 98.473804720000032, 3.53446849300002, 0.0 ], [ 98.473855741000079, 3.534407101000056, 0.0 ], [ 98.473937366000087, 3.534315018000029, 0.0 ], [ 98.473953399000038, 3.534298941000032, 0.0 ], [ 98.47397307600005, 3.534279210000022, 0.0 ], [ 98.474008788000049, 3.534243401000026, 0.0 ], [ 98.474036849000072, 3.534207589000061, 0.0 ], [ 98.474064910000038, 3.534171776000051, 0.0 ], [ 98.474090496000088, 3.534002887000042, 0.0 ], [ 98.474136540000089, 3.533721403000072, 0.0 ], [ 98.474182488000054, 3.533608825000044, 0.0 ], [ 98.474228437000079, 3.533496250000041, 0.0 ], [ 98.474294797000084, 3.533352973000035, 0.0 ], [ 98.474301632000049, 3.533288145000028, 0.0 ], [ 98.474308466000082, 3.533223317000022, 0.0 ], [ 98.474315301000047, 3.533158488000026, 0.0 ], [ 98.474315338000054, 3.533093655000072, 0.0 ], [ 98.474315374000071, 3.533028823000052, 0.0 ], [ 98.474315410000031, 3.532963990000042, 0.0 ], [ 98.474300150000033, 3.532900855000037, 0.0 ], [ 98.474284891000082, 3.532837721000021, 0.0 ], [ 98.474269632000073, 3.532774586000073, 0.0 ], [ 98.47423208500004, 3.532693680000022, 0.0 ], [ 98.474158207000073, 3.532647710000048, 0.0 ], [ 98.47408432900005, 3.532601741000065, 0.0 ], [ 98.474010451000083, 3.532555771000034, 0.0 ], [ 98.473962975000063, 3.532497451000041, 0.0 ], [ 98.473915499000043, 3.532439131000046, 0.0 ], [ 98.473883857000033, 3.532386121000059, 0.0 ], [ 98.473852214000033, 3.532333108000045, 0.0 ], [ 98.473820572000079, 3.532280097000068, 0.0 ], [ 98.473810058000083, 3.532200600000067, 0.0 ], [ 98.473799545000077, 3.532121104000055, 0.0 ], [ 98.47378903200007, 3.532041607000053, 0.0 ], [ 98.473778519000064, 3.531962110000051, 0.0 ], [ 98.473777393000034, 3.531940396000039, 0.0 ], [ 98.473774042000059, 3.531875803000048, 0.0 ], [ 98.473769566000044, 3.531789497000033, 0.0 ], [ 98.473765090000086, 3.53170319000003, 0.0 ], [ 98.473763209000083, 3.531666919000031, 0.0 ], [ 98.473760614000085, 3.531616883000027, 0.0 ], [ 98.473756138000056, 3.531530576000023, 0.0 ], [ 98.473751662000041, 3.531444270000065, 0.0 ], [ 98.473750757000062, 3.531426817000067, 0.0 ], [ 98.473750755000083, 3.531426771000041, 0.0 ], [ 98.473747187000072, 3.531357963000061, 0.0 ], [ 98.473741773000086, 3.531152482000039, 0.0 ], [ 98.473740988000031, 3.531122668000023, 0.0 ], [ 98.473738921000063, 3.531044236000071, 0.0 ], [ 98.473736854000038, 3.530965804000061, 0.0 ], [ 98.47373689300008, 3.530896913000049, 0.0 ], [ 98.473736932000065, 3.530828021000048, 0.0 ], [ 98.47374751600006, 3.530780333000052, 0.0 ], [ 98.473758099000065, 3.530732645000057, 0.0 ], [ 98.473789813000053, 3.530658470000048, 0.0 ], [ 98.473832074000086, 3.53060550200007, 0.0 ], [ 98.473858487000086, 3.530568421000055, 0.0 ], [ 98.473884901000076, 3.530531339000049, 0.0 ], [ 98.473913087000085, 3.53047482900007, 0.0 ], [ 98.473941273000037, 3.530418319000034, 0.0 ], [ 98.473969459000045, 3.530361809000056, 0.0 ], [ 98.47398356900004, 3.530301757000075, 0.0 ], [ 98.473997678000046, 3.530241706000027, 0.0 ], [ 98.474011787000052, 3.530181654000046, 0.0 ], [ 98.474015342000087, 3.53011806400002, 0.0 ], [ 98.474018898000054, 3.530054473000063, 0.0 ], [ 98.474022453000032, 3.529990883000039, 0.0 ], [ 98.474018977000071, 3.529913156000021, 0.0 ], [ 98.474015501000054, 3.529835430000049, 0.0 ], [ 98.47401202500005, 3.529757703000031, 0.0 ], [ 98.473990948000051, 3.529690566000055, 0.0 ], [ 98.473969871000065, 3.529623429000026, 0.0 ], [ 98.47394879400008, 3.529556292000051, 0.0 ], [ 98.473938280000084, 3.529478562000065, 0.0 ], [ 98.473927767000077, 3.529400833000067, 0.0 ], [ 98.473917253000081, 3.529323103000024, 0.0 ], [ 98.473874144000035, 3.529268507000041, 0.0 ], [ 98.473831036000036, 3.529213914000025, 0.0 ], [ 98.473787927000046, 3.52915931900003, 0.0 ], [ 98.473777779000045, 3.529072302000031, 0.0 ], [ 98.473767631000044, 3.528985284000043, 0.0 ], [ 98.473774465000076, 3.528920457000027, 0.0 ], [ 98.473781300000041, 3.528855627000041, 0.0 ], [ 98.473788135000063, 3.528790799000035, 0.0 ], [ 98.473823869000071, 3.528708926000035, 0.0 ], [ 98.473859602000061, 3.528627053000037, 0.0 ], [ 98.473876156000074, 3.52857374000007, 0.0 ], [ 98.473894473000087, 3.528514750000056, 0.0 ], [ 98.473912790000043, 3.528455759000053, 0.0 ], [ 98.473924099000044, 3.528419338000048, 0.0 ], [ 98.473931107000055, 3.528396769000039, 0.0 ], [ 98.473946437000052, 3.528337064000026, 0.0 ], [ 98.473961768000038, 3.528277358000025, 0.0 ], [ 98.473977098000034, 3.528217653000069, 0.0 ], [ 98.473979988000053, 3.52814218900005, 0.0 ], [ 98.473980823000034, 3.528120377000051, 0.0 ], [ 98.473982878000072, 3.528066724000041, 0.0 ], [ 98.473910019000073, 3.528071131000047, 0.0 ], [ 98.473891632000061, 3.528072243000052, 0.0 ], [ 98.473837161000063, 3.528075537000062, 0.0 ], [ 98.473812749000047, 3.528077014000075, 0.0 ], [ 98.473764303000053, 3.528079944000069, 0.0 ], [ 98.47372256000007, 3.528081375000056, 0.0 ], [ 98.473693059000084, 3.52808238700004, 0.0 ], [ 98.473677921000046, 3.528082906000066, 0.0 ], [ 98.473591540000086, 3.528085868000062, 0.0 ], [ 98.473505159000069, 3.528088830000058, 0.0 ], [ 98.473418778000052, 3.528091792000054, 0.0 ], [ 98.473332396000046, 3.528094754000051, 0.0 ], [ 98.473246015000086, 3.528097716000048, 0.0 ], [ 98.473159634000069, 3.528100678000044, 0.0 ], [ 98.473139445000072, 3.528101370000059, 0.0 ], [ 98.473073252000063, 3.528103640000039, 0.0 ], [ 98.472986871000046, 3.528106602000037, 0.0 ], [ 98.472900490000086, 3.528109564000034, 0.0 ], [ 98.472814109000069, 3.528112526000029, 0.0 ], [ 98.472727727000063, 3.528115488000025, 0.0 ], [ 98.472641346000046, 3.528118450000022, 0.0 ], [ 98.472637233000057, 3.528118591000066, 0.0 ], [ 98.472554965000086, 3.528121412000076, 0.0 ], [ 98.472468584000069, 3.528124374000071, 0.0 ], [ 98.472382202000063, 3.528127336000067, 0.0 ], [ 98.472295821000046, 3.528130298000065, 0.0 ], [ 98.472209440000086, 3.528133260000061, 0.0 ], [ 98.472123058000079, 3.528136222000057, 0.0 ], [ 98.472056347000034, 3.528138510000076, 0.0 ], [ 98.472036677000062, 3.528139185000043, 0.0 ], [ 98.471950296000045, 3.52814214700004, 0.0 ], [ 98.471863915000085, 3.528145109000036, 0.0 ], [ 98.471782477000033, 3.528147902000058, 0.0 ], [ 98.471701038000049, 3.528150695000022, 0.0 ], [ 98.471619600000054, 3.528153488000043, 0.0 ], [ 98.471538161000069, 3.528156281000065, 0.0 ], [ 98.471456723000074, 3.528159074000029, 0.0 ], [ 98.471375284000032, 3.528161867000051, 0.0 ], [ 98.471293846000052, 3.528164659000027, 0.0 ], [ 98.471212407000053, 3.528167452000047, 0.0 ], [ 98.47112467900007, 3.528170460000069, 0.0 ], [ 98.471036952000091, 3.528173468000035, 0.0 ], [ 98.470949226000073, 3.528176476000055, 0.0 ], [ 98.470861500000069, 3.52817948400002, 0.0 ], [ 98.470773773000076, 3.528182492000041, 0.0 ], [ 98.470686046000083, 3.528185500000063, 0.0 ], [ 98.470598319000032, 3.528188508000028, 0.0 ], [ 98.470510593000085, 3.52819151600005, 0.0 ], [ 98.470422866000035, 3.528194524000071, 0.0 ], [ 98.470335139000042, 3.528197532000035, 0.0 ], [ 98.470247411000059, 3.528200540000057, 0.0 ], [ 98.470159684000066, 3.528203549000068, 0.0 ], [ 98.470071958000062, 3.528206557000032, 0.0 ], [ 98.469984232000058, 3.528209565000054, 0.0 ], [ 98.469896505000065, 3.528212574000065, 0.0 ], [ 98.469807893000052, 3.528222767000045, 0.0 ], [ 98.469719281000039, 3.528232960000025, 0.0 ], [ 98.469630669000082, 3.528243153000062, 0.0 ], [ 98.469542055000034, 3.528253346000042, 0.0 ], [ 98.469453443000077, 3.528263539000022, 0.0 ], [ 98.469364831000078, 3.528273731000069, 0.0 ], [ 98.469276219000051, 3.52828392400005, 0.0 ], [ 98.469194624000068, 3.528293310000037, 0.0 ], [ 98.469113027000049, 3.528302696000026, 0.0 ], [ 98.469031432000065, 3.52831208200007, 0.0 ], [ 98.468949835000046, 3.528321468000058, 0.0 ], [ 98.468868240000063, 3.528330854000047, 0.0 ], [ 98.468786644000033, 3.528340239000045, 0.0 ], [ 98.468705047000071, 3.528349625000032, 0.0 ], [ 98.468623452000031, 3.528359010000031, 0.0 ], [ 98.468541856000058, 3.528368396000075, 0.0 ], [ 98.468454724000082, 3.528378419000035, 0.0 ], [ 98.46836759200005, 3.52838844200005, 0.0 ], [ 98.468280459000084, 3.528398465000066, 0.0 ], [ 98.468193328000041, 3.528408487000036, 0.0 ], [ 98.468106195000075, 3.528418510000051, 0.0 ], [ 98.468019062000053, 3.528428533000067, 0.0 ], [ 98.467931931000066, 3.528438555000037, 0.0 ], [ 98.467844799000034, 3.528448577000062, 0.0 ], [ 98.467757666000068, 3.528458600000022, 0.0 ], [ 98.467670535000082, 3.528468622000048, 0.0 ], [ 98.467583403000049, 3.528478645000063, 0.0 ], [ 98.467496270000083, 3.528488668000022, 0.0 ], [ 98.46740913900004, 3.528498690000049, 0.0 ], [ 98.467322006000074, 3.528508713000064, 0.0 ], [ 98.467234873000066, 3.528518735000034, 0.0 ], [ 98.46714774200008, 3.528528757000061, 0.0 ], [ 98.467060610000033, 3.528538780000076, 0.0 ], [ 98.466973477000067, 3.528548803000034, 0.0 ], [ 98.466730623000046, 3.528576737000037, 0.0 ], [ 98.466667517000076, 3.528572546000021, 0.0 ], [ 98.465560328000038, 3.528499015000023, 0.0 ], [ 98.464562575000059, 3.528652536000038, 0.0 ], [ 98.46448293900005, 3.528670255000065, 0.0 ], [ 98.464467182000078, 3.52867376100005, 0.0 ], [ 98.463232127000083, 3.528948557000035, 0.0 ], [ 98.463189550000038, 3.528958030000069, 0.0 ], [ 98.463181014000043, 3.528959929000052, 0.0 ], [ 98.463140124000063, 3.528966619000073, 0.0 ], [ 98.46312090300006, 3.528969764000066, 0.0 ], [ 98.463109285000087, 3.528971665000028, 0.0 ], [ 98.46307439400006, 3.528977373000032, 0.0 ], [ 98.463030228000036, 3.528984599000068, 0.0 ], [ 98.463013286000034, 3.528987371000029, 0.0 ], [ 98.462951171000043, 3.528997533000052, 0.0 ], [ 98.462872115000039, 3.529010466000045, 0.0 ], [ 98.462793059000035, 3.529023399000038, 0.0 ], [ 98.462756836000054, 3.529029325000067, 0.0 ], [ 98.462714002000055, 3.529036333000022, 0.0 ], [ 98.462634944000058, 3.529049267000061, 0.0 ], [ 98.462555889000043, 3.529062200000055, 0.0 ], [ 98.46247683200005, 3.529075134000038, 0.0 ], [ 98.462450753000056, 3.529074722000074, 0.0 ], [ 98.462367555000071, 3.529073408000044, 0.0 ], [ 98.462339560000032, 3.529072966000058, 0.0 ], [ 98.46228435900008, 3.529072094000071, 0.0 ], [ 98.462201163000046, 3.52907078000004, 0.0 ], [ 98.46213552100005, 3.529069743000036, 0.0 ], [ 98.462117966000051, 3.529069466000067, 0.0 ], [ 98.462034768000095, 3.529068152000036, 0.0 ], [ 98.461972739000032, 3.529067172000054, 0.0 ], [ 98.461951573000078, 3.529066838000062, 0.0 ], [ 98.461868376000041, 3.529065524000031, 0.0 ], [ 98.461818611000069, 3.529064738000045, 0.0 ], [ 98.46178517900006, 3.529064210000057, 0.0 ], [ 98.459944318000055, 3.529035136000061, 0.0 ], [ 98.457276728000068, 3.529020317000061, 0.0 ], [ 98.456068782000045, 3.529013606000035, 0.0 ], [ 98.454495507000047, 3.529070468000043, 0.0 ], [ 98.454259898000046, 3.529005806000043, 0.0 ], [ 98.454073486000084, 3.528954646000045, 0.0 ], [ 98.453937607000057, 3.528863585000068, 0.0 ], [ 98.453773835000064, 3.528753830000028, 0.0 ], [ 98.453504141000053, 3.528573089000075, 0.0 ], [ 98.453498136000064, 3.528569065000057, 0.0 ], [ 98.453490789000071, 3.528575450000063, 0.0 ], [ 98.453398268000058, 3.52865584600005, 0.0 ], [ 98.453222638000057, 3.52880846100004, 0.0 ], [ 98.453020410000079, 3.528838417000032, 0.0 ], [ 98.452984981000043, 3.528843665000068, 0.0 ], [ 98.452704573000062, 3.528885203000072, 0.0 ], [ 98.452109857000039, 3.528807803000063, 0.0 ], [ 98.451668809000068, 3.528422301000034, 0.0 ], [ 98.451285385000062, 3.527921260000027, 0.0 ], [ 98.450997632000053, 3.52786330300006, 0.0 ], [ 98.45049862000009, 3.528171201000021, 0.0 ], [ 98.450246467000056, 3.528515347000052, 0.0 ], [ 98.450222362000034, 3.52854824700006, 0.0 ], [ 98.449807375000034, 3.529114632000073, 0.0 ], [ 98.44961519900005, 3.529653856000038, 0.0 ], [ 98.449672496000076, 3.530096918000027, 0.0 ], [ 98.450055737000071, 3.530906152000057, 0.0 ], [ 98.450362349000045, 3.531522720000055, 0.0 ], [ 98.450483169000051, 3.532096225000032, 0.0 ], [ 98.45049627700007, 3.532158448000076, 0.0 ], [ 98.450438232000081, 3.532986683000047, 0.0 ], [ 98.450226846000078, 3.533564420000061, 0.0 ], [ 98.450077988000032, 3.533872195000072, 0.0 ], [ 98.449919497000053, 3.53419988500002, 0.0 ], [ 98.449785035000062, 3.534319162000031, 0.0 ], [ 98.449420400000079, 3.534642615000053, 0.0 ], [ 98.448863826000036, 3.534950478000041, 0.0 ], [ 98.448134611000057, 3.535200449000058, 0.0 ], [ 98.447465961000034, 3.535479962000067, 0.0 ], [ 98.44717247300008, 3.535602647000076, 0.0 ], [ 98.446039975000076, 3.536488023000061, 0.0 ], [ 98.445790330000079, 3.536873115000049, 0.0 ], [ 98.445700207000073, 3.53728813400005, 0.0 ], [ 98.445694137000032, 3.537316085000043, 0.0 ], [ 98.445764643000089, 3.537611802000072, 0.0 ], [ 98.445808967000062, 3.537797704000071, 0.0 ], [ 98.445822471000056, 3.537839641000062, 0.0 ], [ 98.445903370000053, 3.538090878000048, 0.0 ], [ 98.445972779000044, 3.538306430000034, 0.0 ], [ 98.446031388000051, 3.538488446000031, 0.0 ], [ 98.446138201000053, 3.538701182000067, 0.0 ], [ 98.446231234000038, 3.538886472000058, 0.0 ], [ 98.446275637000042, 3.538974907000068, 0.0 ], [ 98.446355586000038, 3.539134138000065, 0.0 ], [ 98.446621454000081, 3.539663656000073, 0.0 ], [ 98.446720373000062, 3.539924484000039, 0.0 ], [ 98.446744089000049, 3.539987017000044, 0.0 ], [ 98.446805245000064, 3.540148272000067, 0.0 ], [ 98.446881761000057, 3.540533559000039, 0.0 ], [ 98.446824008000078, 3.540860980000047, 0.0 ], [ 98.446651036000048, 3.541361690000031, 0.0 ], [ 98.446305332000065, 3.541958606000037, 0.0 ], [ 98.446139368000047, 3.542208767000034, 0.0 ], [ 98.445886791000078, 3.542589480000061, 0.0 ], [ 98.44574625100006, 3.542801318000045, 0.0 ], [ 98.445574385000043, 3.543231935000051, 0.0 ], [ 98.445400384000052, 3.543667903000028, 0.0 ], [ 98.445267607000062, 3.544710304000034, 0.0 ], [ 98.445265451000068, 3.54472723400005, 0.0 ], [ 98.445274820000066, 3.545272237000062, 0.0 ], [ 98.445276879000062, 3.545392004000063, 0.0 ], [ 98.445283089000043, 3.545753297000033, 0.0 ], [ 98.445283994000093, 3.54580592000002, 0.0 ], [ 98.44530375800008, 3.546319733000076, 0.0 ], [ 98.445310604000042, 3.546497713000065, 0.0 ], [ 98.445318363000069, 3.546699433000072, 0.0 ], [ 98.445319406000067, 3.546726557000056, 0.0 ], [ 98.445321781000075, 3.546788307000042, 0.0 ], [ 98.445411321000051, 3.547163855000064, 0.0 ], [ 98.445445360000065, 3.547306623000054, 0.0 ], [ 98.445456942000078, 3.547355202000062, 0.0 ], [ 98.445551441000077, 3.547751547000075, 0.0 ], [ 98.445612324000081, 3.547996666000074, 0.0 ], [ 98.445761985000047, 3.548599205000073, 0.0 ], [ 98.445772440000042, 3.548758077000059, 0.0 ], [ 98.445819027000084, 3.549466032000054, 0.0 ], [ 98.445839190000072, 3.549584541000058, 0.0 ], [ 98.445846582000073, 3.549627990000033, 0.0 ], [ 98.445859950000056, 3.54970656100005, 0.0 ], [ 98.445870834000061, 3.549770533000071, 0.0 ], [ 98.445872275000056, 3.549779003000026, 0.0 ], [ 98.445911975000072, 3.55001233400003, 0.0 ], [ 98.445933743000069, 3.550140272000021, 0.0 ], [ 98.446088671000041, 3.550660491000031, 0.0 ], [ 98.446210122000082, 3.551068299000065, 0.0 ], [ 98.44626370900005, 3.55124823400007, 0.0 ], [ 98.446359205000078, 3.551980249000052, 0.0 ], [ 98.446358769000099, 3.55271220800006, 0.0 ], [ 98.446358552000049, 3.553077043000029, 0.0 ], [ 98.446358287000066, 3.553521214000057, 0.0 ], [ 98.44628371500005, 3.553989993000072, 0.0 ], [ 98.446223477000046, 3.554368662000059, 0.0 ], [ 98.446201683000083, 3.55455794200003, 0.0 ], [ 98.44616280300005, 3.55489560500007, 0.0 ], [ 98.446146354000064, 3.555038463000074, 0.0 ], [ 98.446139038000069, 3.555106634000026, 0.0 ], [ 98.446139018000054, 3.555106816000034, 0.0 ], [ 98.446112465000056, 3.555354221000072, 0.0 ], [ 98.446088473000032, 3.555577765000066, 0.0 ], [ 98.446085366000034, 3.555687688000034, 0.0 ], [ 98.446081054000047, 3.555840247000049, 0.0 ], [ 98.446078515000067, 3.555930079000064, 0.0 ], [ 98.446072290000075, 3.556150289000072, 0.0 ], [ 98.446070242000076, 3.556222741000056, 0.0 ], [ 98.446068873000058, 3.55627118700005, 0.0 ], [ 98.446126168000035, 3.556714249000038, 0.0 ], [ 98.446221870000045, 3.557099547000064, 0.0 ], [ 98.446221686000058, 3.557407740000031, 0.0 ], [ 98.446144768000067, 3.557696624000072, 0.0 ], [ 98.445933567000054, 3.557946904000061, 0.0 ], [ 98.445415361000073, 3.558235522000075, 0.0 ], [ 98.445184997000069, 3.55844726500004, 0.0 ], [ 98.445108101000073, 3.558697626000026, 0.0 ], [ 98.445127195000055, 3.55885173300004, 0.0 ], [ 98.445683063000047, 3.559757385000069, 0.0 ], [ 98.445778844000074, 3.560007849000044, 0.0 ], [ 98.445932071000072, 3.560450969000044, 0.0 ], [ 98.445975133000047, 3.560574724000049, 0.0 ], [ 98.446066147000067, 3.560836291000044, 0.0 ], [ 98.446277026000075, 3.561125348000076, 0.0 ], [ 98.44641125000004, 3.561260263000065, 0.0 ], [ 98.446641454000087, 3.561318188000029, 0.0 ], [ 98.447044371000061, 3.561318431000075, 0.0 ], [ 98.447389739000073, 3.561299377000068, 0.0 ], [ 98.447773491000078, 3.561261084000023, 0.0 ], [ 98.44809973200006, 3.561145708000026, 0.0 ], [ 98.448464286000046, 3.561126665000074, 0.0 ], [ 98.448560207000071, 3.561145985000053, 0.0 ], [ 98.448713642000087, 3.561242388000039, 0.0 ], [ 98.44873272600006, 3.56141575700002, 0.0 ], [ 98.448617412000033, 3.561743143000057, 0.0 ], [ 98.448329477000073, 3.561974115000055, 0.0 ], [ 98.447196574000031, 3.562470118000022, 0.0 ], [ 98.446563071000071, 3.563047597000037, 0.0 ], [ 98.446310109000081, 3.563572849000025, 0.0 ], [ 98.446294127000044, 3.563606034000031, 0.0 ], [ 98.44622591200006, 3.563896303000035, 0.0 ], [ 98.44614024200007, 3.564260850000039, 0.0 ], [ 98.446178247000049, 3.56487725900007, 0.0 ], [ 98.446197203000054, 3.56526251100007, 0.0 ], [ 98.446408106000035, 3.565513045000046, 0.0 ], [ 98.446633299000041, 3.565638822000039, 0.0 ], [ 98.447098594000067, 3.565898703000073, 0.0 ], [ 98.448345309000047, 3.566592887000069, 0.0 ], [ 98.448882293000054, 3.566997713000034, 0.0 ], [ 98.449131548000082, 3.56728679500003, 0.0 ], [ 98.449342176000073, 3.567999617000055, 0.0 ], [ 98.449456860000055, 3.568731643000034, 0.0 ], [ 98.449513714000034, 3.569050828000059, 0.0 ], [ 98.449630887000069, 3.569708647000027, 0.0 ], [ 98.449822365000045, 3.570363673000031, 0.0 ], [ 98.450148205000062, 3.570922468000049, 0.0 ], [ 98.450608482000064, 3.571269461000042, 0.0 ], [ 98.450608832000057, 3.571269537000034, 0.0 ], [ 98.45131829900005, 3.571423983000045, 0.0 ], [ 98.451970625000058, 3.571462898000049, 0.0 ], [ 98.452488666000079, 3.571463208000067, 0.0 ], [ 98.45306422200008, 3.571540601000038, 0.0 ], [ 98.453313594000065, 3.571637060000056, 0.0 ], [ 98.453524407000032, 3.572041689000059, 0.0 ], [ 98.453620125000043, 3.572407725000063, 0.0 ], [ 98.453619943000035, 3.572715919000075, 0.0 ], [ 98.453543036000042, 3.572985541000036, 0.0 ], [ 98.453312682000046, 3.573178024000071, 0.0 ], [ 98.45275616300006, 3.573351050000041, 0.0 ], [ 98.451815885000087, 3.573562370000047, 0.0 ], [ 98.451297648000036, 3.573889515000076, 0.0 ], [ 98.451084536000053, 3.574113382000064, 0.0 ], [ 98.450894472000073, 3.574313037000024, 0.0 ], [ 98.450817439000048, 3.574794543000052, 0.0 ], [ 98.450874449000082, 3.575719155000058, 0.0 ], [ 98.450917670000081, 3.576375526000049, 0.0 ], [ 98.451849243000083, 3.576992830000052, 0.0 ], [ 98.452441302000068, 3.577385156000048, 0.0 ], [ 98.452660711000078, 3.577564455000072, 0.0 ], [ 98.452926217000083, 3.577781426000057, 0.0 ], [ 98.453693532000045, 3.578051554000069, 0.0 ], [ 98.454011252000043, 3.578083642000024, 0.0 ], [ 98.454269104000048, 3.578109684000026, 0.0 ], [ 98.45504683200005, 3.57785934900005, 0.0 ], [ 98.455315618000057, 3.577570579000052, 0.0 ], [ 98.455469318000041, 3.577223953000043, 0.0 ], [ 98.455527163000056, 3.576742436000074, 0.0 ], [ 98.455623495000054, 3.576068320000047, 0.0 ], [ 98.455796427000053, 3.575644659000033, 0.0 ], [ 98.456199440000034, 3.575490801000058, 0.0 ], [ 98.456621561000077, 3.575471790000051, 0.0 ], [ 98.456621609000081, 3.575471800000059, 0.0 ], [ 98.456735120000076, 3.575495180000074, 0.0 ], [ 98.456851671000038, 3.575519186000065, 0.0 ], [ 98.456960902000048, 3.57554168400003, 0.0 ], [ 98.457097795000038, 3.575569879000057, 0.0 ], [ 98.457255737000082, 3.575602410000045, 0.0 ], [ 98.457346908000034, 3.575621188000071, 0.0 ], [ 98.457418125000061, 3.575635856000075, 0.0 ], [ 98.457434674000069, 3.575639265000063, 0.0 ], [ 98.457441209000081, 3.575640611000039, 0.0 ], [ 98.457454788000064, 3.575643408000075, 0.0 ], [ 98.457465680000041, 3.575645651000058, 0.0 ], [ 98.457830116000082, 3.575838487000055, 0.0 ], [ 98.45807929700004, 3.576262400000076, 0.0 ], [ 98.458100795000064, 3.576394573000073, 0.0 ], [ 98.458188475000043, 3.576933649000068, 0.0 ], [ 98.458188079000081, 3.577607822000062, 0.0 ], [ 98.45813011100006, 3.578301222000049, 0.0 ], [ 98.457995451000045, 3.578898267000056, 0.0 ], [ 98.45770722900005, 3.579610792000039, 0.0 ], [ 98.457476861000032, 3.57982253900002, 0.0 ], [ 98.456824415000085, 3.579976247000048, 0.0 ], [ 98.455999195000061, 3.580283950000023, 0.0 ], [ 98.455576810000082, 3.580745987000057, 0.0 ], [ 98.455426865000049, 3.581446442000071, 0.0 ], [ 98.455403649000075, 3.581554891000052, 0.0 ], [ 98.455479988000036, 3.582248371000048, 0.0 ], [ 98.455786730000057, 3.582672320000028, 0.0 ], [ 98.456189530000074, 3.582884442000022, 0.0 ], [ 98.45672666300004, 3.583058121000021, 0.0 ], [ 98.457877893000045, 3.58303954400003, 0.0 ], [ 98.458568614000058, 3.583059216000037, 0.0 ], [ 98.458856408000031, 3.583078648000025, 0.0 ], [ 98.458952253000064, 3.583232802000055, 0.0 ], [ 98.459048093000035, 3.583630600000048, 0.0 ], [ 98.459034877000079, 3.583957456000064, 0.0 ], [ 98.459031785000036, 3.58403392400004, 0.0 ], [ 98.459030212000073, 3.584072833000051, 0.0 ], [ 98.459028623000052, 3.584112141000048, 0.0 ], [ 98.459143530000063, 3.584478189000037, 0.0 ], [ 98.459277648000068, 3.584805723000045, 0.0 ], [ 98.459472641000048, 3.585010232000058, 0.0 ], [ 98.459559880000086, 3.58510172900003, 0.0 ], [ 98.459718677000069, 3.585268275000032, 0.0 ], [ 98.459888253000031, 3.585438715000067, 0.0 ], [ 98.459917214000086, 3.585467824000034, 0.0 ], [ 98.460025488000042, 3.585576650000063, 0.0 ], [ 98.46010207900008, 3.585846364000076, 0.0 ], [ 98.460101909000059, 3.586135295000076, 0.0 ], [ 98.460087231000045, 3.58622338400005, 0.0 ], [ 98.460044144000051, 3.58648197900004, 0.0 ], [ 98.459775232000084, 3.586982633000048, 0.0 ], [ 98.459314345000053, 3.587656533000029, 0.0 ], [ 98.458930389000045, 3.588022285000021, 0.0 ], [ 98.458488871000043, 3.588388002000046, 0.0 ], [ 98.45820083600006, 3.588773072000038, 0.0 ], [ 98.457912565000072, 3.589562645000058, 0.0 ], [ 98.458040742000037, 3.589837960000067, 0.0 ], [ 98.45815415900006, 3.590081571000042, 0.0 ], [ 98.458989773000042, 3.591201374000035, 0.0 ], [ 98.459265451000093, 3.591547714000058, 0.0 ], [ 98.459800102000031, 3.592219407000071, 0.0 ], [ 98.459900945000072, 3.593109827000034, 0.0 ], [ 98.459860149000065, 3.593745504000025, 0.0 ], [ 98.459824217000062, 3.594305404000067, 0.0 ], [ 98.459925254000041, 3.59486511700004, 0.0 ], [ 98.460203774000036, 3.595272304000047, 0.0 ], [ 98.46039969900005, 3.595307131000026, 0.0 ], [ 98.460634539000068, 3.59534887600006, 0.0 ], [ 98.461318940000083, 3.59504401700002, 0.0 ], [ 98.462231615000064, 3.594408584000063, 0.0 ], [ 98.463169581000045, 3.593849485000021, 0.0 ], [ 98.463203750000048, 3.593576390000066, 0.0 ], [ 98.463245963000077, 3.593239, 0.0 ], [ 98.463105938000069, 3.592832161000046, 0.0 ], [ 98.463018274000035, 3.592577456000071, 0.0 ], [ 98.463018587000079, 3.592043240000065, 0.0 ], [ 98.463196157000098, 3.591738080000027, 0.0 ], [ 98.463372148000076, 3.591602348000037, 0.0 ], [ 98.463525747000062, 3.591483886000049, 0.0 ], [ 98.464057936000074, 3.591458760000024, 0.0 ], [ 98.464412566000078, 3.591713357000059, 0.0 ], [ 98.465248337000062, 3.592578769000056, 0.0 ], [ 98.465443326000084, 3.59269458700004, 0.0 ], [ 98.465488296000046, 3.592662670000038, 0.0 ], [ 98.466627590000087, 3.592488042000071, 0.0 ], [ 98.467586440000048, 3.592330347000029, 0.0 ], [ 98.467596742000069, 3.592278748000069, 0.0 ], [ 98.468346630000042, 3.59227574600004, 0.0 ], [ 98.468750742000054, 3.592165892000026, 0.0 ], [ 98.468764321000037, 3.592368880000038, 0.0 ], [ 98.469014294000033, 3.592348383000057, 0.0 ], [ 98.469087470000048, 3.59219009100002, 0.0 ], [ 98.469124004000037, 3.592111063000061, 0.0 ], [ 98.46944929600005, 3.592111253000041, 0.0 ], [ 98.470257632000084, 3.591695441000069, 0.0 ], [ 98.470566013000052, 3.591466086000025, 0.0 ], [ 98.470844769000053, 3.591388461000065, 0.0 ], [ 98.471030567000071, 3.591404127000032, 0.0 ], [ 98.471231882000041, 3.591365350000046, 0.0 ], [ 98.471440915000073, 3.591365472000064, 0.0 ], [ 98.471889974000078, 3.591326839000033, 0.0 ], [ 98.472021776000076, 3.591000211000051, 0.0 ], [ 98.472261862000039, 3.590852556000073, 0.0 ], [ 98.472370241000078, 3.590868176000071, 0.0 ], [ 98.47244743400006, 3.591264933000047, 0.0 ], [ 98.472532547000071, 3.591350547000046, 0.0 ], [ 98.47272604300008, 3.591444003000048, 0.0 ], [ 98.4728963620001, 3.591451881000068, 0.0 ], [ 98.473159564000071, 3.59149870500005, 0.0 ], [ 98.473446030000048, 3.59147553500003, 0.0 ], [ 98.473840886000076, 3.591452427000035, 0.0 ], [ 98.474251248000087, 3.591390435000051, 0.0 ], [ 98.474227901000063, 3.591600446000029, 0.0 ], [ 98.47421214600007, 3.592074935000027, 0.0 ], [ 98.475179940000032, 3.591997708000065, 0.0 ], [ 98.476492677000067, 3.591939632000049, 0.0 ], [ 98.476475601000061, 3.591486809000059, 0.0 ], [ 98.476412812000049, 3.590657316000033, 0.0 ], [ 98.476336727000046, 3.589646347000041, 0.0 ], [ 98.477447917000063, 3.589681605000068, 0.0 ], [ 98.477516745000059, 3.589682260000075, 0.0 ], [ 98.477541703000043, 3.589578034000055, 0.0 ], [ 98.477865395000038, 3.589582390000031, 0.0 ], [ 98.47806875200007, 3.589561658000037, 0.0 ], [ 98.478457606000063, 3.589558542000019, 0.0 ], [ 98.478458753000041, 3.589724495000041, 0.0 ], [ 98.478487602000087, 3.590078928000026, 0.0 ], [ 98.478497198000071, 3.590252663000058, 0.0 ], [ 98.478506713000058, 3.590422635000037, 0.0 ], [ 98.478577777000055, 3.59184278500004, 0.0 ], [ 98.478629783000088, 3.592655261000062, 0.0 ], [ 98.478658512000038, 3.593104080000046, 0.0 ], [ 98.478691687000037, 3.593744352000045, 0.0 ], [ 98.478772294000066, 3.59523190300007, 0.0 ], [ 98.478800413000045, 3.596339122000074, 0.0 ], [ 98.478801417000057, 3.596339088000037, 0.0 ], [ 98.478936283000053, 3.596334604000049, 0.0 ], [ 98.480223444000046, 3.596291797000049, 0.0 ], [ 98.48088944400007, 3.596268108000061, 0.0 ], [ 98.481397331000039, 3.596244328000068, 0.0 ], [ 98.482789456000035, 3.596158256000023, 0.0 ], [ 98.483236053000041, 3.596130645000074, 0.0 ], [ 98.483903244000032, 3.59610133700005, 0.0 ], [ 98.484746533000077, 3.596053675000064, 0.0 ], [ 98.484871447000046, 3.596047673000044, 0.0 ], [ 98.485043601000086, 3.596039402000031, 0.0 ], [ 98.485121480000032, 3.596030048000046, 0.0 ], [ 98.485188297000036, 3.596022023000046, 0.0 ], [ 98.485191309000072, 3.596021661000066, 0.0 ], [ 98.485374163000074, 3.596102170000051, 0.0 ], [ 98.48558984500005, 3.595967502000065, 0.0 ], [ 98.485709715000041, 3.595808710000029, 0.0 ], [ 98.485973276000038, 3.595736650000049, 0.0 ], [ 98.48615056400007, 3.595717494000041, 0.0 ], [ 98.486251141000082, 3.595784946000037, 0.0 ], [ 98.486404431000039, 3.595842800000071, 0.0 ], [ 98.486551489000092, 3.595909, 0.0 ], [ 98.486549626000055, 3.595951214000024, 0.0 ], [ 98.486538494000058, 3.596006550000026, 0.0 ], [ 98.486605478000058, 3.596175076000065, 0.0 ], [ 98.486528766000049, 3.596266497000045, 0.0 ], [ 98.486361123000052, 3.596174937000057, 0.0 ], [ 98.486226938000073, 3.59622781500002, 0.0 ], [ 98.486136004000059, 3.596049648000076, 0.0 ], [ 98.486059278000099, 3.596165139000051, 0.0 ], [ 98.485901194000064, 3.596116910000034, 0.0 ], [ 98.485838890000082, 3.596145759000024, 0.0 ], [ 98.485776539000085, 3.596261258000027, 0.0 ], [ 98.48578991100004, 3.596491610000043, 0.0 ], [ 98.485789865000072, 3.596576790000028, 0.0 ], [ 98.485749111000075, 3.596624040000052, 0.0 ], [ 98.485726213000078, 3.596696005000069, 0.0 ], [ 98.485721925000064, 3.596785441000066, 0.0 ], [ 98.485696444000041, 3.596870605000049, 0.0 ], [ 98.485700654000084, 3.596921715000065, 0.0 ], [ 98.485696378000057, 3.59698559900005, 0.0 ], [ 98.485658177000076, 3.59707927300002, 0.0 ], [ 98.48554366500008, 3.597185682000031, 0.0 ], [ 98.485467294000046, 3.597313408000047, 0.0 ], [ 98.485310353000045, 3.597492197000066, 0.0 ], [ 98.485390807000044, 3.597645564000061, 0.0 ], [ 98.485492479000072, 3.597756355000058, 0.0 ], [ 98.485572959000081, 3.597862875000033, 0.0 ], [ 98.485606787000052, 3.598011958000029, 0.0 ], [ 98.485682987000075, 3.598190877000036, 0.0 ], [ 98.485797363000074, 3.598322970000026, 0.0 ], [ 98.48586935600008, 3.598446521000028, 0.0 ], [ 98.485971026000072, 3.598561570000071, 0.0 ], [ 98.486131980000039, 3.598783128000036, 0.0 ], [ 98.486271832000057, 3.598842833000049, 0.0 ], [ 98.486462653000046, 3.598719430000074, 0.0 ], [ 98.486572810000041, 3.598817449000025, 0.0 ], [ 98.48658548800006, 3.598885599000028, 0.0 ], [ 98.486615137000058, 3.59892820600004, 0.0 ], [ 98.486665975000051, 3.598979342000064, 0.0 ], [ 98.486721084000067, 3.59897511400004, 0.0 ], [ 98.486810039000034, 3.599085897000065, 0.0 ], [ 98.486873590000073, 3.599145559000022, 0.0 ], [ 98.487017653000066, 3.599252114000024, 0.0 ], [ 98.487123497000084, 3.599482158000058, 0.0 ], [ 98.487253635000073, 3.599779530000036, 0.0 ], [ 98.487278148000087, 3.599869004000026, 0.0 ], [ 98.487279722000039, 3.599874746000068, 0.0 ], [ 98.487279754000042, 3.599874735000071, 0.0 ], [ 98.487281130000042, 3.599874275000048, 0.0 ], [ 98.487743427000055, 3.599719738000033, 0.0 ], [ 98.488271884000085, 3.599456438000062, 0.0 ], [ 98.488523528000087, 3.599333808000039, 0.0 ], [ 98.489260482000077, 3.598980351000022, 0.0 ], [ 98.48982955200006, 3.598714640000026, 0.0 ], [ 98.489829524000072, 3.598714780000023, 0.0 ], [ 98.489803666000057, 3.598841618000051, 0.0 ], [ 98.489558187000071, 3.600045743000067, 0.0 ], [ 98.489385205000076, 3.600894215000038, 0.0 ], [ 98.48931675700004, 3.601186662000033, 0.0 ], [ 98.489169007000044, 3.601901544000043, 0.0 ], [ 98.489675763000037, 3.601883774000043, 0.0 ], [ 98.489815930000077, 3.601880242000051, 0.0 ], [ 98.489916555000036, 3.601891131000059, 0.0 ], [ 98.490099845000032, 3.60189484600005, 0.0 ], [ 98.490132312000071, 3.602292786000019, 0.0 ], [ 98.489858378000065, 3.602292632000059, 0.0 ], [ 98.489690013000086, 3.602111271000069, 0.0 ], [ 98.489621721000049, 3.60212206500006, 0.0 ], [ 98.489567650000083, 3.602414520000026, 0.0 ], [ 98.489564568000048, 3.602583003000064, 0.0 ], [ 98.489968246000046, 3.602830946000041, 0.0 ], [ 98.490443963000075, 3.603023221000057, 0.0 ], [ 98.490591189000043, 3.603061448000061, 0.0 ], [ 98.490838498000087, 3.603218091000031, 0.0 ], [ 98.491021708000076, 3.603301048000049, 0.0 ], [ 98.49142478400006, 3.603457778000062, 0.0 ], [ 98.491534855000054, 3.603246099000044, 0.0 ], [ 98.491498347000075, 3.602988309000067, 0.0 ], [ 98.491416056000048, 3.602675257000044, 0.0 ], [ 98.491498643000057, 3.602454356000066, 0.0 ] ] ] ] } }
]
}
