{
"type": "FeatureCollection",
"name": "buffer_0_1km",
"crs": { "type": "name", "properties": { "name": "urn:ogc:def:crs:OGC:1.3:CRS84" } },
"features": [
{ "type": "Feature", "properties": { "Jarak (Km)": "1" }, "geometry": { "type": "MultiPolygon", "coordinates": [ [ [ [ 98.511935621000077, 3.63545754100005 ], [ 98.511932157000047, 3.634751445000063 ], [ 98.511938786000087, 3.63462630400005 ], [ 98.512089999000068, 3.631771707000041 ], [ 98.512479807428562, 3.63176723043818 ], [ 98.512480455745077, 3.631757445941674 ], [ 98.512481231477224, 3.631666872273849 ], [ 98.512471501561009, 3.631576292917022 ], [ 98.512437697678422, 3.631495054234176 ], [ 98.512431008554444, 3.631485696901369 ], [ 98.512399043057286, 3.631395105502985 ], [ 98.512379539768531, 3.631304520853348 ], [ 98.512347644597156, 3.631258805056606 ], [ 98.51230380481617, 3.631213905748222 ], [ 98.512257514313717, 3.631166496482381 ], [ 98.512215321303572, 3.631123283732497 ], [ 98.512167384048524, 3.631074187901422 ], [ 98.51212683780858, 3.631032661710282 ], [ 98.512077267118258, 3.630957072003718 ], [ 98.512067055959392, 3.630942055234299 ], [ 98.512077303216117, 3.630889825234986 ], [ 98.512085062162257, 3.630851490906756 ], [ 98.512106688362181, 3.63076092853947 ], [ 98.512109650884724, 3.630670356059634 ], [ 98.512132055702764, 3.630579794112287 ], [ 98.512131896504769, 3.630489219940491 ], [ 98.512147624057363, 3.630398654374348 ], [ 98.512163040006257, 3.630308088638546 ], [ 98.512167823063024, 3.630256137233712 ], [ 98.512171378560481, 3.630217519068538 ], [ 98.51216786148558, 3.63018453262027 ], [ 98.512161503204027, 3.630126939632956 ], [ 98.512167933953961, 3.630049475946763 ], [ 98.512169040492978, 3.630036369628423 ], [ 98.512167948463585, 3.630022434316412 ], [ 98.512161830517726, 3.629945791636345 ], [ 98.512168020368705, 3.629888421400274 ], [ 98.512171602257538, 3.629855222841382 ], [ 98.512181374004356, 3.629764654045874 ], [ 98.512191145262477, 3.629674085249553 ], [ 98.512175674860103, 3.629583502783729 ], [ 98.512183608383921, 3.629492932991762 ], [ 98.512168254352432, 3.629452300579907 ], [ 98.512146891323184, 3.629402339020242 ], [ 98.512157463594434, 3.629311770657274 ], [ 98.512148030874485, 3.629221191460945 ], [ 98.512160978960651, 3.629130624383781 ], [ 98.512147030404051, 3.629040042742071 ], [ 98.512102556212042, 3.628949444570472 ], [ 98.512078370948743, 3.628900176874773 ], [ 98.512058082027977, 3.628858846397697 ], [ 98.512013607851856, 3.628768248223749 ], [ 98.511988289830896, 3.6287166732099 ], [ 98.511969133522399, 3.628677650048536 ], [ 98.511924659318609, 3.628587051872213 ], [ 98.511898208745691, 3.628533169482471 ], [ 98.511880185166319, 3.628496453694738 ], [ 98.511852754979216, 3.628405864749324 ], [ 98.511898324691927, 3.628317103168244 ], [ 98.511899810504815, 3.628315316152312 ], [ 98.511975084424975, 3.628224782833754 ], [ 98.511988562442056, 3.628208572575509 ], [ 98.512050358338627, 3.628134249506699 ], [ 98.512078800170258, 3.628100041739174 ], [ 98.51212563197879, 3.628043716171006 ], [ 98.512169037876333, 3.627991511006314 ], [ 98.51220090596226, 3.627953182827007 ], [ 98.512172150783684, 3.627862593170974 ], [ 98.512169108543375, 3.627859731368244 ], [ 98.51207897453709, 3.627774944314339 ], [ 98.512075809387284, 3.627771966927351 ], [ 98.511988840547758, 3.627690157236725 ], [ 98.511979762903664, 3.627681340835525 ], [ 98.51189870976738, 3.627599420459148 ], [ 98.511890194765328, 3.627590718244296 ], [ 98.51180857974245, 3.627507309313492 ], [ 98.511801521697805, 3.627500096131204 ], [ 98.51171844973598, 3.627415197695256 ], [ 98.51171284919063, 3.627409474011899 ], [ 98.511628319747743, 3.627323086026194 ], [ 98.511624176701091, 3.627318851886083 ], [ 98.511538672930939, 3.627228231470871 ], [ 98.511538191512713, 3.627227742491018 ], [ 98.511450433175497, 3.627137609566824 ], [ 98.511448061879207, 3.627135038474815 ], [ 98.511366856182761, 3.62704699018384 ], [ 98.511357934803115, 3.627037606238301 ], [ 98.511281566422426, 3.626956369866618 ], [ 98.511267807231008, 3.626941133095346 ], [ 98.511199518077916, 3.626865751301001 ], [ 98.511177681457625, 3.626841346759508 ], [ 98.51108750100515, 3.626843368389104 ], [ 98.511062562823071, 3.626865677031101 ], [ 98.510997285445086, 3.626910722023688 ], [ 98.510907112021869, 3.626899656581379 ], [ 98.510816943113113, 3.62688019975664 ], [ 98.510748852765204, 3.626865506829866 ], [ 98.510726774209544, 3.626860742591002 ], [ 98.510636605310808, 3.626841285749257 ], [ 98.510546440028577, 3.626815114468843 ], [ 98.510467569578523, 3.626774780058248 ], [ 98.510456284472113, 3.626770876074804 ], [ 98.510437602233367, 3.626774763785011 ], [ 98.510366095024054, 3.626789644187567 ], [ 98.510275905573522, 3.62680841213156 ], [ 98.51018571612039, 3.626827180130737 ], [ 98.510095526664685, 3.626845948161087 ], [ 98.510005337206522, 3.626864716035753 ], [ 98.510003482482333, 3.626865101996517 ], [ 98.509915147745673, 3.62688348410083 ], [ 98.509824958711761, 3.62690145487774 ], [ 98.509734794677087, 3.626873020970621 ], [ 98.509644600356509, 3.626900802191289 ], [ 98.509554438861684, 3.626867670941039 ], [ 98.509545783765276, 3.626864853100973 ], [ 98.509464275287016, 3.626838412100025 ], [ 98.509374115321691, 3.626802471601674 ], [ 98.509303589343475, 3.626774147247351 ], [ 98.509283955512757, 3.626766256200292 ], [ 98.509193795760893, 3.626729950153723 ], [ 98.509103636542989, 3.626692669509949 ], [ 98.509081523071586, 3.626683452295834 ], [ 98.509013477494761, 3.626655089912728 ], [ 98.508923318454961, 3.62661751037035 ], [ 98.508863937820053, 3.626592759736568 ], [ 98.508833159419126, 3.626579939164165 ], [ 98.508743000089638, 3.626542927589947 ], [ 98.50865284217187, 3.626503316723885 ], [ 98.508650052679116, 3.626502069147034 ], [ 98.508562684627378, 3.626463030947673 ], [ 98.508472527098775, 3.626422732318572 ], [ 98.508447101466217, 3.626411384473645 ], [ 98.508382369535369, 3.626382514714771 ], [ 98.508292212027428, 3.626342211032574 ], [ 98.508243991761049, 3.626320699673444 ], [ 98.508202054490226, 3.626301978062032 ], [ 98.508111896975393, 3.626261720251037 ], [ 98.508040972147029, 3.626230014881971 ], [ 98.508021739492733, 3.626221419483161 ], [ 98.507931581948995, 3.626181248264854 ], [ 98.507841424477746, 3.62614095952351 ], [ 98.507837767605537, 3.626139329949168 ], [ 98.507751266971738, 3.626100751591751 ], [ 98.507661109469922, 3.626060552457994 ], [ 98.507634460871643, 3.626048644920099 ], [ 98.507570952011903, 3.626020288929537 ], [ 98.507480794462722, 3.625980210402763 ], [ 98.507430935081246, 3.625957959730863 ], [ 98.507390636994273, 3.625939999157602 ], [ 98.507300479459175, 3.625899927593358 ], [ 98.507226991917221, 3.625867274272952 ], [ 98.507210325225699, 3.625853774096665 ], [ 98.507120184039707, 3.625783543326373 ], [ 98.507110967311306, 3.625776636833921 ], [ 98.50707280891028, 3.625686041949383 ], [ 98.507034611525967, 3.625595447042774 ], [ 98.507030112470034, 3.625584791387542 ], [ 98.50699642439389, 3.62550485214101 ], [ 98.506940010719291, 3.625441826765326 ], [ 98.506849836426497, 3.625432822703528 ], [ 98.506759657268688, 3.625432803115758 ], [ 98.506669478112286, 3.625432783194549 ], [ 98.506579298956893, 3.625432763672726 ], [ 98.50648911980295, 3.625432743733485 ], [ 98.506398940650186, 3.625432723869872 ], [ 98.506308756388918, 3.625442126001638 ], [ 98.506253848728278, 3.625504445887173 ], [ 98.506218497163147, 3.625589727567472 ], [ 98.506216311853052, 3.625594999350453 ], [ 98.506178774758098, 3.625685552810848 ], [ 98.506141237654674, 3.625776106268475 ], [ 98.50612819933697, 3.62580841513885 ], [ 98.506104666399395, 3.625866660252351 ], [ 98.506069543511515, 3.625957215026944 ], [ 98.506037895037053, 3.626038940457014 ], [ 98.506034493456198, 3.626047769838934 ], [ 98.505999707034078, 3.626138324792865 ], [ 98.506006436179987, 3.626228902490931 ], [ 98.506033518391945, 3.626319491339929 ], [ 98.506012821209168, 3.62641005401149 ], [ 98.505985265159154, 3.626500612923562 ], [ 98.50596154786767, 3.626591173937459 ], [ 98.505947386684412, 3.626645246336284 ], [ 98.505937830570318, 3.626681734949902 ], [ 98.505914113267096, 3.626772295960893 ], [ 98.505890395958019, 3.626862856970429 ], [ 98.505866678328118, 3.626953417978341 ], [ 98.505857020037467, 3.626990296561053 ], [ 98.505842960969616, 3.627043978984951 ], [ 98.505819243642947, 3.62713453999013 ], [ 98.505795526310422, 3.627225100993853 ], [ 98.505771808972028, 3.627315661996126 ], [ 98.50576665330469, 3.627335348114302 ], [ 98.505745068834486, 3.627406221339402 ], [ 98.505681230507122, 3.627496760335841 ], [ 98.50567638350735, 3.627501836064741 ], [ 98.505594782839935, 3.627587286923921 ], [ 98.505586152801953, 3.627596324154386 ], [ 98.505508335596474, 3.627677813501407 ], [ 98.505495922077444, 3.627690812721829 ], [ 98.50542188694763, 3.627768340067295 ], [ 98.505405691334872, 3.627785299833667 ], [ 98.5053354396467, 3.627858866623095 ], [ 98.505315460572604, 3.627879788484611 ], [ 98.505248992426345, 3.62794939316811 ], [ 98.505225226257664, 3.627980774386834 ], [ 98.505179641598119, 3.628039929089609 ], [ 98.505225169640013, 3.628084869851063 ], [ 98.505271450275742, 3.628130553492066 ], [ 98.505315300668002, 3.628173838232517 ], [ 98.505363259266957, 3.628221177887666 ], [ 98.505405431713811, 3.628262806311395 ], [ 98.505455067380424, 3.62831180227575 ], [ 98.505495562776687, 3.628351775522265 ], [ 98.505546875863743, 3.628402426657008 ], [ 98.50558569385781, 3.628440743652082 ], [ 98.505620333564934, 3.628493040963242 ], [ 98.505650288668122, 3.628583631399463 ], [ 98.505675753558549, 3.628661081309867 ], [ 98.505680074041805, 3.628674221742207 ], [ 98.50570985916093, 3.62876481208446 ], [ 98.505739644389905, 3.628855402426419 ], [ 98.505745923201047, 3.628945979873182 ], [ 98.505764830034792, 3.629036564247367 ], [ 98.505765727026287, 3.62904016616896 ], [ 98.505786766845844, 3.629127150283625 ], [ 98.505803506476028, 3.629217733468832 ], [ 98.505820129546635, 3.629308316590066 ], [ 98.505835776177733, 3.62939889917564 ], [ 98.505855689925568, 3.629438799913924 ], [ 98.505881008455205, 3.629489497989745 ], [ 98.505926251799536, 3.6295800968087 ], [ 98.505945771550898, 3.629619035325352 ], [ 98.505971686788087, 3.629670695731538 ], [ 98.506017062377737, 3.629761294620569 ], [ 98.506035853569031, 3.629798606748575 ], [ 98.506062710413531, 3.629851893657768 ], [ 98.506108207083415, 3.629942492610717 ], [ 98.506125935990013, 3.629977495441041 ], [ 98.506154117540902, 3.630033091789303 ], [ 98.506199687325193, 3.630123690779841 ], [ 98.506216018786915, 3.63015575071384 ], [ 98.506245863090214, 3.630214290101342 ], [ 98.506291501938122, 3.630304889127226 ], [ 98.506306101952916, 3.630333384907301 ], [ 98.506337947456217, 3.630395488594026 ], [ 98.50638365050628, 3.630486087652566 ], [ 98.506396185480952, 3.63051041069878 ], [ 98.506430370299114, 3.630576687267092 ], [ 98.50647207967944, 3.63066728413443 ], [ 98.506472960698488, 3.630757858625941 ], [ 98.506473656044889, 3.630848433015537 ], [ 98.506474351617115, 3.630939007405093 ], [ 98.506475047155718, 3.631029581794468 ], [ 98.50647574249227, 3.631120156183573 ], [ 98.506476438061242, 3.631210730572641 ], [ 98.506485970689937, 3.631236931572079 ], [ 98.506533435372944, 3.631301335820003 ], [ 98.506576092469388, 3.631343692074538 ], [ 98.506624719350853, 3.631391959853894 ], [ 98.506666223670237, 3.631433134590347 ], [ 98.506716101920802, 3.631482583934849 ], [ 98.506756355005024, 3.631522363060434 ], [ 98.50680779763448, 3.631573208180371 ], [ 98.506846486827143, 3.631610726139 ], [ 98.506901251650007, 3.6316638333819 ], [ 98.50688250194726, 3.631754397124662 ], [ 98.506846380825095, 3.631806060535141 ], [ 98.506819192510562, 3.63184493645658 ], [ 98.506756130979809, 3.631935105821188 ], [ 98.506755872538818, 3.631935475776373 ], [ 98.506692650111376, 3.632026015143265 ], [ 98.506665880987285, 3.632064372797885 ], [ 98.506629417307209, 3.632116554498129 ], [ 98.506575631033712, 3.632193518390143 ], [ 98.506566162356521, 3.632207093834511 ], [ 98.506503046407985, 3.632297633240757 ], [ 98.506485380876285, 3.632322989739309 ], [ 98.506439873254251, 3.632388172609313 ], [ 98.50639513080506, 3.632452252693767 ], [ 98.506376703535167, 3.632478711973421 ], [ 98.506313687451922, 3.632569251415464 ], [ 98.506304880491555, 3.63258191189165 ], [ 98.506250554765671, 3.632659790787235 ], [ 98.506214630306999, 3.632711284093653 ], [ 98.506187479487679, 3.63275033018418 ], [ 98.506124566330215, 3.632840869663766 ], [ 98.506124379833494, 3.632841138189407 ], [ 98.506061458921366, 3.632931409030454 ], [ 98.506034129539557, 3.632970612174052 ], [ 98.505998490507423, 3.633021948467114 ], [ 98.50594387890105, 3.633100670068881 ], [ 98.505935638134147, 3.63311248796118 ], [ 98.505872504450721, 3.633203027294503 ], [ 98.505853628578762, 3.633230096734664 ], [ 98.505809387403801, 3.633293566630635 ], [ 98.505763378187595, 3.63335960040547 ], [ 98.505746416486431, 3.633384106040701 ], [ 98.505683758321013, 3.633474645616268 ], [ 98.505673127276651, 3.633490009452282 ], [ 98.505620822282665, 3.633565185032919 ], [ 98.505582876705816, 3.633619743673703 ], [ 98.50555798675542, 3.633655724498504 ], [ 98.505495366719657, 3.633746264076237 ], [ 98.505492625699645, 3.633750227729657 ], [ 98.505432493760921, 3.633836803508705 ], [ 98.505402374953675, 3.633880183951004 ], [ 98.505369773010017, 3.633927343018558 ], [ 98.505312123848327, 3.634010750106019 ], [ 98.505307177011616, 3.634017882590745 ], [ 98.505244398592936, 3.634108422056375 ], [ 98.505221872931514, 3.634140920138857 ], [ 98.505181840397924, 3.634198961636853 ], [ 98.505131621620677, 3.634271763356311 ], [ 98.505119402793525, 3.63428950127743 ], [ 98.505057024649986, 3.634380040944504 ], [ 98.505041370199422, 3.634402758971627 ], [ 98.504994571001674, 3.634470580563824 ], [ 98.504951118865108, 3.634533544885866 ], [ 98.504932108510062, 3.634561120172059 ], [ 98.504869679627745, 3.634651659792571 ], [ 98.504860867444876, 3.634664438199815 ], [ 98.504807185679539, 3.634742199371046 ], [ 98.504770616087569, 3.634795165993006 ], [ 98.504744693112897, 3.634832738944058 ], [ 98.504682215113945, 3.634923278518863 ], [ 98.504680364666967, 3.63492595974348 ], [ 98.504619683944384, 3.635013818058159 ], [ 98.504590113287776, 3.635056627470535 ], [ 98.504557156960402, 3.635104357593525 ], [ 98.504499861866393, 3.635187322482433 ], [ 98.504494628811116, 3.635194897122016 ], [ 98.504432070315389, 3.635285436627551 ], [ 98.504499779376474, 3.635338461837249 ], [ 98.504546597096081, 3.635376073697046 ], [ 98.504589931140814, 3.635390424455013 ], [ 98.504680094976536, 3.635420283100821 ], [ 98.504770258819306, 3.635450141738383 ], [ 98.504820556350722, 3.635466798550838 ], [ 98.504860422668813, 3.635480000875951 ], [ 98.504950586525354, 3.635509859972584 ], [ 98.505040750388844, 3.635539719204081 ], [ 98.505094512438362, 3.635557523326729 ], [ 98.505130914259425, 3.635569578342823 ], [ 98.505221078137069, 3.635599437391061 ], [ 98.505311242021648, 3.635629296595571 ], [ 98.505368468590859, 3.635648248026496 ], [ 98.505401405913318, 3.635659155688167 ], [ 98.50549156981198, 3.635689014815333 ], [ 98.505581733717889, 3.635718873556736 ], [ 98.505642426973296, 3.635738972651323 ], [ 98.505671897630918, 3.635748732092687 ], [ 98.505762061550854, 3.63577859083675 ], [ 98.505852225477724, 3.635808449731468 ], [ 98.505916385016377, 3.635829697199791 ], [ 98.505942389411445, 3.635838308974042 ], [ 98.506032553352284, 3.635868168030317 ], [ 98.506122717300045, 3.635898027256397 ], [ 98.506190341477463, 3.635920421671209 ], [ 98.506212881255124, 3.635927885940067 ], [ 98.506303045217138, 3.635957744793544 ], [ 98.506393209185973, 3.635987603994879 ], [ 98.506464297734027, 3.63601114606633 ], [ 98.506483373161842, 3.636017463187964 ], [ 98.50657353714486, 3.63604732212375 ], [ 98.506663701134997, 3.63607718088563 ], [ 98.506738254728788, 3.636101870385665 ], [ 98.506753865131955, 3.636107040005513 ], [ 98.506844029136019, 3.636136898987547 ], [ 98.50693418826998, 3.636175735778026 ], [ 98.506946873261626, 3.636192558803897 ], [ 98.506998102533188, 3.636283160897985 ], [ 98.507024285007247, 3.636329466332886 ], [ 98.507049331661108, 3.636373762990285 ], [ 98.507100560798435, 3.636464365080882 ], [ 98.507114378728104, 3.636488802992987 ], [ 98.507151789945155, 3.636554967169777 ], [ 98.507203019251847, 3.636645569257051 ], [ 98.507204472478179, 3.636648139377507 ], [ 98.507254248419827, 3.636736171342541 ], [ 98.507294566257187, 3.636807476027071 ], [ 98.507305477594755, 3.636826773426324 ], [ 98.507356706779078, 3.636917375508406 ], [ 98.507384660065256, 3.636966812671365 ], [ 98.507407936012342, 3.637007977588803 ], [ 98.507459165302478, 3.637098579667524 ], [ 98.507474753902571, 3.637126149040077 ], [ 98.507510394541498, 3.637189181744506 ], [ 98.507561623768893, 3.637279783819773 ], [ 98.507564847768819, 3.637285485673829 ], [ 98.50761285307631, 3.637370385893371 ], [ 98.507654941664271, 3.637444822031997 ], [ 98.50766408238853, 3.637460987965265 ], [ 98.507715311588186, 3.637551590035384 ], [ 98.507745035588684, 3.637604158655201 ], [ 98.507766540898217, 3.637642192103853 ], [ 98.507817770320202, 3.637732794170673 ], [ 98.5078351295423, 3.637763495002817 ], [ 98.507868999598557, 3.637823396235704 ], [ 98.50792022888632, 3.637913998299026 ], [ 98.507925223524879, 3.637922831615469 ], [ 98.507971458183476, 3.638004600360643 ], [ 98.508015317536547, 3.638082168222844 ], [ 98.50802268750256, 3.638095202420561 ], [ 98.508073916959063, 3.63818580447884 ], [ 98.508105411577446, 3.638241504554625 ], [ 98.508125146284442, 3.638276406535336 ], [ 98.508176375619229, 3.638367008590126 ], [ 98.508195505647294, 3.63840084115144 ], [ 98.508227605017936, 3.638457610643237 ], [ 98.508278834458579, 3.638548212694656 ], [ 98.508285599746387, 3.638560177472661 ], [ 98.508330063833057, 3.638638814744329 ], [ 98.508375693874413, 3.63871951405891 ], [ 98.508381293205488, 3.638729416792285 ], [ 98.508432522587313, 3.638820018838534 ], [ 98.508465788031643, 3.638878850464351 ], [ 98.508483752131582, 3.638910620883158 ], [ 98.508534981496723, 3.639001222925968 ], [ 98.508555882217934, 3.639038186945246 ], [ 98.508586210942269, 3.639091824967108 ], [ 98.508637440376233, 3.639182427006529 ], [ 98.508645958002774, 3.63923154005416 ], [ 98.50865288767902, 3.639273009475817 ], [ 98.508645917890519, 3.639305572768514 ], [ 98.508633373815101, 3.639363572824376 ], [ 98.508645871344143, 3.639391478620378 ], [ 98.508696305962999, 3.639454181263288 ], [ 98.508735991225862, 3.639503519804047 ], [ 98.508769190886667, 3.639544795141623 ], [ 98.508826111129196, 3.639615560981429 ], [ 98.508842075824475, 3.639635409015846 ], [ 98.508914960508889, 3.639726022885809 ], [ 98.508916231053988, 3.639727602484784 ], [ 98.508987845474977, 3.639816636751804 ], [ 98.509006351000579, 3.639839643649587 ], [ 98.509060730455218, 3.639907250613684 ], [ 98.5090964709688, 3.639951684808099 ], [ 98.509133615449613, 3.63999786447145 ], [ 98.509186590958507, 3.640063726201819 ], [ 98.509206500249704, 3.640088478324985 ], [ 98.509276710969942, 3.640175767426316 ], [ 98.50927938521329, 3.640179092174487 ], [ 98.509352270250119, 3.640269706019903 ], [ 98.509366831003035, 3.64028780857814 ], [ 98.509425155301088, 3.640360319861202 ], [ 98.509456951057757, 3.640399849711481 ], [ 98.509498040366211, 3.640450933698386 ], [ 98.509547071133994, 3.640511891062042 ], [ 98.50957092517794, 3.640541547531305 ], [ 98.509637191231917, 3.640623932291534 ], [ 98.509643810271356, 3.640632161360251 ], [ 98.509716695378927, 3.640722775185079 ], [ 98.50972731135154, 3.640735973405986 ], [ 98.509789580500637, 3.640813389005786 ], [ 98.509817431492721, 3.640848014641103 ], [ 98.509862465368954, 3.640904002822229 ], [ 98.509907551655502, 3.640960055948256 ], [ 98.509935350518987, 3.640994616634698 ], [ 98.509997671840026, 3.641072097043812 ], [ 98.510008235683159, 3.641085230443047 ], [ 98.510081120861486, 3.641175844247274 ], [ 98.510087792046164, 3.64118413816348 ], [ 98.510154005786404, 3.641266458047234 ], [ 98.51017791227379, 3.641296179548283 ], [ 98.51022689099301, 3.64135707184322 ], [ 98.51026802304807, 3.641425755825825 ], [ 98.510358205074169, 3.641423493229152 ], [ 98.510429577094072, 3.641357182376522 ], [ 98.510448431142734, 3.641339693734378 ], [ 98.510527165739305, 3.641266661536972 ], [ 98.510538657172802, 3.641255934918572 ], [ 98.51062391519595, 3.641176140226658 ], [ 98.510628883540662, 3.641171519905381 ], [ 98.510719109705249, 3.641087450596785 ], [ 98.510721070608426, 3.641085619124319 ], [ 98.510809336301818, 3.641002550192645 ], [ 98.510817254042081, 3.640995097479193 ], [ 98.51089956279742, 3.640917805839598 ], [ 98.510913616303071, 3.640904575918384 ], [ 98.510989789452736, 3.640832734393899 ], [ 98.511009592873279, 3.640814054134446 ], [ 98.511080016236605, 3.640747393481089 ], [ 98.511105161201243, 3.640723532115246 ], [ 98.511170243021368, 3.64066201964845 ], [ 98.511200894042659, 3.64063301017266 ], [ 98.511260470109761, 3.640576051351256 ], [ 98.511295546322444, 3.640542487629129 ], [ 98.511350697185691, 3.640490074629612 ], [ 98.511390708081308, 3.640451965350061 ], [ 98.511440924400247, 3.640403809120202 ], [ 98.511485103279441, 3.640361442641231 ], [ 98.511531151668024, 3.640317413198021 ], [ 98.511579657403942, 3.640270920006182 ], [ 98.511621379029151, 3.64023081222079 ], [ 98.511673868242156, 3.64018039717182 ], [ 98.511711606406109, 3.640144150044893 ], [ 98.511768228472846, 3.640089874406063 ], [ 98.511801833698144, 3.640057613722278 ], [ 98.511862722637844, 3.639999351700457 ], [ 98.511892060864511, 3.639971279032225 ], [ 98.51195226287183, 3.63990882629064 ], [ 98.511957433165705, 3.639903434234264 ], [ 98.511935621000077, 3.63545754100005 ] ] ], [ [ [ 98.493857690919285, 3.636850025459197 ], [ 98.493881092341084, 3.636819316236912 ], [ 98.493947935971249, 3.636733594075896 ], [ 98.493951688167456, 3.636728782152709 ], [ 98.494022283574097, 3.636638248060577 ], [ 98.494038180609849, 3.636617861131631 ], [ 98.494092879284693, 3.636547713960923 ], [ 98.494128425224275, 3.636502128806215 ], [ 98.494163475067367, 3.636457179853621 ], [ 98.494218669814899, 3.636386396468216 ], [ 98.494234237030966, 3.636366645832103 ], [ 98.494305875121114, 3.636276112295604 ], [ 98.494308913493597, 3.636272258073947 ], [ 98.494378133568702, 3.636185579100053 ], [ 98.494399157157019, 3.636158105067332 ], [ 98.494447233652295, 3.636095044120811 ], [ 98.494489403306389, 3.636039446302437 ], [ 98.494515982420154, 3.636004508936668 ], [ 98.494579649571961, 3.635920534828791 ], [ 98.494584594886192, 3.635913973668568 ], [ 98.494652739482589, 3.63582343813022 ], [ 98.494669896378724, 3.63580060714559 ], [ 98.494748833900545, 3.635732918288098 ], [ 98.494760118841896, 3.635724372437677 ], [ 98.494850321996282, 3.635682809323257 ], [ 98.494940487980813, 3.6357080396787 ], [ 98.494973161617338, 3.635733044294033 ], [ 98.495030629599768, 3.635777080988225 ], [ 98.495091467618266, 3.635823684566567 ], [ 98.495120771186137, 3.635846206466719 ], [ 98.495210913388661, 3.635914249619415 ], [ 98.495211011720173, 3.635914325521651 ], [ 98.495301054253446, 3.635984723952112 ], [ 98.49532671264113, 3.636004964307093 ], [ 98.495391194783409, 3.636055826552969 ], [ 98.49544163040504, 3.636095602641243 ], [ 98.495481335356686, 3.636126877541217 ], [ 98.495520136215433, 3.636095646688578 ], [ 98.495571562981809, 3.636041317208841 ], [ 98.495602813775477, 3.636005119220549 ], [ 98.495661801126744, 3.635936793312701 ], [ 98.495680970446571, 3.635914589207045 ], [ 98.495752039250291, 3.635832269729055 ], [ 98.495759144528776, 3.635824059194157 ], [ 98.495837214440769, 3.635733529113724 ], [ 98.495842277407135, 3.63572764799941 ], [ 98.49591519152338, 3.635642998972128 ], [ 98.495932515609397, 3.6356229062689 ], [ 98.495993196279926, 3.635552468836936 ], [ 98.496022753774966, 3.635518192392974 ], [ 98.496071221807682, 3.635461938704268 ], [ 98.496112991904056, 3.635413505902191 ], [ 98.496149414453228, 3.635371408656106 ], [ 98.496203229923964, 3.635308977920143 ], [ 98.496227544996955, 3.635280878564011 ], [ 98.496293468298745, 3.635203772109584 ], [ 98.496304593292024, 3.635190347856704 ], [ 98.496354712523825, 3.635099802062044 ], [ 98.496383755373813, 3.635010731344991 ], [ 98.496384240103524, 3.635009244733989 ], [ 98.496413767278611, 3.634918687403737 ], [ 98.496473939619264, 3.634828147226359 ], [ 98.496474036687331, 3.634828002766676 ], [ 98.496538975294897, 3.634737609765062 ], [ 98.496564284607786, 3.634705430325351 ], [ 98.496609973194609, 3.634647075633519 ], [ 98.496654526366015, 3.634593928617157 ], [ 98.496686165274568, 3.634556544400357 ], [ 98.496744765747223, 3.634486674809305 ], [ 98.49676672709046, 3.634466015602849 ], [ 98.496834992878945, 3.634401488695935 ], [ 98.496865174290946, 3.63437549679862 ], [ 98.496925216419868, 3.634322754054627 ], [ 98.496967594067414, 3.634284980201942 ], [ 98.497015440395217, 3.634243207359366 ], [ 98.497071270724874, 3.6341944642932 ], [ 98.497105664651997, 3.634163124416668 ], [ 98.497170437932496, 3.634103945849194 ], [ 98.49719589026742, 3.634080559245536 ], [ 98.497268952241271, 3.634013427026512 ], [ 98.497286116053644, 3.63399765623722 ], [ 98.497367466530662, 3.633922908190123 ], [ 98.497376341823596, 3.633914753217405 ], [ 98.497465980800641, 3.63383238934003 ], [ 98.49746656758775, 3.633831831261899 ], [ 98.497556796823019, 3.633742605358401 ], [ 98.497557540217201, 3.633741866592664 ], [ 98.497585918195014, 3.633651308557727 ], [ 98.497569990333787, 3.633560725783403 ], [ 98.497618229005823, 3.633470178835056 ], [ 98.497647146992321, 3.633434689186511 ], [ 98.497691894807716, 3.633379646076318 ], [ 98.497737389324669, 3.633321668402081 ], [ 98.497762926313769, 3.633289111839121 ], [ 98.497827632472791, 3.633207130068957 ], [ 98.497835076548512, 3.633198578218432 ], [ 98.497913382234003, 3.633108048023987 ], [ 98.49791786993157, 3.633102842785772 ], [ 98.498001746135415, 3.633017523430886 ], [ 98.49800810045943, 3.633011059775048 ], [ 98.498090738666136, 3.632926999177061 ], [ 98.498098330969341, 3.632919276191794 ], [ 98.49817973163708, 3.632836474912042 ], [ 98.49818856146068, 3.632827493157523 ], [ 98.498268724636588, 3.632745950635596 ], [ 98.498278791933757, 3.632735710111482 ], [ 98.498357717136656, 3.632655426347432 ], [ 98.498369022388871, 3.632643926492913 ], [ 98.498446710031644, 3.63256490204805 ], [ 98.498459252825469, 3.632552143344297 ], [ 98.498535702427176, 3.63247437773695 ], [ 98.498549483244005, 3.632460359781224 ], [ 98.49862469535563, 3.632383853414709 ], [ 98.498639713644081, 3.632368576593472 ], [ 98.498713687715664, 3.632293329080716 ], [ 98.498729944026095, 3.632276793022461 ], [ 98.498802680608563, 3.63220280473558 ], [ 98.49882017438965, 3.632185009795575 ], [ 98.4988916733694, 3.632112280378936 ], [ 98.4989104047349, 3.632093226659357 ], [ 98.498980665790455, 3.632021756010668 ], [ 98.499000635062188, 3.632001442950613 ], [ 98.499069658500659, 3.631931231631124 ], [ 98.499090865370917, 3.631909659790865 ], [ 98.499158650901293, 3.631840707239976 ], [ 98.499181095661683, 3.631817876058594 ], [ 98.499247643560849, 3.631750182837538 ], [ 98.499271328771016, 3.631720943869706 ], [ 98.499320864405803, 3.63165964965271 ], [ 98.499271392143527, 3.631605930040698 ], [ 98.499237408997317, 3.631569029329446 ], [ 98.499181266396803, 3.631508067094304 ], [ 98.499153953222418, 3.631478409000365 ], [ 98.499091140669492, 3.631410203788143 ], [ 98.499070497806201, 3.631387788665871 ], [ 98.499001014961379, 3.631312340475447 ], [ 98.498987042321289, 3.631297168325728 ], [ 98.498910889272437, 3.631214477208356 ], [ 98.498903426537126, 3.631206547890763 ], [ 98.49882076237391, 3.631118842367315 ], [ 98.49881799289723, 3.631115926438344 ], [ 98.498731922577434, 3.631025304625571 ], [ 98.498730635085252, 3.631023949048941 ], [ 98.498645852824282, 3.630934682807083 ], [ 98.498640507815622, 3.630929055146752 ], [ 98.498559782530506, 3.630844060982266 ], [ 98.498550380564353, 3.630834161824077 ], [ 98.498473712253769, 3.63075343915143 ], [ 98.498460253331842, 3.63073926840176 ], [ 98.498387642104049, 3.630662817314635 ], [ 98.498370126118004, 3.630644375037839 ], [ 98.498301571886884, 3.630572195471776 ], [ 98.49827999892284, 3.63054948166732 ], [ 98.498215502091639, 3.630481573623126 ], [ 98.498189871746604, 3.630454587872373 ], [ 98.498129431883129, 3.630390951768218 ], [ 98.498099744588814, 3.630359694516706 ], [ 98.498043361691657, 3.630300329907294 ], [ 98.498009617449853, 3.630264800921164 ], [ 98.497957291754517, 3.63020970804049 ], [ 98.497919490329465, 3.63016990752426 ], [ 98.497871221622603, 3.630119086167551 ], [ 98.497829363227794, 3.630075014120759 ], [ 98.497785149009786, 3.630028464287207 ], [ 98.497739236139907, 3.629980129556842 ], [ 98.497699067825337, 3.629937842396057 ], [ 98.49764910906886, 3.629885248348177 ], [ 98.497558933937384, 3.629877371761906 ], [ 98.497495210729923, 3.62993772868939 ], [ 98.497468707152194, 3.62996295462673 ], [ 98.497399750851756, 3.630028249313886 ], [ 98.497378480376995, 3.630048488928939 ], [ 98.497304236963529, 3.630118769895295 ], [ 98.497288253611856, 3.63013397455642 ], [ 98.49720866751251, 3.630209290432732 ], [ 98.497198026848878, 3.630219425826565 ], [ 98.497112469368275, 3.630299810606158 ], [ 98.497107800460313, 3.630304169842086 ], [ 98.497017574328424, 3.630388419807155 ], [ 98.497013517012064, 3.630390329228257 ], [ 98.496927382281157, 3.630411047618904 ], [ 98.496837205130262, 3.630406755793827 ], [ 98.496807397700096, 3.630390214088358 ], [ 98.496752988186088, 3.630299609810963 ], [ 98.496747088634265, 3.630292898413369 ], [ 98.496702159306281, 3.630209007532515 ], [ 98.496656991281498, 3.630144503876771 ], [ 98.49656682436428, 3.630121787505097 ], [ 98.496562629198792, 3.630118355677016 ], [ 98.496566843404736, 3.630087402134079 ], [ 98.496621126741275, 3.630027814497822 ], [ 98.49665707773292, 3.629988350545997 ], [ 98.496703596017099, 3.62993728670799 ], [ 98.496747312910628, 3.62988772816408 ], [ 98.496771275291763, 3.629846750645394 ], [ 98.496817969455975, 3.629756202853331 ], [ 98.496837586022309, 3.629718520213656 ], [ 98.496865226195311, 3.629665655371596 ], [ 98.496912569025241, 3.629575107933975 ], [ 98.496927861006952, 3.629545860525595 ], [ 98.496959911469901, 3.629484560492155 ], [ 98.497007253808206, 3.629394013046296 ], [ 98.497018135954633, 3.629373199737114 ], [ 98.49705459636516, 3.629303465596578 ], [ 98.497101939020794, 3.629212918142934 ], [ 98.497108410864143, 3.629200540020063 ], [ 98.497149281328092, 3.62912237068512 ], [ 98.497196624179111, 3.629031823223626 ], [ 98.497198685736095, 3.629027880288521 ], [ 98.49723254061351, 3.628941269381955 ], [ 98.497223322095095, 3.628850690352372 ], [ 98.497198817599411, 3.628789368593321 ], [ 98.497187114863607, 3.628760096262082 ], [ 98.497197900925357, 3.628669528395847 ], [ 98.49719176100119, 3.628578951084149 ], [ 98.497198941554558, 3.628565146616414 ], [ 98.497273705206737, 3.628488422920057 ], [ 98.497289172035252, 3.628472632748265 ], [ 98.497363063386274, 3.628397898881614 ], [ 98.497379401920682, 3.628381162772121 ], [ 98.497449761923022, 3.628307373348399 ], [ 98.497469633648663, 3.628286324747458 ], [ 98.497535226616506, 3.628216847116295 ], [ 98.497559865765439, 3.628190748573261 ], [ 98.497621357137888, 3.628126321244719 ], [ 98.497650098136944, 3.628094676515922 ], [ 98.497703100717089, 3.628035792917217 ], [ 98.497740335703597, 3.627989160232743 ], [ 98.497773815802489, 3.627945258434013 ], [ 98.497830580271554, 3.627870921873791 ], [ 98.497843730578737, 3.627854723497204 ], [ 98.497917227812863, 3.62776419054861 ], [ 98.497920820907183, 3.627759764620513 ], [ 98.497986148128774, 3.627673655042482 ], [ 98.498011065540453, 3.627641321148143 ], [ 98.498051873906519, 3.62758311774993 ], [ 98.498101315818715, 3.627512600643863 ], [ 98.498115353597001, 3.627492579199904 ], [ 98.498178833532094, 3.627402040643608 ], [ 98.498191566069792, 3.627383880798695 ], [ 98.498242313189252, 3.62731150208075 ], [ 98.498281816294451, 3.627255160268487 ], [ 98.498305792891799, 3.627220963511513 ], [ 98.498369272787102, 3.627130424935978 ], [ 98.498372066491925, 3.627126440397394 ], [ 98.498432752352642, 3.627039886353852 ], [ 98.498462316662952, 3.626997719841262 ], [ 98.498496232067239, 3.626949347765406 ], [ 98.498552566806822, 3.626868999944246 ], [ 98.498560195018555, 3.626858809439351 ], [ 98.498640055610807, 3.626768279948184 ], [ 98.498642803098889, 3.626765373379147 ], [ 98.498726149263746, 3.626677753913319 ], [ 98.498733034383463, 3.62667079963555 ], [ 98.498816542128026, 3.626587230257669 ], [ 98.498823263293005, 3.62658050421287 ], [ 98.498906292651128, 3.626496706233264 ], [ 98.498913492607926, 3.626489440021682 ], [ 98.498994260321481, 3.626406181206562 ], [ 98.499003723588814, 3.626395316686656 ], [ 98.499079010146602, 3.626315654380906 ], [ 98.499093966283894, 3.626279875293021 ], [ 98.499116901326857, 3.626225101514915 ], [ 98.499149714866334, 3.626134545825626 ], [ 98.499184237631326, 3.626043991083397 ], [ 98.499184275303691, 3.626043855035662 ], [ 98.499209314463798, 3.625953431092687 ], [ 98.499234391290571, 3.625862871100404 ], [ 98.499259468111205, 3.62577231110655 ], [ 98.499274633938882, 3.62571754269828 ], [ 98.499284544925686, 3.625681751111122 ], [ 98.499309621734042, 3.625591191114121 ], [ 98.499334698536273, 3.625500631115546 ], [ 98.499359775332366, 3.6254100711154 ], [ 98.499364992494407, 3.625391230340476 ], [ 98.499384852122319, 3.625319511113682 ], [ 98.499409928400794, 3.62522895111011 ], [ 98.499435004667646, 3.625138391104963 ], [ 98.499455350972298, 3.625064914284725 ], [ 98.499460081439196, 3.625047831098526 ], [ 98.499485158204592, 3.624957271090518 ], [ 98.499545618787963, 3.624903396660536 ], [ 98.499570536555808, 3.624866744539084 ], [ 98.499635841654637, 3.624823607933917 ], [ 98.499707542101859, 3.624776246613414 ], [ 98.499726054081009, 3.624762792323338 ], [ 98.499816269436792, 3.624696623461982 ], [ 98.49983097618842, 3.624685741137747 ], [ 98.499906488647753, 3.6246234124989 ], [ 98.499937519643154, 3.624595226278186 ], [ 98.499996716657819, 3.624534151849542 ], [ 98.500024682793921, 3.624504700661508 ], [ 98.500086947658261, 3.624439412130408 ], [ 98.500113304571698, 3.624414175842114 ], [ 98.500177174388782, 3.624352417155701 ], [ 98.50020679756193, 3.624323653710182 ], [ 98.500267401893069, 3.624263980954846 ], [ 98.500298273568944, 3.62423313044858 ], [ 98.50035763210461, 3.624170578697845 ], [ 98.500383887303883, 3.624142603928489 ], [ 98.500447862818149, 3.62407622740709 ], [ 98.500471138382864, 3.624052078304319 ], [ 98.500538093109967, 3.623982610737212 ], [ 98.500558389444421, 3.62396155266912 ], [ 98.500628323383154, 3.623888994055541 ], [ 98.500645546315013, 3.623871026970771 ], [ 98.500718558015123, 3.623787392496524 ], [ 98.500724264095211, 3.623780496591528 ], [ 98.50079882926056, 3.623689963905556 ], [ 98.500718649481627, 3.6236205433547 ], [ 98.500693282766207, 3.623599331559686 ], [ 98.500628511265859, 3.623546330017834 ], [ 98.500585453254473, 3.623508697940591 ], [ 98.500538376837667, 3.623465237050134 ], [ 98.500487924929971, 3.623418070013946 ], [ 98.500448244164971, 3.623380973016057 ], [ 98.50039098521124, 3.623327442405158 ], [ 98.500358112293895, 3.623295278239826 ], [ 98.500298751036212, 3.623236817394193 ], [ 98.500267982064443, 3.623206622353997 ], [ 98.500208196223994, 3.623146193306266 ], [ 98.500177853656538, 3.623114678778332 ], [ 98.500132422091639, 3.623055577398927 ], [ 98.500087743959455, 3.622988673324877 ], [ 98.500078529401861, 3.622964973608864 ], [ 98.500059909766847, 3.622874389357713 ], [ 98.500084234336171, 3.622783828895489 ], [ 98.500087862293043, 3.622773037728267 ], [ 98.500157216312402, 3.622693295381121 ], [ 98.500178098035207, 3.622669276211526 ], [ 98.500235921345379, 3.622602765027714 ], [ 98.50026833386589, 3.622565315140953 ], [ 98.500314291322624, 3.622512234479601 ], [ 98.500358569918262, 3.622460911536957 ], [ 98.500392396411925, 3.622421703775722 ], [ 98.500448806052447, 3.622356320229737 ], [ 98.500470348987193, 3.622331172978348 ], [ 98.500522361662391, 3.62224062781821 ], [ 98.500448903807921, 3.622178024437718 ], [ 98.500416384880168, 3.622149995226021 ], [ 98.500358772847008, 3.622090858381799 ], [ 98.500343413011819, 3.622059380893933 ], [ 98.500341178886515, 3.621968805715194 ], [ 98.500343814109669, 3.621878233231537 ], [ 98.500327445860819, 3.621787650229281 ], [ 98.500319536920742, 3.621697071909276 ], [ 98.500272900720191, 3.621606472153021 ], [ 98.500268864594219, 3.621597621537111 ], [ 98.500238396274327, 3.621515879111237 ], [ 98.500229457449421, 3.621425300221364 ], [ 98.500216115587165, 3.621334718894129 ], [ 98.500222022499145, 3.621244148222064 ], [ 98.500226791247798, 3.621153576919621 ], [ 98.500233867798656, 3.621063006894209 ], [ 98.500240435626125, 3.620972436586804 ], [ 98.500247597558172, 3.620881866607798 ], [ 98.500254385185116, 3.620791296421206 ], [ 98.500263812260343, 3.620700727694901 ], [ 98.500269385632237, 3.620647343319741 ], [ 98.500273267726342, 3.62061015898377 ], [ 98.500281565191173, 3.620519589631302 ], [ 98.500294168861046, 3.620429022661141 ], [ 98.500313064763745, 3.620338459171803 ], [ 98.500346763962014, 3.620247903871425 ], [ 98.500359795990946, 3.620224512068624 ], [ 98.500449998708703, 3.620180435818315 ], [ 98.500497116388772, 3.620157413093669 ], [ 98.500540201417834, 3.620136361083471 ], [ 98.500630404172639, 3.620092188792902 ], [ 98.500682179285533, 3.620066941476978 ], [ 98.500720606848034, 3.620048147268066 ], [ 98.50081080963065, 3.620003895678398 ], [ 98.500866764653395, 3.619976469553197 ], [ 98.500901012411276, 3.619959633468154 ], [ 98.500991215162841, 3.619915410078335 ], [ 98.501051093536148, 3.619885997444749 ], [ 98.501081417953984, 3.619871100057471 ], [ 98.501139911283289, 3.619795472547327 ], [ 98.501149317660932, 3.619704903784761 ], [ 98.501154936148552, 3.619614332929768 ], [ 98.501160581341864, 3.619523762089152 ], [ 98.501166672982094, 3.619433191494704 ], [ 98.501171868874792, 3.619373222417285 ], [ 98.501174519562142, 3.619342621868941 ], [ 98.501179558919603, 3.619252050692634 ], [ 98.501185150490102, 3.619161479820889 ], [ 98.501187010047317, 3.619070906888183 ], [ 98.501194183013297, 3.618980336888899 ], [ 98.501201875735376, 3.618889767176135 ], [ 98.501209568753907, 3.618799197463078 ], [ 98.501217261571767, 3.618708627749456 ], [ 98.501224954386359, 3.618618058035374 ], [ 98.50123264739662, 3.618527488320943 ], [ 98.50124034010544, 3.61843691860589 ], [ 98.501248033012516, 3.618346348890488 ], [ 98.501255726014506, 3.618255779174683 ], [ 98.501262703369804, 3.618173630506845 ], [ 98.501263418617413, 3.618165209458202 ], [ 98.501271111613875, 3.618074639741481 ], [ 98.501278804537293, 3.61798407002426 ], [ 98.501286497202216, 3.617893500306444 ], [ 98.501294190190436, 3.617802930588347 ], [ 98.5013018830048, 3.617712360869698 ], [ 98.501309575762235, 3.617621791150562 ], [ 98.50131726874217, 3.617531221431092 ], [ 98.50132496144748, 3.617440651711012 ], [ 98.50133733484185, 3.617350084572892 ], [ 98.501352382116124, 3.617259518909224 ], [ 98.501353383723824, 3.617255255662557 ], [ 98.501377892388845, 3.617168959016599 ], [ 98.501385133057127, 3.617078389044676 ], [ 98.50136744918747, 3.616987805323641 ], [ 98.501353568741891, 3.616916704225281 ], [ 98.501349788651041, 3.616897221615437 ], [ 98.501332392428992, 3.616806638052999 ], [ 98.501316258915736, 3.616716055187087 ], [ 98.501296882784089, 3.616625470532369 ], [ 98.501275831227844, 3.616534884953328 ], [ 98.501263626039119, 3.616485723205816 ], [ 98.501252521583083, 3.616444298128478 ], [ 98.501228238628627, 3.61635371076653 ], [ 98.501203956094784, 3.616263123404648 ], [ 98.501211320507224, 3.616172553501984 ], [ 98.501263826608508, 3.616118701854887 ], [ 98.501298279016396, 3.616082027503704 ], [ 98.501354061695793, 3.61601452713286 ], [ 98.501373077852406, 3.615991494788895 ], [ 98.501444299382882, 3.615905554359022 ], [ 98.501449090793912, 3.615900962735089 ], [ 98.501534525742784, 3.615817282767655 ], [ 98.501541490462827, 3.615810439706034 ], [ 98.501624752788771, 3.615727722772236 ], [ 98.50163236093249, 3.615719915822016 ], [ 98.501714980270265, 3.615637332605698 ], [ 98.50172275212077, 3.615629391662097 ], [ 98.501783299413546, 3.615538851048589 ], [ 98.501788699127744, 3.615448280048601 ], [ 98.501787215747228, 3.615357705256283 ], [ 98.501785732643967, 3.615267130463975 ], [ 98.501805390861946, 3.615211386685416 ], [ 98.501818597330868, 3.61517657459274 ], [ 98.501805442723182, 3.615116352782244 ], [ 98.501800038158507, 3.615085990393389 ], [ 98.501755515796802, 3.614995391891376 ], [ 98.501715374916117, 3.614914311124494 ], [ 98.501710662854251, 3.614904793206089 ], [ 98.501665930227105, 3.61481419458592 ], [ 98.501625297692172, 3.614729585502128 ], [ 98.501622407440479, 3.61472359663121 ], [ 98.501579128254107, 3.614632998809656 ], [ 98.501544641095137, 3.614542405832007 ], [ 98.501555656660329, 3.614451837928467 ], [ 98.501566672037825, 3.614361270024208 ], [ 98.501535359106299, 3.614290955178221 ], [ 98.501491194802668, 3.614270654459381 ], [ 98.501445200928472, 3.614254660065462 ], [ 98.501355047925287, 3.614208903694017 ], [ 98.501325980537032, 3.614179989427431 ], [ 98.501264918976162, 3.614119122581103 ], [ 98.501235116159975, 3.614089365364244 ], [ 98.501174790029424, 3.614029369613827 ], [ 98.501143988171776, 3.613998741148885 ], [ 98.501084661173209, 3.613939483390936 ], [ 98.501053326314789, 3.613908117183748 ], [ 98.50099453272739, 3.613848878557248 ], [ 98.500963479987306, 3.613817493661679 ], [ 98.50090440445878, 3.613757982196758 ], [ 98.500873623130673, 3.61372687012717 ], [ 98.500814276669203, 3.613666242198978 ], [ 98.500785045985666, 3.613636247292126 ], [ 98.50072414877377, 3.613574728906146 ], [ 98.500695372365627, 3.613545623845579 ], [ 98.500724197369721, 3.613485831083251 ], [ 98.500738554779403, 3.613455073710177 ], [ 98.500811532320697, 3.613364540009532 ], [ 98.500814443537905, 3.613360928442138 ], [ 98.500884509847083, 3.613274006300803 ], [ 98.500904682601586, 3.613248980762528 ], [ 98.500957487867538, 3.613183472584276 ], [ 98.500994921642331, 3.613137033353218 ], [ 98.501034090189677, 3.613092940858139 ], [ 98.50107937088741, 3.613002391854915 ], [ 98.500995043258897, 3.612914405129918 ], [ 98.500992524832711, 3.612911770000053 ], [ 98.500905662754747, 3.612821148130229 ], [ 98.500904916783909, 3.612820371023936 ], [ 98.500818795953762, 3.61273052625167 ], [ 98.500814790318245, 3.612726353643724 ], [ 98.500731919788635, 3.612639904361819 ], [ 98.500724663865512, 3.61263234632252 ], [ 98.500645033887579, 3.612549282460469 ], [ 98.500634537425469, 3.612538349579486 ], [ 98.500556728523875, 3.61245865976968 ], [ 98.500544410062687, 3.612446074447568 ], [ 98.500464298510138, 3.612368034796047 ], [ 98.500454280193722, 3.612358416182666 ], [ 98.500368920157996, 3.612277408187818 ], [ 98.500364149217319, 3.612272814758779 ], [ 98.500274541255052, 3.612186782123788 ], [ 98.500274018790364, 3.612186239880588 ], [ 98.50018659281946, 3.61209615960319 ], [ 98.500183892326717, 3.612092451214156 ], [ 98.5001206092644, 3.612005549206611 ], [ 98.500093782268834, 3.611968709647281 ], [ 98.500054625467342, 3.611914938806726 ], [ 98.5000036722342, 3.611844968257509 ], [ 98.499981245694883, 3.611824324318356 ], [ 98.499913520984791, 3.611796579534953 ], [ 98.499823356633598, 3.61177214584153 ], [ 98.499775699087238, 3.611733636801801 ], [ 98.499733220360895, 3.611696434425101 ], [ 98.49964304179494, 3.611697991982634 ], [ 98.499552862958112, 3.611700045870073 ], [ 98.499462704114762, 3.611665600161411 ], [ 98.499422066225122, 3.61164286736977 ], [ 98.499372556772329, 3.611610175526832 ], [ 98.499282410727432, 3.611552404204288 ], [ 98.499282130183445, 3.611552216031181 ], [ 98.499192272861322, 3.611479730694233 ], [ 98.499168542545675, 3.611461579251404 ], [ 98.499102133189609, 3.611410378376443 ], [ 98.499049783909626, 3.611370939599059 ], [ 98.499011992183299, 3.611343486502105 ], [ 98.498923384002879, 3.611280295705127 ], [ 98.498921849762908, 3.611279198852607 ], [ 98.498831703387523, 3.611222147704859 ], [ 98.498781852012328, 3.61118964341983 ], [ 98.498741557585674, 3.611164072739339 ], [ 98.49865141250946, 3.611104697150257 ], [ 98.498642574986462, 3.61109899236481 ], [ 98.498561266068435, 3.611047831820133 ], [ 98.498503278964066, 3.611008341281512 ], [ 98.498471123246787, 3.610984392392141 ], [ 98.498380978806438, 3.610923926333287 ], [ 98.498371861379312, 3.610917694545254 ], [ 98.498290836323577, 3.610859917141152 ], [ 98.498241746853594, 3.610827048515457 ], [ 98.498200692531498, 3.610798316765631 ], [ 98.498110548293312, 3.610737552199306 ], [ 98.498109733080426, 3.610736401417677 ], [ 98.498110551575053, 3.610731575481348 ], [ 98.498136041706005, 3.610645842065414 ], [ 98.498168333791199, 3.610555286027433 ], [ 98.498200855570389, 3.610501328044967 ], [ 98.498223300359044, 3.610464742551638 ], [ 98.498277235592369, 3.610374198499414 ], [ 98.49829111570817, 3.61035089738228 ], [ 98.49833117128405, 3.61028365444256 ], [ 98.498381376414585, 3.61019937227551 ], [ 98.498385106513837, 3.610193110380569 ], [ 98.498440122518119, 3.610102566912242 ], [ 98.498471631591116, 3.610057868743015 ], [ 98.498503676162258, 3.610012028166461 ], [ 98.498561859145269, 3.609966673586689 ], [ 98.49861617565189, 3.609921516511633 ], [ 98.498652076439001, 3.609894156566093 ], [ 98.498742247689606, 3.609905594508425 ], [ 98.498767075864052, 3.609921600036207 ], [ 98.498832392233595, 3.609965757983079 ], [ 98.498898781710835, 3.610012246862068 ], [ 98.498922534482404, 3.610030131972366 ], [ 98.499012674802188, 3.610098050376281 ], [ 98.499019047899694, 3.610102887344177 ], [ 98.499102814909833, 3.610166381362663 ], [ 98.499136922369402, 3.610193526490699 ], [ 98.499192951762254, 3.610240680005384 ], [ 98.499242301524291, 3.610284158715682 ], [ 98.499283086897321, 3.610318141494699 ], [ 98.499347623838517, 3.610374790899709 ], [ 98.499373220699297, 3.610398065697198 ], [ 98.499447014144025, 3.610465419795269 ], [ 98.499463353131063, 3.610480521508856 ], [ 98.499543114060884, 3.610556046864009 ], [ 98.499553484006228, 3.610565850612833 ], [ 98.499624421399318, 3.610646665750922 ], [ 98.499643605814853, 3.61066777376872 ], [ 98.499702273633247, 3.610737282723603 ], [ 98.499733724959071, 3.610774601126552 ], [ 98.499778682849268, 3.610827898894366 ], [ 98.499823844379165, 3.610880962001146 ], [ 98.499855877003512, 3.610918515494192 ], [ 98.499913963878896, 3.610987214773635 ], [ 98.499932513576027, 3.611009131781427 ], [ 98.499999035875618, 3.61109974247862 ], [ 98.500004060341752, 3.611135614490537 ], [ 98.500014092164022, 3.611190324752378 ], [ 98.500094168139839, 3.611263341168266 ], [ 98.500113683024722, 3.611280953705423 ], [ 98.500184293754486, 3.611358535089617 ], [ 98.500198503207443, 3.61137157449582 ], [ 98.500274433210947, 3.611428450024645 ], [ 98.500317715313457, 3.611462214263609 ], [ 98.500364572927992, 3.611497914491149 ], [ 98.500429620575488, 3.611552849986647 ], [ 98.500454708039598, 3.611575829853223 ], [ 98.500527694545738, 3.611643478067539 ], [ 98.500544837342844, 3.611664400974993 ], [ 98.500601656233187, 3.611734092838506 ], [ 98.500634954661123, 3.611774935402353 ], [ 98.500675667820687, 3.61182470763281 ], [ 98.500725072550878, 3.61188446272948 ], [ 98.500752307199306, 3.611915323872247 ], [ 98.500790678368134, 3.612005919002728 ], [ 98.50075349181985, 3.612096472460824 ], [ 98.500724915718422, 3.612171480463195 ], [ 98.500718364266831, 3.612187027051967 ], [ 98.500724894865812, 3.612209640954613 ], [ 98.500772279792031, 3.612277630758385 ], [ 98.500815002005922, 3.612338930304791 ], [ 98.500835428686116, 3.612368239555267 ], [ 98.500898577251604, 3.61245884834912 ], [ 98.500905109169693, 3.612468220678375 ], [ 98.500961725829001, 3.612549457140129 ], [ 98.50099521635768, 3.612597511046173 ], [ 98.501024874654647, 3.612640065928428 ], [ 98.50108532357045, 3.612726800378991 ], [ 98.50108802373758, 3.612730674714017 ], [ 98.50115117235066, 3.612821283496499 ], [ 98.501175430806896, 3.612856090735212 ], [ 98.501211433016053, 3.612821316712157 ], [ 98.501265650745168, 3.612778996118408 ], [ 98.501326590590239, 3.612730806201844 ], [ 98.501355865288033, 3.612711758954164 ], [ 98.501446076136006, 3.612651269071815 ], [ 98.501461287097996, 3.612640306437016 ], [ 98.501536285001634, 3.612594391723668 ], [ 98.501621908328971, 3.612549820924639 ], [ 98.501626488439186, 3.612547445635953 ], [ 98.501716666077172, 3.612547787154912 ], [ 98.501806882429008, 3.612477136920309 ], [ 98.501829368649581, 3.612459361161955 ], [ 98.501897099212258, 3.612405670608811 ], [ 98.501943544149128, 3.612368850017061 ], [ 98.501987316083614, 3.612334017658021 ], [ 98.502057353804673, 3.612278338653183 ], [ 98.502077533036186, 3.612262190569164 ], [ 98.502167750798762, 3.612188851626094 ], [ 98.502168976297511, 3.61218782606873 ], [ 98.502257969775499, 3.61211325806272 ], [ 98.502276518288852, 3.612097311223491 ], [ 98.502348190000049, 3.612035346704037 ], [ 98.502382585028414, 3.612006795551332 ], [ 98.502438408813987, 3.611959998195374 ], [ 98.50248990162423, 3.611916280550599 ], [ 98.502528628418887, 3.611883170180119 ], [ 98.502593977686956, 3.611825763753393 ], [ 98.502618849330105, 3.611803915009277 ], [ 98.502697511850229, 3.61173524664349 ], [ 98.502709070334234, 3.611724460856166 ], [ 98.502795452604872, 3.611644726446635 ], [ 98.502799293677313, 3.611640679562362 ], [ 98.502881447112884, 3.611554199676367 ], [ 98.50288952309657, 3.611545698334113 ], [ 98.502968247038311, 3.611463673337586 ], [ 98.502979751944309, 3.61145173320701 ], [ 98.503054908077431, 3.611373146911689 ], [ 98.503069980981167, 3.611357385976121 ], [ 98.503143005215719, 3.611282621263075 ], [ 98.503160208899459, 3.611265061821632 ], [ 98.503231433930367, 3.611192095785231 ], [ 98.503250436867447, 3.611172612602702 ], [ 98.50331943347706, 3.611101570060716 ], [ 98.503340665072002, 3.611079694346811 ], [ 98.503407088077651, 3.61101104413587 ], [ 98.503430893440594, 3.610986440265108 ], [ 98.50349493859396, 3.610920518307392 ], [ 98.503521121574437, 3.610893584348937 ], [ 98.503583558536988, 3.610829992889641 ], [ 98.503611349317524, 3.610801414022888 ], [ 98.503670421038009, 3.6107394664973 ], [ 98.503701578382945, 3.610706774710345 ], [ 98.503756543313486, 3.610648939688408 ], [ 98.503791807593174, 3.610611834015593 ], [ 98.50384257771853, 3.610558412820646 ], [ 98.503882036975909, 3.610516540704989 ], [ 98.503927514202061, 3.610467885340726 ], [ 98.503972266594957, 3.610420776956738 ], [ 98.504014610456466, 3.610377359033248 ], [ 98.504062494649446, 3.610327862040878 ], [ 98.504101592056642, 3.61028683265205 ], [ 98.504152721612783, 3.610236924856843 ], [ 98.504194156158292, 3.610196309316233 ], [ 98.504242944030452, 3.610154336961129 ], [ 98.504300028614281, 3.610105793252591 ], [ 98.504333163185436, 3.610077737104488 ], [ 98.50440622035994, 3.610015277348217 ], [ 98.504423382617261, 3.610000599240955 ], [ 98.504513601009705, 3.609925351786709 ], [ 98.504514298890811, 3.609924762460539 ], [ 98.504603819727791, 3.609849476602822 ], [ 98.504622220126336, 3.609834247470802 ], [ 98.504694037655497, 3.609775033453436 ], [ 98.504732368716873, 3.609743733683026 ], [ 98.504784255043262, 3.609701560750059 ], [ 98.504843837713906, 3.609653220600505 ], [ 98.504874472200299, 3.609628488137963 ], [ 98.504954787985909, 3.60956270721754 ], [ 98.504964689768059, 3.609554631069444 ], [ 98.505054907611679, 3.609480238189748 ], [ 98.505064948835624, 3.609472193386434 ], [ 98.505145124072229, 3.609408374486339 ], [ 98.50517934378027, 3.609381681851692 ], [ 98.505235339684745, 3.609338052742363 ], [ 98.505298796576668, 3.609291173061404 ], [ 98.505325553222633, 3.609271541259739 ], [ 98.505415768056992, 3.609202609494169 ], [ 98.505418363395265, 3.609200664314181 ], [ 98.505505981987426, 3.609135325104512 ], [ 98.505539202588324, 3.609110156242235 ], [ 98.505596196443946, 3.609067044123262 ], [ 98.505658298347001, 3.609019647199339 ], [ 98.505686411145575, 3.608998285726223 ], [ 98.505776624852757, 3.608931343306212 ], [ 98.505779580656309, 3.608929139330202 ], [ 98.50586683851806, 3.608864454959145 ], [ 98.50590265815643, 3.608838632420416 ], [ 98.50595705116929, 3.608799420424655 ], [ 98.506027995960835, 3.608748126722772 ], [ 98.506047276531447, 3.608710828755881 ], [ 98.506073517507104, 3.608657577494462 ], [ 98.506047320131401, 3.608630101817207 ], [ 98.505987140365619, 3.608566956354357 ], [ 98.505957193996281, 3.608535018927308 ], [ 98.505901304969569, 3.608476335503621 ], [ 98.505867068816357, 3.608438202404024 ], [ 98.50581720981809, 3.60838571559606 ], [ 98.505776944088325, 3.608340584589145 ], [ 98.505733858082408, 3.60829509608833 ], [ 98.505686819902593, 3.608241998518585 ], [ 98.505651396878648, 3.608204477060868 ], [ 98.505596696375662, 3.608142229093146 ], [ 98.505570013202998, 3.608113858615912 ], [ 98.505506573662501, 3.60804099020567 ], [ 98.50548995246632, 3.608023240887638 ], [ 98.505416451970873, 3.607937898272314 ], [ 98.505411538038047, 3.607932624052832 ], [ 98.50534728083781, 3.607842014940983 ], [ 98.505416515234515, 3.607820886957902 ], [ 98.505450698955485, 3.607842071385514 ], [ 98.505506659122972, 3.607882898853664 ], [ 98.505596809718895, 3.607932524214508 ], [ 98.505597883307559, 3.607932725738938 ], [ 98.505686977217692, 3.607950889687063 ], [ 98.50570513626289, 3.607932784248058 ], [ 98.505730081395583, 3.607842223810532 ], [ 98.505720923969008, 3.607751644771859 ], [ 98.505687125400243, 3.607676658799841 ], [ 98.505680089320833, 3.60766104845531 ], [ 98.505639254185311, 3.607570452137588 ], [ 98.505598419543873, 3.607479855819229 ], [ 98.505597055993519, 3.607476830646141 ], [ 98.505557584430051, 3.607389259499705 ], [ 98.505516749756723, 3.607298663179515 ], [ 98.505506986621285, 3.607277002676798 ], [ 98.505475914873813, 3.607208066858305 ], [ 98.505435079998023, 3.607117470536193 ], [ 98.50541691728364, 3.607077174703064 ], [ 98.505394245129324, 3.607026874213179 ], [ 98.505353410267759, 3.606936277889263 ], [ 98.505359701616044, 3.606845707281639 ], [ 98.505353853345184, 3.606755130049406 ], [ 98.505326937890345, 3.606711031198135 ], [ 98.505271813062294, 3.606664511238319 ], [ 98.505236801262797, 3.606635810421313 ], [ 98.505153123747505, 3.606573872417 ], [ 98.505146660039841, 3.606569115811095 ], [ 98.505056525290115, 3.606490477819587 ], [ 98.505050706368735, 3.606483242467323 ], [ 98.504995765518075, 3.60639263843289 ], [ 98.504966427114312, 3.606344255888147 ], [ 98.504940824677504, 3.606302034396455 ], [ 98.50488527091909, 3.606211430023287 ], [ 98.504876329685345, 3.606196703009481 ], [ 98.504829115916692, 3.606120825319681 ], [ 98.504786232335803, 3.606049053268239 ], [ 98.504774693390175, 3.606030221560236 ], [ 98.504722569355778, 3.605939619054384 ], [ 98.504696139089745, 3.605893870604853 ], [ 98.50467008958185, 3.605849016352441 ], [ 98.504619221788815, 3.605758414529399 ], [ 98.504606049149956, 3.605732631161938 ], [ 98.504571973214297, 3.605667814682171 ], [ 98.504515938962527, 3.605608850827048 ], [ 98.50448586399132, 3.605577193598794 ], [ 98.504425813156232, 3.605513963238093 ], [ 98.504399807420441, 3.605486572538189 ], [ 98.504335687400726, 3.605419016119881 ], [ 98.504313781421587, 3.605395951488299 ], [ 98.504245561634562, 3.605324122946466 ], [ 98.504227735166992, 3.605305330421348 ], [ 98.504155435963099, 3.605229089241003 ], [ 98.504141783037454, 3.605214709399869 ], [ 98.504065310250922, 3.605134165002155 ], [ 98.504055751319058, 3.60512408832889 ], [ 98.503975184614873, 3.605039134488095 ], [ 98.503969812059538, 3.60503346730249 ], [ 98.503885059038254, 3.604944028629578 ], [ 98.503883934991137, 3.604942846304139 ], [ 98.503797778539564, 3.604852225146972 ], [ 98.503794933312335, 3.604849232533626 ], [ 98.503711541288197, 3.604761603939585 ], [ 98.503704807555266, 3.604754528111461 ], [ 98.503625301836976, 3.604670982724976 ], [ 98.503614681817012, 3.604659823174056 ], [ 98.50353906189136, 3.604580361504076 ], [ 98.503524556097048, 3.604565118667325 ], [ 98.503452822075474, 3.604489740277226 ], [ 98.503434430395572, 3.604470414225468 ], [ 98.503366582603675, 3.604399119044549 ], [ 98.50334430471284, 3.604375709346793 ], [ 98.503280342708948, 3.604308497805621 ], [ 98.503254179048426, 3.60428100491795 ], [ 98.503194102831188, 3.604217876560686 ], [ 98.503164053402614, 3.604186300280411 ], [ 98.503107863178485, 3.604127255309857 ], [ 98.503073927775262, 3.604091595812306 ], [ 98.503021623679217, 3.604036634053097 ], [ 98.502983802166597, 3.603996891011946 ], [ 98.502935383852346, 3.603946012790142 ], [ 98.50289367657642, 3.603902186276308 ], [ 98.502849144322028, 3.603855391521335 ], [ 98.502803551004632, 3.603807481788526 ], [ 98.502762971491222, 3.603764770283071 ], [ 98.502713425487428, 3.603712710890539 ], [ 98.502671950272116, 3.603674146381084 ], [ 98.502623299467402, 3.603618900005241 ], [ 98.502593474027719, 3.603583529350038 ], [ 98.502533174035207, 3.603524040676897 ], [ 98.502498345334033, 3.603492903183255 ], [ 98.502443038275331, 3.603448226698629 ], [ 98.502386121843045, 3.603402267633579 ], [ 98.502352900884702, 3.603375442263061 ], [ 98.502281805414967, 3.603311636410324 ], [ 98.502262767692443, 3.603294959088129 ], [ 98.502183692908389, 3.603221008581484 ], [ 98.502172636617686, 3.603210609555817 ], [ 98.502087635567378, 3.603130381872285 ], [ 98.502082505958242, 3.603125526813329 ], [ 98.501992375564782, 3.603039985889527 ], [ 98.501992139730902, 3.603039755463539 ], [ 98.501902246706678, 3.602951652589756 ], [ 98.501899655625849, 3.602949130700358 ], [ 98.501812119506894, 3.602860302071041 ], [ 98.501810371031027, 3.602858507686632 ], [ 98.50172306454364, 3.602767885752528 ], [ 98.501721993510003, 3.602766773058371 ], [ 98.501636534186602, 3.602677264238463 ], [ 98.501631867963994, 3.602672448942283 ], [ 98.501549112081406, 3.602586642228562 ], [ 98.501541742017451, 3.602578894868036 ], [ 98.501451609905928, 3.602496703352821 ], [ 98.501450798621647, 3.602496014229516 ], [ 98.5013614734074, 3.602422602342226 ], [ 98.50134073019052, 3.602405379763727 ], [ 98.501271335691712, 3.60235076482632 ], [ 98.501225320700087, 3.602314742352237 ], [ 98.501181197348672, 3.602280106372949 ], [ 98.501109832216969, 3.602224104885645 ], [ 98.501091058924914, 3.602209622581408 ], [ 98.501000919784488, 3.602140481066259 ], [ 98.500991726844788, 3.602133465968628 ], [ 98.500910780923618, 3.602070852223962 ], [ 98.500874550852387, 3.602042827550383 ], [ 98.500820642125987, 3.602001133366767 ], [ 98.500757364853669, 3.601952189114548 ], [ 98.500730503341813, 3.601931415922464 ], [ 98.500640364567161, 3.60186170707407 ], [ 98.500640151911739, 3.60186155065181 ], [ 98.500550224062792, 3.601795197790236 ], [ 98.500506237691539, 3.601770902986983 ], [ 98.500460074458545, 3.601745405997811 ], [ 98.500369924863975, 3.601695616018306 ], [ 98.500342080808394, 3.601680238659838 ], [ 98.500279775278472, 3.601645828938634 ], [ 98.500189628646197, 3.601590646836486 ], [ 98.500188238240241, 3.601589579986359 ], [ 98.500099489581501, 3.601521613609727 ], [ 98.500069957972855, 3.601498940875924 ], [ 98.500009350575681, 3.601452498294501 ], [ 98.499951817837484, 3.601408301830346 ], [ 98.499919214622793, 3.601377814162615 ], [ 98.499829055250785, 3.601346067539366 ], [ 98.499790972700026, 3.601317639243642 ], [ 98.499738901774677, 3.60130353339912 ], [ 98.49964873792176, 3.601280022798328 ], [ 98.499558573591813, 3.601257396379408 ], [ 98.499468409401302, 3.601234524931096 ], [ 98.49944088831802, 3.601226872313988 ], [ 98.499378245228741, 3.601211630975261 ], [ 98.49928807699682, 3.601196177419927 ], [ 98.499197908308929, 3.601181566069419 ], [ 98.499107739933379, 3.601166390696573 ], [ 98.499017571003805, 3.601152236498568 ], [ 98.49892740261599, 3.601137098684378 ], [ 98.498920326616741, 3.601136011185522 ], [ 98.498837233479406, 3.601123337849695 ], [ 98.498747065044356, 3.601108301478366 ], [ 98.498656895712202, 3.601094912721397 ], [ 98.498566727178272, 3.601080072007035 ], [ 98.498476554011447, 3.601073705174674 ], [ 98.498386374675491, 3.601078614653728 ], [ 98.498296196175716, 3.601081997071343 ], [ 98.498206022078435, 3.601077339602911 ], [ 98.498115838270294, 3.601090419329172 ], [ 98.498025663269303, 3.6010874165409 ], [ 98.497935481342907, 3.601097059226068 ], [ 98.497845300809658, 3.601104157967204 ], [ 98.497755124339449, 3.601103842186437 ], [ 98.497664935345114, 3.601126378696827 ], [ 98.497574760175013, 3.60112369198209 ], [ 98.497543573099392, 3.601135250288235 ], [ 98.497484565075041, 3.601157356680947 ], [ 98.497394385100876, 3.6011634299715 ], [ 98.497304195435675, 3.601187171373626 ], [ 98.497234490995211, 3.601225653119756 ], [ 98.497213991498441, 3.601236921099577 ], [ 98.497123803631325, 3.601257367965371 ], [ 98.49703563198247, 3.601316116909842 ], [ 98.497033594437497, 3.601316668755522 ], [ 98.496943412105665, 3.601327014182887 ], [ 98.496920198668136, 3.601316052950093 ], [ 98.496874316319904, 3.601225453588077 ], [ 98.496853315691084, 3.601180863894614 ], [ 98.496831647129724, 3.601134856005627 ], [ 98.496788977396633, 3.601044258421877 ], [ 98.496763235401914, 3.601005393911076 ], [ 98.496673065114152, 3.60099386584448 ], [ 98.496582873437589, 3.601021284730388 ], [ 98.4965078158192, 3.601044102544401 ], [ 98.496492681756891, 3.601048703358507 ], [ 98.496402490071858, 3.60107612213499 ], [ 98.496312298382563, 3.601103540879019 ], [ 98.496222106689004, 3.601130959630848 ], [ 98.496210423044587, 3.601134511499924 ], [ 98.496131914991267, 3.601158378220016 ], [ 98.496041721682658, 3.601188718515742 ], [ 98.495951526660733, 3.601222165146577 ], [ 98.495946215758565, 3.601224938775005 ], [ 98.49586132411801, 3.601269273583578 ], [ 98.495772970328971, 3.601315416491469 ], [ 98.495771121566932, 3.60131638201026 ], [ 98.495680923489076, 3.601355346631435 ], [ 98.495590719396944, 3.601405226024507 ], [ 98.495589620815494, 3.601405888555834 ], [ 98.495500509235313, 3.601466114217294 ], [ 98.495455344485435, 3.601496387853552 ], [ 98.495410286694067, 3.601549464520903 ], [ 98.495365626259755, 3.601586911898508 ], [ 98.495320073742107, 3.601615373751641 ], [ 98.495234101175086, 3.60167741268575 ], [ 98.495229861376671, 3.601680195754415 ], [ 98.495139648699762, 3.601745561012942 ], [ 98.495108700109967, 3.601767916856373 ], [ 98.495049436724941, 3.601809629926946 ], [ 98.49497189117227, 3.601858414658997 ], [ 98.494959228907362, 3.601866134541586 ], [ 98.494869021910503, 3.601921131598527 ], [ 98.494823295537756, 3.601948905877151 ], [ 98.49477881505571, 3.601975852796596 ], [ 98.494688613731029, 3.602020528344842 ], [ 98.494598454088091, 3.601989623221053 ], [ 98.494508294452146, 3.601958718428988 ], [ 98.494479108925233, 3.601948714253219 ], [ 98.494418134823448, 3.601927813529899 ], [ 98.494327971534304, 3.601903554524113 ], [ 98.494237807108689, 3.60188136521899 ], [ 98.494214965801703, 3.601857993207485 ], [ 98.49414768274535, 3.601786616106977 ], [ 98.494129542168423, 3.601767371708446 ], [ 98.494057558874616, 3.601691008349642 ], [ 98.49404411855194, 3.60167675020358 ], [ 98.493967435022171, 3.601595401248199 ], [ 98.493958694255866, 3.6015861286925 ], [ 98.493877311188726, 3.601499793553396 ], [ 98.493873270672893, 3.601495507175983 ], [ 98.49378787743224, 3.601404885670551 ], [ 98.49378718760164, 3.601403773604472 ], [ 98.493731631042493, 3.601314280413782 ], [ 98.493697091203003, 3.601258574129298 ], [ 98.493675452647309, 3.60122367519284 ], [ 98.493619274262471, 3.601133069969817 ], [ 98.493606994891323, 3.601113265382425 ], [ 98.493563096616839, 3.601042464745118 ], [ 98.4935168986066, 3.600967955969377 ], [ 98.493506918252677, 3.600951859517932 ], [ 98.493450740627708, 3.600861254289071 ], [ 98.493426802348594, 3.600822646294344 ], [ 98.493394562284223, 3.600770649057724 ], [ 98.493338383964641, 3.600680043824303 ], [ 98.493336706116551, 3.600677337752981 ], [ 98.493282206357122, 3.600589438589195 ], [ 98.493246609911708, 3.600532028102313 ], [ 98.493226028044646, 3.600498833351606 ], [ 98.493246646053933, 3.600466651466204 ], [ 98.493336814234794, 3.600481735313146 ], [ 98.493371592846856, 3.600498914578335 ], [ 98.493426966198143, 3.600526172457977 ], [ 98.49351711837997, 3.600570231755146 ], [ 98.493557576953108, 3.600589592216084 ], [ 98.493607271079185, 3.600613371967472 ], [ 98.493697425564349, 3.600653295957331 ], [ 98.493766725458514, 3.600589708842438 ], [ 98.493787647157291, 3.600571721442915 ], [ 98.493877829239622, 3.600561676492252 ], [ 98.493968012255237, 3.600549939614145 ], [ 98.494049779308313, 3.600589866603518 ], [ 98.494058164718766, 3.600593553214938 ], [ 98.494148313872273, 3.600643181952236 ], [ 98.494222882269682, 3.600680536939259 ], [ 98.494238465273312, 3.600688756706792 ], [ 98.494259952223473, 3.600680557587247 ], [ 98.494300089725556, 3.600590006041415 ], [ 98.494318638697706, 3.600499442470383 ], [ 98.494328773560767, 3.600449962078294 ], [ 98.494337188456527, 3.600408878898713 ], [ 98.494355737654985, 3.600318315325657 ], [ 98.494374287168043, 3.600227751751702 ], [ 98.494392836681541, 3.600137188176672 ], [ 98.49441138586009, 3.60004662460038 ], [ 98.494419193559892, 3.600008505824786 ], [ 98.494429935594596, 3.599956061023327 ], [ 98.494448484789089, 3.599865497444894 ], [ 98.49446703425744, 3.59977493386554 ], [ 98.494485583766973, 3.599684370285136 ], [ 98.494504132900815, 3.599593806703448 ], [ 98.494509613444023, 3.599567048400616 ], [ 98.494522681933816, 3.599503243120629 ], [ 98.494541231524735, 3.599412679537046 ], [ 98.494559780872791, 3.599322115952255 ], [ 98.494599948854628, 3.59927864752782 ], [ 98.49464693532984, 3.599231590536144 ], [ 98.494667944446661, 3.599141028315206 ], [ 98.494600059779202, 3.599077387790199 ], [ 98.494570911036249, 3.599050400423351 ], [ 98.494509927991047, 3.598996457833145 ], [ 98.494469329982039, 3.598959769992974 ], [ 98.494419798577582, 3.59891124981739 ], [ 98.494376282611043, 3.59886914430355 ], [ 98.494329667974824, 3.598828229312337 ], [ 98.494274377775909, 3.598778513676354 ], [ 98.494239536165026, 3.598747427488269 ], [ 98.494172626480861, 3.598687883125876 ], [ 98.494149404827283, 3.598665799086306 ], [ 98.494078792614275, 3.598597256975585 ], [ 98.494059274243753, 3.598582833010623 ], [ 98.493969134654179, 3.598516219897266 ], [ 98.493956137175658, 3.598506614765456 ], [ 98.493879007080722, 3.598427856322568 ], [ 98.493867808257477, 3.598415991664707 ], [ 98.493788885263115, 3.598329095238358 ], [ 98.493785503583567, 3.598325371914024 ], [ 98.493703460417606, 3.59823475230372 ], [ 98.493698763924698, 3.598229500806835 ], [ 98.493622418436289, 3.598144133246072 ], [ 98.493608643254774, 3.598128730417559 ], [ 98.493541375721207, 3.598053514182868 ], [ 98.493518522604035, 3.59802796061232 ], [ 98.493460333113305, 3.597962895114581 ], [ 98.493428401972807, 3.597927190800729 ], [ 98.49337929019535, 3.597872276040975 ], [ 98.493338281360892, 3.597826421312666 ], [ 98.493320709020125, 3.597781669486449 ], [ 98.493303931082053, 3.597691086238894 ], [ 98.493299536576941, 3.597600509895948 ], [ 98.493338445561363, 3.597529116328477 ], [ 98.493358726515467, 3.597509969002466 ], [ 98.493428671036881, 3.597439931527433 ], [ 98.49345295440591, 3.597419447632951 ], [ 98.493518900727665, 3.597343079342366 ], [ 98.493536961364924, 3.597328920555198 ], [ 98.493609115978643, 3.597272354335513 ], [ 98.493652413352692, 3.597238410986327 ], [ 98.493699331216376, 3.59720162904545 ], [ 98.493767865113412, 3.597147901399263 ], [ 98.493789546440453, 3.597130904162916 ], [ 98.493879761651129, 3.59706017924872 ], [ 98.493883317262316, 3.597057391794352 ], [ 98.493969976848732, 3.596989453695003 ], [ 98.493998768603191, 3.596966882170925 ], [ 98.494060192032563, 3.596918728779358 ], [ 98.494114220741778, 3.596876372529882 ], [ 98.494127607280845, 3.596785806074291 ], [ 98.49409550560371, 3.596695214302717 ], [ 98.494063404347699, 3.596604622530958 ], [ 98.494060369942133, 3.596596059356961 ], [ 98.494025042911971, 3.596514027274404 ], [ 98.493970274447705, 3.596449797582038 ], [ 98.49394256991738, 3.59642340746242 ], [ 98.493880142921327, 3.59636891870058 ], [ 98.493837715448322, 3.59633277518389 ], [ 98.493790009118925, 3.596292195397465 ], [ 98.493736196632526, 3.596242144753556 ], [ 98.493699879239188, 3.596208389587448 ], [ 98.493645515128136, 3.596151520350544 ], [ 98.493609760500391, 3.596104422314947 ], [ 98.49357912915309, 3.596060909474218 ], [ 98.493519655042576, 3.595976424522472 ], [ 98.493515343648667, 3.595970300043379 ], [ 98.49345155815621, 3.595879690609674 ], [ 98.493429549608649, 3.595848426724277 ], [ 98.493387772675732, 3.595789081173103 ], [ 98.493339444198583, 3.595720428920362 ], [ 98.4933239872896, 3.595698471733712 ], [ 98.493259342301627, 3.595607861812393 ], [ 98.493249337938281, 3.595594014466005 ], [ 98.493189940254894, 3.595517249236711 ], [ 98.493159226205165, 3.595477554567075 ], [ 98.49311977383833, 3.595426636231414 ], [ 98.49306910771385, 3.595373372513852 ], [ 98.493034336321912, 3.595336014708886 ], [ 98.492978981299729, 3.59528357139899 ], [ 98.49293650181562, 3.59524538626807 ], [ 98.492888850441659, 3.595201846946059 ], [ 98.492832339480429, 3.595154754290277 ], [ 98.492798715946776, 3.595126734563344 ], [ 98.492724199030832, 3.595064120084284 ], [ 98.492708582109714, 3.595050459122458 ], [ 98.492624608581863, 3.594973490638365 ], [ 98.492618451871422, 3.594967699742966 ], [ 98.492529062777649, 3.594882863441033 ], [ 98.492528323158567, 3.594882210390986 ], [ 98.492438192180501, 3.594800849117119 ], [ 98.492428876592101, 3.594792233646429 ], [ 98.492348064243615, 3.594714016914391 ], [ 98.492335213674465, 3.594701607484574 ], [ 98.49225793662562, 3.594626639101885 ], [ 98.492242176496021, 3.594610981664842 ], [ 98.492167809921554, 3.594537640030908 ], [ 98.49215066510682, 3.594520356689949 ], [ 98.492077685296607, 3.594444914074475 ], [ 98.492066860637905, 3.594429736012034 ], [ 98.492003573032562, 3.594339126787164 ], [ 98.491987580663789, 3.594316085309002 ], [ 98.491944899366416, 3.594248520136546 ], [ 98.491903251016026, 3.594157922993556 ], [ 98.491897503175579, 3.594138242588034 ], [ 98.491869045470736, 3.594067330007163 ], [ 98.491817234424317, 3.5939767271854 ], [ 98.491807421773956, 3.593967528104882 ], [ 98.491720562278942, 3.593886099297987 ], [ 98.491717292686019, 3.593883026954281 ], [ 98.491633514998753, 3.593795476781332 ], [ 98.491627169385254, 3.59378810163503 ], [ 98.491555618616061, 3.593704859372907 ], [ 98.491537051605022, 3.593683238456696 ], [ 98.491474731221743, 3.593614240287981 ], [ 98.491446930986896, 3.593583536770472 ], [ 98.491394779177156, 3.59352362172084 ], [ 98.491356812967865, 3.59347917679891 ], [ 98.491315606366442, 3.593433003584407 ], [ 98.491266693590418, 3.593377305543433 ], [ 98.49123756649206, 3.593342386076633 ], [ 98.491176577614439, 3.593269329605134 ], [ 98.491161811086045, 3.593251769841751 ], [ 98.491087820490151, 3.593161154589584 ], [ 98.491086462789312, 3.593159313824569 ], [ 98.491024254741262, 3.593070545164658 ], [ 98.490996358503878, 3.593030315683513 ], [ 98.490961277154511, 3.592979936065926 ], [ 98.490906255243672, 3.592899511009736 ], [ 98.49089928835663, 3.592889327517625 ], [ 98.490837871719719, 3.592798719286805 ], [ 98.490816149766516, 3.592772749769463 ], [ 98.49077908444346, 3.592798686391764 ], [ 98.49072594317883, 3.592828416145818 ], [ 98.490635769244392, 3.592825176080119 ], [ 98.490545606011409, 3.592802643187882 ], [ 98.490529213633451, 3.59279854653154 ], [ 98.490455442784054, 3.592780110287331 ], [ 98.490365279562127, 3.592757577663886 ], [ 98.490275116345984, 3.59273504474671 ], [ 98.49018495313544, 3.592712511836134 ], [ 98.490165975925976, 3.592707769235647 ], [ 98.490094789930367, 3.59268997917284 ], [ 98.49000462673105, 3.592667446230728 ], [ 98.489914463537204, 3.592644913565722 ], [ 98.489824300349113, 3.592622380606985 ], [ 98.48980273764667, 3.592616991804477 ], [ 98.489734137166636, 3.592599847639939 ], [ 98.489643973989615, 3.592577314949999 ], [ 98.48955381081835, 3.592554781966329 ], [ 98.489463647652713, 3.592532248993323 ], [ 98.489439500055695, 3.592526214238744 ], [ 98.489373484492532, 3.592509716259475 ], [ 98.48928332458712, 3.592481338792686 ], [ 98.48922324098784, 3.592435519041091 ], [ 98.489193197253257, 3.592394391439992 ], [ 98.489158972604429, 3.592344909123448 ], [ 98.489103098939097, 3.592255288335465 ], [ 98.489102484992117, 3.592254303570672 ], [ 98.489045997648773, 3.592163698015954 ], [ 98.489013003658982, 3.592110775734394 ], [ 98.488981257620068, 3.59207308782566 ], [ 98.488922879341374, 3.592018514940726 ], [ 98.4888837563457, 3.591982459235957 ], [ 98.488832745758955, 3.591942940420774 ], [ 98.488766759516949, 3.591891819688649 ], [ 98.488742608995807, 3.591873109841806 ], [ 98.488652472246869, 3.59180327924575 ], [ 98.488649762712129, 3.591801180129435 ], [ 98.488562336632896, 3.591731435042945 ], [ 98.48854224407323, 3.59171054588396 ], [ 98.488480326265858, 3.591619937254514 ], [ 98.488472229761001, 3.591607984028688 ], [ 98.488408555150613, 3.591529323084915 ], [ 98.488382111761865, 3.591504561058788 ], [ 98.488346344809287, 3.59152928812055 ], [ 98.488291900088868, 3.591569399332078 ], [ 98.488223498660687, 3.591619792897685 ], [ 98.488201687499114, 3.59163586189017 ], [ 98.488111474896854, 3.59170232448237 ], [ 98.488021295326675, 3.591709479169562 ], [ 98.487973672910158, 3.59171022623662 ], [ 98.487931118955061, 3.591710893791096 ], [ 98.487840942584441, 3.591712308403655 ], [ 98.487750766214816, 3.591713723007241 ], [ 98.4876605898462, 3.591715137601853 ], [ 98.487570407116607, 3.591727960564575 ], [ 98.487480223458022, 3.591742446815731 ], [ 98.487396954849672, 3.591709901646338 ], [ 98.487390068514543, 3.591705456025894 ], [ 98.487299935179536, 3.591629751127632 ], [ 98.48728726193697, 3.591619266047253 ], [ 98.487209805521815, 3.591547483665974 ], [ 98.487178251025071, 3.591528630822078 ], [ 98.487119654855746, 3.591502887405995 ], [ 98.487085251524732, 3.591528578425878 ], [ 98.487029435545523, 3.591581279557044 ], [ 98.486959984098931, 3.591619081650383 ], [ 98.486939232701715, 3.591630152548502 ], [ 98.486849034438265, 3.591670807796197 ], [ 98.486758861819411, 3.591665536562536 ], [ 98.486668690585802, 3.59165778974023 ], [ 98.486578519354879, 3.591650043061185 ], [ 98.486488348126912, 3.591642296060624 ], [ 98.48639817690156, 3.591634549364149 ], [ 98.486308005678993, 3.591626802658958 ], [ 98.486217834459396, 3.591619055632254 ], [ 98.486213234821989, 3.591618660471838 ], [ 98.486127663242399, 3.591611308909633 ], [ 98.486037492028203, 3.591603562178298 ], [ 98.485947320816962, 3.59159581512545 ], [ 98.485857149608336, 3.591588068376685 ], [ 98.485766978402509, 3.591580321619207 ], [ 98.485676813158719, 3.59156192747482 ], [ 98.485586647528748, 3.591544231841108 ], [ 98.485506667921442, 3.591527687597782 ], [ 98.485496482859133, 3.591524829326543 ], [ 98.485406333146003, 3.591478726642271 ], [ 98.485316170343879, 3.591456012196018 ], [ 98.48525208563656, 3.591436969883724 ], [ 98.485226011196517, 3.591426783367528 ], [ 98.485135852409925, 3.591396922905183 ], [ 98.485045680283804, 3.591390880534821 ], [ 98.48495550567803, 3.59138926698609 ], [ 98.484865331429177, 3.591387019514857 ], [ 98.484775157767189, 3.591383728349536 ], [ 98.484684981903953, 3.591384366183154 ], [ 98.484594808148032, 3.591381248636832 ], [ 98.484504640483223, 3.591367275707331 ], [ 98.484414472822252, 3.591353303014684 ], [ 98.484366668849077, 3.591345895011814 ], [ 98.48432430516543, 3.591339330068106 ], [ 98.484234137512473, 3.591325357302941 ], [ 98.484143969863595, 3.591311384394726 ], [ 98.484053795193546, 3.591309924712895 ], [ 98.484006435472622, 3.591345690900015 ], [ 98.48396355945728, 3.59141721824749 ], [ 98.48395370601132, 3.591436234784318 ], [ 98.483902445742416, 3.591526779496848 ], [ 98.483873292239153, 3.591580525407472 ], [ 98.483853330730454, 3.591617325421261 ], [ 98.483794035580516, 3.591707865568369 ], [ 98.483783031052866, 3.591733033317205 ], [ 98.483751860608791, 3.591798415419766 ], [ 98.483739145787851, 3.591888981977712 ], [ 98.483692738148534, 3.591941930824432 ], [ 98.483659732625455, 3.591979510700204 ], [ 98.483602505026411, 3.592044377893978 ], [ 98.483579856709127, 3.592070039150766 ], [ 98.483512272251772, 3.592146170402165 ], [ 98.483499705265189, 3.592160567435508 ], [ 98.483422038494396, 3.592249674542352 ], [ 98.483421192556222, 3.592251096640867 ], [ 98.483366435722104, 3.592341639322785 ], [ 98.483331778240554, 3.592400257322968 ], [ 98.483313601758553, 3.592432183091362 ], [ 98.483273189649907, 3.592522733908381 ], [ 98.483248362360257, 3.592613293572092 ], [ 98.48324147626586, 3.592624953344834 ], [ 98.4831888619089, 3.592703833543338 ], [ 98.483151224806093, 3.59275977653459 ], [ 98.483122334494055, 3.592794369517486 ], [ 98.483060992716617, 3.592860128884779 ], [ 98.483033385697894, 3.592884892746962 ], [ 98.482970768737303, 3.592946036725099 ], [ 98.482945129802175, 3.592975416358761 ], [ 98.482880532409567, 3.593053849276969 ], [ 98.482870568105795, 3.593065947742181 ], [ 98.482796006394324, 3.59315647911718 ], [ 98.482790295073684, 3.59316341369015 ], [ 98.482721444667746, 3.593247010483754 ], [ 98.482700057715647, 3.593272978090995 ], [ 98.482646882926048, 3.593337541841909 ], [ 98.482609819157119, 3.593384634359067 ], [ 98.482575173992245, 3.593428074814067 ], [ 98.482519582243413, 3.593493331202614 ], [ 98.482497879362541, 3.593518604601183 ], [ 98.482429351501835, 3.593591036839523 ], [ 98.482407264978391, 3.59360912680156 ], [ 98.482339142550998, 3.593650048395802 ], [ 98.482248963832959, 3.593655413343809 ], [ 98.482158777240443, 3.593674744187559 ], [ 98.482095773029741, 3.593608949533943 ], [ 98.482068654841413, 3.593580241323259 ], [ 98.482009762232948, 3.593518326825765 ], [ 98.481978532667057, 3.593485372818721 ], [ 98.481922926733816, 3.593427703642127 ], [ 98.481888408185782, 3.593394626581131 ], [ 98.481827443076, 3.593337075527284 ], [ 98.481798280525794, 3.593309546080913 ], [ 98.481731438400601, 3.593246447108194 ], [ 98.481708152882632, 3.593224465574037 ], [ 98.481635433744316, 3.59315581868155 ], [ 98.481618025002959, 3.593139834011411 ], [ 98.481537174052505, 3.593065188962442 ], [ 98.481527896262421, 3.593056757281891 ], [ 98.481437766747604, 3.592975081359965 ], [ 98.481437189634292, 3.592974558252457 ], [ 98.48134763726155, 3.592893383314741 ], [ 98.481337206488575, 3.592883927534887 ], [ 98.481257507783667, 3.592811699610932 ], [ 98.481237201506275, 3.592793296796566 ], [ 98.481167378334405, 3.592729993989387 ], [ 98.481137238832986, 3.592702666074059 ], [ 98.481077248899567, 3.592648291681986 ], [ 98.481037249941039, 3.592612035328299 ], [ 98.480987119455648, 3.592566634223104 ], [ 98.480937241119349, 3.592521404562867 ], [ 98.480896989928723, 3.592485152422448 ], [ 98.480836685912976, 3.592430773477438 ], [ 98.480806860410752, 3.592403683533901 ], [ 98.480736965035234, 3.592340142859629 ], [ 98.480716731136852, 3.5923218115214 ], [ 98.480637055317644, 3.592249512125807 ], [ 98.480626601850076, 3.59223999108578 ], [ 98.480537444007552, 3.592158881554015 ], [ 98.480536472678168, 3.592157996343242 ], [ 98.480446342306777, 3.592078151634345 ], [ 98.480435167587387, 3.592068249452632 ], [ 98.480356212197194, 3.59199787220991 ], [ 98.480333543926065, 3.591977617715196 ], [ 98.480266083186947, 3.591915677583962 ], [ 98.480234808059009, 3.591886987618187 ], [ 98.480175954346279, 3.591833212097828 ], [ 98.480135591570402, 3.59179635723862 ], [ 98.480085825526643, 3.591750738432359 ], [ 98.480036667636782, 3.591705727018017 ], [ 98.47999569661846, 3.591668450200834 ], [ 98.479937027018153, 3.591615096379865 ], [ 98.479905567633395, 3.591586326714885 ], [ 98.479837834595529, 3.591524465989589 ], [ 98.47981543875251, 3.591504048058434 ], [ 98.479738281271153, 3.591433835384912 ], [ 98.479725309705245, 3.591422092185855 ], [ 98.479638170709634, 3.591343204453505 ], [ 98.479635180469828, 3.591340497361616 ], [ 98.479545051250653, 3.591258902567938 ], [ 98.479538068671587, 3.591252573518654 ], [ 98.479454922131112, 3.591177160552522 ], [ 98.479438519285054, 3.591161942891494 ], [ 98.479364794375428, 3.591093039693374 ], [ 98.479341548075382, 3.591071313730562 ], [ 98.479274666056909, 3.59100994163642 ], [ 98.4792424528775, 3.590980683347021 ], [ 98.479184537141577, 3.590927925947591 ], [ 98.479142643788052, 3.590890052546958 ], [ 98.479094407995859, 3.590846345552706 ], [ 98.479042489721706, 3.590799421541255 ], [ 98.479004278279888, 3.590765799837909 ], [ 98.478939085849447, 3.59070878866746 ], [ 98.478914147945375, 3.5906863735275 ], [ 98.478837595777634, 3.59061815688012 ], [ 98.47882401789127, 3.590606480648456 ], [ 98.478733886480967, 3.590529007443123 ], [ 98.47873215940723, 3.590527522825067 ], [ 98.478643756408403, 3.59044920298462 ], [ 98.478629766968055, 3.590436890503525 ], [ 98.478553626069157, 3.590369896785578 ], [ 98.478526753220251, 3.59034625781743 ], [ 98.47846349573355, 3.590290612085258 ], [ 98.478403942862712, 3.590346187479483 ], [ 98.478373270362553, 3.590378836178427 ], [ 98.47832330998051, 3.590436714983855 ], [ 98.478283035708628, 3.590483385521152 ], [ 98.478245178789706, 3.590527243912079 ], [ 98.478192801039285, 3.590587925116952 ], [ 98.478167037607818, 3.590617772825448 ], [ 98.478102566348966, 3.590692464700565 ], [ 98.478088896410213, 3.590708301729677 ], [ 98.4780123316377, 3.590797004271989 ], [ 98.478010755196905, 3.590798830624765 ], [ 98.477932573211874, 3.590889359487341 ], [ 98.477922096930996, 3.590901498921327 ], [ 98.477854400153447, 3.590979888345896 ], [ 98.477831862195643, 3.591006007103303 ], [ 98.477776243849931, 3.591070417204922 ], [ 98.477741627426582, 3.591110537753324 ], [ 98.477698104336369, 3.591160946064444 ], [ 98.477651392695407, 3.591214964829774 ], [ 98.477620026266564, 3.591251474950088 ], [ 98.477561158712149, 3.59131803944793 ], [ 98.477538473921953, 3.591342001832687 ], [ 98.47747093199969, 3.591408290626473 ], [ 98.477446241964316, 3.591432522575116 ], [ 98.47738070623619, 3.591496841990318 ], [ 98.477354009600091, 3.591523043305135 ], [ 98.477290480455139, 3.591585393739506 ], [ 98.477261777618509, 3.591613564023192 ], [ 98.477200254656765, 3.591673945477028 ], [ 98.477169545431025, 3.591704084728951 ], [ 98.477110028841167, 3.591762497010583 ], [ 98.477077313400969, 3.591794605422622 ], [ 98.477019803008133, 3.59185104871298 ], [ 98.476985081352794, 3.591885126104096 ], [ 98.476929577157961, 3.591939600077457 ], [ 98.476892848959352, 3.591975646773192 ], [ 98.476839351290252, 3.592028151768308 ], [ 98.476800616887218, 3.592066167430288 ], [ 98.47674912540522, 3.592116703447492 ], [ 98.476708384547848, 3.592156688075048 ], [ 98.476658899502979, 3.592205254863738 ], [ 98.476616295720973, 3.592247208790151 ], [ 98.476568673501291, 3.592293950436694 ], [ 98.4765241240612, 3.592337729445459 ], [ 98.476478447261968, 3.592383032542562 ], [ 98.476434883993093, 3.592428251775138 ], [ 98.476388217225235, 3.592478746771488 ], [ 98.476353150284808, 3.592518778412519 ], [ 98.476297982355675, 3.592582905446613 ], [ 98.476274906051444, 3.592609307048229 ], [ 98.476207747176019, 3.592687571344637 ], [ 98.476197051813173, 3.592699835899259 ], [ 98.4761182327142, 3.592790364185729 ], [ 98.476117512567626, 3.592791198736133 ], [ 98.47603901569866, 3.592880892233795 ], [ 98.476027278110507, 3.592894524494127 ], [ 98.475960116254853, 3.592971420455392 ], [ 98.475937043434911, 3.592998196932269 ], [ 98.475881444322397, 3.59306194879874 ], [ 98.475846809413, 3.593100687424127 ], [ 98.475800236005753, 3.593152475671598 ], [ 98.475756576831088, 3.593200618994434 ], [ 98.475711441183861, 3.593242998163198 ], [ 98.475666353954423, 3.593283514641892 ], [ 98.475617545240937, 3.593333517703423 ], [ 98.475576126639879, 3.593374154619004 ], [ 98.475505484658669, 3.59342402675973 ], [ 98.47548591441614, 3.593438338540538 ], [ 98.475398614128153, 3.593514538791469 ], [ 98.475395694121516, 3.59351663143757 ], [ 98.475305504504988, 3.593541199184351 ], [ 98.475242530326284, 3.5936050224227 ], [ 98.475215276767841, 3.593632474693005 ], [ 98.475156563360116, 3.593695546475912 ], [ 98.475125045781667, 3.593729403640866 ], [ 98.475081484012904, 3.593786076800577 ], [ 98.475034802158191, 3.593848406154091 ], [ 98.475025329928954, 3.593876618038248 ], [ 98.47503162599709, 3.59396719531188 ], [ 98.475034708897553, 3.594011548490683 ], [ 98.475037921832637, 3.594057772585338 ], [ 98.475044217909272, 3.594148349858894 ], [ 98.475034617263532, 3.594171838091613 ], [ 98.475005673676691, 3.594238901253593 ], [ 98.474953287133658, 3.594329444655277 ], [ 98.474944342663662, 3.594344904018803 ], [ 98.474900900579414, 3.594419988052243 ], [ 98.47485407778062, 3.594500915195721 ], [ 98.474848514013971, 3.594510531444494 ], [ 98.474796127437344, 3.594601074832024 ], [ 98.474763818816484, 3.594646521636534 ], [ 98.474712529733381, 3.594691600189322 ], [ 98.474673595230712, 3.594730243388758 ], [ 98.474634129329431, 3.594782128538589 ], [ 98.474583351644242, 3.594848885395011 ], [ 98.474565265998251, 3.594872662388675 ], [ 98.474496402652946, 3.594963196231368 ], [ 98.474493108033371, 3.594967527628927 ], [ 98.474427539293515, 3.595053730066665 ], [ 98.474402864398343, 3.595086169699863 ], [ 98.474358675601323, 3.595144263894383 ], [ 98.474312620739113, 3.595204811639252 ], [ 98.474289812213655, 3.595234797714888 ], [ 98.474222390507236, 3.595299967848795 ], [ 98.474144295076144, 3.595325287204027 ], [ 98.474132198188741, 3.595328908963212 ], [ 98.474042002644936, 3.595363471386703 ], [ 98.473951807095446, 3.595398033811629 ], [ 98.473905644811481, 3.595415722787586 ], [ 98.473861611540443, 3.595432595941796 ], [ 98.473771415979613, 3.595467158346771 ], [ 98.473681220413113, 3.595501720727793 ], [ 98.473669635872085, 3.595506159830296 ], [ 98.473591020002871, 3.595544719386016 ], [ 98.473516644111939, 3.59559664487647 ], [ 98.473500804801461, 3.595613492097335 ], [ 98.473431535524625, 3.595687169207341 ], [ 98.473410574060196, 3.595709329104391 ], [ 98.473345708123205, 3.595777693111239 ], [ 98.473320344032516, 3.595803889454943 ], [ 98.473258061529123, 3.595868215950435 ], [ 98.473230114537841, 3.595897488502236 ], [ 98.473173019702983, 3.595958740287792 ], [ 98.473139883518286, 3.59599371167128 ], [ 98.473085139076957, 3.596049262969299 ], [ 98.473049655402562, 3.596084844064983 ], [ 98.472995929012399, 3.596139784868944 ], [ 98.472959426726234, 3.596176921417705 ], [ 98.47290799775304, 3.596230307498496 ], [ 98.472869197120701, 3.596270584901479 ], [ 98.472820791815266, 3.59632083053742 ], [ 98.472778967497746, 3.596364246499776 ], [ 98.472733576602892, 3.596411353559888 ], [ 98.472688737861489, 3.596457899030211 ], [ 98.472646362806131, 3.596501876572098 ], [ 98.472598508205834, 3.596551553089814 ], [ 98.472559150203239, 3.596592399573919 ], [ 98.472531828484662, 3.596682957319491 ], [ 98.472513913647163, 3.59677352052217 ], [ 98.472508188155743, 3.596802423375205 ], [ 98.472495993903649, 3.596864083720947 ], [ 98.472478110757152, 3.596954646939912 ], [ 98.472460240293088, 3.597045210165188 ], [ 98.472442329916575, 3.597135773366247 ], [ 98.472424378848729, 3.597226336542634 ], [ 98.472417749342426, 3.597259730507404 ], [ 98.472406268680217, 3.597316899625606 ], [ 98.472388049936583, 3.597407462644481 ], [ 98.472369792216384, 3.597498025639652 ], [ 98.47235149492009, 3.597588588610769 ], [ 98.472333156407004, 3.597679151556874 ], [ 98.472327315623531, 3.597707968400724 ], [ 98.472314864162868, 3.597769714528765 ], [ 98.472296525563436, 3.597860277472658 ], [ 98.472278094705615, 3.59795084036189 ], [ 98.47223697186179, 3.59799965094624 ], [ 98.472201473979865, 3.598041369452242 ], [ 98.472146736128323, 3.598103494190593 ], [ 98.47212132954941, 3.598131896486624 ], [ 98.472056502307481, 3.598203978284312 ], [ 98.47203994826161, 3.598222422792742 ], [ 98.47196626870155, 3.598304054189233 ], [ 98.471958317411236, 3.598312948943989 ], [ 98.471897681299779, 3.598403487288649 ], [ 98.471966170847622, 3.598474025365223 ], [ 98.471985549978399, 3.59849411194473 ], [ 98.47205629309768, 3.598567435801479 ], [ 98.472073017822353, 3.598584736361774 ], [ 98.472146414417935, 3.598662493432655 ], [ 98.472158238336505, 3.598675359467067 ], [ 98.472236532157126, 3.598763806127506 ], [ 98.472238579961186, 3.598765979732405 ], [ 98.472326656355236, 3.598853927558118 ], [ 98.472329359451706, 3.598856606055597 ], [ 98.472416781201645, 3.598942952929471 ], [ 98.472420977315196, 3.59894723285907 ], [ 98.47250690629383, 3.599031581532804 ], [ 98.472513072485683, 3.599037859932945 ], [ 98.472597033683996, 3.599116244993796 ], [ 98.472609857667749, 3.599128489722905 ], [ 98.472687159983863, 3.599202833640522 ], [ 98.472704175936201, 3.59921911807318 ], [ 98.472777283185707, 3.5992948402769 ], [ 98.472792480099486, 3.599309742925631 ], [ 98.472867408490387, 3.599383220432738 ], [ 98.472885127900597, 3.599400370292581 ], [ 98.472957533938384, 3.599471381583748 ], [ 98.47297719546826, 3.599490997315926 ], [ 98.473047676908337, 3.599529084928199 ], [ 98.47313782430102, 3.599579112595261 ], [ 98.473142251908129, 3.599581666673487 ], [ 98.47322797410736, 3.599624957883458 ], [ 98.473318123975645, 3.59967071269815 ], [ 98.473321381908207, 3.599672344166753 ], [ 98.473408270325137, 3.599722611447151 ], [ 98.473450550958589, 3.599762992666112 ], [ 98.473498393705739, 3.599814526648956 ], [ 98.473534682185786, 3.599853615044526 ], [ 98.473588519413397, 3.599902420420539 ], [ 98.473629584060433, 3.599944243659969 ], [ 98.473677760454422, 3.600034845189725 ], [ 98.473678618868405, 3.600036072666958 ], [ 98.473727857927074, 3.600125447831421 ], [ 98.473768696562757, 3.600207676468282 ], [ 98.473776511950106, 3.600216049635198 ], [ 98.473840759896007, 3.600306660473004 ], [ 98.473858792968869, 3.600346732031349 ], [ 98.473908094453918, 3.6003066994848 ], [ 98.473949011958652, 3.600272221508328 ], [ 98.474007642252388, 3.60021618353791 ], [ 98.474039237479673, 3.600186302467016 ], [ 98.474096331723857, 3.60012566128906 ], [ 98.474129467553198, 3.600092417773409 ], [ 98.47418384189136, 3.600035138345998 ], [ 98.474219698077093, 3.599997715392114 ], [ 98.474284680355282, 3.599944623107143 ], [ 98.474309910572345, 3.599934422042882 ], [ 98.47440008742052, 3.599933287212624 ], [ 98.474490264269903, 3.599932152171304 ], [ 98.47458044112021, 3.599931017357073 ], [ 98.474670617971654, 3.599929882489235 ], [ 98.474760794824135, 3.59992874765349 ], [ 98.474850971677824, 3.599927612590379 ], [ 98.474941148532523, 3.59992647768496 ], [ 98.475031345031354, 3.5998910382487 ], [ 98.475121528494299, 3.599878358525499 ], [ 98.475211678089977, 3.599924842726212 ], [ 98.475239078833894, 3.599945175071504 ], [ 98.475301816132628, 3.599991530634441 ], [ 98.475377259462334, 3.600035828536783 ], [ 98.47539196035946, 3.600047435536368 ], [ 98.475434513625203, 3.600126435243254 ], [ 98.475459901594974, 3.600217023541847 ], [ 98.475481994448572, 3.600295854332719 ], [ 98.475485289568553, 3.60030761184029 ], [ 98.475510677545955, 3.600398200138577 ], [ 98.47553606552718, 3.600488788436714 ], [ 98.475561566363567, 3.600579376799876 ], [ 98.475571994420051, 3.600603976708864 ], [ 98.475599152532624, 3.600669972142618 ], [ 98.475639067291652, 3.600760568829478 ], [ 98.475662051280793, 3.600812736747841 ], [ 98.475678982116619, 3.600851165515597 ], [ 98.475718501522863, 3.600941761972603 ], [ 98.475747245703602, 3.601032352207023 ], [ 98.475752092922605, 3.601048165109156 ], [ 98.475775035329164, 3.601122941890016 ], [ 98.475795321228048, 3.601213527240148 ], [ 98.475828996074014, 3.601304120320832 ], [ 98.47584210627673, 3.601333119769972 ], [ 98.475869953646679, 3.601394717605761 ], [ 98.475910911149853, 3.601485314889806 ], [ 98.475932168708198, 3.601532336303586 ], [ 98.475951868598017, 3.601575912172976 ], [ 98.47599282611877, 3.601666509455344 ], [ 98.476022231173829, 3.601731552816279 ], [ 98.476033783690497, 3.601757106736897 ], [ 98.476074741269301, 3.601847704017611 ], [ 98.476112293673765, 3.601930769111708 ], [ 98.476115698855168, 3.601938301297484 ], [ 98.476140430521681, 3.602028889211844 ], [ 98.476132298232173, 3.602119458158406 ], [ 98.476112153116972, 3.602176595952095 ], [ 98.476097657277393, 3.602210011803338 ], [ 98.476052981143795, 3.602300559652603 ], [ 98.476046833711408, 3.602391129742118 ], [ 98.476039836615868, 3.602481699340694 ], [ 98.476030428351763, 3.602572267546727 ], [ 98.476021742725948, 3.602585651707744 ], [ 98.475970307517557, 3.60266280647016 ], [ 98.475931487225694, 3.602723780211888 ], [ 98.475911952203845, 3.602753346407317 ], [ 98.475908207033029, 3.6028439178799 ], [ 98.475904462094064, 3.602934489352315 ], [ 98.475910219480724, 3.603025066312676 ], [ 98.475931046777248, 3.603115651976826 ], [ 98.475931262571891, 3.603116458220982 ], [ 98.475955292941052, 3.60320623961547 ], [ 98.475979539326886, 3.603296827254117 ], [ 98.476003785497866, 3.603387414892511 ], [ 98.476021246780093, 3.603452653074545 ], [ 98.476028031688912, 3.603478002530791 ], [ 98.476040991699179, 3.603568583651171 ], [ 98.476021157517167, 3.603608678208945 ], [ 98.475992950215144, 3.603659129540739 ], [ 98.475942326607381, 3.60374967393465 ], [ 98.475940625822446, 3.603840246586199 ], [ 98.475952780942478, 3.603930827241645 ], [ 98.475947123005128, 3.604021397606987 ], [ 98.475930720602136, 3.604063603377187 ], [ 98.475911931327332, 3.604111950909746 ], [ 98.475876739765383, 3.60420250421001 ], [ 98.475841548259439, 3.604293057507745 ], [ 98.475840410959862, 3.604295983958647 ], [ 98.475806356745437, 3.604383610802916 ], [ 98.475771165223378, 3.60447416409552 ], [ 98.475750101264225, 3.604528364947083 ], [ 98.475735973693247, 3.604564717385562 ], [ 98.475700782155059, 3.604655270673034 ], [ 98.475665590608799, 3.604745823957943 ], [ 98.475659791515582, 3.604760745787801 ], [ 98.475630398846732, 3.604836377240164 ], [ 98.475595207184099, 3.604926930519882 ], [ 98.475569486465702, 3.604984831185335 ], [ 98.475553280522234, 3.605017479902381 ], [ 98.475569434019405, 3.605076386334031 ], [ 98.475584480861272, 3.605108071570578 ], [ 98.47565573289873, 3.605198686396852 ], [ 98.475659537451691, 3.605204345648153 ], [ 98.475703541925682, 3.605289287666063 ], [ 98.475748012584802, 3.605379887003992 ], [ 98.475749608129959, 3.605389539530249 ], [ 98.47576574567465, 3.605470470883896 ], [ 98.475764779456455, 3.605561043953371 ], [ 98.475839653450777, 3.605619072010637 ], [ 98.475929816163472, 3.605643640705704 ], [ 98.475957200081737, 3.605651728807517 ], [ 98.476019979315822, 3.605667451972634 ], [ 98.476110146255209, 3.605684656900569 ], [ 98.476200310994557, 3.60570571441863 ], [ 98.476290474097979, 3.605729640553584 ], [ 98.476353933772018, 3.605742531641646 ], [ 98.476380640887612, 3.605747133357719 ], [ 98.476470807339254, 3.605765225289542 ], [ 98.476560972620945, 3.605785371451861 ], [ 98.476651138774884, 3.605804001199244 ], [ 98.476741305071059, 3.605822390744079 ], [ 98.476795454946355, 3.605833360158536 ], [ 98.4768314713682, 3.605840787100294 ], [ 98.476921635893717, 3.605862291991379 ], [ 98.477011800377994, 3.605883878580016 ], [ 98.477101964867657, 3.605905465314744 ], [ 98.477183988571298, 3.605924157920781 ], [ 98.477192129988737, 3.605925956236563 ], [ 98.477282296206383, 3.60594453633114 ], [ 98.477372467055559, 3.605955013959874 ], [ 98.47744055436236, 3.605924305825793 ], [ 98.477462667432363, 3.605913777576828 ], [ 98.477552864559399, 3.605878222061178 ], [ 98.477643056750864, 3.605851304390623 ], [ 98.477712564193936, 3.605833888899273 ], [ 98.477733246628972, 3.605828433754112 ], [ 98.477823437434807, 3.605803931152685 ], [ 98.477913628237175, 3.605779428265345 ], [ 98.478003819035834, 3.605754925520261 ], [ 98.478045848243113, 3.605743507157232 ], [ 98.478094009830826, 3.605730422831852 ], [ 98.478184197136727, 3.605712034017686 ], [ 98.478274364402481, 3.605728799715359 ], [ 98.478364536595009, 3.605736928351553 ], [ 98.47845473009184, 3.605707672766353 ], [ 98.478544924741087, 3.605676386205893 ], [ 98.478610679867302, 3.605653258453446 ], [ 98.478635119617437, 3.605644692095488 ], [ 98.478725313824526, 3.605614164181995 ], [ 98.478815511377476, 3.60557775144406 ], [ 98.478839336694207, 3.605562816231221 ], [ 98.478905726373668, 3.60551068665885 ], [ 98.478968455539047, 3.605472316757371 ], [ 98.478995934198835, 3.605456198945772 ], [ 98.479086141117293, 3.605403287150839 ], [ 98.479176312489827, 3.605412834456698 ], [ 98.479266456716928, 3.605470105855636 ], [ 98.479270209456658, 3.605472490089384 ], [ 98.479356600956038, 3.605527377322893 ], [ 98.479412899735209, 3.605563145698447 ], [ 98.479446745207213, 3.605584648782758 ], [ 98.479532995136523, 3.605653788320069 ], [ 98.479536878825741, 3.605660641036371 ], [ 98.479576132868772, 3.605744386762124 ], [ 98.479591614862201, 3.605834969330551 ], [ 98.479622519879229, 3.605925560750875 ], [ 98.479626892455229, 3.605947710063496 ], [ 98.479642056394908, 3.60601614564626 ], [ 98.47966247376867, 3.606106731047146 ], [ 98.479670790862528, 3.606197309503444 ], [ 98.479688450513123, 3.606287893321623 ], [ 98.479700689206211, 3.606378474028618 ], [ 98.479716784826692, 3.606448146838698 ], [ 98.47972274539778, 3.60646906037001 ], [ 98.479729878387829, 3.606559638146807 ], [ 98.479722433978068, 3.606650207557192 ], [ 98.47972822184272, 3.606740784561808 ], [ 98.479736305486654, 3.606831362884039 ], [ 98.479739045690408, 3.606921938139341 ], [ 98.479743153890553, 3.607012514179723 ], [ 98.47974748996802, 3.607103090350825 ], [ 98.479806546471764, 3.607178626595999 ], [ 98.479896747382043, 3.607136546212773 ], [ 98.479964878494442, 3.607103215101522 ], [ 98.479986949449156, 3.607092417544591 ], [ 98.480077151669661, 3.607048005362117 ], [ 98.480151310979039, 3.607012748358124 ], [ 98.480167352942914, 3.607005246792812 ], [ 98.480257552980916, 3.606964649802884 ], [ 98.480347752507583, 3.606924940866606 ], [ 98.480353991413921, 3.60692229088568 ], [ 98.480437950394034, 3.606888108663672 ], [ 98.480528148742678, 3.606850451381405 ], [ 98.480558895295246, 3.606831834636063 ], [ 98.480618360684986, 3.606788833652205 ], [ 98.480708551106417, 3.606765118264209 ], [ 98.480798724207048, 3.606771923459235 ], [ 98.48088889576357, 3.606781455107398 ], [ 98.480979067323261, 3.60679098674686 ], [ 98.481069238886093, 3.606800518377622 ], [ 98.481159417434313, 3.6067977359145 ], [ 98.481249585886474, 3.606812763557758 ], [ 98.481309813222779, 3.606832264632808 ], [ 98.481339747641485, 3.606839613960361 ], [ 98.481429893046879, 3.606895324915246 ], [ 98.481484539151069, 3.606922938304132 ], [ 98.48152004864852, 3.606933062395639 ], [ 98.481610200776132, 3.606976946804332 ], [ 98.481669938983359, 3.607013618050472 ], [ 98.481700350165283, 3.607025682616578 ], [ 98.481790499773226, 3.607074050670113 ], [ 98.48183022094473, 3.607104283404907 ], [ 98.481880641508326, 3.607136340038247 ], [ 98.481959258658094, 3.607194930878138 ], [ 98.481970780604897, 3.607203312466038 ], [ 98.482035238962879, 3.607194974301847 ], [ 98.482050700397693, 3.607104409422381 ], [ 98.482061064039684, 3.607015330533114 ], [ 98.482061235372612, 3.607013841726996 ], [ 98.482071513969586, 3.606923273884518 ], [ 98.482091073065646, 3.606832711343931 ], [ 98.482107695815571, 3.606742147124599 ], [ 98.482130303553504, 3.606651586323433 ], [ 98.482151489540797, 3.606576235608689 ], [ 98.482155770761892, 3.606561027154322 ], [ 98.482208838575119, 3.606470483748511 ], [ 98.482241737953601, 3.606449952216163 ], [ 98.482292807235112, 3.606470531704592 ], [ 98.482331895417431, 3.606484404407301 ], [ 98.482422051149399, 3.606521932615379 ], [ 98.482512207181685, 3.606558944683909 ], [ 98.482517888079414, 3.606561233937144 ], [ 98.482602366644869, 3.60658990347737 ], [ 98.482692522478317, 3.606627295858345 ], [ 98.482748540437342, 3.606651939299165 ], [ 98.482782677342499, 3.606666418034656 ], [ 98.482872834238108, 3.606701961021728 ], [ 98.482932461831567, 3.606742617954308 ], [ 98.482962943363844, 3.606822061279229 ], [ 98.482965836576724, 3.606833210719831 ], [ 98.482989343058961, 3.606923797856336 ], [ 98.483012850007356, 3.607014384992988 ], [ 98.483036356959204, 3.607104972129523 ], [ 98.483052920055911, 3.607176604919644 ], [ 98.483056727158711, 3.607195557476917 ], [ 98.483052901320733, 3.607209764363708 ], [ 98.483032339790554, 3.607286117296316 ], [ 98.483000215320317, 3.607376672700707 ], [ 98.482977905634996, 3.607467233701994 ], [ 98.482962545209958, 3.607526635097992 ], [ 98.482954813477889, 3.607557794255505 ], [ 98.482933414738724, 3.607648355773773 ], [ 98.482920700954807, 3.607738922246248 ], [ 98.482915262217233, 3.60782949286917 ], [ 98.482919592856945, 3.607920069066272 ], [ 98.482902817155349, 3.608010633219383 ], [ 98.482872065060619, 3.608062782515297 ], [ 98.482822942305887, 3.608101161360246 ], [ 98.482872024891563, 3.60813383502235 ], [ 98.482962203529311, 3.608131163350126 ], [ 98.483052393553308, 3.608108345677754 ], [ 98.483142574190055, 3.608102135407487 ], [ 98.483153528865301, 3.608101349980322 ], [ 98.483232755427522, 3.608094861866717 ], [ 98.483250465893605, 3.608101405266023 ], [ 98.483322914289801, 3.608127200566636 ], [ 98.483413086829614, 3.608135334180385 ], [ 98.48350324375015, 3.608171134173632 ], [ 98.483556177253902, 3.608192153287801 ], [ 98.483593400678799, 3.608206934158896 ], [ 98.483683550998748, 3.608254456180884 ], [ 98.483722772961087, 3.608282821960367 ], [ 98.483773691357044, 3.608319646731933 ], [ 98.483848110720146, 3.608373467104982 ], [ 98.483863831729153, 3.608384836640903 ], [ 98.483953972114435, 3.60845002708243 ], [ 98.483973448097217, 3.608464112235429 ], [ 98.484044136135196, 3.608473343676482 ], [ 98.484134317236581, 3.608466387028268 ], [ 98.484151071167204, 3.608464213379949 ], [ 98.484224522584768, 3.608416433103844 ], [ 98.484314703145827, 3.608410426826024 ], [ 98.484404872702356, 3.608423942062287 ], [ 98.484495049316649, 3.608424942049411 ], [ 98.484585237374404, 3.60840563754154 ], [ 98.484675425114418, 3.608386892390228 ], [ 98.484765600944726, 3.60838928494683 ], [ 98.48485576137189, 3.608419028866316 ], [ 98.484943286254421, 3.608464664069753 ], [ 98.484945912086161, 3.608466033170123 ], [ 98.48503606281065, 3.608513037466244 ], [ 98.485117189534193, 3.608555336666358 ], [ 98.485126214641383, 3.60855809477158 ], [ 98.48521637313732, 3.60859132787464 ], [ 98.485306524123985, 3.608637918080217 ], [ 98.485319044201589, 3.608646025113252 ], [ 98.485396687124151, 3.608663175503802 ], [ 98.485486855065972, 3.608679659913843 ], [ 98.485577020151183, 3.608701230883269 ], [ 98.485667182561357, 3.608727568145118 ], [ 98.485757356026454, 3.608734256149404 ], [ 98.485776039564314, 3.608736858370562 ], [ 98.485847528306323, 3.608743056973525 ], [ 98.485937703740973, 3.608746250587185 ], [ 98.486027880391262, 3.608747284513086 ], [ 98.48611710182881, 3.608737051888038 ], [ 98.486118063632091, 3.60873659189731 ], [ 98.486208264911014, 3.608693789611145 ], [ 98.486298456379032, 3.608668440964739 ], [ 98.486388644728379, 3.608648638837559 ], [ 98.486394966586374, 3.60864663567878 ], [ 98.486478838003023, 3.608620059979403 ], [ 98.486569017021623, 3.608616867708626 ], [ 98.48665919955431, 3.608607415780483 ], [ 98.486749384604977, 3.608593475845849 ], [ 98.48683956044944, 3.608595941146646 ], [ 98.486929737614673, 3.608596055223088 ], [ 98.487019891801665, 3.608637139124619 ], [ 98.48705976541676, 3.60864701230087 ], [ 98.487110056809513, 3.608658943823068 ], [ 98.487200208955258, 3.608703697570924 ], [ 98.487264747819594, 3.608737702115281 ], [ 98.487290359384332, 3.608751530842503 ], [ 98.487380511815942, 3.608795809978363 ], [ 98.487470690698927, 3.608792907830373 ], [ 98.487560867421081, 3.608793863296633 ], [ 98.487651044771397, 3.608793700104631 ], [ 98.487741226458013, 3.608785797486902 ], [ 98.48783141283748, 3.608769514639239 ], [ 98.487921599812623, 3.608752164386089 ], [ 98.488006388571236, 3.608738121536939 ], [ 98.488011785476075, 3.608737153255886 ], [ 98.488101979140154, 3.608707845059927 ], [ 98.488192170596363, 3.608682473917229 ], [ 98.488282363561623, 3.608654398805258 ], [ 98.48830383299196, 3.608647715779989 ], [ 98.488372556522705, 3.608626323357345 ], [ 98.48846274864492, 3.60859973983774 ], [ 98.488552918892424, 3.608612266256856 ], [ 98.48864310051367, 3.608604456863623 ], [ 98.488695352602647, 3.608557363011553 ], [ 98.488733313201351, 3.608541072767086 ], [ 98.488823511868461, 3.608502753590464 ], [ 98.488909053537512, 3.608466909775458 ], [ 98.488913710322748, 3.608464803574458 ], [ 98.489003910361006, 3.608424006904576 ], [ 98.489094110359304, 3.608383269140976 ], [ 98.489184285087575, 3.608387766381526 ], [ 98.489274459716739, 3.608392444976 ], [ 98.489364634427901, 3.608396980592292 ], [ 98.489454817251186, 3.608386987235733 ], [ 98.48949342113265, 3.608376665401535 ], [ 98.489545008329813, 3.60836220041239 ], [ 98.489635199677366, 3.608336924999023 ], [ 98.489725391047003, 3.608311603138488 ], [ 98.489815493075895, 3.608286272985007 ], [ 98.489815582431405, 3.608286247904575 ], [ 98.489815744716083, 3.608286273126695 ], [ 98.489905754209829, 3.608296042064767 ], [ 98.489995891186993, 3.608368255466275 ], [ 98.49000587290881, 3.608376953984897 ], [ 98.490086024569052, 3.608446943693983 ], [ 98.490109694860706, 3.60846758624285 ], [ 98.490176158003706, 3.608525565973232 ], [ 98.490213616132209, 3.608558218547529 ], [ 98.490266291487245, 3.608604128872693 ], [ 98.490317746660736, 3.608648850960749 ], [ 98.490356425038499, 3.608682598601722 ], [ 98.490421968552582, 3.608739483416133 ], [ 98.490446558717778, 3.608760866879425 ], [ 98.490526086560948, 3.608830115803857 ], [ 98.490536692302655, 3.608839332881031 ], [ 98.490626826050999, 3.608917533694116 ], [ 98.490630531887874, 3.608920748366396 ], [ 98.490716959528896, 3.60899624841807 ], [ 98.490733948202859, 3.609011380341184 ], [ 98.490807091820315, 3.609077122383267 ], [ 98.490835067452295, 3.609102011015811 ], [ 98.490895535244476, 3.609192618836435 ], [ 98.490897203726433, 3.609194641135229 ], [ 98.490980903531906, 3.609283240647066 ], [ 98.490987325939429, 3.609293684310413 ], [ 98.491061484028961, 3.609373859761865 ], [ 98.49107744412224, 3.609400003163865 ], [ 98.491120757491174, 3.609464466901588 ], [ 98.491167556961969, 3.609515960189735 ], [ 98.491199628896155, 3.609555085047772 ], [ 98.491257673851266, 3.609624678794529 ], [ 98.491289680689391, 3.609645709468532 ], [ 98.491336191371659, 3.609736309430967 ], [ 98.491347782018948, 3.60974911197762 ], [ 98.491434735037359, 3.609826938610516 ], [ 98.491437912665717, 3.609833175357344 ], [ 98.491528065232714, 3.609877855129868 ], [ 98.491618232569834, 3.609895990375936 ], [ 98.491651481237284, 3.609917634134555 ], [ 98.491618204727004, 3.609946061780463 ], [ 98.491536793250972, 3.610008143598714 ], [ 98.491527989036825, 3.610014857413107 ], [ 98.491437773333658, 3.610083652919772 ], [ 98.49142271651948, 3.610098653388216 ], [ 98.4913791133676, 3.610189202742399 ], [ 98.491367638918547, 3.61027977013877 ], [ 98.491356164465955, 3.610370337534496 ], [ 98.491349959769806, 3.610460907889605 ], [ 98.491426427497245, 3.610551524679262 ], [ 98.491437505772424, 3.610564599273565 ], [ 98.491503208444556, 3.610642141640314 ], [ 98.491527628740059, 3.610662609871754 ], [ 98.491581459516354, 3.610732759422286 ], [ 98.491616676853482, 3.6108233530388 ], [ 98.491617716204232, 3.610824487276223 ], [ 98.491707845445632, 3.610911294836172 ], [ 98.491710428707464, 3.610913979516206 ], [ 98.49179798759171, 3.610974924779953 ], [ 98.491888170916624, 3.610964507002687 ], [ 98.491978363178802, 3.610938008533183 ], [ 98.492068538280989, 3.610942381280108 ], [ 98.492158710326905, 3.610952258376398 ], [ 98.492248884815183, 3.610957744786378 ], [ 98.492339061709259, 3.610958904019589 ], [ 98.49242923776562, 3.610961574406446 ], [ 98.492519413823601, 3.610964245086844 ], [ 98.492609590959816, 3.610964976728655 ], [ 98.492699765222198, 3.610970888550328 ], [ 98.492789935006741, 3.610984873753965 ], [ 98.492880105190196, 3.610998147137797 ], [ 98.492926794574942, 3.611005235392463 ], [ 98.492970275156495, 3.611011818908541 ], [ 98.4930604452111, 3.611025338563754 ], [ 98.493150615383271, 3.611038653236271 ], [ 98.493240785279681, 3.611052472210216 ], [ 98.493330955510061, 3.611065695891152 ], [ 98.493421125424092, 3.611079497204865 ], [ 98.493511295640573, 3.611092759894588 ], [ 98.493533876739718, 3.61109614904947 ], [ 98.493601465723444, 3.611106270676685 ], [ 98.493691635395649, 3.611120529746766 ], [ 98.49378180537893, 3.611134234489837 ], [ 98.493871974795411, 3.61114896984626 ], [ 98.493962144174773, 3.611163779694455 ], [ 98.494001545868215, 3.611186984411468 ], [ 98.494052289498853, 3.61122204969858 ], [ 98.494121745838058, 3.611277625458408 ], [ 98.494142427166835, 3.611294173701872 ], [ 98.494232564849426, 3.611366297838715 ], [ 98.494235020360335, 3.611368262623672 ], [ 98.494322702546796, 3.611438421798484 ], [ 98.494348295075838, 3.611458899777848 ], [ 98.494412840258761, 3.611510545894918 ], [ 98.494461569736828, 3.611549536920799 ], [ 98.494502977985505, 3.611582669840526 ], [ 98.494573135450679, 3.611640173098414 ], [ 98.494593107669203, 3.611669362722381 ], [ 98.494624293242666, 3.611730775542817 ], [ 98.494670299176931, 3.61182137510961 ], [ 98.494683187213084, 3.611846755704491 ], [ 98.494716304866557, 3.611911974675029 ], [ 98.494762310958166, 3.612002574239436 ], [ 98.494773266787817, 3.612024149702774 ], [ 98.494808316517648, 3.612093173802311 ], [ 98.494854322692191, 3.612183773364292 ], [ 98.494863346385571, 3.61220155887488 ], [ 98.494900288075087, 3.61227437290227 ], [ 98.494946097128263, 3.612364972351781 ], [ 98.494952026544112, 3.612455549547025 ], [ 98.494952950947322, 3.612546123949231 ], [ 98.494953309800849, 3.612589192863274 ], [ 98.494953706116192, 3.612636698256841 ], [ 98.494953282041081, 3.612639407012419 ], [ 98.494936378343922, 3.612727262472631 ], [ 98.49487390345169, 3.612817801488823 ], [ 98.49486299691867, 3.61283360733848 ], [ 98.494811428682027, 3.612908340498854 ], [ 98.49479197406437, 3.612998903521289 ], [ 98.494832617060126, 3.613089500094469 ], [ 98.494862812503456, 3.613167097185277 ], [ 98.494867016864973, 3.613180093181644 ], [ 98.494864328342786, 3.613270665564516 ], [ 98.494862725358047, 3.613324677056373 ], [ 98.494861640280291, 3.613361237947382 ], [ 98.494858952367764, 3.613451810330069 ], [ 98.494856264144559, 3.61354238271232 ], [ 98.494849359174111, 3.613632952740018 ], [ 98.494826615589602, 3.613723513923771 ], [ 98.494803872097137, 3.613814075106192 ], [ 98.494781128553967, 3.6139046362872 ], [ 98.494772207077062, 3.613940160339085 ], [ 98.494758385079834, 3.613995197466862 ], [ 98.494735641495595, 3.614085758645079 ], [ 98.494712897981373, 3.614176319821949 ], [ 98.494690154414471, 3.614266880997405 ], [ 98.494681837699858, 3.614286251079566 ], [ 98.49464906122644, 3.614357431920568 ], [ 98.494607078105489, 3.614447982343321 ], [ 98.49459155174803, 3.614481469910401 ], [ 98.494565094861173, 3.61453853276271 ], [ 98.494523111674312, 3.614629083178833 ], [ 98.494501266023519, 3.614676200121362 ], [ 98.494481117905778, 3.614719633585742 ], [ 98.494438822470215, 3.614810183820734 ], [ 98.494410980729128, 3.614870075884483 ], [ 98.494396726660881, 3.614900734163985 ], [ 98.494345541039536, 3.61499127942197 ], [ 98.494320716667417, 3.615025540757647 ], [ 98.494281438193369, 3.615081817452594 ], [ 98.494230480619208, 3.615130380730609 ], [ 98.494190748716633, 3.615172340607557 ], [ 98.494167933122725, 3.615262901716863 ], [ 98.494158993209751, 3.61535347058624 ], [ 98.494140769805654, 3.615444034262115 ], [ 98.494140128199319, 3.615445187833812 ], [ 98.494099794503683, 3.615534585208837 ], [ 98.494064196243841, 3.615625139160833 ], [ 98.494049836608923, 3.615650114679798 ], [ 98.494012137580484, 3.615715683899693 ], [ 98.493978305057169, 3.615806238833804 ], [ 98.49395955108686, 3.615844013567133 ], [ 98.493928381154703, 3.615896784759516 ], [ 98.493874899952715, 3.61598732868967 ], [ 98.49386928830414, 3.615996829208435 ], [ 98.493821418583707, 3.616077872614893 ], [ 98.493779025489289, 3.616149644080781 ], [ 98.493767937203259, 3.616168416535275 ], [ 98.493714455726391, 3.616258960450771 ], [ 98.493688764289274, 3.61629948950197 ], [ 98.493656470737307, 3.616349501839211 ], [ 98.493602491525181, 3.616440045465907 ], [ 98.493598505565345, 3.616444815351333 ], [ 98.493510808217508, 3.616530567964853 ], [ 98.493508278220673, 3.616533548365746 ], [ 98.493440804265859, 3.61662110259981 ], [ 98.493418037403657, 3.616646518751134 ], [ 98.493352867912222, 3.616711627177172 ], [ 98.493327809238252, 3.61673666198821 ], [ 98.49326002006832, 3.616802148990141 ], [ 98.493237583392798, 3.616822595703327 ], [ 98.49315388668208, 3.616892663341718 ], [ 98.493147363294113, 3.616898153146227 ], [ 98.493057143212908, 3.616973652923249 ], [ 98.493045532262627, 3.616983176432067 ], [ 98.492976364891561, 3.61707371148797 ], [ 98.492966899663401, 3.617091359321741 ], [ 98.492941415870618, 3.617164265732761 ], [ 98.492931081528781, 3.61725483378423 ], [ 98.492923470221427, 3.617345403362799 ], [ 98.492918502272758, 3.617435974423953 ], [ 98.492893578265154, 3.617526534287958 ], [ 98.492876469987408, 3.61754388165275 ], [ 98.49280069024978, 3.617617056011501 ], [ 98.492786242660245, 3.617632252510792 ], [ 98.492708269449679, 3.617707577984978 ], [ 98.492696016309907, 3.617718835446983 ], [ 98.492625798792872, 3.617798105532526 ], [ 98.492605783362436, 3.617817248865904 ], [ 98.492542334209489, 3.617888632511947 ], [ 98.492515547858801, 3.617920221696071 ], [ 98.492468625409117, 3.61797916496028 ], [ 98.492425308854067, 3.618029449342524 ], [ 98.492390639969983, 3.618069694998079 ], [ 98.492345879625489, 3.618160243692852 ], [ 98.492335047635692, 3.618178550281223 ], [ 98.492293948353606, 3.618250788354952 ], [ 98.492249009578771, 3.618341336941707 ], [ 98.492244774670269, 3.61834869644788 ], [ 98.492196907082487, 3.618431881498847 ], [ 98.492154509063667, 3.618505560192486 ], [ 98.492144803711213, 3.618522426050853 ], [ 98.492154491578319, 3.618536963296904 ], [ 98.492188313331084, 3.618613024340855 ], [ 98.492244599719669, 3.618662959252271 ], [ 98.492266953349969, 3.618703642372334 ], [ 98.492250095000173, 3.618794206734733 ], [ 98.492244514600827, 3.618815847816502 ], [ 98.49222545998461, 3.618884766725457 ], [ 98.492208984157159, 3.618975331300674 ], [ 98.492193243895301, 3.619065896288408 ], [ 98.492173876124582, 3.619156459236114 ], [ 98.492154110865783, 3.619220642706011 ], [ 98.492145988792217, 3.619247017393226 ], [ 98.492118101384563, 3.61933757554847 ], [ 98.492090213961575, 3.619428133701887 ], [ 98.492063769100227, 3.619514007586649 ], [ 98.492062326579372, 3.619518691853504 ], [ 98.492034439257196, 3.619609250003335 ], [ 98.492006551959648, 3.619699808151358 ], [ 98.491978664256649, 3.619790366297331 ], [ 98.491973418532098, 3.619823044501484 ], [ 98.491964282721597, 3.619880932038482 ], [ 98.491956122755866, 3.619971501278469 ], [ 98.491946917924523, 3.620062069930214 ], [ 98.491937467278063, 3.620152638443145 ], [ 98.491931098316272, 3.620243208689199 ], [ 98.491924971373308, 3.620333779071005 ], [ 98.491925102066688, 3.620424352973009 ], [ 98.491936570470401, 3.620514933253558 ], [ 98.491947719076848, 3.620605513354183 ], [ 98.49188275786635, 3.620688283811614 ], [ 98.491866070807419, 3.62069604124176 ], [ 98.491792548485762, 3.620743683595118 ], [ 98.491726417249666, 3.620786536471361 ], [ 98.491702337390365, 3.620802140170717 ], [ 98.49161212628411, 3.620860596784549 ], [ 98.491586763687266, 3.620877031675272 ], [ 98.491547004066931, 3.620967583109918 ], [ 98.491560066577989, 3.621058164287511 ], [ 98.491611967491394, 3.62114528326636 ], [ 98.491614167923714, 3.621148768573356 ], [ 98.491663436669086, 3.621239370136459 ], [ 98.491702057823929, 3.621303433975331 ], [ 98.491718706926989, 3.621329975076778 ], [ 98.491762100537812, 3.621420573329346 ], [ 98.491787714066845, 3.621511161572208 ], [ 98.491792111864427, 3.621526715360328 ], [ 98.491813327684369, 3.621601749814932 ], [ 98.491839386306935, 3.621692338307957 ], [ 98.491869755845414, 3.621782929227297 ], [ 98.491882131655956, 3.621811485977919 ], [ 98.491908887214066, 3.621873525077883 ], [ 98.49194856546022, 3.621964121235482 ], [ 98.491972194597494, 3.622018944999825 ], [ 98.491987612408792, 3.622054717036979 ], [ 98.492026658688317, 3.622145312837326 ], [ 98.492054868162327, 3.622235902538661 ], [ 98.492062214763806, 3.62230319740037 ], [ 98.492064756743403, 3.622326481929961 ], [ 98.492100294707186, 3.622417075754967 ], [ 98.492141297882881, 3.622507672654601 ], [ 98.492152265936326, 3.622531906863627 ], [ 98.492182300735152, 3.622598269553161 ], [ 98.492223303952315, 3.622688866451029 ], [ 98.49224233370289, 3.622730912594507 ], [ 98.492264307390414, 3.622779463348128 ], [ 98.492305310874244, 3.622870060244355 ], [ 98.492332401504783, 3.62292991692585 ], [ 98.492346314288056, 3.622960657139648 ], [ 98.492387317491065, 3.623051254033927 ], [ 98.492422469492709, 3.623128649346071 ], [ 98.492428464271484, 3.623141851008066 ], [ 98.49243355592597, 3.62323242770195 ], [ 98.492422398303631, 3.623256404742357 ], [ 98.492391418773039, 3.623322977829157 ], [ 98.492349281582804, 3.623413527953018 ], [ 98.492332111410718, 3.623450425502567 ], [ 98.492307144332756, 3.62350407807352 ], [ 98.492265007220354, 3.623594628190773 ], [ 98.49224182447476, 3.623644446331256 ], [ 98.492222869951576, 3.623685178304611 ], [ 98.492180732720982, 3.623775728415141 ], [ 98.492151537495872, 3.623838467047473 ], [ 98.49213859553295, 3.623866278522371 ], [ 98.492096458236091, 3.623956828626212 ], [ 98.49206125047391, 3.624032487890709 ], [ 98.492054321076864, 3.624047378726804 ], [ 98.492012183761275, 3.624137928823978 ], [ 98.49197096340913, 3.624226508409151 ], [ 98.491970046437814, 3.624228478917821 ], [ 98.491927909249, 3.624319029008413 ], [ 98.491885771905302, 3.624409579095589 ], [ 98.491880676301179, 3.624420529214898 ], [ 98.491843634638954, 3.624500129179481 ], [ 98.491801497336837, 3.624590679260024 ], [ 98.491790389150282, 3.624614549928823 ], [ 98.491759359965059, 3.624681229337201 ], [ 98.491717222730898, 3.624771779411124 ], [ 98.491700101956354, 3.624808570665704 ], [ 98.491675085340376, 3.624862329481634 ], [ 98.491632947978161, 3.624952879548828 ], [ 98.491609814719496, 3.625002591244589 ], [ 98.491590810678247, 3.62504342961273 ], [ 98.491548673259615, 3.625133979673235 ], [ 98.491519527439664, 3.625196611777163 ], [ 98.491506535852778, 3.625224529730418 ], [ 98.491464398541268, 3.625315079784326 ], [ 98.491429240116702, 3.625390632468117 ], [ 98.491422261083173, 3.625405629834821 ], [ 98.491380123705468, 3.625496179882032 ], [ 98.491338952750738, 3.625584653136505 ], [ 98.491337986318399, 3.625586729925908 ], [ 98.491295848845141, 3.625677279966404 ], [ 98.491253711507923, 3.625767830003647 ], [ 98.491248665341743, 3.625778673804091 ], [ 98.491211574014358, 3.625858380037472 ], [ 98.491169436529404, 3.625948930067971 ], [ 98.49115837788986, 3.625972694215762 ], [ 98.491111260964303, 3.626039471043808 ], [ 98.4910681395437, 3.626078818651258 ], [ 98.491009455368214, 3.626129987385942 ], [ 98.490977916531463, 3.626157487169361 ], [ 98.490916846882996, 3.626220508906443 ], [ 98.490887675265228, 3.62626876041323 ], [ 98.490868787067839, 3.62631105557172 ], [ 98.490848338457553, 3.626401617825977 ], [ 98.490815048602329, 3.626492172826724 ], [ 98.49079735644267, 3.626518605987063 ], [ 98.490750399645691, 3.626582710112223 ], [ 98.490707110251705, 3.626638568987506 ], [ 98.49067523365251, 3.626673241449491 ], [ 98.49061689052202, 3.626711215242894 ], [ 98.490541149874829, 3.626763739484596 ], [ 98.490526676860426, 3.626772998057157 ], [ 98.49043646106071, 3.626838578462771 ], [ 98.490414983561138, 3.62685424197137 ], [ 98.49034624509865, 3.626904426592043 ], [ 98.490290620627192, 3.626944745456446 ], [ 98.490256029823968, 3.626969025420007 ], [ 98.49016581732495, 3.627028648620893 ], [ 98.490155839688498, 3.627035243028452 ], [ 98.490075604814848, 3.6270882717572 ], [ 98.490018009009603, 3.627125738850938 ], [ 98.489985393205842, 3.62714626747271 ], [ 98.489895184188185, 3.627199621749183 ], [ 98.489867108343816, 3.627216227251608 ], [ 98.48980497516078, 3.627252976015066 ], [ 98.489715404406297, 3.627306715167848 ], [ 98.489714765693165, 3.627307097786596 ], [ 98.489624556605676, 3.627360524209877 ], [ 98.489562626816323, 3.627397202446101 ], [ 98.48953434745377, 3.627414048055978 ], [ 98.48944413237308, 3.62747811959145 ], [ 98.489431323269088, 3.627487701858469 ], [ 98.489353916335688, 3.62754387414561 ], [ 98.489303614984721, 3.62757820328498 ], [ 98.489263702589568, 3.627605525017966 ], [ 98.489176124777529, 3.627668704813225 ], [ 98.489173486857965, 3.627670691448912 ], [ 98.48908326955447, 3.627738634883575 ], [ 98.489055948848858, 3.627759210466312 ], [ 98.488993051938593, 3.627807111421192 ], [ 98.488956396206618, 3.627849727794389 ], [ 98.488911723657679, 3.627940276233151 ], [ 98.488902787790011, 3.627958388596105 ], [ 98.488867050915729, 3.628030824668151 ], [ 98.488817145338132, 3.628121370131229 ], [ 98.488812512867099, 3.628128781161232 ], [ 98.488760773558411, 3.628211911921582 ], [ 98.48872225093146, 3.6282760022237 ], [ 98.488706382654954, 3.628302454830579 ], [ 98.488652068088371, 3.6283929977779 ], [ 98.488631987137481, 3.628426473021022 ], [ 98.488597753664806, 3.628483540720316 ], [ 98.48854343904199, 3.628574083657636 ], [ 98.488541723311414, 3.62857694380456 ], [ 98.488489124595191, 3.628664626590069 ], [ 98.488451459453202, 3.62872741467031 ], [ 98.488434809949126, 3.628755169517405 ], [ 98.488380495479078, 3.628845712439856 ], [ 98.488361195562874, 3.628877885532167 ], [ 98.488326180809779, 3.628936255357209 ], [ 98.488271866316467, 3.629026798269674 ], [ 98.488270931640443, 3.629028356380233 ], [ 98.488217551623919, 3.629117341177041 ], [ 98.488180667685967, 3.629178827114012 ], [ 98.488163237107372, 3.629207884079519 ], [ 98.488108922391575, 3.6292984269769 ], [ 98.488090403699388, 3.629329297828611 ], [ 98.488054607851765, 3.629388969869396 ], [ 98.488000293112719, 3.629479512756788 ], [ 98.488000139680707, 3.629479768529417 ], [ 98.487945978549661, 3.629570055639294 ], [ 98.487909875629853, 3.629630239321438 ], [ 98.487891663825224, 3.629660598516719 ], [ 98.487837349201072, 3.629751141389216 ], [ 98.487819611546897, 3.629780710100551 ], [ 98.487783034491528, 3.629841684256674 ], [ 98.48773278937422, 3.629932229433644 ], [ 98.487729342888898, 3.629939243827142 ], [ 98.487689132554806, 3.630022778353597 ], [ 98.487645545555367, 3.630113327309737 ], [ 98.487639057838081, 3.6301268050886 ], [ 98.487601958618384, 3.63020387626239 ], [ 98.487558371859961, 3.630294425211629 ], [ 98.487548772745512, 3.630314366889375 ], [ 98.487514785399625, 3.630384974157517 ], [ 98.487470765929217, 3.630475522853454 ], [ 98.487458488558431, 3.630500249196237 ], [ 98.487425573488565, 3.630566070878202 ], [ 98.487368229218774, 3.630641998538556 ], [ 98.48735300169146, 3.630656603313606 ], [ 98.487278001029495, 3.630728468995101 ], [ 98.487258533049356, 3.630747123273543 ], [ 98.487187772830879, 3.630814925745235 ], [ 98.487164064347141, 3.630837643220689 ], [ 98.487097544615253, 3.63090138243519 ], [ 98.487069595626224, 3.630928163155062 ], [ 98.487007316382574, 3.630987839113496 ], [ 98.48697512688662, 3.631018683076663 ], [ 98.486917088132756, 3.631074295924826 ], [ 98.486880658274686, 3.631109202985577 ], [ 98.486826859865985, 3.631160752569257 ], [ 98.486786189596813, 3.63119972288169 ], [ 98.48673663158209, 3.631247209313988 ], [ 98.486691720801133, 3.631290242764974 ], [ 98.486646403281199, 3.631333665945685 ], [ 98.486597251986765, 3.631380762635482 ], [ 98.486556174963269, 3.631420122565728 ], [ 98.486502783153711, 3.631471282493217 ], [ 98.486465946628215, 3.631506579265942 ], [ 98.48640831439063, 3.631561802338225 ], [ 98.486375718276193, 3.631593035852105 ], [ 98.486313845676975, 3.631652322170497 ], [ 98.486285489703732, 3.63167985218688 ], [ 98.486219710776496, 3.631742842180504 ], [ 98.486195225941771, 3.63182887539293 ], [ 98.486192361341864, 3.63183340029711 ], [ 98.486195220699884, 3.631838146245151 ], [ 98.486246934393478, 3.631924005167891 ], [ 98.486268053652637, 3.632014590945962 ], [ 98.486284488654505, 3.632105174050777 ], [ 98.48628524744062, 3.632108389633913 ], [ 98.486304878476204, 3.632195759412469 ], [ 98.486322552837663, 3.632286343224494 ], [ 98.486342153660786, 3.632376928135835 ], [ 98.486363203014577, 3.632467513873722 ], [ 98.486375193703594, 3.632521069515379 ], [ 98.486391739021116, 3.632558103883647 ], [ 98.486465316021494, 3.632622394012929 ], [ 98.486491324925098, 3.632648734432221 ], [ 98.486532905789304, 3.632739331882509 ], [ 98.486553248036429, 3.632829917215707 ], [ 98.486555373443338, 3.632838579921384 ], [ 98.48657627619086, 3.632920504081095 ], [ 98.486606342329864, 3.633011094961275 ], [ 98.486608623430953, 3.633101669990999 ], [ 98.486621229442321, 3.633192250910722 ], [ 98.486627439838983, 3.633282828181907 ], [ 98.486633649894316, 3.633373405452854 ], [ 98.486639860369422, 3.633463982723988 ], [ 98.486645155981506, 3.633541223213298 ], [ 98.486646070351981, 3.633554559994796 ], [ 98.486652280854713, 3.633645137265852 ], [ 98.48665849088222, 3.63373571453659 ], [ 98.486664701306395, 3.633826291807508 ], [ 98.486670911412347, 3.633916869078193 ], [ 98.48667712196, 3.634007446349085 ], [ 98.486693401055319, 3.634098029364416 ], [ 98.486714742341903, 3.634188615267841 ], [ 98.486734923643752, 3.634270298662715 ], [ 98.48673712352759, 3.634279201764456 ], [ 98.48675972960821, 3.634369788389271 ], [ 98.486782331947111, 3.634460375011843 ], [ 98.48680500403681, 3.634550961674096 ], [ 98.48682489987678, 3.634630455695829 ], [ 98.486827676167323, 3.634641548336263 ], [ 98.486850348399031, 3.634732134998376 ], [ 98.486873020428177, 3.634822721660262 ], [ 98.48689569233548, 3.634913308321968 ], [ 98.486914876531387, 3.634989959659888 ], [ 98.486918364263261, 3.635003894983575 ], [ 98.486941036160061, 3.635094481645055 ], [ 98.486963708279745, 3.635185068306548 ], [ 98.486986380531434, 3.635275654968006 ], [ 98.487004853239142, 3.63534946240087 ], [ 98.487009052765799, 3.635366241629345 ], [ 98.487031724912626, 3.635456828290522 ], [ 98.487054397062792, 3.635547414951589 ], [ 98.487077069216284, 3.635638001612548 ], [ 98.487094829999521, 3.635708964868748 ], [ 98.487099741373115, 3.635728588273397 ], [ 98.487122413533271, 3.635819174934136 ], [ 98.487145085696753, 3.635909761594766 ], [ 98.487167757779716, 3.636000348255238 ], [ 98.48718480681238, 3.636068467334903 ], [ 98.487190430061403, 3.636090934915714 ], [ 98.487213102346416, 3.636181521576078 ], [ 98.487235774442865, 3.636272108236225 ], [ 98.487258446403473, 3.63636269489618 ], [ 98.487274783677734, 3.636427969799331 ], [ 98.487281118778853, 3.636453281556262 ], [ 98.487312045014392, 3.636543872922834 ], [ 98.487364875881681, 3.636583384067678 ], [ 98.487455058470786, 3.636578812605772 ], [ 98.487545241269814, 3.636573870033759 ], [ 98.487635423917794, 3.636569195457629 ], [ 98.487725607315923, 3.636563192533836 ], [ 98.487815790348819, 3.636557836920387 ], [ 98.48790597341727, 3.636552418612855 ], [ 98.487996157433017, 3.636545321570596 ], [ 98.488010429739887, 3.636544270888669 ], [ 98.48808634113901, 3.636538773358087 ], [ 98.488176524621494, 3.636532621395139 ], [ 98.488266708104248, 3.63652646902427 ], [ 98.48835689229378, 3.636519063049009 ], [ 98.488447077125002, 3.636510518280283 ], [ 98.488537261845238, 3.636502169637136 ], [ 98.48862744575527, 3.636495258188271 ], [ 98.488717628976104, 3.636489569893281 ], [ 98.488807811130272, 3.636485775580093 ], [ 98.488897993294884, 3.636481963610946 ], [ 98.488988175569162, 3.636477957740918 ], [ 98.489078357922978, 3.636473811437528 ], [ 98.489168541269109, 3.636467902943796 ], [ 98.48925872508913, 3.636461152502955 ], [ 98.489348168317562, 3.636454457907385 ], [ 98.489348908908838, 3.636454402475995 ], [ 98.489439092728702, 3.636447652016679 ], [ 98.489529276548438, 3.636440901611935 ], [ 98.489619460367948, 3.636434151493454 ], [ 98.48970964418757, 3.636427401006427 ], [ 98.489799828007023, 3.636420650669292 ], [ 98.48989001165404, 3.636414206975924 ], [ 98.489980195085394, 3.636408147000295 ], [ 98.490070378348619, 3.636402386337709 ], [ 98.490160561608121, 3.636396632517682 ], [ 98.490250744875667, 3.636390864591373 ], [ 98.490340928124922, 3.636385129391046 ], [ 98.490431111388119, 3.636379369608833 ], [ 98.490521294839752, 3.636373274341685 ], [ 98.490611478842382, 3.636366197400129 ], [ 98.49063167997349, 3.636364612179769 ], [ 98.49070166284487, 3.636359120464213 ], [ 98.490791846742624, 3.636352229899162 ], [ 98.490882032429539, 3.636342149660555 ], [ 98.490958232546831, 3.636274223331164 ], [ 98.490972270415398, 3.636238818053897 ], [ 98.490994136161987, 3.636183669872606 ], [ 98.490972348153534, 3.636100205040329 ], [ 98.490970809706198, 3.636093082884034 ], [ 98.490972357656645, 3.636083259884844 ], [ 98.490985081437685, 3.636002517178819 ], [ 98.490979161845431, 3.635911940043741 ], [ 98.490972457918886, 3.635904475982268 ], [ 98.490925280328312, 3.635821335758879 ], [ 98.490882366184209, 3.635747124510952 ], [ 98.490870485893112, 3.63573073095528 ], [ 98.490834479307708, 3.635640136786973 ], [ 98.490846290681034, 3.635549569691026 ], [ 98.490880073627721, 3.63545901503255 ], [ 98.490882531462276, 3.635452426868523 ], [ 98.490913856688749, 3.635368460371741 ], [ 98.490947639685004, 3.635277905708498 ], [ 98.490972847145613, 3.635210337444595 ], [ 98.490981422602644, 3.635187351042815 ], [ 98.491053073210978, 3.635096817802615 ], [ 98.491063094812873, 3.635089485948694 ], [ 98.491153311715408, 3.635023482900911 ], [ 98.491176779175177, 3.635006314003178 ], [ 98.491243528369466, 3.634957900957111 ], [ 98.491332942033679, 3.634915828538091 ], [ 98.491333732025893, 3.634915497122102 ], [ 98.491423933119094, 3.634877656129665 ], [ 98.491514131901752, 3.6348439293295 ], [ 98.491604297342761, 3.634869738952033 ], [ 98.491645973004708, 3.634916005503141 ], [ 98.491694418646304, 3.634974398872155 ], [ 98.491730338573475, 3.635006626975438 ], [ 98.49178453227303, 3.635092809529153 ], [ 98.491787554387287, 3.635097233102146 ], [ 98.491874659721674, 3.635186564656275 ], [ 98.491876087212106, 3.635187856919404 ], [ 98.491964793993162, 3.635268160425737 ], [ 98.491976201435222, 3.635278487271988 ], [ 98.492054928280893, 3.635349756529234 ], [ 98.492076315307557, 3.635369117615852 ], [ 98.492145062585081, 3.635431352625832 ], [ 98.492201633943679, 3.635459762182656 ], [ 98.492235184677554, 3.635534810593515 ], [ 98.492240521105145, 3.635550357941082 ], [ 98.492240969546003, 3.635640931996897 ], [ 98.492246868536, 3.635731509130003 ], [ 98.492251379848284, 3.635822085479545 ], [ 98.492325187974643, 3.635850715191781 ], [ 98.492385817543052, 3.635822161375771 ], [ 98.492415392672967, 3.635806553814696 ], [ 98.492505584781711, 3.635784896898007 ], [ 98.49259577663328, 3.635763694498223 ], [ 98.492685965987988, 3.635746954307729 ], [ 98.492776142708664, 3.635752820570489 ], [ 98.492866319431997, 3.63575868641242 ], [ 98.492956496157518, 3.635764552659543 ], [ 98.493046663328343, 3.635787531537364 ], [ 98.493094917605248, 3.635822561362613 ], [ 98.493136806795576, 3.635852970442429 ], [ 98.493219781819946, 3.635913205553482 ], [ 98.493226950276352, 3.635918409450674 ], [ 98.493317093770756, 3.635983848396371 ], [ 98.49334464602461, 3.636003849730313 ], [ 98.493407225659666, 3.63607010527711 ], [ 98.493425019248278, 3.636094468829897 ], [ 98.493467027537676, 3.636185066313269 ], [ 98.493497305107624, 3.636250364590678 ], [ 98.493509035892032, 3.636275663795707 ], [ 98.493551044032429, 3.636366261277054 ], [ 98.493587376778834, 3.636444618451658 ], [ 98.493593052389784, 3.636456858757552 ], [ 98.493635061083623, 3.636547456237268 ], [ 98.493677069443237, 3.636638053715826 ], [ 98.493677448484704, 3.63663887118048 ], [ 98.49371907762432, 3.636728651193311 ], [ 98.493761085825341, 3.636819248669836 ], [ 98.493767520223727, 3.63683312546185 ], [ 98.493857690919285, 3.636850025459197 ] ], [ [ 98.495842850331769, 3.610825716004577 ], [ 98.495856063697147, 3.61081925732285 ], [ 98.495868934703012, 3.610825730527795 ], [ 98.495909992754861, 3.610916327289412 ], [ 98.495855979334181, 3.610972206180434 ], [ 98.495842924024103, 3.610916289947578 ], [ 98.495842850331769, 3.610825716004577 ] ], [ [ 98.491709183300173, 3.608504782555231 ], [ 98.491618995046778, 3.608524511434384 ], [ 98.491528809736053, 3.608538942393982 ], [ 98.49146988976743, 3.608468350684042 ], [ 98.491438682032324, 3.608449768119384 ], [ 98.491360985528502, 3.608377715709858 ], [ 98.491348550810727, 3.6083669512793 ], [ 98.491258382336014, 3.608351141074263 ], [ 98.49120212069991, 3.608287052672689 ], [ 98.491168250234708, 3.60826995465764 ], [ 98.491089374788956, 3.608196415515158 ], [ 98.491078119311894, 3.608186679375954 ], [ 98.49098795761131, 3.608158742297571 ], [ 98.490939112278085, 3.608105757270991 ], [ 98.490897824316932, 3.608079779225638 ], [ 98.490819353688522, 3.608015116146793 ], [ 98.490807688525621, 3.608005330232539 ], [ 98.490717534155536, 3.607964278819597 ], [ 98.490680268684912, 3.607924464147831 ], [ 98.490627400421047, 3.607886184989053 ], [ 98.490556901632175, 3.607833820967504 ], [ 98.490537262180325, 3.607816210722817 ], [ 98.490447124732555, 3.607744838541426 ], [ 98.490445775157937, 3.607743184656331 ], [ 98.490365394400072, 3.607652565624868 ], [ 98.49035700412297, 3.607643267284382 ], [ 98.490305798595656, 3.607561958278097 ], [ 98.490266918859461, 3.607478292478742 ], [ 98.490264036003097, 3.607471360959087 ], [ 98.490229582337278, 3.607380767750143 ], [ 98.490206090311418, 3.607290180706341 ], [ 98.490182603321145, 3.607199593665241 ], [ 98.490181451378206, 3.607109019187067 ], [ 98.490176973290033, 3.607062670578439 ], [ 98.490172815123429, 3.607018440499115 ], [ 98.490160200616458, 3.606927859573526 ], [ 98.490164383928203, 3.606837288095958 ], [ 98.49015015457195, 3.606746706262101 ], [ 98.490159533481943, 3.606656137706383 ], [ 98.490159206495036, 3.606565563691488 ], [ 98.490156194363053, 3.606474988166307 ], [ 98.490151832154524, 3.606384411881753 ], [ 98.490135740173642, 3.606293829000454 ], [ 98.490122612032536, 3.606203247785991 ], [ 98.490104320356821, 3.606112663667572 ], [ 98.49009145285828, 3.60602208259969 ], [ 98.490087388988513, 3.605998763231061 ], [ 98.49007526995922, 3.605931499667222 ], [ 98.490063934800375, 3.605840919461133 ], [ 98.49005115509479, 3.605750338442627 ], [ 98.490042826132921, 3.605659759927218 ], [ 98.490046218786873, 3.605569188003861 ], [ 98.490057606268749, 3.605478620576167 ], [ 98.490087716391329, 3.605411054794908 ], [ 98.490099689102138, 3.605388070408117 ], [ 98.490145981286176, 3.605297522603372 ], [ 98.490177993352546, 3.605231496947629 ], [ 98.490190160182223, 3.605206973606773 ], [ 98.490235242245802, 3.605116425114275 ], [ 98.490268270678115, 3.605051214470484 ], [ 98.490281103715063, 3.605025877056142 ], [ 98.49032696467269, 3.604935328993937 ], [ 98.490358546828304, 3.604872972861037 ], [ 98.49037282548646, 3.604844780927865 ], [ 98.490416325511887, 3.604754231531611 ], [ 98.490448834832975, 3.604673360915451 ], [ 98.490452993593749, 3.604663678293775 ], [ 98.490485707306846, 3.604573122831929 ], [ 98.490518421012339, 3.6044825673678 ], [ 98.490539149812747, 3.604425187547788 ], [ 98.490551134710287, 3.60439201190139 ], [ 98.490583848400661, 3.604301456432697 ], [ 98.490616562083474, 3.604210900961724 ], [ 98.490629465754481, 3.604175182017416 ], [ 98.490649275639726, 3.604120345488402 ], [ 98.490681989110897, 3.604029790012758 ], [ 98.490714702574493, 3.603939234534831 ], [ 98.490719781768107, 3.603924943495972 ], [ 98.490746493221565, 3.603848678536612 ], [ 98.490764290031919, 3.603758114681478 ], [ 98.49081008523315, 3.603697171198857 ], [ 98.490839656361175, 3.60366758313573 ], [ 98.490900300423036, 3.603628113612764 ], [ 98.490984551771774, 3.603577090592422 ], [ 98.490990507569165, 3.603573505746722 ], [ 98.491080706634961, 3.603533421785277 ], [ 98.49117090435108, 3.603495754848038 ], [ 98.491261070861285, 3.603514256850239 ], [ 98.491351238291657, 3.603531110760738 ], [ 98.491441405726476, 3.603547964790384 ], [ 98.491531573165844, 3.603564818811534 ], [ 98.491599069436532, 3.603577435150982 ], [ 98.491621740609745, 3.603581672824189 ], [ 98.491711908058193, 3.603598526828347 ], [ 98.491802075947092, 3.603614595205153 ], [ 98.491892248676962, 3.603621945726548 ], [ 98.491982416690732, 3.6036378033092 ], [ 98.492072579869983, 3.603662385859946 ], [ 98.492091143085062, 3.603668284619387 ], [ 98.492162734632743, 3.603702157552864 ], [ 98.492252887942627, 3.603744565779748 ], [ 98.492283634016616, 3.603758966227773 ], [ 98.492343042363316, 3.603784986941992 ], [ 98.492433200137754, 3.603819373108705 ], [ 98.492523361755602, 3.603846837555035 ], [ 98.492532596157488, 3.603849679390696 ], [ 98.492613523102847, 3.603874802246354 ], [ 98.492703685712158, 3.603900500627307 ], [ 98.492774796784786, 3.603940388711618 ], [ 98.492793834545481, 3.603951083119097 ], [ 98.492847713174996, 3.604031003351474 ], [ 98.492883935071575, 3.604088918148869 ], [ 98.492903718682228, 3.604121608534223 ], [ 98.49296228670552, 3.604212215147233 ], [ 98.492974031959193, 3.604233370284234 ], [ 98.49301097819297, 3.604302816237833 ], [ 98.493064123081496, 3.604388283968393 ], [ 98.493067317737115, 3.604393421601276 ], [ 98.493108762227649, 3.604484018638864 ], [ 98.493154204738786, 3.604560346920072 ], [ 98.493162653983319, 3.604574622631021 ], [ 98.493177093718828, 3.604665204576873 ], [ 98.49315409697607, 3.604755014835308 ], [ 98.49315388182923, 3.604755765482765 ], [ 98.493133148341457, 3.604846327772327 ], [ 98.493136439957155, 3.60493690348798 ], [ 98.493063775263025, 3.605016480959324 ], [ 98.493052625077027, 3.605027430516896 ], [ 98.492973550831096, 3.605102192381033 ], [ 98.492958668526285, 3.605117951865418 ], [ 98.49288332199535, 3.605195823394898 ], [ 98.492870594935781, 3.605208476491223 ], [ 98.492793095080742, 3.605285953578761 ], [ 98.492702929205166, 3.605265906165882 ], [ 98.492612750823653, 3.605268431536434 ], [ 98.492563268975729, 3.605298878447073 ], [ 98.492522536489659, 3.605335812132161 ], [ 98.492463441706903, 3.605389396447838 ], [ 98.492432314142562, 3.605417621426295 ], [ 98.492363615065329, 3.605479914434995 ], [ 98.492432230186736, 3.605569032507677 ], [ 98.49244353135235, 3.605570533034568 ], [ 98.492522403144221, 3.605576340699189 ], [ 98.492612550765543, 3.605629361308683 ], [ 98.492629956276289, 3.605661211231705 ], [ 98.492644132927111, 3.605751793031661 ], [ 98.492634723722475, 3.605842361634055 ], [ 98.492625690686438, 3.605932930446409 ], [ 98.492616945869926, 3.606023499419534 ], [ 98.492614256496864, 3.606114071780988 ], [ 98.492612238428308, 3.606192783900006 ], [ 98.492611934945998, 3.60620464434803 ], [ 98.492609612187266, 3.606295216914148 ], [ 98.492607290029895, 3.60638578948035 ], [ 98.492604968347408, 3.60647636204657 ], [ 98.492601262950117, 3.606566933838052 ], [ 98.492596068513947, 3.606657504795771 ], [ 98.492591248060393, 3.606748075962474 ], [ 98.492586492311133, 3.606838647165057 ], [ 98.492581225280219, 3.606929218081091 ], [ 98.492575958394738, 3.607019788996851 ], [ 98.492570691663076, 3.607110359912339 ], [ 98.492565424929111, 3.607200930827466 ], [ 98.492560158192845, 3.607291501742236 ], [ 98.492554891283476, 3.607382072656554 ], [ 98.492549624253485, 3.607472643570447 ], [ 98.492544357510312, 3.607563214484143 ], [ 98.492539090764851, 3.607653785397481 ], [ 98.492534668768542, 3.607744356783496 ], [ 98.492537042350136, 3.607834931974617 ], [ 98.492541307598501, 3.607925508224939 ], [ 98.492541686990165, 3.608016082299089 ], [ 98.492530505943364, 3.608106649898933 ], [ 98.492520958729457, 3.608180742342117 ], [ 98.492518338471328, 3.608197216945694 ], [ 98.492520933541485, 3.60822614158252 ], [ 98.492526547151115, 3.608287795403943 ], [ 98.492520889627585, 3.608305291405531 ], [ 98.492451488891916, 3.608378327223134 ], [ 98.492430666190018, 3.608388470579697 ], [ 98.492340462798722, 3.608435504179323 ], [ 98.49227774710036, 3.60846880374027 ], [ 98.492250258921004, 3.608483398876506 ], [ 98.492160055034745, 3.608531293563315 ], [ 98.492107341996558, 3.6085592820895 ], [ 98.492069851139959, 3.608579188239755 ], [ 98.491979647372403, 3.608626838482742 ], [ 98.491901750914778, 3.608559166818302 ], [ 98.491889512152767, 3.608551089033409 ], [ 98.491868862009852, 3.60855914837376 ], [ 98.491799315298266, 3.608586291068295 ], [ 98.49177156400998, 3.608559093800739 ], [ 98.491709183300173, 3.608504782555231 ] ], [ [ 98.505326375409737, 3.607751383871425 ], [ 98.505326443140433, 3.607751429527987 ], [ 98.505326374989338, 3.60775216131095 ], [ 98.505326094025818, 3.607751429337421 ], [ 98.505326375409737, 3.607751383871425 ] ] ], [ [ [ 98.526884255374654, 3.614193717283741 ], [ 98.526965693996544, 3.614112933116068 ], [ 98.526975517481645, 3.614103190694016 ], [ 98.527055918633721, 3.614023492854988 ], [ 98.527066837400398, 3.614012664122747 ], [ 98.527146143228322, 3.613934100710762 ], [ 98.527158205677964, 3.613922137564976 ], [ 98.527236367806879, 3.613844705515011 ], [ 98.52724957084672, 3.613831610993792 ], [ 98.527326592368851, 3.613755308262198 ], [ 98.527340859944616, 3.613741084371082 ], [ 98.527416816954997, 3.613665830210743 ], [ 98.527432120193239, 3.613650557721532 ], [ 98.527507041538883, 3.613576322389434 ], [ 98.527523365043621, 3.613560031052182 ], [ 98.527597266112394, 3.6134868005123 ], [ 98.52761459574954, 3.613469504363692 ], [ 98.527687490675589, 3.613397264415207 ], [ 98.527705812150316, 3.613378977655979 ], [ 98.527777715228524, 3.613307713962956 ], [ 98.527797014114213, 3.613288450928984 ], [ 98.527867939495636, 3.613218682336684 ], [ 98.527889111865136, 3.613197924657612 ], [ 98.527958163160733, 3.613130781647119 ], [ 98.527982146413649, 3.613107398862949 ], [ 98.528048386841647, 3.613042816886198 ], [ 98.528075062668663, 3.61301687299443 ], [ 98.528138610365914, 3.612955121860941 ], [ 98.528168459811511, 3.612926347364504 ], [ 98.52822883350683, 3.612868135739302 ], [ 98.528262366537135, 3.612835821987965 ], [ 98.528319056645131, 3.612781121550519 ], [ 98.528356297492252, 3.612745296611687 ], [ 98.528409279646354, 3.612694339776354 ], [ 98.528450235340159, 3.612654771226632 ], [ 98.528499502824715, 3.612607181748266 ], [ 98.528543965147165, 3.612564245720833 ], [ 98.528589725949459, 3.612520094432372 ], [ 98.528638313518172, 3.612473720524865 ], [ 98.52867994851168, 3.612434064304999 ], [ 98.528733187963937, 3.612383195590353 ], [ 98.528770171150725, 3.612347852532944 ], [ 98.528827856361076, 3.612292670535988 ], [ 98.528860393783503, 3.612261620105246 ], [ 98.528922837037527, 3.612202145631613 ], [ 98.528950616220911, 3.612175733800487 ], [ 98.529018313958716, 3.612111620972841 ], [ 98.529040838408662, 3.612090299130163 ], [ 98.529113397255486, 3.612021096096567 ], [ 98.529131060884083, 3.612004273764611 ], [ 98.52920810695251, 3.611930571013351 ], [ 98.529221283489363, 3.611917963574504 ], [ 98.529302656441473, 3.611840045834283 ], [ 98.52931150612288, 3.611831565713069 ], [ 98.529395950300895, 3.611749519989948 ], [ 98.529401729389761, 3.611743905042735 ], [ 98.52948996793171, 3.611658994509578 ], [ 98.529491952207422, 3.611657083356175 ], [ 98.529582175067745, 3.61157014565661 ], [ 98.529583915101313, 3.611568468980213 ], [ 98.529672398104239, 3.611482832483216 ], [ 98.52967743512194, 3.611477943216574 ], [ 98.529762622211734, 3.611393404504361 ], [ 98.529768399510431, 3.611387416113271 ], [ 98.529852849794267, 3.611297187229597 ], [ 98.529853153615747, 3.611296885773324 ], [ 98.529852850438687, 3.611295934572615 ], [ 98.529828672996345, 3.611206298702811 ], [ 98.529852921186276, 3.611158407434151 ], [ 98.529914546606747, 3.611115768935139 ], [ 98.529943127812004, 3.611102870229306 ], [ 98.530029232929039, 3.611025254113021 ], [ 98.530033347825793, 3.611021276493747 ], [ 98.530122201855349, 3.610934728003281 ], [ 98.53012357101197, 3.610933480955679 ], [ 98.530213793417431, 3.610847170756954 ], [ 98.530217004225946, 3.610844202832653 ], [ 98.530304012267905, 3.610767745766288 ], [ 98.530318297253743, 3.610753681016234 ], [ 98.530394235228542, 3.610680290513685 ], [ 98.530413142610598, 3.610663155842019 ], [ 98.530484455247077, 3.610598529709101 ], [ 98.530513031040641, 3.610572633269906 ], [ 98.53057467524981, 3.610516768645339 ], [ 98.530612919083168, 3.610482110683809 ], [ 98.530664895236413, 3.610435007984028 ], [ 98.530712807203429, 3.610391588083973 ], [ 98.530755115207384, 3.610353246731987 ], [ 98.530811658483827, 3.610301064933173 ], [ 98.530845336069135, 3.610269718721308 ], [ 98.530898753193682, 3.610210535679168 ], [ 98.530935565332513, 3.610169784424181 ], [ 98.530980628111109, 3.610120003711125 ], [ 98.531025794441163, 3.61007011277777 ], [ 98.531063062267563, 3.610029472022947 ], [ 98.531116022922006, 3.609971626421059 ], [ 98.531145910075494, 3.609938940539092 ], [ 98.531206251548397, 3.609872817852477 ], [ 98.53122812261978, 3.609848408716546 ], [ 98.531296481125167, 3.609772116929148 ], [ 98.531310127508675, 3.609757876776779 ], [ 98.531386707842884, 3.609676954993767 ], [ 98.531395280943272, 3.609667346456233 ], [ 98.531476057527769, 3.609576813861344 ], [ 98.531476937598555, 3.60957582750334 ], [ 98.531557399134869, 3.609486281549191 ], [ 98.531567166986292, 3.609475378656478 ], [ 98.531638033167567, 3.609395748861602 ], [ 98.531657396834973, 3.609373990596956 ], [ 98.531718936508, 3.609305216303794 ], [ 98.531747626776081, 3.609272382424332 ], [ 98.531797031648296, 3.609214682285068 ], [ 98.531837863004128, 3.609158454346953 ], [ 98.53186342003707, 3.609124142207824 ], [ 98.53192810276596, 3.609037577039645 ], [ 98.531931025579524, 3.609033602752702 ], [ 98.531997804374441, 3.608943062863519 ], [ 98.532018343154292, 3.6089154270009 ], [ 98.53206466133544, 3.608852523007886 ], [ 98.532108583724394, 3.608792872691221 ], [ 98.53213486125621, 3.60876198487178 ], [ 98.532198816251935, 3.608685992779268 ], [ 98.532209828847982, 3.608671449189905 ], [ 98.532280894709373, 3.608580911485534 ], [ 98.532289052769499, 3.608571268332047 ], [ 98.532353011321248, 3.608490374315911 ], [ 98.532379289251978, 3.608456566829215 ], [ 98.532426556233119, 3.608399837875575 ], [ 98.532469521681236, 3.608349749214059 ], [ 98.532502244460829, 3.608309302533033 ], [ 98.532559756355568, 3.608238496350826 ], [ 98.532575508081436, 3.608218765931304 ], [ 98.532648444012395, 3.608128229152574 ], [ 98.532649991477342, 3.608126323574391 ], [ 98.532729224832863, 3.608037696411225 ], [ 98.532740220817146, 3.608025425458817 ], [ 98.532812677244323, 3.607947165037763 ], [ 98.532830449281605, 3.607926201829363 ], [ 98.532885846360671, 3.607856628353732 ], [ 98.532920681596678, 3.607819397816244 ], [ 98.532970680224025, 3.60776609767326 ], [ 98.533010908469393, 3.607723213064208 ], [ 98.533055112425103, 3.60767556677553 ], [ 98.533101135945699, 3.607625808126794 ], [ 98.53313457057439, 3.607585033305232 ], [ 98.533191369801557, 3.607515862361098 ], [ 98.533208891068668, 3.607494497179607 ], [ 98.533281603678077, 3.607405832452098 ], [ 98.533283138412202, 3.607403961008126 ], [ 98.53335738575808, 3.607313424828475 ], [ 98.533371837532357, 3.607295802531016 ], [ 98.533431632741056, 3.607222888640466 ], [ 98.53346207136471, 3.607185771973153 ], [ 98.533505879875477, 3.607132352444365 ], [ 98.533552305174481, 3.607075742027913 ], [ 98.533580127009657, 3.607041816240095 ], [ 98.533642538962056, 3.606965711971015 ], [ 98.533654374377235, 3.606951280027775 ], [ 98.533728621217989, 3.606860743807014 ], [ 98.533732772727589, 3.606855681476499 ], [ 98.533803879095629, 3.606770208098053 ], [ 98.533823004988861, 3.606748560049017 ], [ 98.533886861276557, 3.6066796763525 ], [ 98.533913231994859, 3.606651714114269 ], [ 98.533971712658499, 3.606589145557963 ], [ 98.534003458737146, 3.606555348217243 ], [ 98.534029429497167, 3.606498600806264 ], [ 98.534065622009081, 3.606408044987028 ], [ 98.534093748103018, 3.606335936854641 ], [ 98.534099136585738, 3.606317487789047 ], [ 98.534122665895396, 3.606226925457785 ], [ 98.534147679549747, 3.606136363887821 ], [ 98.534124542594611, 3.606045777576151 ], [ 98.53409393654276, 3.60596577019355 ], [ 98.534089242081038, 3.605955185014009 ], [ 98.534045461774909, 3.605864588093525 ], [ 98.534005071618424, 3.605773992914169 ], [ 98.534003857914016, 3.60577136895391 ], [ 98.533913723082037, 3.6056874122466 ], [ 98.533909385278818, 3.605683369312163 ], [ 98.533823588413568, 3.605603167258355 ], [ 98.53381244804855, 3.605592745059236 ], [ 98.533733453997769, 3.605518459097457 ], [ 98.533716440068147, 3.605502121276086 ], [ 98.53365380222094, 3.605411514646741 ], [ 98.533643354388019, 3.605365463545923 ], [ 98.533635189417453, 3.605320930656412 ], [ 98.533618581307522, 3.605230347696973 ], [ 98.533601973052882, 3.605139764737402 ], [ 98.533585364774993, 3.605049181777763 ], [ 98.533568756671571, 3.604958598818157 ], [ 98.533553426753016, 3.604874987250278 ], [ 98.533552148570308, 3.604868015858493 ], [ 98.533535540407726, 3.604777432898744 ], [ 98.533506102642264, 3.604686843340452 ], [ 98.53347301564034, 3.604596251904812 ], [ 98.533465364938223, 3.604505673551989 ], [ 98.533479773047461, 3.60441510654456 ], [ 98.533540059258513, 3.604324563129659 ], [ 98.533553715184809, 3.604308809431108 ], [ 98.533617651732598, 3.604234028606978 ], [ 98.533643946068423, 3.604203861135303 ], [ 98.533698400264001, 3.604143495697818 ], [ 98.533734175331972, 3.60410205320112 ], [ 98.533774849727422, 3.604052960569771 ], [ 98.533738197587653, 3.60396236730985 ], [ 98.53373424813509, 3.603959066449868 ], [ 98.533644109220788, 3.603883489864529 ], [ 98.533630187401954, 3.603871737368857 ], [ 98.533553970421181, 3.603807717985589 ], [ 98.533522210522378, 3.603781107434725 ], [ 98.533463831558649, 3.603732099582416 ], [ 98.533413521654893, 3.603690477124175 ], [ 98.533373692572212, 3.603656754233644 ], [ 98.533306203793089, 3.603599847508453 ], [ 98.533283553804992, 3.603581008542598 ], [ 98.533199377063085, 3.603509218135304 ], [ 98.533193415686185, 3.60350402054465 ], [ 98.533103279206159, 3.603423848139367 ], [ 98.533097502164807, 3.603418591300346 ], [ 98.533013145023688, 3.603339200829605 ], [ 98.533000565090347, 3.603327966997846 ], [ 98.532922998338151, 3.603279105292128 ], [ 98.53283283860695, 3.603244612359492 ], [ 98.532813455060705, 3.603237296263357 ], [ 98.53274267864731, 3.603210582517507 ], [ 98.532652518695357, 3.603176552667414 ], [ 98.532573155965252, 3.60314659809699 ], [ 98.532562358751107, 3.603142522809214 ], [ 98.532472198814546, 3.603108492942904 ], [ 98.532382038885885, 3.603074462691242 ], [ 98.532332857925525, 3.603055899873542 ], [ 98.532291878964728, 3.603040432808717 ], [ 98.532201719051258, 3.603006402918085 ], [ 98.532111559145491, 3.602972373019346 ], [ 98.532092558939425, 3.602965201591986 ], [ 98.532021399247412, 3.6029383431125 ], [ 98.531931239357036, 3.602904313197548 ], [ 98.531870722175867, 3.602874512777099 ], [ 98.531841084595669, 3.602860262336312 ], [ 98.5317509331705, 3.602809703375788 ], [ 98.531701307310541, 3.602783850966999 ], [ 98.531660780365641, 3.602761864123191 ], [ 98.531570620204178, 3.602728431918422 ], [ 98.531480460050261, 3.602694999799099 ], [ 98.53147549850182, 3.602693160016207 ], [ 98.531390299903933, 3.602661567671655 ], [ 98.531300139765193, 3.602628135536093 ], [ 98.531230895858556, 3.602602459307392 ], [ 98.531209979634028, 3.60259470339241 ], [ 98.53111981951065, 3.602561270854801 ], [ 98.531029659394662, 3.602527838694883 ], [ 98.530986294313266, 3.602511758539358 ], [ 98.530939499286262, 3.602494406526845 ], [ 98.530849339185437, 3.60246097435069 ], [ 98.530759179092229, 3.602427542138834 ], [ 98.530741691983806, 3.602421057711137 ], [ 98.530669019006766, 3.602394109588217 ], [ 98.53057885892872, 3.60236067738771 ], [ 98.530497090348064, 3.6023303568235 ], [ 98.530488698858235, 3.602327245179084 ], [ 98.530398538795367, 3.602293812962342 ], [ 98.530308378740116, 3.602260380649329 ], [ 98.530252488574178, 3.602239655876022 ], [ 98.530218218889715, 3.602226563621688 ], [ 98.53012807148508, 3.60216849290544 ], [ 98.530108268241051, 3.602149006842593 ], [ 98.530037940157513, 3.602079101598254 ], [ 98.530017332600011, 3.602058385381925 ], [ 98.529947809212302, 3.60198899930004 ], [ 98.529926402792981, 3.601967763917342 ], [ 98.529857677953174, 3.601899543387434 ], [ 98.529833036671462, 3.601877141183887 ], [ 98.529767543069184, 3.601817185404487 ], [ 98.529726646188891, 3.601786511695546 ], [ 98.529677400622205, 3.601749594507213 ], [ 98.529605690694709, 3.60169587464989 ], [ 98.529587258149405, 3.601682080813556 ], [ 98.529497115643693, 3.601614658077712 ], [ 98.529484514409447, 3.601605237476633 ], [ 98.529406973129255, 3.601547279193647 ], [ 98.529363248966419, 3.601514600243942 ], [ 98.529316828938661, 3.601483190511475 ], [ 98.52922890953991, 3.601423956218297 ], [ 98.529226682942635, 3.601422642019126 ], [ 98.529136533187952, 3.601369433404352 ], [ 98.529075317178709, 3.601333302189227 ], [ 98.529046383444538, 3.601316224692037 ], [ 98.528956233712449, 3.601263015795468 ], [ 98.528931060232949, 3.601242652981942 ], [ 98.528866100940476, 3.601176836931216 ], [ 98.528841236953468, 3.601152032005883 ], [ 98.528775969884748, 3.601087353200787 ], [ 98.528768126420431, 3.601151994061423 ], [ 98.528757202500728, 3.601242562754853 ], [ 98.528746346456302, 3.601333131482924 ], [ 98.528734650962292, 3.601423699774629 ], [ 98.528721749396425, 3.601514267439576 ], [ 98.528708832355804, 3.601604835095792 ], [ 98.528695555077149, 3.601695402564276 ], [ 98.528685445974375, 3.601761776028782 ], [ 98.528683378946724, 3.601785970603786 ], [ 98.528676002806122, 3.60187654113503 ], [ 98.528668802411687, 3.601967111757102 ], [ 98.528661876504799, 3.60205768252129 ], [ 98.52865541409723, 3.602148253525764 ], [ 98.528648313432839, 3.602238824198382 ], [ 98.528640699958231, 3.602329394604252 ], [ 98.528615807640961, 3.602419956035367 ], [ 98.52859491843428, 3.602442870267196 ], [ 98.528533276756534, 3.602510487523852 ], [ 98.528504690311053, 3.602541845165334 ], [ 98.528450745910249, 3.602601019002527 ], [ 98.528414462168087, 3.602640820128453 ], [ 98.528368215060155, 3.60269155047137 ], [ 98.528324234005396, 3.602739795056402 ], [ 98.528285684136449, 3.602782081930346 ], [ 98.528234005823009, 3.602838769931556 ], [ 98.528203153230436, 3.602872613379502 ], [ 98.528143777620855, 3.602937744859397 ], [ 98.528120622330832, 3.602963144818831 ], [ 98.528053549399004, 3.603036719739775 ], [ 98.528038521454647, 3.60305367647199 ], [ 98.528030552225161, 3.603144246677273 ], [ 98.52801873998655, 3.603234814883105 ], [ 98.528025945690743, 3.60332539298108 ], [ 98.528014033453715, 3.60341596113411 ], [ 98.528007840265801, 3.603506532261658 ], [ 98.528017327183051, 3.603597111546057 ], [ 98.528016723912643, 3.603687685581228 ], [ 98.52801321865816, 3.603778258106454 ], [ 98.527973372604265, 3.603868811723744 ], [ 98.527962936273212, 3.60388248078754 ], [ 98.52792337030597, 3.603959360053068 ], [ 98.527872686267415, 3.604023469064499 ], [ 98.527856321241728, 3.604049899506118 ], [ 98.527834272444807, 3.604140462376023 ], [ 98.527782406705924, 3.604221713940844 ], [ 98.527779000912616, 3.604231007950373 ], [ 98.527782387474304, 3.604259006951459 ], [ 98.527865901108399, 3.604321627529932 ], [ 98.527872529812555, 3.604326922086648 ], [ 98.527962670854805, 3.604397378145046 ], [ 98.527983036199998, 3.604412262837222 ], [ 98.528052814209744, 3.60446337507384 ], [ 98.528110453279311, 3.604502903481484 ], [ 98.528088137537125, 3.604593466219653 ], [ 98.528052735325659, 3.604616418113261 ], [ 98.527962539924957, 3.604651347712975 ], [ 98.527881808712081, 3.604683933191745 ], [ 98.527872343845573, 3.60468758207523 ], [ 98.527782150789676, 3.604717942295447 ], [ 98.52769195514486, 3.604753311548061 ], [ 98.527630321793879, 3.604774376593447 ], [ 98.5276017620197, 3.60478378582222 ], [ 98.52751156953093, 3.604813017328476 ], [ 98.527421376977443, 3.604842365083482 ], [ 98.527363269214661, 3.604864811807204 ], [ 98.52733118155443, 3.604877261816529 ], [ 98.527240988477203, 3.604907604366256 ], [ 98.527150796052609, 3.604936673765514 ], [ 98.527091245270469, 3.60495524434296 ], [ 98.527060604222797, 3.604964582715184 ], [ 98.526970413441404, 3.604990453923968 ], [ 98.526880222415343, 3.605016790781898 ], [ 98.526796402834449, 3.605045664884051 ], [ 98.526790028938777, 3.605047860558118 ], [ 98.526699839826222, 3.605070479349898 ], [ 98.526609645537661, 3.605103101427403 ], [ 98.52651945742015, 3.605123781337479 ], [ 98.526487151020547, 3.605136077797996 ], [ 98.526429262238452, 3.605158111420034 ], [ 98.526339072060765, 3.605182758948027 ], [ 98.526248882344063, 3.605206508432189 ], [ 98.526172526970925, 3.605226487791325 ], [ 98.52615869278975, 3.605229937235436 ], [ 98.526068499077439, 3.605261390766838 ], [ 98.525978310279314, 3.605283344028487 ], [ 98.525889336364159, 3.605316914101474 ], [ 98.525888115230089, 3.605317360863052 ], [ 98.525797923354887, 3.60534523944057 ], [ 98.525707729158384, 3.60537758969198 ], [ 98.525620583344377, 3.605407347868357 ], [ 98.525617535761356, 3.605408386901232 ], [ 98.52552734244361, 3.60543902144546 ], [ 98.5254371490728, 3.605469748710722 ], [ 98.525358900269552, 3.605497785248996 ], [ 98.525346954872916, 3.605502065184583 ], [ 98.525256760951549, 3.605533834339208 ], [ 98.525166566949977, 3.6055657480149 ], [ 98.525102808109949, 3.605588225475186 ], [ 98.525076373008829, 3.60559753507209 ], [ 98.524986179251698, 3.605628957488965 ], [ 98.524895986318015, 3.605658783473972 ], [ 98.52483581160638, 3.60567865990806 ], [ 98.524805793399935, 3.60568857012566 ], [ 98.524715600538102, 3.605718239163618 ], [ 98.524625407799121, 3.605747662359633 ], [ 98.524558890000435, 3.605769089051015 ], [ 98.524535215234309, 3.605776741191487 ], [ 98.524445022919139, 3.605805330522299 ], [ 98.524354829799847, 3.605835458436959 ], [ 98.524285115044805, 3.605859519752895 ], [ 98.524264636137332, 3.605866622043437 ], [ 98.524174441761602, 3.605899147784683 ], [ 98.524084247301829, 3.605931824736 ], [ 98.524030041760028, 3.60594996018249 ], [ 98.523994054160042, 3.60596195709334 ], [ 98.523903861010083, 3.605992095759115 ], [ 98.523813668219475, 3.606021534344963 ], [ 98.523756960692282, 3.606040391074694 ], [ 98.523723475127923, 3.606051542106962 ], [ 98.523633281927019, 3.606081750610008 ], [ 98.523543088446317, 3.606112487142847 ], [ 98.523489016839676, 3.606130824577328 ], [ 98.523452895046489, 3.606143058741782 ], [ 98.523362702163638, 3.60617262807564 ], [ 98.523272508870221, 3.606202976474444 ], [ 98.523217368355276, 3.606221256045334 ], [ 98.523182315801748, 3.606232883617729 ], [ 98.523092122760332, 3.606262729542264 ], [ 98.523001929271118, 3.606293425354104 ], [ 98.522948161602898, 3.606311688709478 ], [ 98.522911735805977, 3.606324065384255 ], [ 98.522821542421156, 3.606354541784581 ], [ 98.522731348555638, 3.606385930427414 ], [ 98.522684701065543, 3.606402124311856 ], [ 98.522641154724099, 3.606417244049067 ], [ 98.522550960846786, 3.606448635546931 ], [ 98.522460766678719, 3.606480574375487 ], [ 98.522422105871669, 3.606492560286434 ], [ 98.522370574749417, 3.606508213729455 ], [ 98.522280383995351, 3.606533593435768 ], [ 98.52219019907939, 3.606547784346344 ], [ 98.522100006771069, 3.606576127395849 ], [ 98.522051765561869, 3.606582939377868 ], [ 98.522009822513937, 3.606589047981826 ], [ 98.521919635744339, 3.606606775050885 ], [ 98.52182944690324, 3.606628461957113 ], [ 98.521739263174865, 3.606640360249085 ], [ 98.52164907076596, 3.606668862106541 ], [ 98.52161644168747, 3.606673284017105 ], [ 98.521558886749446, 3.606681303841717 ], [ 98.521468702896257, 3.606693430740231 ], [ 98.521378510567075, 3.606721760476243 ], [ 98.521288325711851, 3.606735794977552 ], [ 98.521198136715157, 3.606757741383608 ], [ 98.521171656219366, 3.606763623437821 ], [ 98.521107948097978, 3.606778956481551 ], [ 98.521017762437339, 3.606794517534812 ], [ 98.520927576365196, 3.606810860909262 ], [ 98.520837390795108, 3.606826241584555 ], [ 98.520762449579721, 3.606853981439295 ], [ 98.520747195652788, 3.606859894903115 ], [ 98.520657011110316, 3.606873303191377 ], [ 98.520566823165538, 3.606893202193819 ], [ 98.520476633199166, 3.606916953428595 ], [ 98.520386448695604, 3.606930275827682 ], [ 98.520349279681611, 3.606944337147865 ], [ 98.520296253413363, 3.606964155155079 ], [ 98.520206066214897, 3.606982607357156 ], [ 98.520115881143738, 3.606996998694282 ], [ 98.520025686839602, 3.607028987956463 ], [ 98.519973748651253, 3.607034712590873 ], [ 98.519935503900001, 3.607039306810564 ], [ 98.519845317906459, 3.607055443648834 ], [ 98.519755127776364, 3.607079457667482 ], [ 98.519664937249686, 3.607104220237961 ], [ 98.519614796099333, 3.607125096654883 ], [ 98.519574738644195, 3.607144361578522 ], [ 98.519484552697563, 3.60716038579996 ], [ 98.519394348429202, 3.607211286045132 ], [ 98.519348018564372, 3.607215529452575 ], [ 98.519304166408105, 3.607219824211934 ], [ 98.519213969565712, 3.607256566338979 ], [ 98.519123771397275, 3.60729581954693 ], [ 98.519100555605846, 3.607305972412844 ], [ 98.519033573266626, 3.607334987989986 ], [ 98.518943397007405, 3.607332546895134 ], [ 98.518853220749875, 3.607330105791373 ], [ 98.518763044494008, 3.607327664678704 ], [ 98.518672868239733, 3.607325223736142 ], [ 98.518582691987234, 3.607322782611683 ], [ 98.518492512810766, 3.607325900484755 ], [ 98.518402307629827, 3.607378421054446 ], [ 98.518387006448847, 3.607396167744484 ], [ 98.51831207487858, 3.607483288403998 ], [ 98.518309137325602, 3.607486700576088 ], [ 98.518231745314594, 3.607577233652381 ], [ 98.518221841760791, 3.607588811724367 ], [ 98.518154056320142, 3.60766776656193 ], [ 98.518131608712054, 3.607694163602846 ], [ 98.518077366735767, 3.60775829999405 ], [ 98.518041374898246, 3.607800927369815 ], [ 98.518001973623711, 3.607848834107036 ], [ 98.517951139294524, 3.60791104696289 ], [ 98.517927760258203, 3.607939368839168 ], [ 98.517860903558301, 3.608021375620815 ], [ 98.517853878885063, 3.608029903739717 ], [ 98.517860891166478, 3.608044885912122 ], [ 98.51791081911945, 3.608120508241646 ], [ 98.517951011806446, 3.608152968129525 ], [ 98.518022798559969, 3.608211142019055 ], [ 98.518041150948619, 3.608225975561391 ], [ 98.518131290274681, 3.608298662042597 ], [ 98.518135169719926, 3.60830177599374 ], [ 98.518221429489458, 3.608371587779732 ], [ 98.518246640617122, 3.608392409478633 ], [ 98.518311567822536, 3.6084462157923 ], [ 98.518356287247641, 3.60848304198284 ], [ 98.51840171472584, 3.608504596547847 ], [ 98.518491895612414, 3.608498450436423 ], [ 98.51858207860549, 3.608488302223113 ], [ 98.51862754311891, 3.608483186137653 ], [ 98.518672261597757, 3.608478154000553 ], [ 98.518762444589186, 3.608468005768745 ], [ 98.518852627579804, 3.608457857527688 ], [ 98.518942810569698, 3.6084477091016 ], [ 98.519032996409763, 3.608432139044957 ], [ 98.519123165451475, 3.608448516030379 ], [ 98.519213346741651, 3.60844160037178 ], [ 98.51930351088275, 3.608467314199074 ], [ 98.519355189048085, 3.608483572432931 ], [ 98.519393673645894, 3.608495662081184 ], [ 98.519483837406014, 3.608522125009167 ], [ 98.519573998306143, 3.608554044603871 ], [ 98.519644201409918, 3.608574299932178 ], [ 98.519664162332106, 3.608580026318195 ], [ 98.519754321164129, 3.608615911311222 ], [ 98.519844483717563, 3.608644723313746 ], [ 98.519915786762112, 3.60866501811248 ], [ 98.519934647935031, 3.608670378002082 ], [ 98.520024807361494, 3.608705173396044 ], [ 98.520114967964147, 3.608737742261462 ], [ 98.520166979855986, 3.608755725418342 ], [ 98.520205129170449, 3.608769174686117 ], [ 98.520295287220833, 3.608806637573646 ], [ 98.520385448209623, 3.608838513449881 ], [ 98.520408153270736, 3.608846427356935 ], [ 98.520475609503109, 3.608869822198222 ], [ 98.520565770465709, 3.608901775900578 ], [ 98.520648452696008, 3.608937128775074 ], [ 98.520655927978595, 3.608940325020344 ], [ 98.520746085394009, 3.608979076529455 ], [ 98.520836245444258, 3.609012815844521 ], [ 98.520875315118161, 3.609027823029136 ], [ 98.520926404926797, 3.609047653488767 ], [ 98.521016561637353, 3.609087798413702 ], [ 98.521088726272936, 3.609118510121132 ], [ 98.521106719233202, 3.609126269747814 ], [ 98.52119687758541, 3.609163312934815 ], [ 98.521287036204882, 3.609199861389444 ], [ 98.521308259194114, 3.609209200403268 ], [ 98.521377193197154, 3.609239534368055 ], [ 98.521467351658387, 3.609276417097094 ], [ 98.521521725725549, 3.609299887433509 ], [ 98.521557509063967, 3.609315333204054 ], [ 98.521647667871719, 3.609351585491208 ], [ 98.521737825638539, 3.609389843506329 ], [ 98.521739589718379, 3.609390576740689 ], [ 98.52182798367825, 3.609427595960549 ], [ 98.521918141085067, 3.609466575002252 ], [ 98.521951523134547, 3.609481262871123 ], [ 98.522008294717793, 3.609512790118817 ], [ 98.522098448771061, 3.609558219747546 ], [ 98.522123271571033, 3.609571927757272 ], [ 98.522188595978392, 3.60961676849794 ], [ 98.522249081309027, 3.609662568385573 ], [ 98.522278736624315, 3.609687898659756 ], [ 98.522342175247729, 3.609753191746801 ], [ 98.522368865983054, 3.609780662712783 ], [ 98.522430222138851, 3.60984381243951 ], [ 98.522458995360054, 3.609873426759092 ], [ 98.522519245647572, 3.609934433640673 ], [ 98.522549125273386, 3.609965198681647 ], [ 98.522614595589332, 3.610025058169986 ], [ 98.52263925856812, 3.610050529253958 ], [ 98.522711452023444, 3.610115683485533 ], [ 98.522729393935805, 3.610131921606358 ], [ 98.522811749677075, 3.610206310606334 ], [ 98.522819529311263, 3.610213330272482 ], [ 98.522909664273868, 3.610295561212235 ], [ 98.522911165692946, 3.610296937254023 ], [ 98.522999799056123, 3.61037816920075 ], [ 98.52301005183989, 3.610387563614138 ], [ 98.523089933857051, 3.610460773044743 ], [ 98.523109011809296, 3.610478190004751 ], [ 98.523180068791589, 3.610543152338705 ], [ 98.523208265827549, 3.610568816541797 ], [ 98.523270203932469, 3.610625167532544 ], [ 98.52330762236214, 3.610659443124361 ], [ 98.5233603388034, 3.610707731815172 ], [ 98.523406558553077, 3.610750069477212 ], [ 98.523450473690829, 3.610790296090847 ], [ 98.523505494763867, 3.610840695821682 ], [ 98.523540608594729, 3.610872860359562 ], [ 98.52360443099451, 3.61093132215777 ], [ 98.523630743366837, 3.610955709128067 ], [ 98.523699165958519, 3.611021946275376 ], [ 98.523720874899539, 3.611044805950788 ], [ 98.523786013808675, 3.61111256623701 ], [ 98.523811004739116, 3.611137186231648 ], [ 98.523879717192656, 3.61120318979764 ], [ 98.523901137582783, 3.611223834693951 ], [ 98.523974198781204, 3.611293813760024 ], [ 98.523991270313317, 3.611310733339362 ], [ 98.524064947442824, 3.611384435752442 ], [ 98.524081400899377, 3.611401782992635 ], [ 98.524150565338189, 3.611475055041133 ], [ 98.524171529384688, 3.611496901717988 ], [ 98.524261675123057, 3.611558915204269 ], [ 98.524269116893137, 3.611565691631177 ], [ 98.524351811294494, 3.611639333528536 ], [ 98.524370016286824, 3.611656318934244 ], [ 98.524441945597786, 3.611723372515334 ], [ 98.52446756121239, 3.611746944466396 ], [ 98.524532078226372, 3.611810662179357 ], [ 98.52455837927802, 3.611837566457329 ], [ 98.524622209438732, 3.611900707312064 ], [ 98.524648676489022, 3.61192818816783 ], [ 98.524712340145101, 3.611991759398726 ], [ 98.524739430189882, 3.61201881011119 ], [ 98.524802471416365, 3.612081759798898 ], [ 98.524830183908747, 3.612109432047659 ], [ 98.524892602705407, 3.612171760192274 ], [ 98.524920937645646, 3.612200053977234 ], [ 98.524982734012227, 3.612261760578851 ], [ 98.52501169140055, 3.612290675899916 ], [ 98.525072865337009, 3.612351760563221 ], [ 98.525102106729392, 3.612381297638122 ], [ 98.525162996082969, 3.61244290842342 ], [ 98.525190164066302, 3.612471918132441 ], [ 98.525253124230161, 3.612539091897554 ], [ 98.525276167372311, 3.612562537542906 ], [ 98.525343254130888, 3.612631936555732 ], [ 98.525367852067177, 3.612653159926879 ], [ 98.525433391880057, 3.612709708021295 ], [ 98.525472892440547, 3.612743789306858 ], [ 98.525523529644971, 3.612787479339989 ], [ 98.525577932835162, 3.612834418677225 ], [ 98.525613667425418, 3.612865250854683 ], [ 98.525686638798163, 3.612925049959227 ], [ 98.52570380592195, 3.612941673344694 ], [ 98.525768169441122, 3.613015666989806 ], [ 98.52579392697055, 3.613051735628907 ], [ 98.525829735345738, 3.613106273553636 ], [ 98.52588403032405, 3.6131959299508 ], [ 98.525884779332088, 3.613196876697536 ], [ 98.525953886302759, 3.613287487206938 ], [ 98.525974150479712, 3.613307799756531 ], [ 98.526043919242994, 3.61337810867406 ], [ 98.526064281567557, 3.613398642359679 ], [ 98.526133784778068, 3.613468730046721 ], [ 98.526154412649248, 3.613489531381953 ], [ 98.526223650034666, 3.613559351412477 ], [ 98.526244543748646, 3.613580420819898 ], [ 98.526313515730465, 3.613649972771707 ], [ 98.526334674866192, 3.613671309826968 ], [ 98.526403381444084, 3.613740594124185 ], [ 98.526424806001671, 3.613762198827248 ], [ 98.526493247175509, 3.613831215469914 ], [ 98.526514937155028, 3.613853087953591 ], [ 98.526583112791684, 3.61392183680882 ], [ 98.52660506832602, 3.613943977614334 ], [ 98.526672991060877, 3.614012458147585 ], [ 98.526695199683417, 3.614034542206215 ], [ 98.526764209153924, 3.614103080180469 ], [ 98.52678533157669, 3.614124107186592 ], [ 98.526865885544083, 3.614193707676247 ], [ 98.526875469311918, 3.614202430918455 ], [ 98.526884255374654, 3.614193717283741 ] ] ] ] } }
]
}
