{
"type": "FeatureCollection",
"name": "buffer_2_3km",
"crs": { "type": "name", "properties": { "name": "urn:ogc:def:crs:OGC:1.3:CRS84" } },
"features": [
{ "type": "Feature", "properties": { "Jarak (Km)": "3" }, "geometry": { "type": "MultiPolygon", "coordinates": [ [ [ [ 98.463169581000045, 3.593849485000021 ], [ 98.463245963000077, 3.593239 ], [ 98.463018274000035, 3.592577456000071 ], [ 98.463018587000079, 3.592043240000065 ], [ 98.463196157000098, 3.591738080000027 ], [ 98.463525747000062, 3.591483886000049 ], [ 98.464057936000074, 3.591458760000024 ], [ 98.464412566000078, 3.591713357000059 ], [ 98.465248337000062, 3.592578769000056 ], [ 98.465805657000047, 3.592909801000075 ], [ 98.46666692000008, 3.593520837000028 ], [ 98.466768007000042, 3.594004236000045 ], [ 98.466691686000047, 3.594512967000072 ], [ 98.466159258000062, 3.594945114000041 ], [ 98.465901161000033, 3.595026230000031 ], [ 98.465836980000077, 3.595046401000046 ], [ 98.464866596000036, 3.595351376000053 ], [ 98.463269788000048, 3.595833772000049 ], [ 98.462454229000059, 3.596297435000054 ], [ 98.462421631000041, 3.596301051000068 ], [ 98.461396338000043, 3.596414794000053 ], [ 98.460494222973495, 3.596267395325909 ], [ 98.460480494501155, 3.59631359072502 ], [ 98.460453582390542, 3.596404148174856 ], [ 98.46042666979109, 3.596494705622625 ], [ 98.460424811594834, 3.596500958291996 ], [ 98.460399757657285, 3.596585263068897 ], [ 98.460372845527075, 3.596675820513394 ], [ 98.460345933390343, 3.596766377956112 ], [ 98.460334457133143, 3.596804994745262 ], [ 98.460319021247088, 3.59685693539705 ], [ 98.460292108604847, 3.596947492835916 ], [ 98.460265196448518, 3.597038050273295 ], [ 98.460244102598807, 3.597109029517883 ], [ 98.460238284285637, 3.597128607708894 ], [ 98.460211372116248, 3.597219165142714 ], [ 98.460184459615263, 3.597309722574562 ], [ 98.46015754726541, 3.597400280004723 ], [ 98.46015374799083, 3.597413064270444 ], [ 98.46013063507641, 3.597490837433203 ], [ 98.460103722880888, 3.597581394859904 ], [ 98.460076810678828, 3.597671952284823 ], [ 98.460063393308715, 3.597717099835638 ], [ 98.460049897977783, 3.597762509707671 ], [ 98.460022985762649, 3.597853067129031 ], [ 98.459996073540978, 3.59794362454861 ], [ 98.459973038552974, 3.598021135375955 ], [ 98.459969161312785, 3.598034181966409 ], [ 98.459942248910238, 3.598124739382328 ], [ 98.459915336344352, 3.598215296796373 ], [ 98.459972902413895, 3.598252371662962 ], [ 98.460049748613784, 3.598215376681309 ], [ 98.460063104085378, 3.598208460281458 ], [ 98.460153305977684, 3.598164160801127 ], [ 98.4602319771938, 3.598124911538221 ], [ 98.460243508275767, 3.598119158652203 ], [ 98.460333710566076, 3.598074156358567 ], [ 98.460413306043094, 3.598034445818705 ], [ 98.460423912848569, 3.598029154035126 ], [ 98.460514115123146, 3.597984151837285 ], [ 98.460594635329315, 3.597943980057695 ], [ 98.460604317389866, 3.597939149647012 ], [ 98.460694519648911, 3.597894147140279 ], [ 98.460775964043194, 3.597853514254593 ], [ 98.460784721899955, 3.597849144929334 ], [ 98.460874924143226, 3.597804142568996 ], [ 98.460957292778588, 3.597763048409754 ], [ 98.460965126378667, 3.597759140183537 ], [ 98.460983188627125, 3.597763063770303 ], [ 98.461055270987032, 3.597812212563793 ], [ 98.461081677220065, 3.597853695611863 ], [ 98.461139353951566, 3.59794430324457 ], [ 98.461145360176914, 3.597959644820381 ], [ 98.461168398110175, 3.598034893896688 ], [ 98.461173227381039, 3.598125470189397 ], [ 98.461177368956243, 3.598216046074232 ], [ 98.461196963210526, 3.598306631122658 ], [ 98.461219651109218, 3.598397218005585 ], [ 98.461226012025264, 3.598487795206627 ], [ 98.461231902735165, 3.598578372128798 ], [ 98.461218660903711, 3.598668937704735 ], [ 98.461221636724346, 3.598759512897983 ], [ 98.461220393136557, 3.598850085588738 ], [ 98.461205235911166, 3.598940650027193 ], [ 98.461211156571281, 3.599031226966497 ], [ 98.461234886487162, 3.599065310480069 ], [ 98.461276729603298, 3.59912183928467 ], [ 98.461324990901176, 3.599187038852053 ], [ 98.461343802302807, 3.599212452489168 ], [ 98.461410875014977, 3.599303065690536 ], [ 98.461415095338026, 3.599308767218387 ], [ 98.461477947148325, 3.59939367888842 ], [ 98.46150519979733, 3.599430496258335 ], [ 98.461545020102562, 3.599484292083651 ], [ 98.461595304279598, 3.599552225078245 ], [ 98.461612092379511, 3.599574905275338 ], [ 98.461679165142328, 3.599665518464174 ], [ 98.461685408784973, 3.599673953427614 ], [ 98.461746237917794, 3.599756131649873 ], [ 98.461775513313228, 3.599795681771326 ], [ 98.461813310350237, 3.599846744832228 ], [ 98.461865616494805, 3.599919743276275 ], [ 98.461878545152629, 3.599937356922604 ], [ 98.461865586183762, 3.599971382538592 ], [ 98.461814742765725, 3.60002789255076 ], [ 98.461781621605525, 3.600118446356394 ], [ 98.461775313034423, 3.600136826671915 ], [ 98.461750540920633, 3.600209001369066 ], [ 98.461719460228423, 3.600299556379571 ], [ 98.461685003356138, 3.600364414743773 ], [ 98.461660858159206, 3.600390095072644 ], [ 98.461594768343019, 3.600464796031774 ], [ 98.461585010023228, 3.600480623534387 ], [ 98.461528181934128, 3.600571163266688 ], [ 98.461504510331565, 3.600604290931995 ], [ 98.461457303652253, 3.600661694660433 ], [ 98.461414270739752, 3.600712388534742 ], [ 98.461378912814169, 3.600752221589896 ], [ 98.461324052901602, 3.600783434519726 ], [ 98.461233867159336, 3.600799855084745 ], [ 98.461143682464638, 3.600814490514427 ], [ 98.461053502225184, 3.600821546378434 ], [ 98.460963330802841, 3.600813609708106 ], [ 98.460873167378622, 3.600792080293716 ], [ 98.46080957879164, 3.600842457096988 ], [ 98.460782942952406, 3.600874251983349 ], [ 98.460748469118954, 3.600932994222203 ], [ 98.460695333090868, 3.601023536077722 ], [ 98.460692676355691, 3.60102806298707 ], [ 98.460642196230665, 3.601114077927879 ], [ 98.460602409727557, 3.601181871597763 ], [ 98.460589059359094, 3.601204619773161 ], [ 98.460535923042301, 3.601295161613904 ], [ 98.460512143065642, 3.601335681835388 ], [ 98.460482787031978, 3.601385703449961 ], [ 98.460429648861194, 3.601476245279866 ], [ 98.460421876372536, 3.601489489313304 ], [ 98.46037651282812, 3.601566787106171 ], [ 98.460331609644427, 3.60164330044409 ], [ 98.460323376783691, 3.6016573289276 ], [ 98.460270240039875, 3.601747870743746 ], [ 98.460241342884672, 3.601797109566633 ], [ 98.460217103088681, 3.601838412554898 ], [ 98.460163966433015, 3.601928954361356 ], [ 98.460151076091918, 3.601950918996505 ], [ 98.460110830343069, 3.60201949616328 ], [ 98.460060809265343, 3.602104730085072 ], [ 98.460057694241755, 3.602110037960326 ], [ 98.460004555979964, 3.602200579751218 ], [ 98.459970542408101, 3.602258537492625 ], [ 98.459952317968842, 3.602291122072915 ], [ 98.459899940588031, 3.602381664306932 ], [ 98.459880274161534, 3.602414645763737 ], [ 98.459849980738809, 3.602472207975044 ], [ 98.45980242615552, 3.602562753070453 ], [ 98.459789995393677, 3.602588539973582 ], [ 98.45975769284837, 3.602653299841298 ], [ 98.459789940782414, 3.602681151339134 ], [ 98.459880087491243, 3.602731264963236 ], [ 98.459900674000053, 3.602743958348344 ], [ 98.45997022986549, 3.602788749722952 ], [ 98.460032988185731, 3.602834610489829 ], [ 98.46005780162244, 3.602925198657207 ], [ 98.460060307791764, 3.602955594419022 ], [ 98.460064410046499, 3.60301577599219 ], [ 98.460060250470619, 3.603052839922075 ], [ 98.460054710197937, 3.603106343623022 ], [ 98.460060173026918, 3.603184219241109 ], [ 98.460061367011804, 3.603196920986615 ], [ 98.460069881536555, 3.603287499455638 ], [ 98.460078395798959, 3.6033780779245 ], [ 98.460086909295214, 3.603468656392902 ], [ 98.460095423821031, 3.603559234861909 ], [ 98.460103938347217, 3.603649813330913 ], [ 98.460112452873759, 3.603740391799911 ], [ 98.460120966524215, 3.603830970268382 ], [ 98.46012948063597, 3.603921548737122 ], [ 98.460137995163564, 3.604012127206105 ], [ 98.460145081874913, 3.604102704825367 ], [ 98.460095864948912, 3.604193248935279 ], [ 98.460059545214378, 3.604249093381432 ], [ 98.460035606625183, 3.604283786468374 ], [ 98.459969299710423, 3.604366244783689 ], [ 98.45995085509324, 3.604374309413191 ], [ 98.459879108799043, 3.604390806984505 ], [ 98.459813564305904, 3.604374227663366 ], [ 98.459788946449095, 3.604366951554641 ], [ 98.4596987848943, 3.604341758600548 ], [ 98.459608616674032, 3.604327870565919 ], [ 98.459518447589872, 3.604315452949297 ], [ 98.459428271976066, 3.60431410229826 ], [ 98.459338097482686, 3.604310856794087 ], [ 98.459247925816086, 3.604302827930153 ], [ 98.459157750529741, 3.604300932444278 ], [ 98.459067567902892, 3.604311465692203 ], [ 98.458977387028497, 3.604319031642034 ], [ 98.458887203201371, 3.604331593947455 ], [ 98.458797019194492, 3.604344458422897 ], [ 98.458706834385083, 3.604358678403167 ], [ 98.458662124450512, 3.604373541220353 ], [ 98.458617971096174, 3.604464088247229 ], [ 98.458616591628981, 3.604470901786475 ], [ 98.458599620254049, 3.604554650672192 ], [ 98.458581257575887, 3.60464521308899 ], [ 98.458562884753178, 3.604735775498636 ], [ 98.458544567627484, 3.604826337940432 ], [ 98.458526282371551, 3.60491690040016 ], [ 98.458526151068327, 3.604917549334813 ], [ 98.458507912597483, 3.605007462808332 ], [ 98.45848953673628, 3.605098025211771 ], [ 98.45847119466363, 3.605188587634286 ], [ 98.458452879134427, 3.605279150071554 ], [ 98.458435710406732, 3.605364165353922 ], [ 98.458434587166124, 3.6053697125218 ], [ 98.45841622308798, 3.605460274927883 ], [ 98.458397852287248, 3.605550837328852 ], [ 98.45837952583598, 3.605641399755212 ], [ 98.458361216413337, 3.605731962190649 ], [ 98.458345269626648, 3.605810779495553 ], [ 98.458342891365447, 3.605822524615657 ], [ 98.458324550226322, 3.605913087029954 ], [ 98.458344209675971, 3.606003672146048 ], [ 98.4583451532244, 3.606007471974081 ], [ 98.458366699807655, 3.60609425895319 ], [ 98.458389186454539, 3.606184845758185 ], [ 98.458411672467861, 3.606275432562735 ], [ 98.458434171938407, 3.60636601937526 ], [ 98.458435115369852, 3.606369817297863 ], [ 98.45845666623039, 3.606456606184625 ], [ 98.458479145541531, 3.606547192984975 ], [ 98.458501630907634, 3.606637779788878 ], [ 98.458524125299235, 3.606728366598106 ], [ 98.45852507754374, 3.606732200864326 ], [ 98.458546617225949, 3.606818953405795 ], [ 98.458569103383269, 3.606909540209973 ], [ 98.458591589400157, 3.607000127013999 ], [ 98.458614078715115, 3.607090713819932 ], [ 98.458615039768716, 3.607094584429768 ], [ 98.458636568274812, 3.607181300625943 ], [ 98.458659056610614, 3.607271887431159 ], [ 98.458681543229659, 3.607362474235283 ], [ 98.45869154445397, 3.607453053582277 ], [ 98.458614783552804, 3.607527576110404 ], [ 98.458599565936581, 3.607543572013712 ], [ 98.458524553004366, 3.607618531250212 ], [ 98.458511167412567, 3.607634092571937 ], [ 98.458440395801844, 3.607724623652595 ], [ 98.458434308212745, 3.607733515550539 ], [ 98.458382828540422, 3.607815162617377 ], [ 98.458346176512237, 3.607905714078418 ], [ 98.458434157325243, 3.607988383602064 ], [ 98.458441179306675, 3.607996344227891 ], [ 98.458524279858594, 3.608079987315144 ], [ 98.458530656266291, 3.608086971068102 ], [ 98.45860054211154, 3.608177586196693 ], [ 98.458614388441902, 3.608195190566401 ], [ 98.458671814106083, 3.608268202149922 ], [ 98.458704497425344, 3.608309754672108 ], [ 98.458743087470111, 3.608358818100312 ], [ 98.458794606430189, 3.608424319357015 ], [ 98.458814360507503, 3.608449434046847 ], [ 98.458884715456833, 3.608538883997337 ], [ 98.458885643212994, 3.608540049995495 ], [ 98.458957562186782, 3.608630666320446 ], [ 98.458974825075046, 3.608652485414637 ], [ 98.459031097276068, 3.60872128360664 ], [ 98.459064936949034, 3.608762309579447 ], [ 98.459104208713384, 3.608811900635945 ], [ 98.459155046447478, 3.608876186126279 ], [ 98.459176909237371, 3.608902517416044 ], [ 98.459245159127079, 3.608984719500492 ], [ 98.459251434257453, 3.608993135281354 ], [ 98.459320643277934, 3.609083749969766 ], [ 98.45933526642321, 3.609102393467709 ], [ 98.459395455703145, 3.60917436799877 ], [ 98.459425379558724, 3.609210227228904 ], [ 98.459471206734676, 3.609264986583721 ], [ 98.459515493407849, 3.609316888756612 ], [ 98.459547553537718, 3.609355605519874 ], [ 98.45960560706979, 3.609423901674269 ], [ 98.459625756797749, 3.60944622555919 ], [ 98.45969573221177, 3.609511521799664 ], [ 98.459724161496652, 3.609536857643743 ], [ 98.459785863891454, 3.609588106008513 ], [ 98.459833307172275, 3.609627496125988 ], [ 98.459875996620937, 3.609662939336275 ], [ 98.459942351888657, 3.609718134537951 ], [ 98.459966129277134, 3.609737922458058 ], [ 98.460051416165399, 3.609808772951516 ], [ 98.460056262011733, 3.609812798547551 ], [ 98.460146394742608, 3.609887706628627 ], [ 98.460160605041736, 3.609899411429281 ], [ 98.460236528082092, 3.609961609611393 ], [ 98.460270859010322, 3.609990050531689 ], [ 98.460326660965833, 3.610036310075599 ], [ 98.460381209408382, 3.610080689681231 ], [ 98.460416794632394, 3.610109709913038 ], [ 98.460491484801082, 3.610171328775746 ], [ 98.460506927786327, 3.610184003704535 ], [ 98.460597061521966, 3.610257337175553 ], [ 98.46060262569452, 3.610261968375447 ], [ 98.460687194747948, 3.610331559831578 ], [ 98.460712207028365, 3.61035260703589 ], [ 98.460777327018675, 3.610407427447355 ], [ 98.460819896508042, 3.610443244559721 ], [ 98.460867459324277, 3.610483261994778 ], [ 98.460931245092695, 3.610533884252054 ], [ 98.46095759474666, 3.610553837205875 ], [ 98.461047731224568, 3.610622646747341 ], [ 98.461050187787777, 3.610624528453773 ], [ 98.461137865699371, 3.610694878065024 ], [ 98.461163153986931, 3.610715169086765 ], [ 98.461228000132778, 3.610767204603451 ], [ 98.461276102194731, 3.610805809698135 ], [ 98.461318134563641, 3.610839560465377 ], [ 98.461408311084242, 3.610840513722448 ], [ 98.461446964403223, 3.610805911339476 ], [ 98.461498536128275, 3.610759108246074 ], [ 98.461547443865911, 3.61071539768744 ], [ 98.461588760985762, 3.610677992573012 ], [ 98.461648278351419, 3.610624884232162 ], [ 98.461678985634649, 3.610597204371532 ], [ 98.461749490906072, 3.610534370987211 ], [ 98.461769210149612, 3.610516616970582 ], [ 98.461850424685764, 3.610443857562097 ], [ 98.461859434813945, 3.610435749304095 ], [ 98.461949659691044, 3.61035449345435 ], [ 98.46195094363371, 3.610353343876091 ], [ 98.462039884738502, 3.610272921317994 ], [ 98.462051169008745, 3.610262830001377 ], [ 98.462130108725418, 3.610193124719488 ], [ 98.462220252637294, 3.610249423260944 ], [ 98.462230528152958, 3.610262936527002 ], [ 98.462310377049221, 3.610338894702706 ], [ 98.462326030397662, 3.6103535666555 ], [ 98.462400502725941, 3.610426245571074 ], [ 98.462438038582007, 3.610444206575066 ], [ 98.462490657557026, 3.610464045002111 ], [ 98.462576809133409, 3.61053486236742 ], [ 98.462580791060347, 3.61053813549206 ], [ 98.462670958795599, 3.610554017588708 ], [ 98.462761098675657, 3.610617301127672 ], [ 98.462772851190223, 3.610625552122571 ], [ 98.462851238568305, 3.610680585677926 ], [ 98.462901970110508, 3.610716202147443 ], [ 98.46294137847498, 3.610743868709157 ], [ 98.463027526578585, 3.6108068500449 ], [ 98.463031516268387, 3.610810771389227 ], [ 98.463092045699241, 3.610897461736808 ], [ 98.463121617574529, 3.610939814617303 ], [ 98.463155312168965, 3.610988072683126 ], [ 98.463211718904645, 3.611068858021393 ], [ 98.463218579436784, 3.611078683627189 ], [ 98.463281846457036, 3.611169294568377 ], [ 98.463301820259048, 3.611197901056898 ], [ 98.463343997413375, 3.611259904845282 ], [ 98.463391908299499, 3.611349659879663 ], [ 98.463392355687006, 3.611350506944498 ], [ 98.463440208123089, 3.61144110874258 ], [ 98.463481991969886, 3.611508909099494 ], [ 98.463495855245867, 3.611531715158802 ], [ 98.463543078422802, 3.611622316581105 ], [ 98.463572074070839, 3.611670880575057 ], [ 98.463596828340471, 3.61171292186962 ], [ 98.463643620944367, 3.611803523034066 ], [ 98.463662154504632, 3.611835741799054 ], [ 98.463695275534349, 3.611894127077903 ], [ 98.463741614013614, 3.611984727970698 ], [ 98.463752233020841, 3.61200392060524 ], [ 98.463791203482771, 3.612075330788193 ], [ 98.463835673853922, 3.61216593057191 ], [ 98.463842305561826, 3.612182332849004 ], [ 98.463872841701658, 3.612256526029058 ], [ 98.463896392282933, 3.612347113419858 ], [ 98.463904027576064, 3.612437691383579 ], [ 98.463932301144951, 3.612491956940454 ], [ 98.463959728899098, 3.612528297817316 ], [ 98.464022409257169, 3.61260986130587 ], [ 98.464030134654848, 3.612618912957493 ], [ 98.464112530005366, 3.612706262897516 ], [ 98.46411562995398, 3.612709537029366 ], [ 98.46420154867522, 3.612800161346201 ], [ 98.464202651564904, 3.612801313274124 ], [ 98.464287654446977, 3.612890785767966 ], [ 98.464292773251529, 3.612896178707533 ], [ 98.464374032439565, 3.612981410345029 ], [ 98.464382895129518, 3.612990749450883 ], [ 98.464460377217733, 3.613072034896561 ], [ 98.464473017004309, 3.613085357263252 ], [ 98.464546689419734, 3.613162659422946 ], [ 98.464563138035558, 3.613181435761053 ], [ 98.464628518182181, 3.61325328129079 ], [ 98.46465325599597, 3.613282785712606 ], [ 98.464704493347469, 3.613343899690534 ], [ 98.464743370382834, 3.613390267179994 ], [ 98.464780470360523, 3.613434518087054 ], [ 98.46483348479093, 3.613497747669979 ], [ 98.464856631814328, 3.613525136588342 ], [ 98.464923599762315, 3.613604301960935 ], [ 98.464933394297447, 3.613615755440728 ], [ 98.465006849965249, 3.613706372333309 ], [ 98.465013711960054, 3.613715626228901 ], [ 98.465074377081919, 3.613796985716624 ], [ 98.465103817736406, 3.613837950440741 ], [ 98.465139499121335, 3.613887597674823 ], [ 98.465193921750156, 3.613963323757914 ], [ 98.465204619891551, 3.613978209629325 ], [ 98.46526974257749, 3.614068821582014 ], [ 98.465284025788478, 3.61408869529339 ], [ 98.465334864201765, 3.614159433531125 ], [ 98.465374130107463, 3.614213627642623 ], [ 98.465401636229416, 3.614250046452633 ], [ 98.465464253847188, 3.614305424069605 ], [ 98.465503732033326, 3.614340680243554 ], [ 98.465554394645366, 3.614368106437505 ], [ 98.46564454717786, 3.614410759475184 ], [ 98.465682376174243, 3.614431359245375 ], [ 98.465734695953202, 3.614459849963582 ], [ 98.465766496136965, 3.614521982394824 ], [ 98.465803213484151, 3.614612577544663 ], [ 98.465824745451229, 3.614678653184595 ], [ 98.465832628705712, 3.614703168381541 ], [ 98.465861759590126, 3.614793759050233 ], [ 98.465890890368939, 3.6148843497186 ], [ 98.465914759231453, 3.614958576286666 ], [ 98.465920021372696, 3.614974940386844 ], [ 98.465949152270881, 3.615065531054762 ], [ 98.465978283173655, 3.615156121722424 ], [ 98.4659995316579, 3.61524670773551 ], [ 98.46600436546305, 3.61533728405613 ], [ 98.466004711091969, 3.61534442882238 ], [ 98.466008747105889, 3.615427860109688 ], [ 98.46601312941155, 3.615518436163568 ], [ 98.466017510740258, 3.615609012216798 ], [ 98.466021892316093, 3.615699588270102 ], [ 98.466026274288751, 3.615790164323568 ], [ 98.466030656260955, 3.615880740376963 ], [ 98.466004370991627, 3.61592578981497 ], [ 98.465914175676701, 3.615955974473758 ], [ 98.465854452168614, 3.615971209767062 ], [ 98.465854871572589, 3.615971883197802 ], [ 98.474009574000036, 3.61728997900002 ], [ 98.474344466000048, 3.620022660000074 ], [ 98.474344141317047, 3.620585522990554 ], [ 98.474388223420789, 3.620567918024673 ], [ 98.474478422422976, 3.620531894548433 ], [ 98.474538345137745, 3.620504977335929 ], [ 98.474568624757964, 3.620490078518794 ], [ 98.474649010928815, 3.620414468139947 ], [ 98.474658851895384, 3.620405211829791 ], [ 98.474745245884378, 3.620323950533982 ], [ 98.474749079016149, 3.620320345129158 ], [ 98.474839306120316, 3.62023547834169 ], [ 98.474841335813565, 3.620233432830469 ], [ 98.474923361965978, 3.620142906937396 ], [ 98.474929541968194, 3.62013540126869 ], [ 98.474991995389672, 3.620052373249287 ], [ 98.475019789254802, 3.620015424488424 ], [ 98.475060096298279, 3.619961839244295 ], [ 98.475110037445305, 3.619893834699104 ], [ 98.475125304411065, 3.619871303550965 ], [ 98.475184635374873, 3.619780764436029 ], [ 98.475200294461018, 3.619756868822868 ], [ 98.475243967987439, 3.619690225316257 ], [ 98.475290551886573, 3.619619140718959 ], [ 98.475303301028859, 3.619599686190943 ], [ 98.475362632026091, 3.619509147058647 ], [ 98.475380809285383, 3.619481408714684 ], [ 98.475421964530113, 3.619418607921435 ], [ 98.475471066652986, 3.619343680583935 ], [ 98.475481297533975, 3.619328068778721 ], [ 98.475540627981275, 3.619237529628733 ], [ 98.475561323993858, 3.619205948552821 ], [ 98.47559996096011, 3.619146990474423 ], [ 98.475651580392764, 3.619069804348456 ], [ 98.475661316885365, 3.619056452488433 ], [ 98.475736200464752, 3.618965922346499 ], [ 98.475741822123453, 3.618959126292974 ], [ 98.475811084374484, 3.618875392196207 ], [ 98.475832062922265, 3.618850030328259 ], [ 98.475885969753307, 3.618784862038217 ], [ 98.475922303697914, 3.618740936079624 ], [ 98.475960852987583, 3.618694331870437 ], [ 98.47601254445145, 3.618631841719228 ], [ 98.476035738267768, 3.618603801695292 ], [ 98.476102785183741, 3.61852274571723 ], [ 98.476110621943619, 3.618513271510669 ], [ 98.476185505604207, 3.61842274131749 ], [ 98.476193026526502, 3.618412548100205 ], [ 98.476244001900255, 3.61833220161722 ], [ 98.476283287075844, 3.618268860212593 ], [ 98.476294906889905, 3.618241657511675 ], [ 98.476319217718569, 3.618151097990076 ], [ 98.47632705180385, 3.61806052891882 ], [ 98.476334885146159, 3.617969959846656 ], [ 98.476373685398926, 3.617885105457049 ], [ 98.476378897842309, 3.617879411737561 ], [ 98.476463905771894, 3.617811267919271 ], [ 98.476491804847413, 3.617788903536209 ], [ 98.476554125260151, 3.617738947555198 ], [ 98.47660471297273, 3.617698395317964 ], [ 98.476644337140925, 3.617679864035147 ], [ 98.476734534283125, 3.617646457703386 ], [ 98.476824726675133, 3.617621325063654 ], [ 98.476884315187377, 3.617607983581967 ], [ 98.476914915464505, 3.617602469165492 ], [ 98.477005102916252, 3.617585942239462 ], [ 98.477095290250702, 3.617569616485601 ], [ 98.477185477824889, 3.617552868909061 ], [ 98.477275665197098, 3.617536470239671 ], [ 98.477365851893381, 3.617521248042624 ], [ 98.477389515310591, 3.617517702228648 ], [ 98.477456037609329, 3.617507734359539 ], [ 98.477515310087881, 3.617517774959203 ], [ 98.477546206589892, 3.617523442197858 ], [ 98.477636361944874, 3.617562954978111 ], [ 98.477726523277994, 3.617592040624829 ], [ 98.477816699894348, 3.617594437092401 ], [ 98.47786473683108, 3.6176085505293 ], [ 98.477906863693008, 3.617619234251751 ], [ 98.477997039868342, 3.617622411481506 ], [ 98.47808720400306, 3.617646638925158 ], [ 98.478177378836904, 3.617652171819018 ], [ 98.47826755606981, 3.617653513914488 ], [ 98.478356606942597, 3.617699408203237 ], [ 98.47835770748712, 3.617700006889367 ], [ 98.478447865568384, 3.617734861418641 ], [ 98.47853105345321, 3.617790082520052 ], [ 98.478538009927703, 3.617793735449145 ], [ 98.478628148969747, 3.617861934749564 ], [ 98.478649280979553, 3.61788072437696 ], [ 98.478718290939739, 3.617925034811865 ], [ 98.478808451938235, 3.617954853364483 ], [ 98.47886721570076, 3.617971423725739 ], [ 98.478898614616938, 3.61798174297291 ], [ 98.478988778975818, 3.618005702240229 ], [ 98.479078942661431, 3.618030850870162 ], [ 98.479169107952316, 3.618053198792218 ], [ 98.47920596453389, 3.618062192663012 ], [ 98.479259267516539, 3.618085587991394 ], [ 98.479349439298616, 3.618096584741557 ], [ 98.47943960281907, 3.618122064375159 ], [ 98.479529771846956, 3.618137902615673 ], [ 98.479573279929483, 3.618152977935415 ], [ 98.479619908019515, 3.618211339667507 ], [ 98.479665588239143, 3.618243604752194 ], [ 98.479710032804135, 3.618304767363577 ], [ 98.479731431795258, 3.618334216324635 ], [ 98.479799750363256, 3.618424829318891 ], [ 98.479800142125626, 3.618425339783178 ], [ 98.47987029893136, 3.618515443593465 ], [ 98.479890254277421, 3.618540988971508 ], [ 98.479941781290364, 3.618606058401848 ], [ 98.479980368090906, 3.618653762448561 ], [ 98.480015340630374, 3.618696674401792 ], [ 98.480070483326131, 3.618764079903797 ], [ 98.480089569409685, 3.618787290782903 ], [ 98.480160598398612, 3.61887472000638 ], [ 98.480163187526713, 3.618877906808499 ], [ 98.480238863243017, 3.618968524013795 ], [ 98.480250714878082, 3.618982928600469 ], [ 98.480313378826509, 3.619059140547377 ], [ 98.480340831121495, 3.619091588048352 ], [ 98.480390072778491, 3.619149758329715 ], [ 98.480430948136373, 3.619198930171632 ], [ 98.480465591211583, 3.619240375431512 ], [ 98.480521065627627, 3.619305472402552 ], [ 98.480542813746609, 3.619330993508899 ], [ 98.48061118343368, 3.61941149804756 ], [ 98.480619408309195, 3.619421611220652 ], [ 98.480692850916071, 3.619512227115878 ], [ 98.480701298265885, 3.619522781334368 ], [ 98.480762624737267, 3.619602840898116 ], [ 98.480791409593422, 3.619640256692715 ], [ 98.480832326778554, 3.619693454635523 ], [ 98.480881521044893, 3.619757553628255 ], [ 98.480901877870494, 3.619784068282615 ], [ 98.480971377110237, 3.619874681896363 ], [ 98.480971632418928, 3.619875025776186 ], [ 98.481038757155588, 3.619965294288917 ], [ 98.481061739582969, 3.619999933514834 ], [ 98.481098874646918, 3.620055902505634 ], [ 98.481151840572764, 3.620135731342002 ], [ 98.481158992475272, 3.620146510720081 ], [ 98.481219109224767, 3.620237118931449 ], [ 98.481241941586816, 3.620271530894985 ], [ 98.481279227839906, 3.620327727141421 ], [ 98.481332042626491, 3.620407329771307 ], [ 98.481339344762162, 3.620418335347962 ], [ 98.48139989289875, 3.620508943799672 ], [ 98.481422146736008, 3.620537776794588 ], [ 98.481474294856824, 3.620599560203904 ], [ 98.481512264267366, 3.620644670251034 ], [ 98.481550622018304, 3.620690177709279 ], [ 98.481602381373349, 3.620752347948654 ], [ 98.481626069874679, 3.620780794705424 ], [ 98.481692498191407, 3.620860568475785 ], [ 98.481701527647374, 3.620871411702933 ], [ 98.481776981063206, 3.620962028693612 ], [ 98.481782615026646, 3.620968795442742 ], [ 98.48185242834461, 3.62105264567644 ], [ 98.481872731892196, 3.621077005777694 ], [ 98.481951100374218, 3.621143275980712 ], [ 98.481962867541654, 3.621152205467805 ], [ 98.48205304595912, 3.621152175807427 ], [ 98.482143224379129, 3.621152143938154 ], [ 98.482233402584001, 3.621152492983911 ], [ 98.482323580132672, 3.621153999729319 ], [ 98.48241375733808, 3.621156113685216 ], [ 98.482503933931426, 3.621159308577702 ], [ 98.482594109261626, 3.621164731860455 ], [ 98.482684281231315, 3.621176079812316 ], [ 98.48277443748421, 3.621215128293275 ], [ 98.482790107063011, 3.62123433067878 ], [ 98.482853403651887, 3.621324940634366 ], [ 98.482774351459057, 3.621366708312585 ], [ 98.482727884101052, 3.621415442425746 ], [ 98.482684128311206, 3.62144548315776 ], [ 98.482599320691904, 3.621505942451485 ], [ 98.482593911178583, 3.621513636341606 ], [ 98.482535664687134, 3.621596479661405 ], [ 98.482503659839026, 3.621642003927224 ], [ 98.48247201243089, 3.621687016866988 ], [ 98.48241340847315, 3.621770370798666 ], [ 98.482408358431002, 3.621777554065091 ], [ 98.482362441737777, 3.621868101427818 ], [ 98.482387094510685, 3.621958689254529 ], [ 98.482413270412678, 3.622013429130958 ], [ 98.482431955779703, 3.622049288668298 ], [ 98.482456378782857, 3.622139876362704 ], [ 98.482480980884276, 3.622230464159653 ], [ 98.482502038777994, 3.622321049924433 ], [ 98.482503237561659, 3.622385536369599 ], [ 98.482503731083099, 3.622411624586101 ], [ 98.482511821868187, 3.622502202916254 ], [ 98.482519912653615, 3.622592781246387 ], [ 98.482528003439384, 3.6226833595765 ], [ 98.482536094225495, 3.622773937906589 ], [ 98.482544185011932, 3.622864516236659 ], [ 98.482550888529886, 3.62295509377127 ], [ 98.482502885130998, 3.623005967322083 ], [ 98.482412729325418, 3.622965866218769 ], [ 98.482394408714512, 3.622955004034879 ], [ 98.482322580678456, 3.622913183779125 ], [ 98.482240029177959, 3.622864341789777 ], [ 98.482232432390859, 3.622859888854562 ], [ 98.482142282162897, 3.622810027409702 ], [ 98.482078307600247, 3.622773675309087 ], [ 98.482052132559829, 3.622759085781623 ], [ 98.481961982876939, 3.622708303762217 ], [ 98.481916428739709, 3.622683008713566 ], [ 98.481871832792947, 3.622658246227945 ], [ 98.481781682720353, 3.622608187670923 ], [ 98.48175734341261, 3.622592343697518 ], [ 98.481691540894985, 3.622543651501655 ], [ 98.481639156512912, 3.622501702147569 ], [ 98.481601405689602, 3.622467504424725 ], [ 98.481539216440908, 3.622411071066834 ], [ 98.481511273720756, 3.622385697160214 ], [ 98.481439412203358, 3.622320440055744 ], [ 98.481421141791742, 3.622303848779053 ], [ 98.481339606418203, 3.622229809035403 ], [ 98.481331009879071, 3.622222000516089 ], [ 98.481240877996441, 3.622140128356422 ], [ 98.481239831789964, 3.622139178024606 ], [ 98.481150746171636, 3.622058183501109 ], [ 98.48106055961459, 3.622072370047122 ], [ 98.480978694957784, 3.622139027909711 ], [ 98.480970339212448, 3.622145969496303 ], [ 98.4808801175474, 3.622221760730004 ], [ 98.480870853209538, 3.622229539563129 ], [ 98.480789896008005, 3.622297305780751 ], [ 98.480699723239724, 3.62228725644971 ], [ 98.480609575624868, 3.622233087943621 ], [ 98.480603567032261, 3.622229385799284 ], [ 98.480519423725369, 3.622186454751469 ], [ 98.480429271535229, 3.622140349127214 ], [ 98.480426072906084, 3.62213870998501 ], [ 98.48033911939406, 3.622094175273982 ], [ 98.480248967244208, 3.622048034364412 ], [ 98.480158815221216, 3.622001688737139 ], [ 98.48007258480726, 3.621957359130518 ], [ 98.480068663207263, 3.621955344991469 ], [ 98.479978496396171, 3.621934947464484 ], [ 98.479897023820897, 3.621957257995361 ], [ 98.479888303849904, 3.62195964593715 ], [ 98.479798111300866, 3.621984342780785 ], [ 98.479707918746882, 3.622009041764701 ], [ 98.479617741587418, 3.622006778524521 ], [ 98.479564096102152, 3.622047639762506 ], [ 98.479527520554782, 3.622081326415486 ], [ 98.479465816571107, 3.622138156742704 ], [ 98.479437294622102, 3.622164425896496 ], [ 98.479367537020806, 3.622228673709193 ], [ 98.479347068673164, 3.622247525365947 ], [ 98.479269257451193, 3.622319190661969 ], [ 98.479256842707954, 3.622330624823844 ], [ 98.479170977862324, 3.622409707601033 ], [ 98.479166616726502, 3.62241372427018 ], [ 98.479076390728807, 3.622496823704962 ], [ 98.479072698254157, 3.622500224526385 ], [ 98.478986164714854, 3.622579923128186 ], [ 98.478974418626706, 3.622590741438022 ], [ 98.47889593868463, 3.622663022539849 ], [ 98.478876138979956, 3.622681258335946 ], [ 98.478805712638177, 3.622746121939955 ], [ 98.478777859313951, 3.622771775220155 ], [ 98.478715486575453, 3.6228292213285 ], [ 98.478679580536337, 3.622862292091171 ], [ 98.47862526049596, 3.622912321646218 ], [ 98.478581301035348, 3.622952808948064 ], [ 98.478535034400053, 3.622995422174092 ], [ 98.478483022481086, 3.623043325791798 ], [ 98.478444808288572, 3.623078521527954 ], [ 98.478384742737916, 3.623133842621139 ], [ 98.478354582280431, 3.623161412039164 ], [ 98.478286196542584, 3.623224359282722 ], [ 98.478264356481404, 3.623243909130382 ], [ 98.478185079744392, 3.62331487444401 ], [ 98.478174131851418, 3.623324337494828 ], [ 98.478083908233359, 3.623402972524803 ], [ 98.478081157831383, 3.623405387968386 ], [ 98.477993688008496, 3.623475660280957 ], [ 98.477968499537255, 3.623495896423264 ], [ 98.477903467887742, 3.623548142131143 ], [ 98.477855842407038, 3.623586404861328 ], [ 98.477813247752451, 3.62362062509358 ], [ 98.477743184628153, 3.623676913281531 ], [ 98.477723027603687, 3.623693107281113 ], [ 98.477632807441069, 3.623765589420852 ], [ 98.477631050326906, 3.623767421987318 ], [ 98.47757780922305, 3.623857964779036 ], [ 98.477542552383625, 3.623898874339979 ], [ 98.477499788671651, 3.623948493215519 ], [ 98.477452308431353, 3.624012756735758 ], [ 98.477434006058957, 3.624039028731436 ], [ 98.477373626908147, 3.62412956737076 ], [ 98.477362052190898, 3.624148009649081 ], [ 98.477317449203767, 3.624220108438383 ], [ 98.477271788310119, 3.624296522886287 ], [ 98.477263346157727, 3.624310650702888 ], [ 98.477209242138116, 3.624401192961848 ], [ 98.477181522936746, 3.624447580616916 ], [ 98.477153887441204, 3.624491734490921 ], [ 98.477093086832866, 3.6245822728579 ], [ 98.477091265437963, 3.624584870133178 ], [ 98.47702907945704, 3.624672809359653 ], [ 98.47700101400514, 3.62471154885277 ], [ 98.476963236196951, 3.62476334479028 ], [ 98.476910765718358, 3.624832705752284 ], [ 98.476886416152354, 3.624853873847971 ], [ 98.476820543772888, 3.624907978996589 ], [ 98.476776229125733, 3.624944383541204 ], [ 98.476730320446421, 3.624985629780042 ], [ 98.476691973178347, 3.62503490826337 ], [ 98.47664006444748, 3.625120090028802 ], [ 98.476637049988369, 3.625125449996796 ], [ 98.476591627787599, 3.625215997239031 ], [ 98.476549788066421, 3.625289949157992 ], [ 98.476540722752702, 3.625306541295172 ], [ 98.476478173703299, 3.625397078587503 ], [ 98.476459531080039, 3.625426020796978 ], [ 98.476419854090537, 3.625487618329048 ], [ 98.476369271733191, 3.625566146154813 ], [ 98.476361534638585, 3.625578158065055 ], [ 98.476303216306263, 3.625668697796075 ], [ 98.476279012354951, 3.625706274639034 ], [ 98.476246377552755, 3.625759238380827 ], [ 98.476191960057236, 3.625849780366664 ], [ 98.476188747870523, 3.625855224667427 ], [ 98.47613957025527, 3.625940323525485 ], [ 98.476098479548895, 3.62601078594651 ], [ 98.476086710423331, 3.626030866406465 ], [ 98.476033842702122, 3.626121409278056 ], [ 98.476008207048338, 3.626173547765828 ], [ 98.47599765053539, 3.626211961836225 ], [ 98.475977686766413, 3.626302523823816 ], [ 98.47595772299222, 3.626393085810205 ], [ 98.475937758982681, 3.626483647795259 ], [ 98.475917827151576, 3.626522743948029 ], [ 98.475874216690173, 3.626574184445559 ], [ 98.475827591589592, 3.626621213578345 ], [ 98.475783316632771, 3.626664705181955 ], [ 98.475737361674533, 3.626709847055472 ], [ 98.47569116620312, 3.626755225179176 ], [ 98.475647131741965, 3.626798480520833 ], [ 98.475599015755208, 3.626845745164126 ], [ 98.475647071020788, 3.626903857204734 ], [ 98.475686778538375, 3.626936369796667 ], [ 98.475737207541613, 3.626977378840764 ], [ 98.47579960035533, 3.627027008995536 ], [ 98.475827340040496, 3.627057908263345 ], [ 98.475851771498256, 3.627117612918848 ], [ 98.475857015192901, 3.627208189554376 ], [ 98.475862257993924, 3.627298766189324 ], [ 98.475867500794706, 3.627389342824215 ], [ 98.475872743595232, 3.627479919459047 ], [ 98.475877986395503, 3.627570496093816 ], [ 98.475883229195517, 3.627661072728527 ], [ 98.475888471995276, 3.627751649363181 ], [ 98.475893714794793, 3.627842225997774 ], [ 98.47589895759404, 3.627932802632308 ], [ 98.47590420039306, 3.628023379266783 ], [ 98.47590944319181, 3.6281139559012 ], [ 98.475914685990304, 3.628204532535555 ], [ 98.475916837006423, 3.628241694331342 ], [ 98.475919928831004, 3.628295109169877 ], [ 98.475925172812524, 3.628385685804802 ], [ 98.475916716175817, 3.628451407274203 ], [ 98.475913534001108, 3.628476252620487 ], [ 98.475860261548689, 3.628566795218522 ], [ 98.475826437511387, 3.628624283008212 ], [ 98.47580698908483, 3.62865733781168 ], [ 98.475753716846711, 3.628747880400104 ], [ 98.475736170023978, 3.628777703481785 ], [ 98.475700444860081, 3.628838422983804 ], [ 98.475647172844816, 3.628928965562618 ], [ 98.475645902503288, 3.628931124650025 ], [ 98.475593900335127, 3.629019508136276 ], [ 98.475555634950524, 3.629084544411554 ], [ 98.475540627813999, 3.629110050705058 ], [ 98.475489504361164, 3.629200594520166 ], [ 98.475468149531764, 3.629291155663772 ], [ 98.47546533087538, 3.629301224434738 ], [ 98.475445380584588, 3.629381715982656 ], [ 98.47543879984778, 3.629472285726733 ], [ 98.475434888333297, 3.629562857024745 ], [ 98.475430968466313, 3.629653428317581 ], [ 98.475422550843376, 3.629743996990782 ], [ 98.475406100850634, 3.629834560985477 ], [ 98.475389650690204, 3.629925124979122 ], [ 98.475374744436238, 3.630007190907621 ], [ 98.475373200851536, 3.630015688971997 ], [ 98.475356750845194, 3.630106252963816 ], [ 98.475340300221148, 3.63019681695432 ], [ 98.475323850385763, 3.630287380944329 ], [ 98.475307400545844, 3.630377944933378 ], [ 98.475290949784281, 3.630468508920933 ], [ 98.475284277793705, 3.630505240899845 ], [ 98.475274499862266, 3.630559072908021 ], [ 98.475258050008733, 3.630649636894193 ], [ 98.475241599683585, 3.630740200879134 ], [ 98.475225149640934, 3.630830764863284 ], [ 98.475211476109621, 3.630921330464598 ], [ 98.475199527994761, 3.631011897070727 ], [ 98.47519377913305, 3.63105850602599 ], [ 98.475188724345372, 3.63110246434322 ], [ 98.475178309798366, 3.631193031841882 ], [ 98.475167895295357, 3.631283599339969 ], [ 98.475157480788994, 3.631374166837452 ], [ 98.475147066279277, 3.631464734334332 ], [ 98.475136651766192, 3.631555301830607 ], [ 98.475126237033308, 3.631645869326154 ], [ 98.475115822611116, 3.631736436821277 ], [ 98.47510540818557, 3.6318270043158 ], [ 98.475103144625052, 3.631846689027367 ], [ 98.475094993680258, 3.631917571809671 ], [ 98.475084579150376, 3.632008139302928 ], [ 98.475074164617126, 3.632098706795579 ], [ 98.47506374960021, 3.632189274287347 ], [ 98.475053335157853, 3.632279841778849 ], [ 98.475042920712141, 3.632370409269746 ], [ 98.475032506263062, 3.63246097676004 ], [ 98.475022091810615, 3.632551544249727 ], [ 98.475012509862481, 3.632634871983005 ], [ 98.475011677347013, 3.632642111738808 ], [ 98.475001262790244, 3.632732679227233 ], [ 98.474990847583584, 3.632823246714676 ], [ 98.474980433117693, 3.63291381420195 ], [ 98.474970018648435, 3.633004381688617 ], [ 98.474959604175822, 3.633094949174682 ], [ 98.474949189699856, 3.633185516660143 ], [ 98.474938775220508, 3.633276084144999 ], [ 98.474928359949033, 3.633366651628793 ], [ 98.474921874849571, 3.63342304746701 ], [ 98.474917945402183, 3.633457219112404 ], [ 98.474907530912759, 3.633547786595449 ], [ 98.474897116419967, 3.633638354077889 ], [ 98.474886701923808, 3.633728921559725 ], [ 98.474876287424294, 3.633819489040957 ], [ 98.474865872921413, 3.633910056521583 ], [ 98.474855457792628, 3.634000624001242 ], [ 98.474845043185397, 3.634091191480604 ], [ 98.474834628574811, 3.634181758959361 ], [ 98.474831239577654, 3.634211230331142 ], [ 98.474824214026711, 3.634272326437554 ], [ 98.474813799507018, 3.63436289391516 ], [ 98.474803384983957, 3.634453461392162 ], [ 98.474792970457528, 3.634544028868559 ], [ 98.474782555471421, 3.634634596344086 ], [ 98.474772140840642, 3.634725163819218 ], [ 98.474761726206509, 3.634815731293745 ], [ 98.474751311569008, 3.634906298767668 ], [ 98.474740896928139, 3.634996866240988 ], [ 98.474740604051021, 3.634999413149508 ], [ 98.474730482378789, 3.635087433713756 ], [ 98.474720067636326, 3.635178001185811 ], [ 98.474709652985368, 3.635268568657315 ], [ 98.474699238331041, 3.635359136128216 ], [ 98.474688823673361, 3.635449703598515 ], [ 98.474678409012313, 3.635540271068207 ], [ 98.474667994178944, 3.635630838537194 ], [ 98.474657579608774, 3.635721406005735 ], [ 98.474649968269574, 3.6357875959221 ], [ 98.474647165008975, 3.635811973473656 ], [ 98.474636750334469, 3.63590254094093 ], [ 98.474626335656595, 3.635993108407599 ], [ 98.474615920975353, 3.636083675873665 ], [ 98.474605506290757, 3.636174243339125 ], [ 98.474595091267602, 3.636264810803786 ], [ 98.474584676673885, 3.636355378268094 ], [ 98.474574262076814, 3.636445945731796 ], [ 98.474563847476375, 3.636536513194896 ], [ 98.474559332233284, 3.636575778648907 ], [ 98.474553432817274, 3.636627080657358 ], [ 98.47454301811247, 3.636717648119191 ], [ 98.474532602805269, 3.636808215580071 ], [ 98.474522188191372, 3.63689878304075 ], [ 98.474511773574093, 3.636989350500826 ], [ 98.474501358953461, 3.637079917960298 ], [ 98.47449094432946, 3.637170485419165 ], [ 98.474480529702078, 3.637261052877425 ], [ 98.474470115071341, 3.637351620335082 ], [ 98.474468695942676, 3.637363960318131 ], [ 98.474459699587669, 3.637442187791638 ], [ 98.474449284950211, 3.637532755248085 ], [ 98.47443887030937, 3.637623322703929 ], [ 98.474428455665176, 3.637713890159166 ], [ 98.474418041017614, 3.6378044576138 ], [ 98.47440762636667, 3.637895025067828 ], [ 98.47439721104233, 3.63798559252086 ], [ 98.474386796287021, 3.638076159973621 ], [ 98.474378059400266, 3.63815213653925 ], [ 98.474376522867018, 3.638166727508444 ], [ 98.474366930724329, 3.638257295441148 ], [ 98.474357243544105, 3.638347863317702 ], [ 98.474347459619096, 3.6384384311371 ], [ 98.474337577937916, 3.638528998898744 ], [ 98.474327596834399, 3.638619566601648 ], [ 98.474317514257294, 3.638710134244608 ], [ 98.474307329636588, 3.638800701827282 ], [ 98.474297040226134, 3.638891269348054 ], [ 98.474287402336117, 3.638975276005427 ], [ 98.474286786427228, 3.638981836889066 ], [ 98.474278284219551, 3.63907240545439 ], [ 98.474269781347132, 3.639162974018817 ], [ 98.474261279133472, 3.639253542583121 ], [ 98.474254967839414, 3.639344112429043 ], [ 98.474268591472253, 3.639434693940622 ], [ 98.47428710150308, 3.639494220117498 ], [ 98.474310147823303, 3.639525291797879 ], [ 98.474376309513715, 3.639615904051292 ], [ 98.474377210355314, 3.639617152381768 ], [ 98.474444370291792, 3.639706517412619 ], [ 98.474467320985426, 3.639737057392827 ], [ 98.474512465949701, 3.639797130790985 ], [ 98.474557431637777, 3.63985696346264 ], [ 98.474577904148461, 3.63988774261157 ], [ 98.474636677031427, 3.639978350530761 ], [ 98.474647531779979, 3.639995047911629 ], [ 98.474693977966709, 3.640068957586798 ], [ 98.474737627323151, 3.640141114993373 ], [ 98.474747342345097, 3.640159562338651 ], [ 98.474795056264156, 3.640250163784659 ], [ 98.474827708419738, 3.640312167614639 ], [ 98.47484276835749, 3.640340765228267 ], [ 98.474890482293759, 3.640431366671618 ], [ 98.474917789546552, 3.640483220939398 ], [ 98.474938194404274, 3.640521968112568 ], [ 98.474985908357738, 3.640612569553259 ], [ 98.475007870704957, 3.640654272658347 ], [ 98.475033621795419, 3.640703170992314 ], [ 98.475081334456121, 3.64079377242958 ], [ 98.475097951892849, 3.640825326363271 ], [ 98.47512904780217, 3.640884373865908 ], [ 98.475176760588894, 3.640974975300575 ], [ 98.475188033111394, 3.640996380063453 ], [ 98.47522447458536, 3.641065576734613 ], [ 98.475272186756058, 3.641156178166248 ], [ 98.475278114360606, 3.641167433758891 ], [ 98.475319900769733, 3.641246779597625 ], [ 98.475367612969507, 3.641337381026605 ], [ 98.475368195640954, 3.64133848660071 ], [ 98.475416352120547, 3.641427983054231 ], [ 98.475458280244609, 3.641503850420599 ], [ 98.475466448922475, 3.641518585873573 ], [ 98.475511502740503, 3.641609185745495 ], [ 98.475548354940997, 3.641686385650343 ], [ 98.475555029231742, 3.641699784724128 ], [ 98.475600227440438, 3.641790384678163 ], [ 98.475638427151608, 3.641873272652405 ], [ 98.475642353578451, 3.641880982836787 ], [ 98.47568050565323, 3.641971578673509 ], [ 98.475728500146104, 3.642058861636082 ], [ 98.475730948952375, 3.642062181687538 ], [ 98.475738102030007, 3.642152759419827 ], [ 98.475728438992633, 3.642164559042905 ], [ 98.475651795888012, 3.642243282566993 ], [ 98.475638204729762, 3.642257644458484 ], [ 98.475549078145079, 3.64233379611513 ], [ 98.475547979787592, 3.642334594401444 ], [ 98.475457763790033, 3.642396067859587 ], [ 98.475426886034967, 3.642424298268071 ], [ 98.475367520465142, 3.64250471659169 ], [ 98.475360366079926, 3.642514832941236 ], [ 98.475296340166111, 3.642605369065286 ], [ 98.475277264704246, 3.642634799745309 ], [ 98.475240841793465, 3.642695910168273 ], [ 98.475195167964387, 3.642786457010504 ], [ 98.475186986366609, 3.642803809801484 ], [ 98.475157586410162, 3.642877008580958 ], [ 98.475168102784934, 3.642967588275555 ], [ 98.475185488095988, 3.64305817198682 ], [ 98.475186834949653, 3.643065188980876 ], [ 98.475202874887287, 3.643148755698931 ], [ 98.47522026075228, 3.64323933941049 ], [ 98.475237646355779, 3.643329923121879 ], [ 98.475255032318472, 3.643420506833464 ], [ 98.475272417640625, 3.643511090544659 ], [ 98.475276744079252, 3.643533630910671 ], [ 98.475289804443037, 3.643601674256703 ], [ 98.475307190270144, 3.643692257968164 ], [ 98.475324575884784, 3.643782841679486 ], [ 98.475341961907546, 3.643873425391029 ], [ 98.475359348598772, 3.643964009102951 ], [ 98.475366653270882, 3.644002068389002 ], [ 98.47537673405435, 3.644054592814133 ], [ 98.4753941198436, 3.644145176525496 ], [ 98.475411505469367, 3.644235760236747 ], [ 98.475428891552227, 3.644326343948252 ], [ 98.475446278205581, 3.644416927660075 ], [ 98.475456562518659, 3.644470511633676 ], [ 98.475463663838013, 3.644507511371283 ], [ 98.475481049472663, 3.64459809508248 ], [ 98.475498435109543, 3.644688678793663 ], [ 98.475515821252515, 3.644779262505125 ], [ 98.475533207868011, 3.644869846216848 ], [ 98.475546471825908, 3.644938954877975 ], [ 98.475550593511571, 3.644960429927989 ], [ 98.475567979157347, 3.645051013639113 ], [ 98.475585365644008, 3.645141597350715 ], [ 98.475602751008438, 3.645232181061645 ], [ 98.475620137586077, 3.645322764773268 ], [ 98.475636381192672, 3.645407398121898 ], [ 98.475637523240749, 3.645413348484338 ], [ 98.475654908897653, 3.645503932195391 ], [ 98.475672295444426, 3.645594515906951 ], [ 98.475689681696196, 3.645685099618321 ], [ 98.475707067359778, 3.645775683329332 ], [ 98.475724453025578, 3.645866267040329 ], [ 98.475726290618965, 3.645875841365436 ], [ 98.47574391375845, 3.645956851964385 ], [ 98.47576609344361, 3.64604743847786 ], [ 98.475791416848509, 3.646138026828975 ], [ 98.475816274399406, 3.64621599984061 ], [ 98.475820889724403, 3.646228617605514 ], [ 98.475854026797691, 3.646319210523594 ], [ 98.475887163410093, 3.646409803440954 ], [ 98.47590631266398, 3.646462157454928 ], [ 98.475919093044794, 3.646500395652406 ], [ 98.475948016218709, 3.646590986106288 ], [ 98.475969510742715, 3.646681572218188 ], [ 98.47596489222208, 3.646772143067905 ], [ 98.475955689771595, 3.646862711237974 ], [ 98.475940017966252, 3.646953275625967 ], [ 98.475926097618597, 3.647043841036893 ], [ 98.47591321145191, 3.647134407051596 ], [ 98.475905891274323, 3.647189788080648 ], [ 98.475901292560053, 3.64722497363105 ], [ 98.47588960001174, 3.647315540342153 ], [ 98.475879913535834, 3.647406108225481 ], [ 98.475873578785723, 3.64749667806799 ], [ 98.475867243060605, 3.64758724790952 ], [ 98.475852738182482, 3.647677812973789 ], [ 98.475836462264056, 3.647768377001557 ], [ 98.475820618880604, 3.647858941281329 ], [ 98.475815296811987, 3.647903640267744 ], [ 98.475809899379797, 3.647949508556842 ], [ 98.475796461743684, 3.648040074241987 ], [ 98.475778289522694, 3.648130637157107 ], [ 98.47576669448236, 3.648221203918365 ], [ 98.475758664648197, 3.648311772764442 ], [ 98.475740732080311, 3.648402335817111 ], [ 98.475724774998838, 3.648491765260414 ], [ 98.475724565104485, 3.648492899901633 ], [ 98.47571346910442, 3.648583466951988 ], [ 98.475702379479273, 3.648674034005431 ], [ 98.475691290336471, 3.648764601058521 ], [ 98.475680200865213, 3.648855168110779 ], [ 98.475669111390459, 3.648945735162395 ], [ 98.475658022258344, 3.649036302213575 ], [ 98.475646932615689, 3.649126869263815 ], [ 98.47563584296951, 3.649217436313417 ], [ 98.475634165321722, 3.649231137344093 ], [ 98.475624753456387, 3.649308003362456 ], [ 98.475613664981381, 3.649398570411465 ], [ 98.475602575324686, 3.649489137459142 ], [ 98.475576481228572, 3.649579695723327 ], [ 98.475543734469753, 3.649661788884933 ], [ 98.475540298194446, 3.649670248079673 ], [ 98.475504558026287, 3.649760800692615 ], [ 98.475469858638462, 3.649851353912317 ], [ 98.475543573817518, 3.649938775393074 ], [ 98.47555193495306, 3.649941975502725 ], [ 98.475633734812206, 3.649973562936734 ], [ 98.475723896052003, 3.650007941650079 ], [ 98.475787946658087, 3.650032687183236 ], [ 98.475814057036331, 3.650042774755649 ], [ 98.475904218780485, 3.650076310893123 ], [ 98.475994381914063, 3.650107463110962 ], [ 98.476037731711557, 3.650123406864761 ], [ 98.476084543985692, 3.650140460688652 ], [ 98.476174705727914, 3.650174040118035 ], [ 98.476264868571519, 3.650205731704109 ], [ 98.476288604435183, 3.650214127119587 ], [ 98.476355031440875, 3.650237391727095 ], [ 98.476445193731578, 3.650270063873695 ], [ 98.476535357018847, 3.650301027963117 ], [ 98.476546778838426, 3.650304851578279 ], [ 98.476625520852267, 3.650331061264774 ], [ 98.476715684453353, 3.650361508326077 ], [ 98.476805848984654, 3.650390360421735 ], [ 98.476822235568207, 3.650395586064559 ], [ 98.476896013661062, 3.650418973683218 ], [ 98.476986177930158, 3.650448302919877 ], [ 98.477076343044502, 3.65047618293604 ], [ 98.477109253148839, 3.6504863272231 ], [ 98.477166508216058, 3.650503975654807 ], [ 98.477256673186034, 3.650532128623418 ], [ 98.477346842162845, 3.650553362591943 ], [ 98.47743701737862, 3.650563812494961 ], [ 98.477527194266784, 3.650571374424544 ], [ 98.477598505491486, 3.650577186276058 ], [ 98.477617371280544, 3.650578723833395 ], [ 98.477707547875482, 3.650586802957946 ], [ 98.477797724758091, 3.650594389043694 ], [ 98.477887901181703, 3.65060277474063 ], [ 98.477978077814512, 3.650610803294238 ], [ 98.478068254287194, 3.650619114177168 ], [ 98.478158430451742, 3.650627963947389 ], [ 98.47824860700959, 3.650636137523613 ], [ 98.478338782961288, 3.650645366595753 ], [ 98.478428959247125, 3.650654021920924 ], [ 98.478519135233199, 3.650663202116468 ], [ 98.478567659130988, 3.650668324599152 ], [ 98.478609311017863, 3.650672736933811 ], [ 98.478699487174978, 3.650681631337351 ], [ 98.478789662722164, 3.650691588951546 ], [ 98.478879838637354, 3.650700913833745 ], [ 98.478970014231905, 3.65071080045741 ], [ 98.479060190100014, 3.65072021800248 ], [ 98.479150366029671, 3.650729534210257 ], [ 98.479240541128007, 3.650740298948809 ], [ 98.479330716312958, 3.650750919285319 ], [ 98.479400663524927, 3.650759382771188 ], [ 98.479420891313879, 3.650761865037 ], [ 98.479511065270728, 3.650774630157002 ], [ 98.479601239185143, 3.65078747558475 ], [ 98.479691413104291, 3.650800319475531 ], [ 98.479781587026366, 3.650813164885849 ], [ 98.479871760952292, 3.650826010287453 ], [ 98.479961934882908, 3.650838854152086 ], [ 98.480042489257983, 3.65085032921914 ], [ 98.48005210881648, 3.650851699536259 ], [ 98.48014228275477, 3.65086454338346 ], [ 98.480232456696001, 3.650877388750203 ], [ 98.480322630641538, 3.650890233250533 ], [ 98.480412804590799, 3.650903077929282 ], [ 98.480502978543512, 3.650915923269876 ], [ 98.480593154944344, 3.650924514641341 ], [ 98.480683338570913, 3.650920533674014 ], [ 98.48077352236281, 3.650916265681962 ], [ 98.480863706212446, 3.650911897905322 ], [ 98.480953890015826, 3.650907611429068 ], [ 98.481044074120263, 3.650902801249759 ], [ 98.481134258264376, 3.65089792253508 ], [ 98.481224442196918, 3.650893412980149 ], [ 98.481314626456012, 3.650888335007644 ], [ 98.481404810952327, 3.650882844000825 ], [ 98.481494995053495, 3.650878042165357 ], [ 98.481585179341536, 3.650872915111972 ], [ 98.481675364251075, 3.650866704534819 ], [ 98.481765548578224, 3.650861509935064 ], [ 98.481855732861064, 3.650856393032624 ], [ 98.481921658693295, 3.650851418245499 ], [ 98.481945918112089, 3.650849587156706 ], [ 98.482036102661226, 3.650844006145366 ], [ 98.482126287184457, 3.650838470598562 ], [ 98.482216472428576, 3.650831676777578 ], [ 98.48230665721843, 3.650825676054711 ], [ 98.482396842147253, 3.650819432755148 ], [ 98.482487027388203, 3.650812644288734 ], [ 98.482577212421432, 3.650806218605439 ], [ 98.482667397559254, 3.650799610119917 ], [ 98.482757582965675, 3.650792532112306 ], [ 98.482847768334622, 3.650785519376586 ], [ 98.482937953445173, 3.650778958173349 ], [ 98.483028139146953, 3.650771363089143 ], [ 98.483118324849201, 3.65076376672192 ], [ 98.483147145540173, 3.650761552678247 ], [ 98.483208510159756, 3.650756855108915 ], [ 98.483298695950779, 3.650749102706163 ], [ 98.483388881759879, 3.650741318185218 ], [ 98.483479067461005, 3.65073372212195 ], [ 98.483569253247822, 3.650725975620899 ], [ 98.483659438440526, 3.650719268833898 ], [ 98.483749623201476, 3.650713317939041 ], [ 98.483839807958347, 3.65070737435586 ], [ 98.483929992723176, 3.650701417014699 ], [ 98.484020177507347, 3.650695425884382 ], [ 98.484110362271778, 3.650689469472499 ], [ 98.484200547065839, 3.650683461321267 ], [ 98.484290732023425, 3.650677166594301 ], [ 98.484368825841301, 3.650671683207618 ], [ 98.484380917002511, 3.650670834221582 ], [ 98.484471101960736, 3.650664538437373 ], [ 98.484561286934891, 3.650658214742667 ], [ 98.484651471910922, 3.650651887751428 ], [ 98.484741656852123, 3.650645621878595 ], [ 98.484831841807051, 3.65063933197092 ], [ 98.484922026772637, 3.65063302334931 ], [ 98.48501221172738, 3.650626733808009 ], [ 98.485102396682962, 3.650620442833928 ], [ 98.48519258164788, 3.650614135443873 ], [ 98.485282766606076, 3.650607839873287 ], [ 98.4853729515429, 3.650601581895268 ], [ 98.485463136509068, 3.650595272396179 ], [ 98.485553321467435, 3.650588976603815 ], [ 98.485643506394339, 3.650582736106476 ], [ 98.485656180642039, 3.650581849752633 ], [ 98.485733691359087, 3.650576429156929 ], [ 98.485823876185478, 3.650570365470942 ], [ 98.485914060940601, 3.650564427218391 ], [ 98.486004245836668, 3.650558241203297 ], [ 98.486094430602094, 3.650552285048168 ], [ 98.486184615367193, 3.650546329626585 ], [ 98.486274800211874, 3.650540234304214 ], [ 98.486364984968631, 3.650534293800508 ], [ 98.486455169667977, 3.650528454531889 ], [ 98.486545354463132, 3.650522446701192 ], [ 98.486635539200492, 3.650516540795919 ], [ 98.486725723771556, 3.650510927942831 ], [ 98.486815908359247, 3.650505286041707 ], [ 98.486906092931889, 3.650499670932527 ], [ 98.486996277499415, 3.650494065070658 ], [ 98.487028259017748, 3.650492062937395 ], [ 98.487086462089707, 3.65048841932827 ], [ 98.487176646653893, 3.65048281988787 ], [ 98.487266831228254, 3.650477202723164 ], [ 98.487357015803937, 3.650471583511325 ], [ 98.487447200369743, 3.65046598195874 ], [ 98.487537384946464, 3.650460361396453 ], [ 98.487627569927696, 3.650454027341111 ], [ 98.487717755179915, 3.650447215041188 ], [ 98.487807940488949, 3.650440302294661 ], [ 98.487898125798196, 3.650433388947642 ], [ 98.487988311107628, 3.650426475068512 ], [ 98.488078496416307, 3.650419562294153 ], [ 98.488168681724986, 3.650412649312686 ], [ 98.48825886703429, 3.650405735012339 ], [ 98.488304732579223, 3.650402219369485 ], [ 98.488349052342627, 3.650398822210151 ], [ 98.488439237650866, 3.650391909398686 ], [ 98.48852942294414, 3.650385022780579 ], [ 98.488619608213966, 3.650378177440662 ], [ 98.488709793475962, 3.65037134574363 ], [ 98.488799978736566, 3.650364516320931 ], [ 98.48889016399707, 3.650357686888955 ], [ 98.48898034925692, 3.650350858423432 ], [ 98.489070534517154, 3.650344029102652 ], [ 98.489160719777004, 3.65033720024523 ], [ 98.489250905037125, 3.650330370776159 ], [ 98.489341088963627, 3.650325902183606 ], [ 98.48943127137268, 3.65032412137941 ], [ 98.489521453500004, 3.650322841103884 ], [ 98.489611635684653, 3.650321461099308 ], [ 98.489701817857409, 3.650320103906844 ], [ 98.48979199982378, 3.650319114181695 ], [ 98.489882181967928, 3.650317811262535 ], [ 98.489972364100964, 3.650316529806773 ], [ 98.490062545896663, 3.650315848258505 ], [ 98.490152727998392, 3.650314625990535 ], [ 98.490242910032592, 3.650313525317957 ], [ 98.490333091717872, 3.65031304545013 ], [ 98.490351370230044, 3.650312812485253 ], [ 98.490423273781673, 3.650311896050249 ], [ 98.490513455653371, 3.650311089368251 ], [ 98.49060363742629, 3.650310460004555 ], [ 98.490693819449575, 3.650309388181935 ], [ 98.490784001183513, 3.650308831936792 ], [ 98.490874182936537, 3.65030824383509 ], [ 98.490964364919705, 3.650307248999329 ], [ 98.491054546525007, 3.650306927327715 ], [ 98.491144728247122, 3.6503064001976 ], [ 98.491234910190272, 3.650305482359666 ], [ 98.491325091675193, 3.650305380875252 ], [ 98.491415273358172, 3.650304929492486 ], [ 98.491505455171009, 3.650304249283421 ], [ 98.491595636624965, 3.650304209294931 ], [ 98.491685818270824, 3.650303830224979 ], [ 98.491776000315866, 3.650302743100243 ], [ 98.491866182315732, 3.650301738204497 ], [ 98.491956363706535, 3.65030181907919 ], [ 98.49204654553688, 3.650301119862251 ], [ 98.492136727117938, 3.650300866454167 ], [ 98.492226908396205, 3.650301154299084 ], [ 98.492317090234792, 3.65030044662289 ], [ 98.492407271509904, 3.65030074461419 ], [ 98.492497452692334, 3.650301210024251 ], [ 98.492587634296925, 3.65030092566741 ], [ 98.492677815475659, 3.65030140233882 ], [ 98.492767996654706, 3.650301880885514 ], [ 98.492858177964237, 3.650302129222203 ], [ 98.492948359048114, 3.650302782205761 ], [ 98.493038540235943, 3.650303252283995 ], [ 98.493128721234399, 3.650304062576373 ], [ 98.493218902547213, 3.650304314539523 ], [ 98.493309086596895, 3.650299685338299 ], [ 98.493399270797354, 3.650294787614032 ], [ 98.493489454998269, 3.65028988959307 ], [ 98.493579639199439, 3.65028499156289 ], [ 98.493669823400282, 3.650280094610366 ], [ 98.493760007601651, 3.650275197233593 ], [ 98.493850191803659, 3.65027029917576 ], [ 98.493940376005511, 3.650265401907319 ], [ 98.494030551886667, 3.650275373403158 ], [ 98.494120712549417, 3.650312549151366 ], [ 98.494126541474117, 3.650314952526156 ], [ 98.494210873220695, 3.650349724792822 ], [ 98.494301033900172, 3.650386900860477 ], [ 98.494346507662001, 3.650405650530943 ], [ 98.494391194588545, 3.650424076150204 ], [ 98.494481355284762, 3.6504612525373 ], [ 98.49455121119415, 3.650496339874782 ], [ 98.494571512301391, 3.650505025737147 ], [ 98.494661682364764, 3.650525475589106 ], [ 98.494751855961141, 3.650539613139452 ], [ 98.494842029439013, 3.650553970011646 ], [ 98.49493220297677, 3.650568227018621 ], [ 98.495022377550086, 3.65058063736416 ], [ 98.495075673029007, 3.650587209497345 ], [ 98.495112552871475, 3.650591714856001 ], [ 98.495202728024054, 3.650603100819291 ], [ 98.495292903327183, 3.650614223394729 ], [ 98.495383078564444, 3.650625470180116 ], [ 98.495473253747164, 3.65063682088592 ], [ 98.495563429055579, 3.650647952584128 ], [ 98.495653604155038, 3.650659465020985 ], [ 98.495743779449469, 3.650670634224531 ], [ 98.49576806521587, 3.650678173385779 ], [ 98.495833937608012, 3.650712535801413 ], [ 98.495898078116696, 3.650768820395466 ], [ 98.495924075035461, 3.650791632617449 ], [ 98.496001362741765, 3.650859452348627 ], [ 98.496014212479665, 3.650870728248864 ], [ 98.496104349940239, 3.650949823283219 ], [ 98.496104647387938, 3.650950084292574 ], [ 98.496194487415593, 3.651028920668251 ], [ 98.496207929753282, 3.651040716226013 ], [ 98.496284641526003, 3.651078195327476 ], [ 98.496374804339723, 3.65111186842735 ], [ 98.496414110335891, 3.651131406019541 ], [ 98.496464961896464, 3.651154992424807 ], [ 98.496555123932168, 3.651190091984871 ], [ 98.496617834792488, 3.6512220943905 ], [ 98.496645280039445, 3.651235851769595 ], [ 98.49673543996299, 3.651274775574985 ], [ 98.496807751394996, 3.651312774961717 ], [ 98.496825593002853, 3.651326080425669 ], [ 98.496915737192282, 3.651393305873269 ], [ 98.496929295168101, 3.651403417088316 ], [ 98.4970058813946, 3.651460533262173 ], [ 98.497050837137493, 3.651494059200595 ], [ 98.497096025611967, 3.651527758695146 ], [ 98.497172379139045, 3.651584701299581 ], [ 98.497186169842223, 3.651594986069424 ], [ 98.497276314087543, 3.651662211487768 ], [ 98.497293922470575, 3.651675343386001 ], [ 98.497366458345752, 3.651729438847417 ], [ 98.497415464633718, 3.651765985458453 ], [ 98.49745660261901, 3.65179666425113 ], [ 98.497537008927267, 3.651856627518786 ], [ 98.497546746906139, 3.65186388980365 ], [ 98.497636891206355, 3.651931116985226 ], [ 98.497658550630206, 3.651947269564351 ], [ 98.497727035521535, 3.651998342366989 ], [ 98.497780093434798, 3.652037911597215 ], [ 98.497817179849591, 3.652065569690055 ], [ 98.497901636728301, 3.652128553617039 ], [ 98.497907324192653, 3.652132795148365 ], [ 98.497997468548718, 3.65220002236561 ], [ 98.498023178507438, 3.652219195622693 ], [ 98.498087612919775, 3.652267247718099 ], [ 98.498144722927989, 3.652309837616507 ], [ 98.498177757304816, 3.65233447306327 ], [ 98.498207212400317, 3.652309872644898 ], [ 98.498267989717931, 3.652243186539386 ], [ 98.498288089324689, 3.652219344120455 ], [ 98.49835823048646, 3.652136815720727 ], [ 98.498365096320228, 3.652128813417937 ], [ 98.498442893770999, 3.652038283149307 ], [ 98.498448470484675, 3.652031793714694 ], [ 98.49852069120584, 3.651947752871576 ], [ 98.498538710454056, 3.651926785056851 ], [ 98.498598490800958, 3.651857222585965 ], [ 98.498628950401297, 3.651821777747587 ], [ 98.498676288203995, 3.651766692290036 ], [ 98.498719190328231, 3.651716768478088 ], [ 98.498754085591159, 3.651676161985006 ], [ 98.498809430233749, 3.651611759196346 ], [ 98.498831882962406, 3.651585631670881 ], [ 98.498899670117879, 3.651506749902364 ], [ 98.498909680317752, 3.651495101347655 ], [ 98.498987477657181, 3.651404571015333 ], [ 98.498989909980608, 3.651401740596142 ], [ 98.499065274980737, 3.651314040673914 ], [ 98.49908014982168, 3.651296731762391 ], [ 98.499143074464513, 3.651223510324619 ], [ 98.499170389640483, 3.651191724482147 ], [ 98.499220871756251, 3.651132979965008 ], [ 98.499260629439036, 3.651086715139211 ], [ 98.499298669032086, 3.651042449596302 ], [ 98.499350869216201, 3.650981705784036 ], [ 98.49937646629202, 3.650951919218501 ], [ 98.499441108971951, 3.650876696416628 ], [ 98.499454263536052, 3.650861388831605 ], [ 98.499531348706327, 3.650771687036982 ], [ 98.499532060764196, 3.650770858435618 ], [ 98.499609857976424, 3.650680328030536 ], [ 98.499621588419103, 3.65066667802735 ], [ 98.499687657348915, 3.650589797617577 ], [ 98.499711828109497, 3.650561670776157 ], [ 98.499765454529353, 3.65049926719431 ], [ 98.499802067779711, 3.650456661359809 ], [ 98.499843315354212, 3.650408736797499 ], [ 98.499892307338769, 3.650351814181811 ], [ 98.499921248835534, 3.650318206432158 ], [ 98.499982546844237, 3.650247025300392 ], [ 98.499999180589668, 3.650227676056743 ], [ 98.500072786423985, 3.650142063464634 ], [ 98.50007816299096, 3.650137146258578 ], [ 98.500163017396915, 3.650052632221318 ], [ 98.500184477493775, 3.650046631701756 ], [ 98.500253212862219, 3.650027412403048 ], [ 98.500289951218534, 3.650046690545766 ], [ 98.500343364303887, 3.650081850581112 ], [ 98.500378826254348, 3.650137314006301 ], [ 98.500433467970865, 3.650222775076916 ], [ 98.500436757639108, 3.650227920203333 ], [ 98.500494686817547, 3.650318526396803 ], [ 98.500523571662256, 3.650363703030584 ], [ 98.500613733517383, 3.650399380640157 ], [ 98.500703911940377, 3.650405073306218 ], [ 98.500715037845211, 3.650409223140451 ], [ 98.500794077994144, 3.65043317147634 ], [ 98.500864596634571, 3.650499880388145 ], [ 98.500884212494228, 3.650518436078493 ], [ 98.500960401863978, 3.650590507666151 ], [ 98.500974347012146, 3.650603699430314 ], [ 98.501056206908174, 3.65068113493626 ], [ 98.501064481547445, 3.650688962344099 ], [ 98.50115201231651, 3.650771762198775 ], [ 98.501154616099896, 3.650774225250995 ], [ 98.501244750669471, 3.650859488151001 ], [ 98.501247817668414, 3.650862389453461 ], [ 98.501334885256099, 3.650944751236163 ], [ 98.501343622975298, 3.650953016700328 ], [ 98.501425019858914, 3.651030016036068 ], [ 98.501439310537137, 3.651043643873847 ], [ 98.501515154075861, 3.65111601163267 ], [ 98.50153427786617, 3.651134270638693 ], [ 98.50160528825289, 3.651202110931269 ], [ 98.501629079962967, 3.65122489730394 ], [ 98.501695422303825, 3.651288470320807 ], [ 98.501723741547949, 3.651315523883386 ], [ 98.501785556490631, 3.651374614632121 ], [ 98.501818346828088, 3.651406150423919 ], [ 98.501875690381652, 3.651461327029079 ], [ 98.501912772741377, 3.651496776857101 ], [ 98.501965824572224, 3.651547527414673 ], [ 98.502007124741482, 3.651587403241627 ], [ 98.502055958313505, 3.651634574666577 ], [ 98.502101372506672, 3.651678029560655 ], [ 98.50214609249737, 3.651720850180426 ], [ 98.502195420899781, 3.651768655761323 ], [ 98.502236226096471, 3.651808218809562 ], [ 98.502289673582041, 3.651859282068072 ], [ 98.502326360388025, 3.651894361825903 ], [ 98.502383968518672, 3.651949908390788 ], [ 98.502416494260146, 3.651981298057872 ], [ 98.502477600258032, 3.652040534337436 ], [ 98.502506627903372, 3.65206868169909 ], [ 98.502570620407852, 3.65213115993687 ], [ 98.502596761221298, 3.652156688149315 ], [ 98.502664519218627, 3.652221786017124 ], [ 98.502686895320068, 3.652243307840446 ], [ 98.502757509717554, 3.652312411585418 ], [ 98.5027770285636, 3.652331513310407 ], [ 98.502852190228921, 3.652403038084949 ], [ 98.50286716314659, 3.652417316292903 ], [ 98.502945016687363, 3.65249366354742 ], [ 98.502957296324112, 3.6525057055999 ], [ 98.503039336253963, 3.652584289831536 ], [ 98.503047430638802, 3.65259205951003 ], [ 98.503131746259157, 3.652674915048184 ], [ 98.503137563750897, 3.65268063179842 ], [ 98.503227360204292, 3.652765542035753 ], [ 98.503227698717481, 3.652765863476084 ], [ 98.503317831662287, 3.652854804051582 ], [ 98.503319239381568, 3.652856166943179 ], [ 98.503407965435883, 3.65294226912619 ], [ 98.503412538966131, 3.652946792631548 ], [ 98.503498098302686, 3.653031416115526 ], [ 98.503504252433274, 3.65303741743273 ], [ 98.503588231769228, 3.653119504067448 ], [ 98.503596845007408, 3.653128042714414 ], [ 98.503678364557771, 3.653208858208744 ], [ 98.503688351840466, 3.653218667386798 ], [ 98.503768497718298, 3.653297567694729 ], [ 98.503780297216508, 3.65330929229529 ], [ 98.503858630428098, 3.653387130127367 ], [ 98.503872687254031, 3.653399917443168 ], [ 98.503948767189044, 3.653469347912459 ], [ 98.503971803006664, 3.653490546311621 ], [ 98.504038897374016, 3.653563572914014 ], [ 98.50405382131899, 3.653581165696824 ], [ 98.504129027962264, 3.653657097370011 ], [ 98.504143579673709, 3.653671789365269 ], [ 98.504219159953223, 3.653748100102503 ], [ 98.50423333587301, 3.653762413025786 ], [ 98.50430929196213, 3.653839103183585 ], [ 98.504323092090317, 3.653853036679581 ], [ 98.504399423990208, 3.653930104393771 ], [ 98.504412885231375, 3.653943660347092 ], [ 98.504489556054352, 3.654021072941581 ], [ 98.504504435014894, 3.654034284980588 ], [ 98.504579689085986, 3.65411031083991 ], [ 98.504596435150887, 3.654124909856373 ], [ 98.504669825235311, 3.65419389667712 ], [ 98.504694950267449, 3.654215538331441 ], [ 98.504759964661602, 3.654271537343747 ], [ 98.504800173490864, 3.654306170510798 ], [ 98.504850104104079, 3.654349177359517 ], [ 98.504905396735865, 3.654396802680479 ], [ 98.50494024356189, 3.65442681826104 ], [ 98.505010619315371, 3.654487434840108 ], [ 98.505030383036214, 3.654504457876131 ], [ 98.505115840157046, 3.654578066989088 ], [ 98.505120522524962, 3.654582100060204 ], [ 98.505210662030734, 3.654659740047576 ], [ 98.505221063466735, 3.654668699129747 ], [ 98.505300801552337, 3.654737380027846 ], [ 98.505326286797995, 3.65475933126073 ], [ 98.505390941088862, 3.654815021657601 ], [ 98.505431508427549, 3.654849963381083 ], [ 98.505481080642326, 3.654892661237188 ], [ 98.505536730391711, 3.654940595491931 ], [ 98.505571220210626, 3.654970302622019 ], [ 98.505641953787659, 3.655031227593879 ], [ 98.505661359795525, 3.65504794257388 ], [ 98.50574717720518, 3.655121859686148 ], [ 98.505751499396197, 3.655125582629382 ], [ 98.505841639011493, 3.655203224876608 ], [ 98.50585239788478, 3.65521249176721 ], [ 98.505931778644111, 3.655280864420676 ], [ 98.505957620971429, 3.65530312383991 ], [ 98.506021918291964, 3.655358505006255 ], [ 98.506062844453666, 3.655393755903132 ], [ 98.506112057956003, 3.655436144922591 ], [ 98.506168067957461, 3.655484387956671 ], [ 98.506202197635403, 3.655513785706297 ], [ 98.506273290820715, 3.65557502000016 ], [ 98.506292337331317, 3.655591425221939 ], [ 98.506378511896258, 3.655665652032966 ], [ 98.506382477041655, 3.655669067324932 ], [ 98.506472616769017, 3.655746707212839 ], [ 98.506483735464769, 3.655756284057447 ], [ 98.50656275651221, 3.655824347093635 ], [ 98.506588959054838, 3.655846916072242 ], [ 98.506652896270339, 3.655901988605529 ], [ 98.506694180968154, 3.655937548076413 ], [ 98.506743036045393, 3.655979628085626 ], [ 98.506799403166198, 3.656028180071039 ], [ 98.506833175835283, 3.656057269389338 ], [ 98.506904626820997, 3.656118812056766 ], [ 98.506923315641814, 3.656134909241691 ], [ 98.507009850497369, 3.656209444032803 ], [ 98.507013455464104, 3.656212549179303 ], [ 98.507103595301018, 3.656290191327006 ], [ 98.507115071460731, 3.65630007599764 ], [ 98.507193735155241, 3.656367830771543 ], [ 98.507220294781305, 3.65639070795407 ], [ 98.507283875024712, 3.656445471275959 ], [ 98.507325518522393, 3.656481339901027 ], [ 98.507374014910397, 3.656523111092749 ], [ 98.507430742285067, 3.656571971838289 ], [ 98.50746415481143, 3.656600751758521 ], [ 98.507535965432112, 3.656662603765506 ], [ 98.507554294728976, 3.656678391174599 ], [ 98.507641186741608, 3.656753235682001 ], [ 98.507644434660946, 3.656756033196396 ], [ 98.507734574609941, 3.656833672984723 ], [ 98.507746410568984, 3.656843867590173 ], [ 98.507824709322847, 3.656920942940399 ], [ 98.507828348557993, 3.65693448667105 ], [ 98.507849881016483, 3.657025072498397 ], [ 98.507871413478128, 3.657115658325629 ], [ 98.507892945942956, 3.657206244152747 ], [ 98.507914478410939, 3.657296829979749 ], [ 98.507914686194184, 3.657297704111561 ], [ 98.507936010882119, 3.657387415806638 ], [ 98.507957543356454, 3.657478001633411 ], [ 98.507979875945779, 3.657568587900438 ], [ 98.508004686699309, 3.657631223554186 ], [ 98.508032747380639, 3.65765919097455 ], [ 98.508094820113499, 3.657721057397309 ], [ 98.508123672926558, 3.657749814986878 ], [ 98.5081849535445, 3.657810893350849 ], [ 98.50821459772564, 3.657840438991829 ], [ 98.508275086993876, 3.657900728588851 ], [ 98.508305521862241, 3.657931062989449 ], [ 98.50836522046157, 3.65799056312017 ], [ 98.508396447406994, 3.658021686980876 ], [ 98.508455353946488, 3.658080399053202 ], [ 98.508487372316949, 3.658112310964986 ], [ 98.508545487450533, 3.658170232862146 ], [ 98.508578297860922, 3.658202934942477 ], [ 98.50863562097139, 3.6582600687815 ], [ 98.508669222844816, 3.65829355891269 ], [ 98.50872575451136, 3.658349902576765 ], [ 98.508760148387992, 3.658384182876242 ], [ 98.50881588806817, 3.658439738482443 ], [ 98.508851073445825, 3.658474806832553 ], [ 98.508906020403373, 3.658531851287782 ], [ 98.508937508851247, 3.658565428315016 ], [ 98.508996149969875, 3.658629084365332 ], [ 98.509020989521673, 3.658656048168003 ], [ 98.509086279225997, 3.658726923122269 ], [ 98.509104468138204, 3.65874666801414 ], [ 98.509176408501091, 3.658824762540588 ], [ 98.509187947036409, 3.65883728785471 ], [ 98.509266537796776, 3.658922599707096 ], [ 98.509271427491569, 3.658927907690414 ], [ 98.50935490615791, 3.659018527519411 ], [ 98.509356667110595, 3.659020439064734 ], [ 98.509438386911341, 3.659109147343833 ], [ 98.509446796444934, 3.659118276265281 ], [ 98.509521865610878, 3.659199767161401 ], [ 98.509536925797661, 3.659216115251925 ], [ 98.509605346397507, 3.659290386974392 ], [ 98.509627055170512, 3.659313952796818 ], [ 98.509688825130254, 3.659381006780529 ], [ 98.509717184561723, 3.659411792175171 ], [ 98.509772303879586, 3.65947162658095 ], [ 98.5098073139728, 3.659509630605289 ], [ 98.509897472939443, 3.659553120818555 ], [ 98.50998030872843, 3.659471740681204 ], [ 98.509987703712241, 3.659464475471624 ], [ 98.510072449154976, 3.659381217208964 ], [ 98.510077934468427, 3.659375828155245 ], [ 98.51016458956309, 3.659290693724544 ], [ 98.510168165206892, 3.659287180911692 ], [ 98.510256732166965, 3.659200170229157 ], [ 98.51025839592657, 3.659198535665174 ], [ 98.510348626629693, 3.659109888313753 ], [ 98.510348872538202, 3.659109646720376 ], [ 98.510438857313986, 3.659021243077386 ], [ 98.510441015105201, 3.659019123200631 ], [ 98.510529087981737, 3.658932595753607 ], [ 98.510533155439532, 3.658928599667494 ], [ 98.510619318631811, 3.658843948367152 ], [ 98.510625295755432, 3.658838076122182 ], [ 98.510709549263126, 3.6587553029603 ], [ 98.510717438267122, 3.658747552565903 ], [ 98.510799779877743, 3.658666655736944 ], [ 98.510809578546144, 3.658657028996238 ], [ 98.51089001047373, 3.658578010216419 ], [ 98.510901721020943, 3.658566505415609 ], [ 98.510906962214321, 3.658561356182496 ], [ 98.510959577000051, 3.656815376000053 ], [ 98.511000333000084, 3.655462936000047 ], [ 98.514208924585859, 3.655317339725811 ], [ 98.514218789124499, 3.655307648383754 ], [ 98.514228530120477, 3.655298078184817 ], [ 98.514310928703168, 3.65521712435194 ], [ 98.514318760045782, 3.655209430505252 ], [ 98.514403070477599, 3.655126600309183 ], [ 98.514408989952457, 3.655120784621588 ], [ 98.514495210019433, 3.655036076253075 ], [ 98.514499219842506, 3.655032136828405 ], [ 98.514587349594365, 3.654945552184849 ], [ 98.514589449714947, 3.65494348888367 ], [ 98.514679491262015, 3.654855028105623 ], [ 98.514679679568559, 3.654854843100517 ], [ 98.514769909405658, 3.65476619517762 ], [ 98.514771630748584, 3.654764504013078 ], [ 98.514860139223941, 3.654677549334942 ], [ 98.514863772430928, 3.654673979909588 ], [ 98.514950369025669, 3.654588901474624 ], [ 98.514955911880648, 3.654583455792757 ], [ 98.515040598809776, 3.654500253516792 ], [ 98.51504805131195, 3.65449293166378 ], [ 98.515130828575167, 3.654411607503724 ], [ 98.515140192939043, 3.654402407523861 ], [ 98.515221058323817, 3.654322959743929 ], [ 98.515232332333511, 3.654311883370602 ], [ 98.515311288053937, 3.654234313617255 ], [ 98.515324473923769, 3.654221359206401 ], [ 98.515401517767216, 3.654145665924494 ], [ 98.515416613281403, 3.654130835028861 ], [ 98.515491747463003, 3.654057017908449 ], [ 98.515508752620619, 3.654040310839181 ], [ 98.515581977140215, 3.653968371611398 ], [ 98.515600894155625, 3.653949786638561 ], [ 98.515672206800446, 3.653879724019169 ], [ 98.515693033458021, 3.653859262424604 ], [ 98.515762436442387, 3.65379107760852 ], [ 98.515785174956179, 3.65376873819971 ], [ 98.515852666056986, 3.653702449219821 ], [ 98.515877343820037, 3.653678213977491 ], [ 98.515942895092252, 3.653614868995942 ], [ 98.515971019453247, 3.653587690558091 ], [ 98.51603312390246, 3.653527676314073 ], [ 98.516064705749599, 3.653497167131971 ], [ 98.516123352675763, 3.653440520155427 ], [ 98.516158413948844, 3.653406643705204 ], [ 98.516213581444333, 3.653353340471926 ], [ 98.516252128961298, 3.65331612026963 ], [ 98.516303810160821, 3.653266225691228 ], [ 98.516345865944473, 3.653225596833436 ], [ 98.516394038887526, 3.653179059460396 ], [ 98.516439615619547, 3.653135073391605 ], [ 98.516484267547838, 3.653091984937307 ], [ 98.516533376645384, 3.653044549943402 ], [ 98.516574496232238, 3.653004833034458 ], [ 98.516627164344015, 3.652954026497106 ], [ 98.516664724836403, 3.652917798727626 ], [ 98.516720944650203, 3.652863503034311 ], [ 98.516725896588397, 3.652858720688483 ], [ 98.516716528000075, 3.652255585000034 ], [ 98.511131130000081, 3.651919956000028 ], [ 98.51114036000007, 3.651539511000067 ], [ 98.511189609000041, 3.649509439000041 ], [ 98.511269522000077, 3.646215423000058 ], [ 98.511191554084348, 3.64942926364665 ], [ 98.511165496112383, 3.649454271333435 ], [ 98.511108243913952, 3.649509215932918 ], [ 98.511075267681449, 3.649540863024944 ], [ 98.511013919507107, 3.649599738488984 ], [ 98.510985039233347, 3.649627454704867 ], [ 98.510919349853864, 3.649690260898515 ], [ 98.510894811040956, 3.649713541833158 ], [ 98.510822659286319, 3.649780782137217 ], [ 98.510804583862765, 3.649797722765667 ], [ 98.510728177903218, 3.649871304569279 ], [ 98.510714355116875, 3.649884770101594 ], [ 98.510635255893803, 3.649961827840503 ], [ 98.510624125891738, 3.649972670977244 ], [ 98.510542334695003, 3.650052351099847 ], [ 98.510533896649235, 3.650060571651348 ], [ 98.510449417472898, 3.650142874349037 ], [ 98.510443667386994, 3.650148476494482 ], [ 98.51035650153338, 3.650233397586604 ], [ 98.510353438106748, 3.650236382301089 ], [ 98.510263591034104, 3.650323920814816 ], [ 98.510263208806705, 3.650324292418578 ], [ 98.510172979600483, 3.650411997076371 ], [ 98.510170461555418, 3.650414443910953 ], [ 98.510082751038624, 3.650498480502837 ], [ 98.509992584296896, 3.650470874921476 ], [ 98.509935262619152, 3.650414315257422 ], [ 98.509902450807914, 3.650381940035885 ], [ 98.509843417014181, 3.650323690986114 ], [ 98.509812317336937, 3.650293004716747 ], [ 98.509751605205622, 3.650233066726186 ], [ 98.509722183901715, 3.65020403621457 ], [ 98.509659814363971, 3.650142442470622 ], [ 98.509632050495554, 3.650115046935783 ], [ 98.50956802555605, 3.650051818209065 ], [ 98.509541917108223, 3.650026055722565 ], [ 98.509476240386803, 3.649961193942393 ], [ 98.509451783740573, 3.649937060980107 ], [ 98.509384458053134, 3.649870569670171 ], [ 98.509361650392194, 3.649848063506206 ], [ 98.50929267854788, 3.649779945392393 ], [ 98.509271517063084, 3.649759063307692 ], [ 98.509200900966576, 3.649689321108569 ], [ 98.509181383752733, 3.649670061280359 ], [ 98.509109127076542, 3.649598696819664 ], [ 98.509091250462006, 3.649581055892003 ], [ 98.509017355787535, 3.649508072525087 ], [ 98.509001117190635, 3.649492047559479 ], [ 98.508925587525326, 3.649417448225069 ], [ 98.508910983938534, 3.649403036529447 ], [ 98.508833821078767, 3.649326823918948 ], [ 98.508820850705135, 3.649314023774845 ], [ 98.508742058375262, 3.649236199607784 ], [ 98.508730717491488, 3.649225007389075 ], [ 98.508650298450505, 3.649145575291047 ], [ 98.508640584297069, 3.649135988325817 ], [ 98.508558541297489, 3.649054950968738 ], [ 98.508550451121906, 3.649046966591731 ], [ 98.508466785853358, 3.648964326640272 ], [ 98.508460317964037, 3.648957945762614 ], [ 98.5083750322474, 3.648873702305724 ], [ 98.508370184833637, 3.648868907068244 ], [ 98.508284095794451, 3.648783078412481 ], [ 98.508280052676938, 3.648778110031746 ], [ 98.508210731957575, 3.648692464156281 ], [ 98.508189931765656, 3.648666664157134 ], [ 98.508137787704001, 3.648601850126176 ], [ 98.508099811331974, 3.648554379706468 ], [ 98.508065697276521, 3.648511236560624 ], [ 98.508009692045519, 3.648440025887225 ], [ 98.507994237029649, 3.648420623337013 ], [ 98.507922225447729, 3.648330009806742 ], [ 98.507919571848774, 3.648327386008992 ], [ 98.507829727167248, 3.64823938502231 ], [ 98.507829438421894, 3.648239103687206 ], [ 98.507774004167331, 3.648148780428542 ], [ 98.507741384971609, 3.648058188522164 ], [ 98.507739357677167, 3.648054036329147 ], [ 98.507698989466249, 3.647967591245615 ], [ 98.507661802306089, 3.647876996828931 ], [ 98.507675519121449, 3.64778643037247 ], [ 98.507684404839878, 3.647695861261845 ], [ 98.507739583679779, 3.647638667158767 ], [ 98.50777226150403, 3.64760533551907 ], [ 98.507829814483429, 3.647547824231891 ], [ 98.507865583549517, 3.647514812765669 ], [ 98.507920038350292, 3.647469703099946 ], [ 98.507972233482946, 3.647424297315275 ], [ 98.507920094125737, 3.647367143952583 ], [ 98.507883426302939, 3.647333674572329 ], [ 98.507829945396523, 3.647307147734542 ], [ 98.507739787683875, 3.647263688047516 ], [ 98.507689209493648, 3.647242993941949 ], [ 98.507649626808274, 3.647226059116574 ], [ 98.507559464392557, 3.647191275872458 ], [ 98.50746930100857, 3.647158286190875 ], [ 98.507453011984751, 3.647152290210832 ], [ 98.507379138422721, 3.647123844421965 ], [ 98.507288976241455, 3.647088674114306 ], [ 98.507217454163452, 3.647061586775328 ], [ 98.507198813575187, 3.64705440917188 ], [ 98.507108651163563, 3.647019691158211 ], [ 98.507018489882356, 3.646982912730253 ], [ 98.506928301414519, 3.646996045601802 ], [ 98.506859306495812, 3.64706138984364 ], [ 98.506838076562474, 3.647075938767104 ], [ 98.506757628021063, 3.647061333908467 ], [ 98.506747904475162, 3.647059002384856 ], [ 98.506657760142488, 3.646991164515293 ], [ 98.50663055277424, 3.646970690007569 ], [ 98.506567615823272, 3.646923327717837 ], [ 98.506516856905847, 3.646880053456261 ], [ 98.506477477805817, 3.646843961173043 ], [ 98.506419603783229, 3.64678942594551 ], [ 98.50638734284145, 3.646759026546615 ], [ 98.506323427220181, 3.646698799019432 ], [ 98.50629720789378, 3.646674092611575 ], [ 98.506227250676574, 3.646608172085485 ], [ 98.506207072963306, 3.64658915842616 ], [ 98.50613107434576, 3.646517545143774 ], [ 98.506116938049729, 3.646504224550196 ], [ 98.506034898880515, 3.646426918194659 ], [ 98.506026803153787, 3.64641928960454 ], [ 98.5059387223952, 3.646336291237105 ], [ 98.505936668274373, 3.646334355641854 ], [ 98.505846533412026, 3.646249421672258 ], [ 98.505842545929312, 3.646245664271683 ], [ 98.505756398566746, 3.646164487695752 ], [ 98.50574636948285, 3.646155037298393 ], [ 98.505666263739059, 3.646079552745786 ], [ 98.505650194068892, 3.646064410317797 ], [ 98.505576128927856, 3.645994618828361 ], [ 98.505554017881082, 3.645973783328897 ], [ 98.50548599413392, 3.64590968456434 ], [ 98.505457841492913, 3.645883156332012 ], [ 98.505395859356895, 3.645824750560203 ], [ 98.505361665124155, 3.645792529327264 ], [ 98.505305724597292, 3.645739815874183 ], [ 98.505265489457358, 3.64570190231503 ], [ 98.505215589854345, 3.645654881929131 ], [ 98.505169313677797, 3.64561127529486 ], [ 98.50512545512882, 3.64556994734591 ], [ 98.505073137367333, 3.645520648266525 ], [ 98.505035320420035, 3.645485013314151 ], [ 98.504976961076281, 3.64543002123033 ], [ 98.504945185728531, 3.645400078892091 ], [ 98.504880785156658, 3.645339394186468 ], [ 98.504855051053823, 3.645315144919421 ], [ 98.504784609785318, 3.645248767135041 ], [ 98.504764916396695, 3.645230210017013 ], [ 98.504688433552545, 3.645158140075269 ], [ 98.504674781756151, 3.645145275957641 ], [ 98.504592257339198, 3.64506751300764 ], [ 98.504584647132731, 3.645060341799547 ], [ 98.504496081166721, 3.644976885932166 ], [ 98.504494512526279, 3.644975407799274 ], [ 98.504404377984599, 3.644890386585137 ], [ 98.504400271841632, 3.644886259051499 ], [ 98.504314246474792, 3.644799858182538 ], [ 98.50431004542736, 3.644795635247966 ], [ 98.50422411502278, 3.644709257140903 ], [ 98.5042198914186, 3.644705011477655 ], [ 98.504133983589426, 3.64461865495671 ], [ 98.504129738453031, 3.644614387701145 ], [ 98.504043852173481, 3.644528053901546 ], [ 98.504039584480907, 3.644523763917298 ], [ 98.503953720775598, 3.64443745278557 ], [ 98.503949430473568, 3.644433140126658 ], [ 98.503863589396317, 3.644346850635138 ], [ 98.503859277615419, 3.644342516329874 ], [ 98.503773458035099, 3.644256248423892 ], [ 98.503769124720904, 3.644251892526297 ], [ 98.503683326691288, 3.64416564734168 ], [ 98.503678970822079, 3.644161268715389 ], [ 98.50359319536615, 3.644075045116913 ], [ 98.50358881796312, 3.644070644898282 ], [ 98.503503064058393, 3.643984444021181 ], [ 98.503498664045694, 3.643980021073818 ], [ 98.503464782951582, 3.643889428383975 ], [ 98.503503137085204, 3.643851229779808 ], [ 98.503555126648365, 3.643798904430127 ], [ 98.503593367811675, 3.643760415813843 ], [ 98.503645069436814, 3.643708380242772 ], [ 98.503683598519771, 3.643669602290251 ], [ 98.503735012051351, 3.643617856043664 ], [ 98.503773829210118, 3.643578788143194 ], [ 98.503824955259915, 3.643527331833233 ], [ 98.503864059882019, 3.643487974599565 ], [ 98.503914897848716, 3.643436807610802 ], [ 98.503954290536441, 3.643397159968034 ], [ 98.504003760171216, 3.643346282779668 ], [ 98.504044522483767, 3.643303950746672 ], [ 98.504090503566701, 3.643255756766264 ], [ 98.504134755159896, 3.643209376058097 ], [ 98.50417687416693, 3.643165230535963 ], [ 98.504224987817082, 3.643114801330837 ], [ 98.504263244153265, 3.643074704294474 ], [ 98.504315220455027, 3.64302022714848 ], [ 98.504349614674453, 3.642984178042429 ], [ 98.504405453074014, 3.642925652954264 ], [ 98.504435984827865, 3.642893651779329 ], [ 98.504495685674243, 3.642831078412651 ], [ 98.50452235535866, 3.642803125505583 ], [ 98.504585918255728, 3.642736503443596 ], [ 98.504608725098223, 3.642712599220556 ], [ 98.504676150817872, 3.642641929213826 ], [ 98.504695095549963, 3.642622072925069 ], [ 98.504766383361087, 3.642547354972203 ], [ 98.504781465811249, 3.642531546618629 ], [ 98.504856615885402, 3.642452780577559 ], [ 98.504867836272609, 3.642441020301451 ], [ 98.504946848391214, 3.642358205366724 ], [ 98.504954205765401, 3.642350493972891 ], [ 98.505037080877571, 3.642263631089551 ], [ 98.505040576147721, 3.642259967633978 ], [ 98.505126946512675, 3.642169441284205 ], [ 98.505127313344971, 3.64216905680053 ], [ 98.505213315873164, 3.642078914923034 ], [ 98.505217545825488, 3.642074423836174 ], [ 98.505297081155845, 3.641988387116069 ], [ 98.505307780047247, 3.641976566452517 ], [ 98.505379531295361, 3.641897858574269 ], [ 98.505398014718821, 3.641877848835985 ], [ 98.505463153849135, 3.641807330668265 ], [ 98.505488248807239, 3.641780163422439 ], [ 98.505546776386012, 3.641716802752005 ], [ 98.505578482876004, 3.64168247799695 ], [ 98.505630398906021, 3.641626274825487 ], [ 98.505668716925143, 3.641584792559517 ], [ 98.505708939239511, 3.641535744090925 ], [ 98.505747869134225, 3.641445191544207 ], [ 98.505758984541686, 3.641425516769629 ], [ 98.505793882547394, 3.641354642893298 ], [ 98.505777350022058, 3.64126405981569 ], [ 98.505793314276985, 3.641173494623742 ], [ 98.505816727758628, 3.641082933530424 ], [ 98.505840141175042, 3.640992372435642 ], [ 98.505849420999937, 3.640956478292873 ], [ 98.505863554216432, 3.640901811339225 ], [ 98.50588696771031, 3.640811250241628 ], [ 98.505910381337728, 3.640720689142676 ], [ 98.505933795060315, 3.640630128042347 ], [ 98.505939792210569, 3.640606931682207 ], [ 98.50595720852624, 3.640539566940449 ], [ 98.505980622256359, 3.640449005837266 ], [ 98.506004035691433, 3.640358444732494 ], [ 98.506027449409927, 3.640267883626449 ], [ 98.506030163333719, 3.640257386403946 ], [ 98.506050862899613, 3.64017732251885 ], [ 98.506068811183482, 3.640086758404546 ], [ 98.506082487587321, 3.639996191940264 ], [ 98.506096163815229, 3.639905625475122 ], [ 98.50610984003923, 3.639815059009214 ], [ 98.506120623804492, 3.639743646917025 ], [ 98.506123516259279, 3.639724492542547 ], [ 98.506137192530403, 3.639633926075144 ], [ 98.506160750222179, 3.639543365038964 ], [ 98.506185204602076, 3.639452804494228 ], [ 98.50620965867661, 3.639362243947813 ], [ 98.506181299546881, 3.639271654372784 ], [ 98.506130070234875, 3.639181052226206 ], [ 98.506120939006124, 3.63916490299574 ], [ 98.506078841238335, 3.639090450078094 ], [ 98.506030845271113, 3.639005566264125 ], [ 98.506027611945143, 3.638999847928111 ], [ 98.505976382661345, 3.638909245776427 ], [ 98.505940751565163, 3.638846229595488 ], [ 98.505925153693042, 3.638818643623209 ], [ 98.505853283719986, 3.63872803011739 ], [ 98.505850636759689, 3.638725674083573 ], [ 98.50576047255602, 3.638695815150928 ], [ 98.505670308359569, 3.638665955853922 ], [ 98.505583800974023, 3.638637307899353 ], [ 98.50558014416994, 3.638636096909521 ], [ 98.50548997998736, 3.638606237947358 ], [ 98.505399815811813, 3.638576378981697 ], [ 98.505309842292519, 3.638546583143632 ], [ 98.505309651643287, 3.638546520007534 ], [ 98.505219487481924, 3.638516660786952 ], [ 98.505129307043816, 3.638516648242221 ], [ 98.50504969080886, 3.63854643989035 ], [ 98.505039108182373, 3.638550399809181 ], [ 98.504948909315445, 3.638584151066057 ], [ 98.504858710442804, 3.638617902398401 ], [ 98.504807992116312, 3.638636880700967 ], [ 98.504768511564407, 3.638651653935361 ], [ 98.504678312680468, 3.638685405223773 ], [ 98.504588113790916, 3.638719156464577 ], [ 98.504566293383178, 3.638727321439777 ], [ 98.504497914895538, 3.638752907971533 ], [ 98.504407715994631, 3.638786659291482 ], [ 98.50432459471719, 3.638817762106831 ], [ 98.504317517088126, 3.638820410455814 ], [ 98.504227318175808, 3.638854161917693 ], [ 98.504137119257905, 3.638887913269174 ], [ 98.504082896342823, 3.638908202702252 ], [ 98.504046920334446, 3.638921664403499 ], [ 98.503956721405203, 3.638955415773832 ], [ 98.503866522470304, 3.638989167156844 ], [ 98.503841197927883, 3.63899864322585 ], [ 98.503776323529891, 3.639022918261161 ], [ 98.503686124583723, 3.639056669539943 ], [ 98.50359949941793, 3.63908908367759 ], [ 98.503595925631842, 3.639090420946872 ], [ 98.503505726674476, 3.63912417202879 ], [ 98.503415527711397, 3.639157923216021 ], [ 98.5033524422184, 3.639179521095348 ], [ 98.503325330148485, 3.639189107490743 ], [ 98.503305180126361, 3.639179494968442 ], [ 98.503235173638203, 3.639145337650128 ], [ 98.503164412005574, 3.639179417135846 ], [ 98.503144969319166, 3.639188849087819 ], [ 98.503054790882302, 3.639185114024334 ], [ 98.502964602274858, 3.639199939590423 ], [ 98.502874413665666, 3.639214765147048 ], [ 98.502784225054896, 3.639229590381197 ], [ 98.502694036442264, 3.639244415826476 ], [ 98.502603847827885, 3.63925924126229 ], [ 98.50254055272309, 3.639269645868178 ], [ 98.502513659211743, 3.639274066716198 ], [ 98.502423470593811, 3.639288892225496 ], [ 98.502333281974259, 3.639303717512944 ], [ 98.502243093352888, 3.639318542910897 ], [ 98.502152904729769, 3.639333368299386 ], [ 98.502062716941083, 3.639346670858874 ], [ 98.50197256456768, 3.639295483925562 ], [ 98.501904016536102, 3.639269293192654 ], [ 98.501882402918696, 3.639261204041713 ], [ 98.501792240983633, 3.6392274592203 ], [ 98.501702079055988, 3.639193715038775 ], [ 98.50166165237431, 3.639178584865267 ], [ 98.501611917136202, 3.63915997071612 ], [ 98.501521755224374, 3.639126226003246 ], [ 98.501431577317859, 3.63912158996894 ], [ 98.501341368802386, 3.639172625234741 ], [ 98.501331158783429, 3.639178401491442 ], [ 98.501251160278045, 3.639223659709268 ], [ 98.501171218482966, 3.639268886624413 ], [ 98.501160951743927, 3.639274695011169 ], [ 98.501070743200984, 3.639325729407525 ], [ 98.501011277974413, 3.639359371724218 ], [ 98.500980534648249, 3.639376764688386 ], [ 98.500890326086335, 3.639427799740554 ], [ 98.500851338333732, 3.639449856791453 ], [ 98.500800117515368, 3.639478834323528 ], [ 98.500709908934766, 3.639529869469246 ], [ 98.500691398125326, 3.639540341825319 ], [ 98.50061970034524, 3.639580903916589 ], [ 98.500531457853214, 3.639630826826096 ], [ 98.50052948797223, 3.63963879024231 ], [ 98.50051816499284, 3.639721393344633 ], [ 98.500521709068778, 3.63981196922442 ], [ 98.500525254018214, 3.639902545104594 ], [ 98.500528798962335, 3.639993120984668 ], [ 98.500529285932629, 3.640005566357225 ], [ 98.500532343041471, 3.640083696864165 ], [ 98.500535887989329, 3.640174272744045 ], [ 98.50052920225319, 3.640264842934707 ], [ 98.500529142950569, 3.640265108826299 ], [ 98.500511487553993, 3.640355406991556 ], [ 98.500505503826318, 3.640445977571575 ], [ 98.500438824289091, 3.640515738409837 ], [ 98.500419025631388, 3.640536503379449 ], [ 98.500348589056017, 3.64061490021531 ], [ 98.500337785306783, 3.640627032090582 ], [ 98.500258352346492, 3.640716703952891 ], [ 98.500257587215827, 3.640717561371912 ], [ 98.500176807816771, 3.640808090320157 ], [ 98.500168115957237, 3.640817889532158 ], [ 98.500097057055768, 3.640898619831339 ], [ 98.50007787935327, 3.64091942726681 ], [ 98.500013619334354, 3.640989147280265 ], [ 98.499987645261754, 3.641016373218899 ], [ 98.4999272559497, 3.641079673089708 ], [ 98.499897412455198, 3.641110954933561 ], [ 98.499840892547709, 3.641170198888276 ], [ 98.499807179629713, 3.641205536636349 ], [ 98.499754529128367, 3.641260724675967 ], [ 98.499716946785284, 3.641300118327264 ], [ 98.499668162717569, 3.641351250451123 ], [ 98.499626713923547, 3.641394697004238 ], [ 98.499581792926463, 3.641441776213525 ], [ 98.499536481043066, 3.64148927537392 ], [ 98.499495427248064, 3.64153230196735 ], [ 98.499446248141552, 3.641583857463337 ], [ 98.499409065551831, 3.641622827712528 ], [ 98.49935601521932, 3.641678442767189 ], [ 98.499322705921628, 3.641713353447987 ], [ 98.499265782277632, 3.64177302897653 ], [ 98.499236347517723, 3.641803879173258 ], [ 98.49917554931541, 3.641867618062004 ], [ 98.499150121555147, 3.641894404961547 ], [ 98.499085316051847, 3.641962717964913 ], [ 98.49906291532649, 3.641984930192019 ], [ 98.498995089662841, 3.642045349408318 ], [ 98.498959673284276, 3.642075446461774 ], [ 98.498904864674259, 3.642125419040109 ], [ 98.498856519580144, 3.642165962765938 ], [ 98.498814640187291, 3.642204553403005 ], [ 98.498762018541527, 3.642256483886575 ], [ 98.498724411459548, 3.642291325446904 ], [ 98.498664314311867, 3.642347003205548 ], [ 98.498634182173973, 3.642379074562188 ], [ 98.498573523946718, 3.64243752637311 ], [ 98.498543953644315, 3.642465426407319 ], [ 98.498485295745894, 3.642528050960314 ], [ 98.498453721626205, 3.642558049233855 ], [ 98.498390019937261, 3.642618571597835 ], [ 98.498363493408746, 3.64264377419419 ], [ 98.498294744109714, 3.642709092222416 ], [ 98.498273263180636, 3.64273309926711 ], [ 98.498209571991083, 3.642799618482703 ], [ 98.4981830275363, 3.642832170672037 ], [ 98.498136656945917, 3.642890151586055 ], [ 98.498092791166172, 3.64293251604571 ], [ 98.498047271128627, 3.642980675469859 ], [ 98.498002559687734, 3.643023997106937 ], [ 98.497953845479188, 3.643071197082293 ], [ 98.497912330782995, 3.643110801586435 ], [ 98.49785907165591, 3.643161717927926 ], [ 98.497822103042751, 3.643195474421244 ], [ 98.497759939120414, 3.643252236321494 ], [ 98.497731876553857, 3.643277860257207 ], [ 98.497660806091247, 3.643342754700912 ], [ 98.497641649913021, 3.643360490856115 ], [ 98.497572411595655, 3.643433279078664 ], [ 98.497551414973159, 3.643458053665046 ], [ 98.497496966906098, 3.6435238106966 ], [ 98.497461174336152, 3.643565849743396 ], [ 98.497406196860837, 3.643614333722643 ], [ 98.497370950423758, 3.643643467530859 ], [ 98.497280771186269, 3.643640566331742 ], [ 98.497190591739368, 3.643638045666863 ], [ 98.497100412293975, 3.643635525415206 ], [ 98.497010232850897, 3.643633004149509 ], [ 98.496920053846708, 3.643629695834111 ], [ 98.49682987485204, 3.643626373776597 ], [ 98.496739696933176, 3.643621118907117 ], [ 98.496662515771547, 3.643613916894144 ], [ 98.496649520791863, 3.643612669491571 ], [ 98.496559344503225, 3.643604490350256 ], [ 98.496469167786913, 3.643597085689771 ], [ 98.496378990021555, 3.643591572673756 ], [ 98.496288814497348, 3.643582033799916 ], [ 98.496198638792947, 3.643572824499771 ], [ 98.496108463001462, 3.643563777244649 ], [ 98.496018283091871, 3.643562136802515 ], [ 98.495928100703594, 3.64356495321191 ], [ 98.495837918316028, 3.643567769612164 ], [ 98.495747735889324, 3.64357065753955 ], [ 98.49565755343707, 3.643573592552485 ], [ 98.495567371010523, 3.643576482603963 ], [ 98.495477188662264, 3.643579233306025 ], [ 98.495387006331754, 3.643581953396074 ], [ 98.495296824019661, 3.643584641707024 ], [ 98.495206641724764, 3.643587300438087 ], [ 98.495116459447715, 3.643589928417966 ], [ 98.495026277759067, 3.643591502301501 ], [ 98.494936097980371, 3.643589652543829 ], [ 98.494845918719705, 3.643586876804658 ], [ 98.494755739460558, 3.643584101588138 ], [ 98.494665560203515, 3.643581325807562 ], [ 98.494575380948291, 3.643578550018005 ], [ 98.494485201694687, 3.643575774536901 ], [ 98.494395022443072, 3.643572998752798 ], [ 98.494304843193248, 3.643570222959713 ], [ 98.494214663945229, 3.643567447157642 ], [ 98.494124484686708, 3.643564693415618 ], [ 98.494034305399509, 3.643561994209581 ], [ 98.493944126119629, 3.643559285114881 ], [ 98.493853946847594, 3.643556565177622 ], [ 98.493763767985442, 3.643553115052903 ], [ 98.49367358910358, 3.643549703674688 ], [ 98.493583410252796, 3.643546240140827 ], [ 98.493493231110946, 3.643543300611691 ], [ 98.493403051977609, 3.643540349159202 ], [ 98.493312872896595, 3.643537307443291 ], [ 98.493222693143579, 3.643535470153382 ], [ 98.493132514015471, 3.643532519019976 ], [ 98.493042334349511, 3.643530532168719 ], [ 98.492952154058912, 3.643529664132826 ], [ 98.492861973624215, 3.643529055985762 ], [ 98.492771793190556, 3.643528448488634 ], [ 98.492681612758233, 3.643527841051579 ], [ 98.4925914323277, 3.643527232862676 ], [ 98.492501252213756, 3.643526062079926 ], [ 98.492411072255791, 3.643524615620936 ], [ 98.492320892281413, 3.643523201158671 ], [ 98.492230711452464, 3.643523313921984 ], [ 98.492224182536759, 3.643520842635483 ], [ 98.492167277145612, 3.643430236648467 ], [ 98.492167940811285, 3.643339663237963 ], [ 98.492170046956332, 3.643249090643498 ], [ 98.492172153099702, 3.643158518048788 ], [ 98.492174259241409, 3.643067945453834 ], [ 98.492176365839526, 3.64297737285889 ], [ 98.492178471960614, 3.642886800263435 ], [ 98.492180578080038, 3.642796227667731 ], [ 98.492173949018962, 3.642705650129725 ], [ 98.492141017151681, 3.642655572205532 ], [ 98.492114364182441, 3.642615042629677 ], [ 98.492054779087979, 3.642524435127016 ], [ 98.492050913289944, 3.642518556637649 ], [ 98.491995194460102, 3.642433827622149 ], [ 98.491960809454469, 3.642381539945695 ], [ 98.491937566075222, 3.642343221222007 ], [ 98.491904569670339, 3.642252628761637 ], [ 98.491870733650302, 3.642194582015267 ], [ 98.491848272825678, 3.642162023111913 ], [ 98.491811164493043, 3.642071428322417 ], [ 98.491780642057861, 3.642035834052885 ], [ 98.491736266703114, 3.641980812138711 ], [ 98.491690535959137, 3.641902999275691 ], [ 98.491681044105448, 3.641890207090845 ], [ 98.491631441743664, 3.641799605223334 ], [ 98.49160043269579, 3.64176515483401 ], [ 98.491552601278428, 3.641708986796997 ], [ 98.491510324286452, 3.641636527865481 ], [ 98.491496036478154, 3.641618380982019 ], [ 98.491439270779864, 3.641527775051092 ], [ 98.491420217035738, 3.641505879482736 ], [ 98.491359510359487, 3.641437156092207 ], [ 98.491330106471665, 3.641381178619143 ], [ 98.491304651230038, 3.641346551235917 ], [ 98.491243200389533, 3.641255942642908 ], [ 98.491239998777942, 3.641251406327933 ], [ 98.491168707798693, 3.641165326657206 ], [ 98.491149886199509, 3.641130378571873 ], [ 98.491109496400568, 3.641074719327264 ], [ 98.491059771417994, 3.641013315604932 ], [ 98.491044583898727, 3.640984108763747 ], [ 98.49096965597775, 3.640897465630082 ], [ 98.490966645150749, 3.640893490813549 ], [ 98.490906941967978, 3.64080288319628 ], [ 98.490879546010376, 3.640771910801873 ], [ 98.490840099457827, 3.640712271528943 ], [ 98.4907894289843, 3.640658964483959 ], [ 98.490756753855479, 3.640621650500792 ], [ 98.490699310605436, 3.640548464837283 ], [ 98.490683621101141, 3.640531035258763 ], [ 98.490620684172185, 3.640440425795266 ], [ 98.49060919748382, 3.640428646790494 ], [ 98.490537304151047, 3.640349804733276 ], [ 98.490519074409647, 3.640326579549309 ], [ 98.490456597236758, 3.640259185182173 ], [ 98.490428953719345, 3.640220306458276 ], [ 98.490384003469458, 3.640168570229105 ], [ 98.490338830125111, 3.640119235950402 ], [ 98.490310109274191, 3.640077954534116 ], [ 98.490248708621522, 3.640014482081745 ], [ 98.490226996231769, 3.63998733360313 ], [ 98.490158585045137, 3.639913450728332 ], [ 98.49014291994169, 3.639896712119873 ], [ 98.490074068509472, 3.639806099273594 ], [ 98.490068468213138, 3.63980046213896 ], [ 98.489998393628852, 3.639715482549944 ], [ 98.489978347719884, 3.63969402148585 ], [ 98.489912018811097, 3.639624859746375 ], [ 98.489888223770478, 3.639593761261758 ], [ 98.489839647192539, 3.639534244888974 ], [ 98.489798105646514, 3.639483182119116 ], [ 98.489766031163597, 3.639443629320839 ], [ 98.489707987981831, 3.639371824734604 ], [ 98.489692831188847, 3.639353013984886 ], [ 98.48961911616739, 3.639262398352257 ], [ 98.489617869969464, 3.639261123278049 ], [ 98.489534217889755, 3.639171776361637 ], [ 98.489527743967841, 3.639164653259535 ], [ 98.489445626775506, 3.639081152266769 ], [ 98.489437615807134, 3.639072052140181 ], [ 98.489357801005625, 3.638990528600446 ], [ 98.489347487859362, 3.638979105442804 ], [ 98.489277801047635, 3.638899909376096 ], [ 98.489257363686107, 3.638879488784765 ], [ 98.489196619937644, 3.638809289475233 ], [ 98.489167238902596, 3.638780990285656 ], [ 98.489091343968667, 3.638718655869491 ], [ 98.489077100356866, 3.638706957202786 ], [ 98.488986960889051, 3.638634587602755 ], [ 98.488896745410585, 3.63869713517065 ], [ 98.488871548384694, 3.638718530870181 ], [ 98.488806521993453, 3.638773747057529 ], [ 98.488764953940745, 3.638809043977319 ], [ 98.488716298561371, 3.638850359028992 ], [ 98.48865835957578, 3.638899557068674 ], [ 98.488626075114453, 3.638926970917323 ], [ 98.488551765200029, 3.638990070144194 ], [ 98.488535851652586, 3.639003582908825 ], [ 98.488445628175882, 3.639080194810011 ], [ 98.488445170776274, 3.639080583203854 ], [ 98.488355404684313, 3.639156806688108 ], [ 98.488338576299128, 3.639171096247654 ], [ 98.48833352905821, 3.639261667113803 ], [ 98.488355331274661, 3.639286922644034 ], [ 98.488411756682495, 3.63935228540348 ], [ 98.488445452674213, 3.639391318795846 ], [ 98.488491676878624, 3.639442904652061 ], [ 98.488535578400246, 3.63948808035963 ], [ 98.488582723139842, 3.639533530229495 ], [ 98.488625709290844, 3.639575717729802 ], [ 98.488675994382533, 3.63962415706652 ], [ 98.488715834260631, 3.639673886697353 ], [ 98.48875814691695, 3.639714777568606 ], [ 98.488788274180877, 3.639805368459699 ], [ 98.488715711248673, 3.639892040879638 ], [ 98.488712481138123, 3.639895899067963 ], [ 98.48863668795488, 3.639986429667437 ], [ 98.488625470102249, 3.639999828767211 ], [ 98.488560894881104, 3.640076960258261 ], [ 98.488535228933713, 3.640107616791861 ], [ 98.488485101791824, 3.640167490840364 ], [ 98.488444987743279, 3.640215404725057 ], [ 98.488409308562069, 3.640258021413675 ], [ 98.488354746530831, 3.640323192654633 ], [ 98.488333515441781, 3.640348551978335 ], [ 98.488264505296442, 3.640430980506128 ], [ 98.488257722181004, 3.640439082534202 ], [ 98.488181929019063, 3.640529613081412 ], [ 98.488174264039998, 3.640538768452834 ], [ 98.48810613583224, 3.640620143619893 ], [ 98.488084022761569, 3.640646556387176 ], [ 98.488030342555547, 3.640710674149607 ], [ 98.487993781461199, 3.640754344231799 ], [ 98.48795454935771, 3.640801204670651 ], [ 98.487903540138845, 3.640862132069317 ], [ 98.487878756019384, 3.640891735182898 ], [ 98.487813298794464, 3.640969919946178 ], [ 98.487802962790511, 3.640982265686492 ], [ 98.487727169426847, 3.641072796181293 ], [ 98.487723057428155, 3.641077707701986 ], [ 98.487651376135574, 3.641163326667419 ], [ 98.487632816039778, 3.641185495574485 ], [ 98.487575582840151, 3.641253857144823 ], [ 98.487542574629416, 3.641293283434613 ], [ 98.487499789469965, 3.641344387613465 ], [ 98.487452333197098, 3.641401071226499 ], [ 98.487423996163542, 3.641434918073427 ], [ 98.48736209174281, 3.641508858968313 ], [ 98.487348202716618, 3.641525448524587 ], [ 98.487272409379145, 3.641615978967093 ], [ 98.487271850266467, 3.641616646792427 ], [ 98.487196616026168, 3.641706509400869 ], [ 98.48718160847541, 3.641724951916599 ], [ 98.487121532399883, 3.641797040231362 ], [ 98.487091364142898, 3.641837708234664 ], [ 98.487050632418217, 3.641887573443608 ], [ 98.4870011162418, 3.641956727388241 ], [ 98.486984083808935, 3.641978109134623 ], [ 98.486961956704761, 3.642068670205635 ], [ 98.486977854089787, 3.642159253006103 ], [ 98.487000977363621, 3.642202040840609 ], [ 98.487027785119452, 3.642249855255133 ], [ 98.487039960144287, 3.642340435928382 ], [ 98.487078265539424, 3.64243103153302 ], [ 98.487087070724314, 3.642521610280731 ], [ 98.487090971703608, 3.64253101212896 ], [ 98.487126022439753, 3.64261220625404 ], [ 98.487128894135822, 3.642702781611526 ], [ 98.487152355470243, 3.64279336873361 ], [ 98.48716077709652, 3.642883947262258 ], [ 98.487180907347565, 3.642963764307821 ], [ 98.487183792992425, 3.642974534129752 ], [ 98.487181426253784, 3.643065106494142 ], [ 98.487180842262788, 3.64307874013576 ], [ 98.487177546662835, 3.643155677993823 ], [ 98.487180784135333, 3.643181422356804 ], [ 98.487189312924173, 3.643246258433498 ], [ 98.487181599388208, 3.643336827742031 ], [ 98.48718068680293, 3.643353353669622 ], [ 98.487176472492266, 3.643427398528237 ], [ 98.487170708393904, 3.643517968949945 ], [ 98.487113735441199, 3.643608510104381 ], [ 98.487090357383153, 3.643616036320314 ], [ 98.48700017650981, 3.643616339285253 ], [ 98.4869099956193, 3.643616674678066 ], [ 98.486819814738041, 3.643616995885729 ], [ 98.486729633845528, 3.643617339063234 ], [ 98.486639452945937, 3.643617696862302 ], [ 98.486549272060358, 3.64361803204203 ], [ 98.486459091172947, 3.643618372587101 ], [ 98.486368911049922, 3.643617367274003 ], [ 98.486278730363139, 3.643617358573855 ], [ 98.486188549620422, 3.643617450684346 ], [ 98.486098369918295, 3.643615710926313 ], [ 98.48600818935742, 3.643615487345921 ], [ 98.485918009003456, 3.643614901519514 ], [ 98.485827829477955, 3.643612858702816 ], [ 98.485737649000498, 3.643612495540865 ], [ 98.485647468624322, 3.643611956379146 ], [ 98.485557288529336, 3.643610924565456 ], [ 98.485467108452312, 3.643609863714774 ], [ 98.485376928376795, 3.643608802855058 ], [ 98.485286748303224, 3.64360774115417 ], [ 98.485261984213679, 3.643607449827931 ], [ 98.485196568230677, 3.643606680273835 ], [ 98.485106388159622, 3.64360561938702 ], [ 98.485016208090045, 3.643604558491172 ], [ 98.484926028021974, 3.643603497586294 ], [ 98.484835847955381, 3.64360243667238 ], [ 98.484745667890294, 3.643601375749433 ], [ 98.484655487826714, 3.643600314754908 ], [ 98.484565307765038, 3.643599253041747 ], [ 98.484475127704414, 3.643598192091701 ], [ 98.484384947645282, 3.643597131132623 ], [ 98.484294769764134, 3.643592247407857 ], [ 98.484204590239727, 3.643590253309792 ], [ 98.48411440294457, 3.643601905853888 ], [ 98.484076759496659, 3.643606769185944 ], [ 98.484024215648816, 3.643613557567165 ], [ 98.483978041666418, 3.643606712424384 ], [ 98.483934043209473, 3.643599132153145 ], [ 98.48384385912739, 3.643605145254983 ], [ 98.48384151034773, 3.643606633902634 ], [ 98.483753657439479, 3.643642048507854 ], [ 98.483663468949914, 3.643655788112224 ], [ 98.483573280919458, 3.643668719871325 ], [ 98.483483092781952, 3.64368183701361 ], [ 98.483392904535762, 3.643695142337662 ], [ 98.483381186665099, 3.643696942670191 ], [ 98.483302716060933, 3.64370884602006 ], [ 98.483212528572437, 3.643720818392695 ], [ 98.48312234265434, 3.643730036906402 ], [ 98.483032156790713, 3.643739159002406 ], [ 98.482941970918944, 3.643748294381532 ], [ 98.482851785882715, 3.643755965429574 ], [ 98.482761601374008, 3.643762712285128 ], [ 98.482671416931012, 3.643769343955787 ], [ 98.482581232487973, 3.643775975617187 ], [ 98.482491048044892, 3.643782607269335 ], [ 98.482439657795595, 3.643786973765076 ], [ 98.482400862998304, 3.643790294910328 ], [ 98.482310676116725, 3.643801192522794 ], [ 98.482220488541913, 3.643813301190044 ], [ 98.48213029946838, 3.643828028993869 ], [ 98.482040111105491, 3.643841511183453 ], [ 98.481949942076696, 3.643821188648114 ], [ 98.48193787067602, 3.643786684201134 ], [ 98.481927369027289, 3.643696104497378 ], [ 98.481917264207937, 3.643605525022723 ], [ 98.481906544575693, 3.643514945193111 ], [ 98.481897022472751, 3.643424366054866 ], [ 98.481889022084673, 3.643333787795142 ], [ 98.48188102152551, 3.643243209535296 ], [ 98.48186214419286, 3.643152624996011 ], [ 98.481860146525236, 3.64314796431688 ], [ 98.481823313074386, 3.643062028936424 ], [ 98.481784482097794, 3.642971432876166 ], [ 98.481770086142134, 3.642937846229448 ], [ 98.481745650689078, 3.642880836814907 ], [ 98.481706820029615, 3.642790240753329 ], [ 98.481680025795185, 3.642727728137991 ], [ 98.481667988634342, 3.642699644690575 ], [ 98.481629157665168, 3.642609048627314 ], [ 98.481590387635308, 3.642518452598496 ], [ 98.48158996588154, 3.642516915871646 ], [ 98.481564675958438, 3.642427864110832 ], [ 98.481518973028045, 3.642337264076596 ], [ 98.481499900777948, 3.642315236524801 ], [ 98.481429921205333, 3.642246639000934 ], [ 98.481409770849979, 3.642226886263991 ], [ 98.481337185871737, 3.642156011790634 ], [ 98.481319663013053, 3.642099973165314 ], [ 98.481314540106382, 3.642065425071472 ], [ 98.481319711614489, 3.642015063817412 ], [ 98.481323987816978, 3.641974856894568 ], [ 98.481340070006524, 3.641884292549951 ], [ 98.481354147757699, 3.641793727046478 ], [ 98.481360975019541, 3.641703157353922 ], [ 98.481363735852625, 3.641612585312007 ], [ 98.481365027724493, 3.641522012421315 ], [ 98.481366914689374, 3.641431439874136 ], [ 98.481369411615447, 3.641340867679027 ], [ 98.48137192794951, 3.641250295494868 ], [ 98.481374268423082, 3.641159723208879 ], [ 98.481376104816874, 3.64106915063151 ], [ 98.481377446888857, 3.64097857776842 ], [ 98.48137839886661, 3.640888004679825 ], [ 98.481378606953129, 3.640797431161428 ], [ 98.481379978487595, 3.640706858314712 ], [ 98.481382928403079, 3.640616286379233 ], [ 98.481378032277021, 3.640525709912785 ], [ 98.481372622406028, 3.640435133149605 ], [ 98.481370963114529, 3.640344558552088 ], [ 98.481370370185886, 3.640253984570173 ], [ 98.481371430509896, 3.640163411542694 ], [ 98.481372752145489, 3.640072838665878 ], [ 98.481374073779534, 3.639982265788842 ], [ 98.481375758156673, 3.639891693121017 ], [ 98.481380790255571, 3.639801122385731 ], [ 98.481388198735445, 3.639710553022014 ], [ 98.481395070808915, 3.639619983348181 ], [ 98.481401841472461, 3.639529413615378 ], [ 98.48140844223235, 3.639438843784072 ], [ 98.481411391059524, 3.639394823459405 ], [ 98.481414422164761, 3.639348273593989 ], [ 98.48142030232556, 3.639257703345925 ], [ 98.481426164538959, 3.639167133087116 ], [ 98.481436987348459, 3.639076565690994 ], [ 98.481452689666497, 3.638986001110367 ], [ 98.48144628774449, 3.638895423772282 ], [ 98.481447075274914, 3.638804850583256 ], [ 98.481433321981498, 3.638714269002535 ], [ 98.481426770856885, 3.638623691578215 ], [ 98.481411859469134, 3.638575648301168 ], [ 98.481396720061625, 3.638533100592049 ], [ 98.481383701593316, 3.638442519435405 ], [ 98.481372068953419, 3.638351939078552 ], [ 98.481360436314588, 3.6382613587217 ], [ 98.481348803676795, 3.63817077836485 ], [ 98.481337465395953, 3.638080198177879 ], [ 98.481326136789221, 3.637989617996492 ], [ 98.481322034805146, 3.637953995745717 ], [ 98.481316460242908, 3.637899038768524 ], [ 98.481313277386207, 3.637808463288067 ], [ 98.481231986698219, 3.63772324315122 ], [ 98.481226832378667, 3.637717839754141 ], [ 98.481141861476985, 3.637627401970859 ], [ 98.481141738580263, 3.637627216994193 ], [ 98.481082281325484, 3.637536609029088 ], [ 98.481051759990706, 3.637490097019094 ], [ 98.481022823800501, 3.637446001061415 ], [ 98.480963366846964, 3.637355393091658 ], [ 98.480961658531356, 3.637352789757835 ], [ 98.480903909624431, 3.637264785119335 ], [ 98.480871557097586, 3.637215482491051 ], [ 98.48084445215062, 3.637174177144454 ], [ 98.480784995212801, 3.637083569167469 ], [ 98.480781455689424, 3.637078175218741 ], [ 98.480725538023691, 3.636992961187926 ], [ 98.480691354306842, 3.636940867940909 ], [ 98.480666080601054, 3.636902353205838 ], [ 98.480606623678938, 3.636811745221628 ], [ 98.480601252949867, 3.636803560657551 ], [ 98.48054716599961, 3.636721137234571 ], [ 98.480511151618188, 3.636666253892166 ], [ 98.480487709151788, 3.636630529245581 ], [ 98.480428252245375, 3.636539921254147 ], [ 98.480421050312685, 3.636528946074274 ], [ 98.480368794617206, 3.636449313259887 ], [ 98.480330949032208, 3.636391639256956 ], [ 98.480309337802808, 3.636358705263687 ], [ 98.480249880912098, 3.636268097265035 ], [ 98.480240847777878, 3.636254331468918 ], [ 98.480190423335088, 3.636177489263575 ], [ 98.480150746548588, 3.636117024599669 ], [ 98.480130966554114, 3.636086881260168 ], [ 98.480071509679092, 3.635996273254297 ], [ 98.480060645345404, 3.635979716841491 ], [ 98.480012052153256, 3.635905665245642 ], [ 98.479970544167315, 3.635842409920318 ], [ 98.479952595405692, 3.635815057235027 ], [ 98.479893138546373, 3.635724449221943 ], [ 98.479880443015261, 3.635705102192004 ], [ 98.479833681071668, 3.635633841206093 ], [ 98.479790341888375, 3.635567795218909 ], [ 98.479774224357541, 3.635543233188277 ], [ 98.479714767513912, 3.635452625167979 ], [ 98.479700240787452, 3.635430487520463 ], [ 98.479655310090351, 3.635362017144939 ], [ 98.479610139711738, 3.63529318049545 ], [ 98.479595853409634, 3.635271409119923 ], [ 98.479536396581693, 3.635180801092416 ], [ 98.47952003866196, 3.635155872826874 ], [ 98.479476939209263, 3.63509019306219 ], [ 98.47942993763742, 3.635018565749951 ], [ 98.479417024096719, 3.634999584764633 ], [ 98.479346356078267, 3.634908970240615 ], [ 98.479339825388095, 3.634900877611767 ], [ 98.479282377068799, 3.634818359585074 ], [ 98.479249719872527, 3.634771487678715 ], [ 98.479217679463076, 3.634727748510617 ], [ 98.479159615851742, 3.634639534153292 ], [ 98.479157991492798, 3.634637140333743 ], [ 98.47909345704511, 3.634546529348096 ], [ 98.479069510791604, 3.63450943551035 ], [ 98.479034326838629, 3.634455921489116 ], [ 98.478979403170896, 3.634383842250413 ], [ 98.478965907042351, 3.634365308247619 ], [ 98.478902594794221, 3.634274697961111 ], [ 98.478889301618651, 3.634247715117262 ], [ 98.478859547528231, 3.634184099410576 ], [ 98.478812635137771, 3.634093498620009 ], [ 98.478799226376637, 3.634065788525792 ], [ 98.478769840875941, 3.634002900213906 ], [ 98.47873160537462, 3.63391230444796 ], [ 98.478709166171853, 3.633857719616294 ], [ 98.478702129829756, 3.633821713756614 ], [ 98.478704367877384, 3.633731141438927 ], [ 98.478706605858832, 3.633640569120951 ], [ 98.478708844250221, 3.633549996802963 ], [ 98.478709354641992, 3.633529344745484 ], [ 98.478711082647578, 3.633459424484727 ], [ 98.478713321027783, 3.633368852166234 ], [ 98.478715559002268, 3.633278279847253 ], [ 98.478717827656283, 3.633187707545793 ], [ 98.478720666592054, 3.633097135574409 ], [ 98.478728032073036, 3.633006566224602 ], [ 98.478735519491295, 3.632915996944965 ], [ 98.478743007344036, 3.632825427665122 ], [ 98.478750494756738, 3.632734858384568 ], [ 98.478757982370595, 3.632644289103672 ], [ 98.478765469573787, 3.63255371982208 ], [ 98.478772956978148, 3.632463150540148 ], [ 98.478780444817019, 3.632372581258009 ], [ 98.478800240511447, 3.632298287250971 ], [ 98.478808231537769, 3.632282023728875 ], [ 98.478890472345029, 3.632206968166503 ], [ 98.478900119785976, 3.632191503308081 ], [ 98.478909790891578, 3.632100935286022 ], [ 98.478917322509687, 3.632010366024971 ], [ 98.478923905212156, 3.631919796214205 ], [ 98.478942622899737, 3.631829233426688 ], [ 98.478980907501992, 3.631761007104763 ], [ 98.478994038411528, 3.631738689561423 ], [ 98.479047310809747, 3.631648146766043 ], [ 98.47907117485677, 3.631607586963638 ], [ 98.479100583196526, 3.631557603965792 ], [ 98.479153854961694, 3.631467061160324 ], [ 98.479161442179233, 3.631454165770158 ], [ 98.479207127325537, 3.631376518350336 ], [ 98.479251709468215, 3.631300745601079 ], [ 98.479257954443113, 3.631285974121282 ], [ 98.479291169789676, 3.631195419703 ], [ 98.479317599882322, 3.631104861358768 ], [ 98.479339134080334, 3.631014300181937 ], [ 98.479342060805266, 3.631000545533855 ], [ 98.479358006133381, 3.63092373746459 ], [ 98.479378806773468, 3.630833175861133 ], [ 98.479405262693675, 3.630742617525764 ], [ 98.479432430966554, 3.630667348008709 ], [ 98.479439953833079, 3.630652063949076 ], [ 98.479495633180349, 3.630561522500734 ], [ 98.479522689991015, 3.630528119547558 ], [ 98.479601700643911, 3.630471010164889 ], [ 98.479612906614705, 3.630462910419493 ], [ 98.479703123226514, 3.630397700534957 ], [ 98.479726907828649, 3.630380508870309 ], [ 98.479793339825548, 3.630332491384888 ], [ 98.479852115348663, 3.630290007554744 ], [ 98.479883556412716, 3.630267281478351 ], [ 98.479973772987549, 3.630202071560814 ], [ 98.479977322126956, 3.630199506217576 ], [ 98.480063990879401, 3.630134537192086 ], [ 98.480105634815231, 3.630109006652048 ], [ 98.480154199228778, 3.630083669273116 ], [ 98.480244398699838, 3.630048315429407 ], [ 98.480307601601368, 3.630018549564728 ], [ 98.480334602660335, 3.630005096733905 ], [ 98.480424804988431, 3.629964721267926 ], [ 98.480506640776269, 3.629928090737663 ], [ 98.480515007457981, 3.629924086028704 ], [ 98.480605214685255, 3.62987510993444 ], [ 98.480660221289014, 3.629837605651999 ], [ 98.480695428106742, 3.629815273307638 ], [ 98.480785643809014, 3.629751423012604 ], [ 98.480791712350879, 3.62974710780338 ], [ 98.480875864985649, 3.62967796318192 ], [ 98.480896031643439, 3.629656594273625 ], [ 98.480966099535777, 3.629581049866517 ], [ 98.480980280806776, 3.629566069165104 ], [ 98.481056333224217, 3.629485612369824 ], [ 98.481064058357603, 3.629475543774437 ], [ 98.481112150992701, 3.629384997819885 ], [ 98.481146591061076, 3.629347819044479 ], [ 98.48123677656119, 3.629336777177194 ], [ 98.481326950635705, 3.629345765242177 ], [ 98.481417124713062, 3.629354753688801 ], [ 98.481507298793716, 3.629363741736241 ], [ 98.481597472877183, 3.629372730165322 ], [ 98.481687646963934, 3.629381718195216 ], [ 98.481724082968583, 3.629385350079991 ], [ 98.481777821053527, 3.629390706606754 ], [ 98.481867995146359, 3.629399694680581 ], [ 98.481958169242105, 3.629408683013099 ], [ 98.482048343341006, 3.629417671146424 ], [ 98.482138517442905, 3.629426659384357 ], [ 98.482228691547775, 3.629435647752032 ], [ 98.482318865655927, 3.629444635720525 ], [ 98.482409039766907, 3.629453624070655 ], [ 98.482499213881169, 3.629462612021603 ], [ 98.482589387998274, 3.62947160035419 ], [ 98.482638034510998, 3.629476449103659 ], [ 98.482679562118648, 3.629480588287592 ], [ 98.482769736241849, 3.629489576602634 ], [ 98.48285991036829, 3.629498564613269 ], [ 98.482950084497645, 3.629507552815987 ], [ 98.48304025863014, 3.629516540886116 ], [ 98.483130432765662, 3.629525528994249 ], [ 98.483220610666081, 3.629527897954363 ], [ 98.483310776921684, 3.629550763153414 ], [ 98.483400962482492, 3.629539658318971 ], [ 98.483491148747973, 3.629527311286346 ], [ 98.483581335012417, 3.629514963984454 ], [ 98.48367152127544, 3.629502617048165 ], [ 98.483761707537496, 3.629490269727502 ], [ 98.483851893798359, 3.629477922397457 ], [ 98.483857545441552, 3.62947714865861 ], [ 98.483942080057815, 3.629465575433017 ], [ 98.484032266316305, 3.629453228084202 ], [ 98.484122452573587, 3.629440880726006 ], [ 98.484212638829476, 3.629428533733413 ], [ 98.484302825084384, 3.629416186356451 ], [ 98.484393011338099, 3.629403838970103 ], [ 98.484483197590421, 3.629391491949362 ], [ 98.484496844171886, 3.629386941017871 ], [ 98.484573395436385, 3.629358688731477 ], [ 98.484663602487245, 3.629309633225427 ], [ 98.484695818678276, 3.629296481147324 ], [ 98.484753802148646, 3.629273603875193 ], [ 98.484842479200793, 3.629205991314189 ], [ 98.484844020485966, 3.629204596232305 ], [ 98.484934248692895, 3.629118139546508 ], [ 98.484937032955884, 3.629115471664708 ], [ 98.485024476882529, 3.629031683285006 ], [ 98.485031501889111, 3.629024951953956 ], [ 98.485114705055366, 3.62894522661092 ], [ 98.485125970312694, 3.628934432230149 ], [ 98.485204933210937, 3.628858770283824 ], [ 98.485220439208561, 3.628843912493843 ], [ 98.485295161349654, 3.628772313628712 ], [ 98.485314907594784, 3.628753392744481 ], [ 98.485385389471389, 3.628685856884641 ], [ 98.485409375962334, 3.628662872982348 ], [ 98.485475617575887, 3.628599400459164 ], [ 98.485499338448051, 3.628572350634628 ], [ 98.485553468253997, 3.628481807818302 ], [ 98.485565877730323, 3.628456246964491 ], [ 98.485597160239138, 3.628391259038561 ], [ 98.485640747352647, 3.628300710195423 ], [ 98.485656162802456, 3.628268973160213 ], [ 98.485686687680356, 3.628210162691813 ], [ 98.485741002588554, 3.628119619963419 ], [ 98.48574643151197, 3.628110569947951 ], [ 98.485795317155009, 3.628029077229836 ], [ 98.485836695703853, 3.627960099352986 ], [ 98.485849632062525, 3.627938534491458 ], [ 98.485903946583178, 3.627847991747865 ], [ 98.485926959863676, 3.627809628681611 ], [ 98.485958261467431, 3.627757448999486 ], [ 98.486012575964821, 3.627666906245895 ], [ 98.486017223991382, 3.627659157996433 ], [ 98.486066890825853, 3.627576363487521 ], [ 98.486107488086901, 3.627508687455631 ], [ 98.486121205357023, 3.627485820723968 ], [ 98.486176448929896, 3.627395278485034 ], [ 98.486197753749337, 3.6273553853376 ], [ 98.486223992344449, 3.62730473185197 ], [ 98.48626866536182, 3.627214183578956 ], [ 98.486288034713112, 3.627174923373488 ], [ 98.486313338109511, 3.62712363530213 ], [ 98.48635801113123, 3.627033087021803 ], [ 98.486378317066951, 3.62699192857619 ], [ 98.486402683941577, 3.626942538737697 ], [ 98.486447356659724, 3.626851990449879 ], [ 98.486468599380757, 3.626808933374001 ], [ 98.486492029734265, 3.626761442158607 ], [ 98.486536702432701, 3.626670893863463 ], [ 98.486558881654318, 3.626625938193254 ], [ 98.486581375121276, 3.626580345564656 ], [ 98.486626048166272, 3.626489797262393 ], [ 98.486649163887449, 3.626442943351066 ], [ 98.486670720835136, 3.62639924895626 ], [ 98.486715393494165, 3.626308700646462 ], [ 98.486739446080534, 3.626259948150755 ], [ 98.486760066509603, 3.626218152333214 ], [ 98.486804739148923, 3.626127604016092 ], [ 98.486829728233417, 3.626076952878363 ], [ 98.486849411858259, 3.626037055695354 ], [ 98.486894084764288, 3.62594650737107 ], [ 98.486919997696702, 3.625916397759931 ], [ 98.486999357653445, 3.625855993520853 ], [ 98.487010215170173, 3.625848030777718 ], [ 98.487100429697819, 3.625784868700467 ], [ 98.48712881961788, 3.625765493413005 ], [ 98.4871906433156, 3.625723300546874 ], [ 98.487261424050828, 3.625674995069506 ], [ 98.4872808569217, 3.625661732726043 ], [ 98.487371070516431, 3.625600164609753 ], [ 98.487394028273457, 3.62558449670246 ], [ 98.487461284099567, 3.625538596622026 ], [ 98.487526632471216, 3.625493998311977 ], [ 98.487551497671177, 3.625477028629241 ], [ 98.487641711231348, 3.625415460474618 ], [ 98.487659236644078, 3.625403499898058 ], [ 98.487731924779851, 3.62535389260534 ], [ 98.487791840989942, 3.625313001460817 ], [ 98.487822138317043, 3.625292324375813 ], [ 98.487912351842468, 3.625230756538053 ], [ 98.487924445425378, 3.625222503000206 ], [ 98.488002565356609, 3.625169188286835 ], [ 98.488057049602574, 3.62513200451603 ], [ 98.48809277885907, 3.625107620318904 ], [ 98.488182994476077, 3.625042270472113 ], [ 98.488184187490717, 3.625041502906527 ], [ 98.488273203829465, 3.624988042608649 ], [ 98.488330865798432, 3.624951012360599 ], [ 98.488363415561082, 3.62492956502065 ], [ 98.488453625329797, 3.624874561802144 ], [ 98.488476262908648, 3.624860521059921 ], [ 98.488543836543627, 3.624816968004554 ], [ 98.488614320620641, 3.624770025570517 ], [ 98.488634049104149, 3.624756957397078 ], [ 98.488724261701222, 3.624696861776847 ], [ 98.488749396595082, 3.624679528365919 ], [ 98.48881447596014, 3.624633786116922 ], [ 98.488879629982236, 3.624589028393199 ], [ 98.488904689582668, 3.624571823089685 ], [ 98.488994904101645, 3.624508242010421 ], [ 98.489009064520587, 3.62449852794531 ], [ 98.489085118259226, 3.624445283699783 ], [ 98.48914216267147, 3.62440802954975 ], [ 98.489175329534788, 3.624387441819988 ], [ 98.489265541909646, 3.62432762081922 ], [ 98.489276188612351, 3.624317531655887 ], [ 98.489355765017123, 3.624248640616186 ], [ 98.489376185928037, 3.624227014478028 ], [ 98.489445998288431, 3.624151504271921 ], [ 98.489463857998857, 3.62413649031125 ], [ 98.48953622916062, 3.624058613326615 ], [ 98.489553075174499, 3.624045967007518 ], [ 98.489626440617243, 3.62400033396084 ], [ 98.489674232282056, 3.623955461759478 ], [ 98.489716679266067, 3.623893504902732 ], [ 98.489729981487557, 3.623864919501309 ], [ 98.489772118920285, 3.623774369540487 ], [ 98.48980696673668, 3.62369948436232 ], [ 98.489814256343649, 3.623683819576329 ], [ 98.489856393757634, 3.62359326960883 ], [ 98.489897254164305, 3.623505463806586 ], [ 98.489898531162254, 3.623502719637996 ], [ 98.489940668710162, 3.62341216966391 ], [ 98.489982805958832, 3.623321619686322 ], [ 98.489987541548871, 3.623311443306642 ], [ 98.490024943492145, 3.623231069705565 ], [ 98.490067080981092, 3.623140519721451 ], [ 98.490077828890151, 3.623117423281908 ], [ 98.490109218338887, 3.62304996973393 ], [ 98.490151355687317, 3.622959419743073 ], [ 98.490168116188755, 3.622923402680212 ], [ 98.490193493026368, 3.622868869748879 ], [ 98.490168187183485, 3.622796547729687 ], [ 98.490162610402834, 3.622778278503846 ], [ 98.490121607128785, 3.622687681540821 ], [ 98.490080604118447, 3.622597084577054 ], [ 98.490078123922302, 3.622590345758362 ], [ 98.490048223495251, 3.622506492484129 ], [ 98.490018392270201, 3.62241590183125 ], [ 98.489988081046874, 3.622347789321973 ], [ 98.48997802164655, 3.622325305222766 ], [ 98.489937360315949, 3.622234708449157 ], [ 98.489898014541183, 3.622147513835303 ], [ 98.489896471235596, 3.622144111545975 ], [ 98.489862715187058, 3.622053518673101 ], [ 98.489835872176442, 3.621962929706706 ], [ 98.489807967766694, 3.621912059944078 ], [ 98.489785242841009, 3.621872327296419 ], [ 98.48974054145971, 3.621781728235233 ], [ 98.489717890205284, 3.621731655911838 ], [ 98.489699558046453, 3.621691131274552 ], [ 98.489652072383336, 3.621600530637266 ], [ 98.489627823880355, 3.621531245181799 ], [ 98.489621100047572, 3.621509939334161 ], [ 98.489610784504947, 3.621419359708637 ], [ 98.489600468944985, 3.621328780083093 ], [ 98.489590153526692, 3.621238200457624 ], [ 98.489579838070142, 3.621147620832126 ], [ 98.489569522597634, 3.621057041206611 ], [ 98.489560715032752, 3.620966462433517 ], [ 98.489628164369876, 3.620923220275907 ], [ 98.489699698801374, 3.620875967194999 ], [ 98.489718376085847, 3.620863864428569 ], [ 98.489808587287371, 3.620805407960056 ], [ 98.489839352379363, 3.620785472309423 ], [ 98.489898798478038, 3.620746951544428 ], [ 98.489979006114041, 3.620694977398233 ], [ 98.489989009657862, 3.620688495140286 ], [ 98.490079220826885, 3.62063003863958 ], [ 98.490118659693138, 3.620604482461251 ], [ 98.490169431985009, 3.620571582277596 ], [ 98.490258313275206, 3.62051398749857 ], [ 98.49025964313239, 3.620513125755429 ], [ 98.490349854268842, 3.620454669371985 ], [ 98.490397966932036, 3.620423492510233 ], [ 98.490440065394566, 3.620396212828359 ], [ 98.490530276509375, 3.620337756415598 ], [ 98.490537620562904, 3.620332997496183 ], [ 98.490620487613427, 3.620279299858375 ], [ 98.490677273937465, 3.620242502456296 ], [ 98.490710698706636, 3.620220843282565 ], [ 98.490800909788959, 3.620162386845482 ], [ 98.490816927516406, 3.620152007390828 ], [ 98.49089112086051, 3.620103930248216 ], [ 98.490956581006202, 3.620061512299617 ], [ 98.490981331921176, 3.62004547376319 ], [ 98.491071528337699, 3.620013231537233 ], [ 98.49116171556139, 3.619997450978357 ], [ 98.49118813980725, 3.619971068962197 ], [ 98.491186975398961, 3.619880494487191 ], [ 98.491195452906368, 3.619789925443509 ], [ 98.491216190057443, 3.619699363304979 ], [ 98.49124407755582, 3.619608805192541 ], [ 98.491252128148076, 3.619577781228428 ], [ 98.491268366056644, 3.619518245051367 ], [ 98.491280334277974, 3.619427677970434 ], [ 98.491252225645795, 3.619403036005644 ], [ 98.491162058844182, 3.61938232812574 ], [ 98.491093153090134, 3.619336998718672 ], [ 98.491071916304719, 3.619318158273598 ], [ 98.490990993996789, 3.619246367343363 ], [ 98.490981782594261, 3.619238195366307 ], [ 98.490891648899876, 3.619158232452124 ], [ 98.490888834876387, 3.619155735959174 ], [ 98.490801515221705, 3.619078269324176 ], [ 98.490786675995523, 3.619065104566255 ], [ 98.490711381559507, 3.618998306396207 ], [ 98.49068451690917, 3.618974473164353 ], [ 98.490621247913452, 3.618918343333228 ], [ 98.490582358076907, 3.618883841753731 ], [ 98.490531114283471, 3.618838380312726 ], [ 98.490480199031879, 3.618793210334126 ], [ 98.490440980669575, 3.61875841728467 ], [ 98.490378040240955, 3.618702578905802 ], [ 98.490350847071781, 3.618678454201684 ], [ 98.490275881237267, 3.618611947468497 ], [ 98.490260713490002, 3.618598491239268 ], [ 98.490173722254212, 3.618521316022342 ], [ 98.49017057992431, 3.618518528263601 ], [ 98.490080446374805, 3.618438565104884 ], [ 98.490071563525291, 3.618430684567472 ], [ 98.489990312841286, 3.618358602103817 ], [ 98.489969404583562, 3.618340053103622 ], [ 98.489900179323925, 3.618278638973667 ], [ 98.489867245895965, 3.618249421631057 ], [ 98.489810045822594, 3.618198675910124 ], [ 98.489765086995561, 3.618158790149515 ], [ 98.489719912337378, 3.618118712814906 ], [ 98.489662928349276, 3.618068158659263 ], [ 98.489629791237036, 3.618016642611107 ], [ 98.489592107146635, 3.617977544860308 ], [ 98.489571744407129, 3.61788695955875 ], [ 98.489551588015743, 3.617796374373675 ], [ 98.489539763188802, 3.617748313566642 ], [ 98.489529819532848, 3.617705788277979 ], [ 98.489504172096176, 3.617615199991178 ], [ 98.489478524997566, 3.617524611704381 ], [ 98.489456629302353, 3.617434025536472 ], [ 98.489449773963628, 3.617410685333823 ], [ 98.489428082438906, 3.617343435611314 ], [ 98.489399280584948, 3.617252845541833 ], [ 98.48936634015817, 3.617162253134067 ], [ 98.489359744820121, 3.617144474403175 ], [ 98.489298894035414, 3.617071641231104 ], [ 98.489269627088575, 3.61703661119998 ], [ 98.489223185558984, 3.616981024656138 ], [ 98.489179509378147, 3.616928747338961 ], [ 98.489147442743757, 3.616890408057374 ], [ 98.489089391672948, 3.616820911286811 ], [ 98.48907164981226, 3.616799791425893 ], [ 98.488999274001756, 3.616713051542433 ], [ 98.48899602078167, 3.616709174882657 ], [ 98.488922792360029, 3.6166185596922 ], [ 98.488909159009651, 3.616600445370041 ], [ 98.48885459495294, 3.616527947342235 ], [ 98.488819048028589, 3.616480716940848 ], [ 98.488786397211442, 3.616437334988676 ], [ 98.488728937069482, 3.616360989778239 ], [ 98.488717530986975, 3.616346722253675 ], [ 98.488638806159543, 3.616276910163796 ], [ 98.488593803970275, 3.616256078485171 ], [ 98.488548649709514, 3.616238435345334 ], [ 98.488458491219518, 3.616203615529948 ], [ 98.488368569562411, 3.616165377267833 ], [ 98.488368334708184, 3.616165280334911 ], [ 98.488278199019504, 3.616089822107191 ], [ 98.48825655023137, 3.616074740086118 ], [ 98.488188055541727, 3.616028281334448 ], [ 98.488133673548276, 3.615984096747109 ], [ 98.488097918635617, 3.615955046160444 ], [ 98.488007761041999, 3.615918717496046 ], [ 98.487917578092095, 3.615927598565686 ], [ 98.487827378119732, 3.615966813806093 ], [ 98.487788074704497, 3.615983901033872 ], [ 98.487737178141018, 3.61600602839923 ], [ 98.487646983153397, 3.616036339926874 ], [ 98.48755679755449, 3.616049920841141 ], [ 98.487466611954318, 3.616063501449513 ], [ 98.487395222606168, 3.616074252174019 ], [ 98.487376426352299, 3.616077082754225 ], [ 98.487286236179969, 3.61609879715412 ], [ 98.487198426906559, 3.616164714351404 ], [ 98.48719602015322, 3.616166521067318 ], [ 98.487105804114051, 3.616234244215814 ], [ 98.487077862003432, 3.616255219730738 ], [ 98.487015588061496, 3.61630196838635 ], [ 98.486953958330105, 3.616345723195755 ], [ 98.486925377188555, 3.616360456579901 ], [ 98.486835178749203, 3.616396813740697 ], [ 98.486744983016834, 3.616436178347481 ], [ 98.486744978611142, 3.616436180450433 ], [ 98.486654792869786, 3.616449941560086 ], [ 98.486564606624455, 3.616464595821383 ], [ 98.486533598263321, 3.616436058316012 ], [ 98.486474482366233, 3.616369087684287 ], [ 98.486453529313508, 3.616345439077853 ], [ 98.486384361784175, 3.616267080682118 ], [ 98.486373527244268, 3.616254819872686 ], [ 98.486294480796261, 3.616164201205481 ], [ 98.486294241862495, 3.616163935584867 ], [ 98.486213989040152, 3.616073581712133 ], [ 98.486204120927596, 3.61606262582706 ], [ 98.486132366273353, 3.615982961570942 ], [ 98.486113999306411, 3.615962569988278 ], [ 98.48605074352254, 3.615892341424519 ], [ 98.486023877744699, 3.615862443105469 ], [ 98.485969197140179, 3.615801721316277 ], [ 98.485933756847928, 3.615761170159528 ], [ 98.485889797821827, 3.615711102423526 ], [ 98.48584363731014, 3.615657519501966 ], [ 98.485811731893136, 3.61562048428407 ], [ 98.485753518332004, 3.615552911049474 ], [ 98.485733665655403, 3.61552986613973 ], [ 98.485663399291369, 3.61544844939536 ], [ 98.485655458969546, 3.615439247910802 ], [ 98.48558126226952, 3.615348631958174 ], [ 98.485573283099086, 3.615338969042798 ], [ 98.485508226722715, 3.615258016661965 ], [ 98.485483169083466, 3.615225663935536 ], [ 98.485442362939565, 3.61516740544222 ], [ 98.485393063403734, 3.615097608989069 ], [ 98.485378191924426, 3.61507679518258 ], [ 98.48531209253278, 3.614986183822639 ], [ 98.485302955434236, 3.614973658178475 ], [ 98.485245993518816, 3.614895572459777 ], [ 98.485212847247439, 3.614850134191067 ], [ 98.485179894779776, 3.614804961093938 ], [ 98.48512273950827, 3.614725857681471 ], [ 98.485114846592239, 3.614714350322992 ], [ 98.485053224469056, 3.614623741499515 ], [ 98.485032636352969, 3.614593495201561 ], [ 98.484991153809389, 3.614533132418029 ], [ 98.484942532908946, 3.614461688297964 ], [ 98.484929533424321, 3.61444252359026 ], [ 98.484876482855256, 3.614351919640049 ], [ 98.48485476068376, 3.614261333529094 ], [ 98.484852473521471, 3.614251830943656 ], [ 98.484833045865201, 3.61417074742224 ], [ 98.484811184029638, 3.614080161231579 ], [ 98.484789112179556, 3.613989574921227 ], [ 98.484766840843861, 3.613898988497174 ], [ 98.4847625047381, 3.613881446779634 ], [ 98.484744627378177, 3.613808402105987 ], [ 98.484722315275903, 3.613717815658528 ], [ 98.484699846001945, 3.613627229121458 ], [ 98.484677215790072, 3.613536642492626 ], [ 98.484672532107851, 3.61351797430486 ], [ 98.484654442545434, 3.613446055782225 ], [ 98.484638146451502, 3.613355472760898 ], [ 98.484672648054442, 3.613312470704719 ], [ 98.484711259345573, 3.613264940659688 ], [ 98.484762888379606, 3.613201385914852 ], [ 98.48478480367595, 3.613174408795966 ], [ 98.484853128682104, 3.613090301218375 ], [ 98.484858347473576, 3.613083876923696 ], [ 98.484919997040464, 3.612993338273105 ], [ 98.484904926215577, 3.612902755950474 ], [ 98.484853283086025, 3.612816504847594 ], [ 98.484851238424085, 3.612812151646183 ], [ 98.48485330196722, 3.612783022409264 ], [ 98.484856995790935, 3.612721581179586 ], [ 98.484903935580832, 3.61263103415283 ], [ 98.484943602530748, 3.612564947894751 ], [ 98.484958282086566, 3.612540491337196 ], [ 98.485012628580733, 3.61244994851657 ], [ 98.485033864888877, 3.612414568210471 ], [ 98.485066975063305, 3.612359405690951 ], [ 98.485121321534294, 3.61226886286034 ], [ 98.485124127215045, 3.612264188512422 ], [ 98.485175667993701, 3.612178320024741 ], [ 98.485214389509267, 3.612113808800607 ], [ 98.485230014441527, 3.612087777184148 ], [ 98.485279482150503, 3.611997231564324 ], [ 98.485256756219911, 3.611906644889881 ], [ 98.485234030292617, 3.611816058215336 ], [ 98.48521460088817, 3.611738611633958 ], [ 98.485211304368647, 3.611725471540687 ], [ 98.485188578447975, 3.611634884865933 ], [ 98.485165851842012, 3.611544298190687 ], [ 98.485143125927962, 3.611453711515728 ], [ 98.485124625441017, 3.611379967603066 ], [ 98.485120400017223, 3.611363124840667 ], [ 98.485097674109795, 3.611272538165501 ], [ 98.48507494820565, 3.611181951490235 ], [ 98.48505222175072, 3.611091364814548 ], [ 98.485034650045705, 3.611021323570558 ], [ 98.48502949571872, 3.611000778138998 ], [ 98.485008671641324, 3.610910192545124 ], [ 98.484979721930998, 3.610819602329442 ], [ 98.484944636082133, 3.610731217652526 ], [ 98.484943758971184, 3.610729008124259 ], [ 98.484918060531015, 3.61063841975731 ], [ 98.484899047832656, 3.6105478351933 ], [ 98.484880035126878, 3.610457250629246 ], [ 98.484861022749087, 3.610366666065341 ], [ 98.484854681143005, 3.610336452301881 ], [ 98.484842009838047, 3.610276081501094 ], [ 98.484822997412834, 3.610185496937084 ], [ 98.484803984769741, 3.610094912372912 ], [ 98.484785284886897, 3.610004327986623 ], [ 98.484766218439802, 3.609913743391767 ], [ 98.48476474644383, 3.609905869512713 ], [ 98.48475124230778, 3.609823161123806 ], [ 98.484742618637114, 3.609732582469661 ], [ 98.4847342973856, 3.609642003987539 ], [ 98.484674738460228, 3.609605417587679 ], [ 98.484640860594297, 3.609551377081608 ], [ 98.484584604065645, 3.609529309168538 ], [ 98.484495242129839, 3.609460720472808 ], [ 98.484494465748227, 3.609460186079771 ], [ 98.484404317966124, 3.609407873295039 ], [ 98.484357040816263, 3.609370068066801 ], [ 98.484314176043611, 3.609345190245985 ], [ 98.484224031766374, 3.609286704977832 ], [ 98.484215990961061, 3.609279414021527 ], [ 98.484133886047005, 3.609230797792383 ], [ 98.484043730977177, 3.609191483534979 ], [ 98.48403716130062, 3.609188738440479 ], [ 98.483953568616855, 3.609165103779368 ], [ 98.483863405012244, 3.609140939840426 ], [ 98.483773215271228, 3.609163084792244 ], [ 98.483721972095495, 3.609188558861784 ], [ 98.483683012711865, 3.60920792639466 ], [ 98.483592825091563, 3.609226300742804 ], [ 98.483547244635901, 3.609279032996066 ], [ 98.483502597155763, 3.609316046064985 ], [ 98.483412400311749, 3.609350725770821 ], [ 98.483377923085882, 3.609369510174669 ], [ 98.483322195287272, 3.609399872632394 ], [ 98.483231990253998, 3.609449019463302 ], [ 98.483211856211369, 3.609459989173513 ], [ 98.483141785211984, 3.609498166227785 ], [ 98.48305158016116, 3.609547312981831 ], [ 98.483045789118108, 3.609550468136879 ], [ 98.482961375101553, 3.609596459725438 ], [ 98.482879721995062, 3.609640947064871 ], [ 98.482871170033164, 3.609645606458609 ], [ 98.482780964955936, 3.60969475324897 ], [ 98.482713655070427, 3.609731425957619 ], [ 98.482690759869897, 3.609743900060487 ], [ 98.482600554775146, 3.609793046762345 ], [ 98.482547587965414, 3.609821904814903 ], [ 98.482510348577918, 3.60984412566255 ], [ 98.482420144559228, 3.609891340134741 ], [ 98.482381520752995, 3.60991238363676 ], [ 98.482329934766099, 3.609948737924947 ], [ 98.482239747596225, 3.609966170011804 ], [ 98.482149564123532, 3.609977071057017 ], [ 98.48205937878619, 3.609991261841721 ], [ 98.481996228541576, 3.610002737062663 ], [ 98.481969189952665, 3.610011620061761 ], [ 98.481878995655123, 3.610041614547881 ], [ 98.481788800879855, 3.610072443435236 ], [ 98.481727868188813, 3.610093157237262 ], [ 98.481698606199444, 3.610103096270267 ], [ 98.481608411438899, 3.610133881724952 ], [ 98.481518216819751, 3.610164409171646 ], [ 98.481461981962354, 3.610183578741122 ], [ 98.481428022071768, 3.610195155126127 ], [ 98.481337827503211, 3.610225576135813 ], [ 98.481247632779002, 3.610256262859084 ], [ 98.481194831043211, 3.610273999434625 ], [ 98.481157438273598, 3.610286555427042 ], [ 98.481067243819723, 3.610316748673507 ], [ 98.480977049225814, 3.61034718007068 ], [ 98.480922655497622, 3.610364417161407 ], [ 98.480886855677312, 3.610375761998508 ], [ 98.480796661281317, 3.610405828142659 ], [ 98.480706467807224, 3.610434263008504 ], [ 98.480643856708127, 3.610454830999878 ], [ 98.48061627367241, 3.610463852895243 ], [ 98.480526080284406, 3.610492120430992 ], [ 98.480435886408245, 3.610521238999632 ], [ 98.48035885365816, 3.610545241184061 ], [ 98.480345693104951, 3.610549341803117 ], [ 98.480255499492301, 3.610577980937449 ], [ 98.480165306270834, 3.610605924331862 ], [ 98.480075112921412, 3.610634085051388 ], [ 98.480070035534595, 3.610635649079662 ], [ 98.479984909115686, 3.610680617669009 ], [ 98.479919930935566, 3.610726136557295 ], [ 98.479894681987929, 3.610768122348857 ], [ 98.479865471257213, 3.610816678952683 ], [ 98.479810957831631, 3.610907221312178 ], [ 98.479804419300478, 3.610918076754579 ], [ 98.47975646427669, 3.610997763678064 ], [ 98.479714156561087, 3.611068066446786 ], [ 98.479701955814662, 3.611088306030363 ], [ 98.47964735392415, 3.611178848323943 ], [ 98.479623893974761, 3.611217731317205 ], [ 98.479592787308746, 3.611269390632761 ], [ 98.479538270486174, 3.611359932965172 ], [ 98.479533631222296, 3.611367632027605 ], [ 98.479483632929785, 3.611450475223138 ], [ 98.479443368605274, 3.611517239053436 ], [ 98.479429037158397, 3.61154101750009 ], [ 98.479374412556581, 3.611631559755422 ], [ 98.479353105960797, 3.611666838460474 ], [ 98.47931974654405, 3.611722101981894 ], [ 98.47926512701585, 3.611812644230058 ], [ 98.479262843288154, 3.611816431511136 ], [ 98.47921040467368, 3.611903186414024 ], [ 98.479172580766146, 3.611965704496011 ], [ 98.479155670525373, 3.611993728586141 ], [ 98.479101049035208, 3.612084270818032 ], [ 98.479082318029626, 3.612115298095875 ], [ 98.479046358146078, 3.612174813004934 ], [ 98.478992055378598, 3.612264686030995 ], [ 98.478991651359948, 3.612265355177633 ], [ 98.478936972090182, 3.612355897361117 ], [ 98.478901792664502, 3.612414128885592 ], [ 98.478882262352997, 3.612446439522005 ], [ 98.478827532892993, 3.612536981666479 ], [ 98.478811536890191, 3.612551351434742 ], [ 98.4787213171264, 3.612625413911208 ], [ 98.478718575112637, 3.612627492572447 ], [ 98.478631100648357, 3.612693694206902 ], [ 98.4785989876288, 3.612717997337872 ], [ 98.478540884159671, 3.612761970509901 ], [ 98.478479400161675, 3.61280850208389 ], [ 98.478450667657881, 3.612830247065766 ], [ 98.478360451143189, 3.612898523610574 ], [ 98.47835981267184, 3.612899006810478 ], [ 98.478270234679371, 3.612966688423042 ], [ 98.478239936947546, 3.612989511351453 ], [ 98.478180018413852, 3.613034483519232 ], [ 98.478119338297375, 3.613080015455995 ], [ 98.478089802197417, 3.613102170268256 ], [ 98.477999586896914, 3.613168231863406 ], [ 98.477996402790097, 3.613170518192741 ], [ 98.477909371883072, 3.613233770151573 ], [ 98.477871933294452, 3.613261020023919 ], [ 98.477819156779617, 3.613299443603943 ], [ 98.477747331049741, 3.613351521757594 ], [ 98.477728941767324, 3.613364935997239 ], [ 98.477638726521093, 3.613430815913582 ], [ 98.477623378725625, 3.613442023845567 ], [ 98.477548511261887, 3.613496696799427 ], [ 98.477499385145805, 3.613532525888985 ], [ 98.477458296265638, 3.613562096417218 ], [ 98.477373484354857, 3.61362302680999 ], [ 98.477368081580011, 3.613626931668856 ], [ 98.47727786685347, 3.61369181714573 ], [ 98.477247494690459, 3.613713527658319 ], [ 98.477187652122112, 3.613756689765397 ], [ 98.477121842635583, 3.613804028680417 ], [ 98.477097437503986, 3.613821343280956 ], [ 98.477007223143318, 3.613885526046059 ], [ 98.476994600889356, 3.613894528762266 ], [ 98.47691700794654, 3.613951147534611 ], [ 98.47687070973754, 3.613985030759859 ], [ 98.476826792604484, 3.614017001043576 ], [ 98.476746584282992, 3.614075532601216 ], [ 98.476736577230341, 3.614082888879496 ], [ 98.476646361728271, 3.61414897830225 ], [ 98.476622941116247, 3.614166034700811 ], [ 98.476556147385082, 3.614213024281014 ], [ 98.476496609815982, 3.614256535224126 ], [ 98.476465931531862, 3.614279683114069 ], [ 98.476445900136667, 3.614256505876682 ], [ 98.476397772308204, 3.614165904400819 ], [ 98.47637586216905, 3.61409085173248 ], [ 98.476373451667286, 3.614075316703847 ], [ 98.476359395927943, 3.613984734948281 ], [ 98.476345407535462, 3.613894153231704 ], [ 98.476333902889266, 3.613803572952766 ], [ 98.476323165788472, 3.613712993118099 ], [ 98.476285949459267, 3.613628899142147 ], [ 98.47628263644107, 3.613622396038921 ], [ 98.47624739245137, 3.613531802018448 ], [ 98.476195861054336, 3.613473418774263 ], [ 98.476172694030254, 3.613441185156764 ], [ 98.476107569638927, 3.613350573834227 ], [ 98.47610575540655, 3.61334804959307 ], [ 98.476042445123355, 3.613259962508635 ], [ 98.476015649782155, 3.613222680668702 ], [ 98.475977320620075, 3.61316935118006 ], [ 98.475925544181308, 3.613097311738635 ], [ 98.475912196129102, 3.61307873984851 ], [ 98.47584707218148, 3.612988128514288 ], [ 98.47583543860442, 3.612971942064872 ], [ 98.475781947715092, 3.61289751717678 ], [ 98.475745333050654, 3.612846573123402 ], [ 98.47571682326101, 3.612806905836296 ], [ 98.475655226826447, 3.612722413258828 ], [ 98.475637664143562, 3.612716286361106 ], [ 98.475565067823396, 3.612690234283278 ], [ 98.475474918664688, 3.612640922562106 ], [ 98.475384732922436, 3.612655335987117 ], [ 98.475294547178621, 3.612669749402718 ], [ 98.475204361433086, 3.612684163050147 ], [ 98.475114175686173, 3.61269857633744 ], [ 98.475023989937682, 3.612712989615326 ], [ 98.47500565446235, 3.612715919947436 ], [ 98.474933804187629, 3.612727402883802 ], [ 98.474843618435997, 3.612741816142868 ], [ 98.474753432682789, 3.612756229392525 ], [ 98.474663253473864, 3.612759259781639 ], [ 98.474573082727247, 3.61274757840589 ], [ 98.474482916023234, 3.612728875749069 ], [ 98.474392740068183, 3.612726260617095 ], [ 98.474302564116144, 3.61272364343083 ], [ 98.47421238817698, 3.612721007015667 ], [ 98.474122212239408, 3.612718371005486 ], [ 98.47403203630347, 3.612715735296511 ], [ 98.474018746812831, 3.612715346895565 ], [ 98.473941860368825, 3.612713100519473 ], [ 98.473851684435687, 3.612710466270304 ], [ 98.473761508503486, 3.612707833583467 ], [ 98.473679486815755, 3.612624576070598 ], [ 98.473671384338985, 3.612615350130385 ], [ 98.473605529140983, 3.612533959473949 ], [ 98.473581271075957, 3.612503978847019 ], [ 98.473532225132743, 3.612443343253456 ], [ 98.473491157843341, 3.612392591779204 ], [ 98.473458916396197, 3.612352727026222 ], [ 98.473401044624538, 3.612281217680047 ], [ 98.473385585388428, 3.612262110782042 ], [ 98.473312262253287, 3.612171494538449 ], [ 98.473310931423669, 3.612169849399466 ], [ 98.473238975355386, 3.612080878311955 ], [ 98.473220818268373, 3.612058439060383 ], [ 98.473165675020354, 3.611990262073654 ], [ 98.473130705119573, 3.611947054343107 ], [ 98.473092354919288, 3.611899645819862 ], [ 98.473040591999165, 3.611835657353778 ], [ 98.473019051925306, 3.611809029572039 ], [ 98.472950479676115, 3.611722914832697 ], [ 98.472946871513415, 3.611718413973824 ], [ 98.472881818923284, 3.611627802522195 ], [ 98.472860374526988, 3.611597773240606 ], [ 98.472817991755278, 3.611537191781214 ], [ 98.472770271539218, 3.611468926031344 ], [ 98.472754691029849, 3.611446581344004 ], [ 98.47269157619138, 3.611355971012297 ], [ 98.472680168840355, 3.611339619821199 ], [ 98.472627574563305, 3.611265360161287 ], [ 98.47259006432374, 3.611213505347482 ], [ 98.472556073662346, 3.611174744938626 ], [ 98.472499940116933, 3.611121547176652 ], [ 98.472409748744852, 3.611145972055881 ], [ 98.472371457233479, 3.611174637368113 ], [ 98.472319532357901, 3.611213715768054 ], [ 98.472250288350949, 3.61126514031198 ], [ 98.472229316400657, 3.611280693215838 ], [ 98.472139100204359, 3.611348062673833 ], [ 98.472128948982231, 3.611355643136523 ], [ 98.472048883782293, 3.611415800881642 ], [ 98.472009131383757, 3.611446146828614 ], [ 98.471958666643332, 3.61148475765282 ], [ 98.471890840984059, 3.611536651392094 ], [ 98.4718684494635, 3.611553762542524 ], [ 98.471778232323103, 3.611622676554079 ], [ 98.47177236626186, 3.611627155828943 ], [ 98.471688015215705, 3.611691510922915 ], [ 98.47165374107027, 3.611717660158836 ], [ 98.471597798097449, 3.611760341478904 ], [ 98.471507627147048, 3.611749324113264 ], [ 98.471483128280369, 3.611717560564208 ], [ 98.47141751806781, 3.611631351077766 ], [ 98.471413972707467, 3.611626946632952 ], [ 98.471345022463368, 3.611536332818152 ], [ 98.471327408761624, 3.611513808965098 ], [ 98.471268891516431, 3.611445714806187 ], [ 98.471237290975594, 3.61141096131493 ], [ 98.471183957214677, 3.611355091647749 ], [ 98.471147169546782, 3.611314443042144 ], [ 98.471099567544726, 3.611264468801808 ], [ 98.47105704789503, 3.611218342530244 ], [ 98.471023920354838, 3.611173851058211 ], [ 98.470966943144475, 3.611093076243386 ], [ 98.470960109768214, 3.611083240226716 ], [ 98.470896517566104, 3.610992629520026 ], [ 98.470904762877836, 3.610902060791536 ], [ 98.470922168111699, 3.610811497414873 ], [ 98.470908461492797, 3.610720915858594 ], [ 98.470897638874533, 3.610630335987491 ], [ 98.470890210839485, 3.610539758099877 ], [ 98.470892559569023, 3.610449185924748 ], [ 98.47087983357693, 3.610358604941505 ], [ 98.470891043981837, 3.610268037943707 ], [ 98.47087728910077, 3.610189234021042 ], [ 98.470875233143389, 3.610177455158117 ], [ 98.470858563444878, 3.610086871870728 ], [ 98.470842630870948, 3.60999628901402 ], [ 98.470825740263351, 3.609905705597562 ], [ 98.470809733526991, 3.609815122697531 ], [ 98.470793776273894, 3.609724539826416 ], [ 98.470787400516713, 3.609690707590153 ], [ 98.47077670953604, 3.60963395630705 ], [ 98.470760511447381, 3.609543373295226 ], [ 98.470738477520015, 3.609452786873547 ], [ 98.470720038279339, 3.609362202552198 ], [ 98.470698171022974, 3.6092716162278 ], [ 98.470697466829606, 3.609270204334959 ], [ 98.470652457349004, 3.609181015968992 ], [ 98.470607379106326, 3.609115884176248 ], [ 98.470589745300003, 3.609090405775264 ], [ 98.470527033303696, 3.608999795578876 ], [ 98.470517277436599, 3.608985699676339 ], [ 98.470464321393152, 3.608909185379847 ], [ 98.470427167722335, 3.608869449148757 ], [ 98.470341371053891, 3.608818539962638 ], [ 98.470337021404632, 3.608816437830266 ], [ 98.47024687040674, 3.608771525717687 ], [ 98.470156718447441, 3.608728290057211 ], [ 98.470155864958016, 3.608727857950132 ], [ 98.470066568036714, 3.608682398342565 ], [ 98.469976408237656, 3.608652723790773 ], [ 98.469886232203351, 3.608651071156339 ], [ 98.469857708675676, 3.608637109995796 ], [ 98.469796081499439, 3.608605727513499 ], [ 98.469705915998361, 3.608585921512909 ], [ 98.469615753980023, 3.608560118745939 ], [ 98.469557378980753, 3.608546360679439 ], [ 98.469525590947129, 3.608536076041075 ], [ 98.469435436398612, 3.608497417884642 ], [ 98.469345267119621, 3.608484163660969 ], [ 98.469255097844822, 3.608470908930633 ], [ 98.469164928573633, 3.608457654689779 ], [ 98.469156940750793, 3.608455552625693 ], [ 98.46907478687271, 3.608396911536521 ], [ 98.469052641770958, 3.608364917987854 ], [ 98.4689896362284, 3.608274307541395 ], [ 98.468984685131417, 3.60826736066967 ], [ 98.468920396266711, 3.608183693438244 ], [ 98.468894576272788, 3.6081501092728 ], [ 98.468850731135035, 3.608093079082431 ], [ 98.468804465674779, 3.608035891386816 ], [ 98.468777586719582, 3.608002462683471 ], [ 98.468714353780058, 3.607923943546086 ], [ 98.46870465833004, 3.607911846407223 ], [ 98.468632032580359, 3.607821230304519 ], [ 98.468624242188682, 3.607811510263929 ], [ 98.468559405836984, 3.607730614197359 ], [ 98.468534131500903, 3.607697558488666 ], [ 98.46848994057305, 3.607639999940504 ], [ 98.468444022683002, 3.607580425847873 ], [ 98.468419959634545, 3.60754938537771 ], [ 98.468353913435422, 3.607464070776154 ], [ 98.468349609570879, 3.607458770594852 ], [ 98.468276473399811, 3.607368154173864 ], [ 98.468263801452437, 3.607352460193569 ], [ 98.468203306066428, 3.607277537730656 ], [ 98.468173689500617, 3.607240832629312 ], [ 98.468130030970514, 3.60718692122027 ], [ 98.468083577722368, 3.607128943139235 ], [ 98.468057159300884, 3.607096304942691 ], [ 98.467993466447339, 3.607016224910998 ], [ 98.467984947604606, 3.607005689048579 ], [ 98.467903343150411, 3.606924216916541 ], [ 98.467894260361987, 3.606915062305173 ], [ 98.467813219019618, 3.606833673734265 ], [ 98.467803465164607, 3.606824435491793 ], [ 98.467723091027196, 3.606749799916087 ], [ 98.467705305666783, 3.606733804347464 ], [ 98.467632960709906, 3.606669950964793 ], [ 98.467604706498662, 3.606643171762382 ], [ 98.467542833496381, 3.606584795327457 ], [ 98.467503791377013, 3.606552538983316 ], [ 98.467452699497457, 3.606511328678285 ], [ 98.467395151424171, 3.606461901657454 ], [ 98.467362567813538, 3.606433910209947 ], [ 98.467285857116551, 3.606371263937075 ], [ 98.467272433770333, 3.606360571456978 ], [ 98.467182297692176, 3.606290753543389 ], [ 98.46717002001887, 3.606280622361219 ], [ 98.467092163166441, 3.606218294131609 ], [ 98.467052238036771, 3.606189979630507 ], [ 98.467002023685581, 3.606154368490811 ], [ 98.466926138885455, 3.606099331997618 ], [ 98.466911892469582, 3.606076276130973 ], [ 98.466878869131676, 3.606008730705936 ], [ 98.466892899935772, 3.605918165458038 ], [ 98.466906816109784, 3.605827600141936 ], [ 98.466912058458576, 3.605791287986177 ], [ 98.46691984163779, 3.605737034301411 ], [ 98.466933907655786, 3.605646469071823 ], [ 98.466949984870354, 3.605555905023709 ], [ 98.466965260231447, 3.605465340503315 ], [ 98.466979765006798, 3.605374775529094 ], [ 98.467002497070155, 3.60534143012568 ], [ 98.467078761243073, 3.605284260210518 ], [ 98.467092713462449, 3.605273116122755 ], [ 98.467182125060347, 3.605193747444164 ], [ 98.467182937022798, 3.605192464230628 ], [ 98.467214793431893, 3.605103193133121 ], [ 98.467247108739031, 3.605012638612362 ], [ 98.467273260920777, 3.604939354492579 ], [ 98.467279424038622, 3.604922084089318 ], [ 98.467311739330668, 3.60483152956399 ], [ 98.467344053698852, 3.604740975035843 ], [ 98.467363584759809, 3.604686244700233 ], [ 98.467376368975806, 3.60465042050595 ], [ 98.467408684245228, 3.604559865973774 ], [ 98.467440998590774, 3.604469311438775 ], [ 98.467453908539923, 3.604433134890048 ], [ 98.467473313845105, 3.604378756902034 ], [ 98.467505629091889, 3.604288202363008 ], [ 98.467537944267335, 3.604197647821663 ], [ 98.467544232259883, 3.604180027133916 ], [ 98.467570258646518, 3.604107093277571 ], [ 98.46760977305847, 3.604016542956733 ], [ 98.467634533161913, 3.603966069167523 ], [ 98.467654191439593, 3.603925995510541 ], [ 98.467698609810938, 3.603835448060685 ], [ 98.467724816629115, 3.603782026045256 ], [ 98.467743028801806, 3.603744900607538 ], [ 98.467787447312602, 3.603654353150451 ], [ 98.467815100056029, 3.603597982618203 ], [ 98.467831865654603, 3.603563805689609 ], [ 98.467876284240901, 3.603473258225255 ], [ 98.46788066958193, 3.603382687279778 ], [ 98.467865994244278, 3.603292105155605 ], [ 98.467850744808288, 3.603201522694751 ], [ 98.467834596640458, 3.603110939706824 ], [ 98.467817573082968, 3.603020356205505 ], [ 98.467815442223468, 3.603009084098612 ], [ 98.467800464189139, 3.602929772654135 ], [ 98.467782600198476, 3.602839188659912 ], [ 98.467762630451901, 3.60274860343066 ], [ 98.467740005460172, 3.602658016644055 ], [ 98.46772550388755, 3.602599360375006 ], [ 98.467717537502182, 3.602567429949473 ], [ 98.467696481917926, 3.602476844083215 ], [ 98.467649861582544, 3.602386243221895 ], [ 98.467635457291138, 3.602376046143847 ], [ 98.467555599355222, 3.602295614411338 ], [ 98.467545332121929, 3.602287998371013 ], [ 98.467455190980189, 3.602227460359455 ], [ 98.467437535174199, 3.602204971627644 ], [ 98.467365060629334, 3.602148381845838 ], [ 98.467327833830325, 3.602114333739859 ], [ 98.467274929169392, 3.602071238172599 ], [ 98.467215955978205, 3.602023694564286 ], [ 98.467184795232896, 3.601998380075755 ], [ 98.467104523027757, 3.601933055639226 ], [ 98.467094661607831, 3.601925011934104 ], [ 98.467004528345399, 3.601851045956833 ], [ 98.46699388808058, 3.601842417172169 ], [ 98.466914394841027, 3.601777521647422 ], [ 98.46686392255576, 3.601751767341526 ], [ 98.466824243338678, 3.601734954986373 ], [ 98.466734081468957, 3.601710219408871 ], [ 98.466643919605374, 3.601685483720872 ], [ 98.46655472016019, 3.601661012184463 ], [ 98.466553757747803, 3.60166074815015 ], [ 98.466463595896414, 3.601636012445665 ], [ 98.466373434051036, 3.601611276858459 ], [ 98.466283272313191, 3.601586367099191 ], [ 98.466233536937835, 3.601570249886438 ], [ 98.466228602087725, 3.601479673487851 ], [ 98.466228593531639, 3.601389099985721 ], [ 98.466242632469289, 3.60129853474258 ], [ 98.466269638007475, 3.601207977121711 ], [ 98.466283537032609, 3.601131824836691 ], [ 98.466286211842828, 3.601117413366735 ], [ 98.466315666102872, 3.60102685718217 ], [ 98.466345120355896, 3.600936300995602 ], [ 98.466373878549263, 3.600847884800113 ], [ 98.466374574601915, 3.600845744807028 ], [ 98.466404028556241, 3.600755188616283 ], [ 98.466433482645655, 3.600664632423616 ], [ 98.466436411577561, 3.600574060642963 ], [ 98.466385180751104, 3.600483457036726 ], [ 98.466374102116148, 3.600463864059805 ], [ 98.466333950128856, 3.600392853429045 ], [ 98.466284018741703, 3.600304547465873 ], [ 98.46628271956331, 3.600302249819839 ], [ 98.466231488764535, 3.600211646208931 ], [ 98.466193935395367, 3.600145231639708 ], [ 98.466180258041419, 3.600121042596506 ], [ 98.466129027509865, 3.600030438982633 ], [ 98.466103852077993, 3.599985915036152 ], [ 98.466077796861043, 3.599939835367131 ], [ 98.466026566099188, 3.599849231749999 ], [ 98.466013768788727, 3.599826599200366 ], [ 98.465975335533187, 3.599758628131423 ], [ 98.4659241050406, 3.599668024511329 ], [ 98.465923685528423, 3.599667282587192 ], [ 98.465872874306427, 3.599577420889533 ], [ 98.465833602296215, 3.59950796674179 ], [ 98.465821643639543, 3.599486817266217 ], [ 98.46577041330319, 3.599396213641534 ], [ 98.465743519092982, 3.599348650119001 ], [ 98.465719182596715, 3.599305610015074 ], [ 98.465667952266386, 3.599215006387276 ], [ 98.46565343591827, 3.599189333491407 ], [ 98.465616721648843, 3.59912440275775 ], [ 98.465565490970022, 3.599033799126629 ], [ 98.465563352771639, 3.599030017631589 ], [ 98.465514260538811, 3.598943195494095 ], [ 98.46547326965397, 3.598870700994388 ], [ 98.465463030077501, 3.598852591859985 ], [ 98.465411799426349, 3.598761988224206 ], [ 98.465383186564367, 3.598711385124967 ], [ 98.465360568894269, 3.598671384586937 ], [ 98.465309338510352, 3.598580780948197 ], [ 98.465293103503754, 3.598552068478164 ], [ 98.46525810796571, 3.598490177307807 ], [ 98.465206877351463, 3.598399573665817 ], [ 98.465203020471208, 3.598392752599143 ], [ 98.465155646976484, 3.598308970022412 ], [ 98.465112937467609, 3.598233435942745 ], [ 98.465104416588076, 3.598218366377441 ], [ 98.465053186001484, 3.598127762730797 ], [ 98.465022854492076, 3.598074120054128 ], [ 98.465001955525608, 3.598037159082661 ], [ 98.464933581767042, 3.597946545338573 ], [ 98.464932753491311, 3.597945755048293 ], [ 98.464842586295617, 3.597930896465375 ], [ 98.464752421156888, 3.597912519890944 ], [ 98.464662259000349, 3.597889041597618 ], [ 98.464572096850063, 3.59786556262696 ], [ 98.46453436354237, 3.59785573669825 ], [ 98.46448193470539, 3.597842084062036 ], [ 98.464391772566344, 3.5978186058583 ], [ 98.464301610433438, 3.597795127197378 ], [ 98.464211448306088, 3.597771649017631 ], [ 98.464185752487325, 3.597764957734967 ], [ 98.464121286184806, 3.597748170476836 ], [ 98.464031124069194, 3.597724692221793 ], [ 98.463940963463074, 3.597698640786715 ], [ 98.463885885894911, 3.597674207405843 ], [ 98.463850811011383, 3.597658647656523 ], [ 98.463760658568845, 3.597618654135097 ], [ 98.46368144497437, 3.597583513307256 ], [ 98.463670522872548, 3.59755003122129 ], [ 98.463653716057394, 3.597492923475702 ], [ 98.463670588308133, 3.597438100556778 ], [ 98.463682753934336, 3.597402367145076 ], [ 98.463755575896357, 3.597311836647358 ], [ 98.463760842600379, 3.597303803714921 ], [ 98.463805236147337, 3.59722129247733 ], [ 98.463841779676684, 3.59713074056544 ], [ 98.463851133061709, 3.597107563013882 ], [ 98.463878322227046, 3.597040188650247 ], [ 98.4639122396121, 3.596949635184017 ], [ 98.463941144501248, 3.596859078759238 ], [ 98.463941454135352, 3.596858848596507 ], [ 98.464031661007667, 3.59680555669521 ], [ 98.464121857485623, 3.596770046959148 ], [ 98.464125985443658, 3.596768614275084 ], [ 98.464212051501733, 3.596738743454772 ], [ 98.464302245512854, 3.596707439940503 ], [ 98.464386510062525, 3.596678194345953 ], [ 98.464392439519003, 3.596676136416338 ], [ 98.464482633520348, 3.59664483256761 ], [ 98.464572827516619, 3.596613528839671 ], [ 98.464647033205793, 3.59658777433342 ], [ 98.464663021507832, 3.596582225285822 ], [ 98.464753215494042, 3.596550921722076 ], [ 98.464843409475264, 3.596519618148438 ], [ 98.464907557741512, 3.596497354239176 ], [ 98.464933603451527, 3.596488314564905 ], [ 98.465023797422788, 3.596457010971478 ], [ 98.465113991389074, 3.59642570736816 ], [ 98.46516808223565, 3.596406934062388 ], [ 98.465204185350373, 3.596394403754947 ], [ 98.465294379306826, 3.596363099874927 ], [ 98.465384573258319, 3.596331796000192 ], [ 98.465428605254203, 3.596316513802213 ], [ 98.465474767204654, 3.5963004923573 ], [ 98.46556496451872, 3.596263397099277 ], [ 98.465615145311702, 3.596226049974998 ], [ 98.465655179321217, 3.596196254603755 ], [ 98.465736746124222, 3.596135547944192 ], [ 98.46574539411138, 3.596129111618717 ], [ 98.465835608899226, 3.596061950924018 ], [ 98.465858262396679, 3.596045045843697 ], [ 98.465925823768785, 3.595994628170504 ], [ 98.465979538068638, 3.595954543581886 ], [ 98.466016038626037, 3.595927304838137 ], [ 98.466100813238214, 3.595864041299855 ], [ 98.466106253470613, 3.595859981516199 ], [ 98.466196467543327, 3.595793963658665 ], [ 98.466228403420075, 3.595773542705194 ], [ 98.466286676757107, 3.595736280818353 ], [ 98.466369918750019, 3.595683052261284 ], [ 98.466376885960827, 3.595678597122458 ], [ 98.466467095153916, 3.59562091356503 ], [ 98.466493944663668, 3.595592551529519 ], [ 98.466557331235308, 3.595516944018663 ], [ 98.466566194101603, 3.595502020404276 ], [ 98.466619965023639, 3.595411478432284 ], [ 98.466647595197102, 3.595364953455521 ], [ 98.466673735934222, 3.595320936455347 ], [ 98.466727507152228, 3.595230394473651 ], [ 98.46673785912634, 3.595212963327506 ], [ 98.466781278039903, 3.595139852486824 ], [ 98.466828123023603, 3.59506097264787 ], [ 98.466835048916096, 3.595049310495052 ], [ 98.46688882009974, 3.594958768498522 ], [ 98.466918386888253, 3.594908982491988 ], [ 98.466942590953025, 3.594868226496863 ], [ 98.466996361794855, 3.594777684490258 ], [ 98.467008650720942, 3.594756991784487 ], [ 98.467050132625218, 3.594687142478711 ], [ 98.467098914521046, 3.594605001550852 ], [ 98.467103903763032, 3.594596600462405 ], [ 98.467157674570501, 3.594506058440972 ], [ 98.467189178289118, 3.59445301086538 ], [ 98.467211445366488, 3.594415516414594 ], [ 98.467265216469926, 3.594324974383461 ], [ 98.467279442024633, 3.594301020653779 ], [ 98.467318987243019, 3.594234432347199 ], [ 98.467369705728174, 3.594149029890562 ], [ 98.467372758004643, 3.594143890305995 ], [ 98.467426529073734, 3.594053348260036 ], [ 98.46745996939913, 3.593997039651105 ], [ 98.467480299812451, 3.593962806208947 ], [ 98.467534070539713, 3.593872264152918 ], [ 98.467550233038125, 3.593845048860037 ], [ 98.467587841255522, 3.593781722091947 ], [ 98.46764049664452, 3.593693058581578 ], [ 98.467641612278783, 3.593691180026223 ], [ 98.467695382971684, 3.593600637955371 ], [ 98.467730760218956, 3.593541067773819 ], [ 98.467749153653145, 3.593510095879578 ], [ 98.467802924642044, 3.593419553799032 ], [ 98.467821023760791, 3.593389077478672 ], [ 98.467856695300597, 3.593329011713359 ], [ 98.467910465947682, 3.593238469622748 ], [ 98.467911287270681, 3.593237086640128 ], [ 98.467964236902219, 3.593147927527382 ], [ 98.468001550747999, 3.593085096308928 ], [ 98.468018051657353, 3.593057385452692 ], [ 98.468073967798375, 3.59296684460148 ], [ 98.468091811103022, 3.592938442314016 ], [ 98.468130848493558, 3.592876304308789 ], [ 98.468182069699367, 3.59279477262354 ], [ 98.46818772922046, 3.592785764010719 ], [ 98.468244609652032, 3.592695223707073 ], [ 98.468272328265783, 3.592651102403152 ], [ 98.468301490375225, 3.592604683398198 ], [ 98.468358370777622, 3.592514143083736 ], [ 98.468362586801959, 3.592507432169149 ], [ 98.468415251461678, 3.592423602764037 ], [ 98.46845284530761, 3.592363762437825 ], [ 98.46847213207964, 3.592333062438901 ], [ 98.468529012500113, 3.592242522108248 ], [ 98.468543109612824, 3.592210014302879 ], [ 98.468566806406159, 3.592151970627798 ], [ 98.46859107944384, 3.592061411250327 ], [ 98.468615352475524, 3.591970851871317 ], [ 98.468633462354333, 3.591903287210561 ], [ 98.468639625806134, 3.591880292490944 ], [ 98.468663898825795, 3.591789733108854 ], [ 98.468688172144397, 3.591699173725402 ], [ 98.468701899329687, 3.591608608185088 ], [ 98.468723846146119, 3.591542724985651 ], [ 98.468732065029272, 3.5915180522379 ], [ 98.46875082011033, 3.591427489629717 ], [ 98.468781768918674, 3.591336934135922 ], [ 98.468812717396858, 3.591246378639797 ], [ 98.468814195230735, 3.591242054485381 ], [ 98.468843665867766, 3.591155823141531 ], [ 98.468874614870316, 3.59106526764144 ], [ 98.468904523224552, 3.590977757628274 ], [ 98.468905564079435, 3.590974712139333 ], [ 98.468936513497283, 3.590884156635213 ], [ 98.468967461841245, 3.590793601128328 ], [ 98.468980345443356, 3.590703035083937 ], [ 98.468983640152956, 3.590612463446689 ], [ 98.46899492301867, 3.590589067296888 ], [ 98.46902768041204, 3.590521915569996 ], [ 98.469073297378657, 3.59043136860903 ], [ 98.469085209687748, 3.590396077001321 ], [ 98.469104433509798, 3.590340813201824 ], [ 98.469127842545348, 3.590250253287788 ], [ 98.469175504582267, 3.590188768069063 ], [ 98.469205003837232, 3.590159724704786 ], [ 98.469265732064088, 3.59009814985026 ], [ 98.469306152258071, 3.590069210091639 ], [ 98.469355942351129, 3.590037290450995 ], [ 98.469446150879406, 3.589979459177663 ], [ 98.469447305807549, 3.589978718771222 ], [ 98.469536358957143, 3.58992239045064 ], [ 98.469596396471943, 3.589888232047254 ], [ 98.469626562990484, 3.589872314371723 ], [ 98.46971676558465, 3.58982471803005 ], [ 98.469767858487543, 3.589797758319212 ], [ 98.469806968170431, 3.589777121678001 ], [ 98.469897170747927, 3.589729525120827 ], [ 98.469937096664509, 3.589707283259431 ], [ 98.469987375865571, 3.589677507599914 ], [ 98.470077583562414, 3.589620998871681 ], [ 98.470082552033745, 3.589616794325961 ], [ 98.470165248111357, 3.589526268858688 ], [ 98.470167815020403, 3.589523237946975 ], [ 98.470241917988659, 3.58943573987637 ], [ 98.470258051521284, 3.589416690218258 ], [ 98.470318588154512, 3.589345210885349 ], [ 98.470348288000778, 3.589310142440683 ], [ 98.47039525862057, 3.589254681885636 ], [ 98.470438524458217, 3.589203595742766 ], [ 98.470471929033252, 3.58916415287702 ], [ 98.470528760894894, 3.589097047940594 ], [ 98.470548599190664, 3.589073623859388 ], [ 98.470618997310083, 3.588990500215449 ], [ 98.470625268990659, 3.588983094832678 ], [ 98.470701939698912, 3.58889256579763 ], [ 98.470709233703417, 3.588883953287434 ], [ 98.470778609467999, 3.588802036753167 ], [ 98.470799470075775, 3.588777405552257 ], [ 98.470855279574025, 3.588711507700034 ], [ 98.470889706426789, 3.588670857700901 ], [ 98.470931949883493, 3.588620978638152 ], [ 98.470979942755761, 3.588564310929211 ], [ 98.471008634040217, 3.588530449575445 ], [ 98.471070178513983, 3.588458719387336 ], [ 98.471088240474018, 3.588439922200348 ], [ 98.471160407529709, 3.588364817512818 ], [ 98.471175222869917, 3.588349399096992 ], [ 98.471250636526932, 3.588270915626434 ], [ 98.471262205248578, 3.588258875982609 ], [ 98.471340865505638, 3.588177013728186 ], [ 98.471349202049495, 3.588168352865577 ], [ 98.471431094556962, 3.588082953175614 ], [ 98.471435933190705, 3.588077829583419 ], [ 98.471521324442492, 3.587987408345481 ], [ 98.471521422070168, 3.587987305569811 ], [ 98.471607093232166, 3.587896781651216 ], [ 98.471611554250515, 3.587891965575508 ], [ 98.471691023702547, 3.587806256712697 ], [ 98.471701785283784, 3.587794356413522 ], [ 98.471772888363532, 3.587715730566356 ], [ 98.471792017543549, 3.58769457749892 ], [ 98.47185475313033, 3.587625204410158 ], [ 98.471882249783221, 3.587594798953127 ], [ 98.471936618287899, 3.587534678244273 ], [ 98.471972482003224, 3.587495020130311 ], [ 98.472018483116997, 3.587444152068283 ], [ 98.472062714203361, 3.58739524129544 ], [ 98.472100347929768, 3.587353625882371 ], [ 98.472152946384057, 3.587295461719942 ], [ 98.472182962675532, 3.58726310012086 ], [ 98.472243177125605, 3.58719815644423 ], [ 98.472267446631193, 3.587172575431617 ], [ 98.472333406586756, 3.587103050164079 ], [ 98.472353328380166, 3.587082051541126 ], [ 98.472423636028751, 3.587007944480132 ], [ 98.472439211001543, 3.586991527640372 ], [ 98.47251386545247, 3.586912837913047 ], [ 98.472525092902046, 3.586901003728434 ], [ 98.472604094857346, 3.58681773142494 ], [ 98.472610974599959, 3.58681047980561 ], [ 98.472694324242909, 3.586722625877575 ], [ 98.472696857325673, 3.586719955872617 ], [ 98.472782739019735, 3.586629431928261 ], [ 98.472784553610254, 3.586627519274806 ], [ 98.47286862074003, 3.586538907973155 ], [ 98.47287478295884, 3.586532412660146 ], [ 98.47295450337144, 3.586448384007812 ], [ 98.472965012288057, 3.586437307029164 ], [ 98.473040384984273, 3.586357860031117 ], [ 98.473055241552601, 3.586342281545426 ], [ 98.473128076148271, 3.586267337089478 ], [ 98.473145469409985, 3.586249681298558 ], [ 98.473217195625864, 3.586176814962007 ], [ 98.473235696724544, 3.586157997572715 ], [ 98.47332586385761, 3.586171446420098 ], [ 98.473331533229185, 3.586176881022734 ], [ 98.473415989256551, 3.586257840690743 ], [ 98.473426075386215, 3.586267509267648 ], [ 98.473506114673, 3.586344234092742 ], [ 98.473520618706544, 3.586358137505995 ], [ 98.473596240106588, 3.586430627371257 ], [ 98.473615161805327, 3.586448765736976 ], [ 98.473686365557057, 3.586517020913745 ], [ 98.473711412526939, 3.58653939494661 ], [ 98.473776509916561, 3.586570377693714 ], [ 98.473866688310693, 3.586564227289102 ], [ 98.473956866193092, 3.586558972253788 ], [ 98.474047018676785, 3.586598155776601 ], [ 98.474137186014332, 3.586611361869682 ], [ 98.47418547697464, 3.586630242165853 ], [ 98.474227340761857, 3.58664660963033 ], [ 98.47431749492452, 3.586682895238127 ], [ 98.474407651430113, 3.586715093287444 ], [ 98.474431752313166, 3.586720957840473 ], [ 98.474497814255045, 3.586736239010937 ], [ 98.474587988471129, 3.586737444338253 ], [ 98.47460505852986, 3.586721057750009 ], [ 98.474678212822312, 3.586650832481306 ], [ 98.474699353296899, 3.586630538446506 ], [ 98.474768437156641, 3.586564220612755 ], [ 98.474793648045505, 3.586540019130332 ], [ 98.474856433306925, 3.586449481650146 ], [ 98.474858685498972, 3.586435507927555 ], [ 98.474870675110822, 3.58635891620162 ], [ 98.474884519546421, 3.58626835052339 ], [ 98.474898285886923, 3.586177784799388 ], [ 98.474901818128743, 3.586087213180133 ], [ 98.474894038458274, 3.585996635045404 ], [ 98.474886258575282, 3.585906056910534 ], [ 98.474878479098635, 3.58581547877588 ], [ 98.474870699216126, 3.585724900640971 ], [ 98.474862990113877, 3.58563432254681 ], [ 98.474880850446041, 3.585543759178567 ], [ 98.474916400346871, 3.585453205996028 ], [ 98.474949451598363, 3.585399130291903 ], [ 98.474971739789552, 3.585362664205474 ], [ 98.475008252365953, 3.585272111570925 ], [ 98.475030172762459, 3.585181550533313 ], [ 98.475039768958723, 3.585149105719645 ], [ 98.475056957153058, 3.585090992294285 ], [ 98.475083741537205, 3.585000434053514 ], [ 98.475121508103356, 3.584909882131759 ], [ 98.47513008620669, 3.584899177068402 ], [ 98.475194052465142, 3.584819350220591 ], [ 98.475220325130167, 3.58478656317842 ], [ 98.475266596812205, 3.584728818301368 ], [ 98.475310564088261, 3.584673848540493 ], [ 98.475338793967623, 3.584638286174374 ], [ 98.475400799122909, 3.584567980002663 ], [ 98.47541971893402, 3.584547759059291 ], [ 98.475491028762761, 3.584471544614166 ], [ 98.475504418347839, 3.584457234105006 ], [ 98.475581256009036, 3.584379278409925 ], [ 98.475593812953989, 3.584366711839678 ], [ 98.47567148165858, 3.584289784452376 ], [ 98.475685206345901, 3.584276190711773 ], [ 98.475721164304346, 3.584185637711101 ], [ 98.47576173742037, 3.584147366908851 ], [ 98.475828257930388, 3.584095125587646 ], [ 98.475851951796557, 3.584077606895749 ], [ 98.475941920762224, 3.584004617222354 ], [ 98.475942168117413, 3.584004406619818 ], [ 98.476032377056072, 3.583944156444558 ], [ 98.476082222767502, 3.58391412413946 ], [ 98.47612258359166, 3.583888111082257 ], [ 98.476212783746092, 3.583843267203517 ], [ 98.476261561355955, 3.583823653443164 ], [ 98.476302979338897, 3.583806431290975 ], [ 98.47639317940525, 3.583761716323305 ], [ 98.476446763923235, 3.583733186071613 ], [ 98.476483381230167, 3.58371389404906 ], [ 98.476573583017142, 3.583666123702468 ], [ 98.476617372194298, 3.583642710284337 ], [ 98.47666378458031, 3.583618732376941 ], [ 98.476742501979686, 3.583552208377153 ], [ 98.4767540039973, 3.583539900834489 ], [ 98.476821878027195, 3.583461680212902 ], [ 98.476844237688837, 3.583435912081307 ], [ 98.476905401430429, 3.58337115441713 ], [ 98.476934460441811, 3.583351148096301 ], [ 98.477024670877313, 3.583288048766784 ], [ 98.477033016089365, 3.583280653884642 ], [ 98.477114894226091, 3.58320218155179 ], [ 98.47712973847095, 3.583190135627698 ], [ 98.47719705935117, 3.583099600511642 ], [ 98.477205134043842, 3.583087268223512 ], [ 98.477248308278575, 3.583009056180926 ], [ 98.477269066556488, 3.582918494379047 ], [ 98.477287357906761, 3.582827931162783 ], [ 98.477295472384625, 3.582798685449868 ], [ 98.477313430663713, 3.582737372402601 ], [ 98.477330567212775, 3.582646808522505 ], [ 98.477356177146135, 3.582556249494294 ], [ 98.477372161981833, 3.582465684952363 ], [ 98.477385869227675, 3.582406852512804 ], [ 98.477393442421388, 3.582375123442035 ], [ 98.477408206017685, 3.5822845581988 ], [ 98.477421493145684, 3.582193992109317 ], [ 98.477424842665556, 3.582103420329173 ], [ 98.477391825877348, 3.582012827726477 ], [ 98.477443631167276, 3.581922283689555 ], [ 98.477476328638218, 3.581904513244323 ], [ 98.477566532922225, 3.581851936417599 ], [ 98.477626108854537, 3.581831814441804 ], [ 98.477656725268119, 3.581820402560886 ], [ 98.477746924554936, 3.58177661337933 ], [ 98.477789823883086, 3.581741334418012 ], [ 98.477837138258167, 3.581707369920636 ], [ 98.47790741642244, 3.581650827980555 ], [ 98.477927373435904, 3.581600199450856 ], [ 98.477936381024534, 3.581560270840459 ], [ 98.477966459573949, 3.581469714335468 ], [ 98.477986909041064, 3.581379152322224 ], [ 98.478004409536425, 3.581288588621528 ], [ 98.478017742996443, 3.581255738475005 ], [ 98.47805425356735, 3.581288617121181 ], [ 98.478107871451911, 3.58133690130794 ], [ 98.478154896984904, 3.581379248368576 ], [ 98.478197999924106, 3.581418063081029 ], [ 98.478255541119097, 3.581469879608001 ], [ 98.47828812841243, 3.58149922484741 ], [ 98.478356185273398, 3.581560510839059 ], [ 98.478378256916756, 3.581580386838038 ], [ 98.478456514144568, 3.581651141881594 ], [ 98.478468385149839, 3.581662056579181 ], [ 98.478554605170444, 3.58174177163739 ], [ 98.478558512485606, 3.581745340655275 ], [ 98.478648640380158, 3.581827666279339 ], [ 98.478653825020942, 3.581832402030048 ], [ 98.478738768291635, 3.58190999083864 ], [ 98.47875304605094, 3.581923032415268 ], [ 98.478828896219454, 3.581992315391255 ], [ 98.478852266800018, 3.582013662792212 ], [ 98.478919024163389, 3.582074640283375 ], [ 98.478951487752596, 3.58210429316116 ], [ 98.479009152123808, 3.582156964919585 ], [ 98.479050479534919, 3.582194923391183 ], [ 98.479099279840668, 3.582239749239161 ], [ 98.479148619315083, 3.582285553126889 ], [ 98.479189407075651, 3.582323415001672 ], [ 98.479246253853134, 3.582376182566382 ], [ 98.479279534330914, 3.582407074176889 ], [ 98.479343881134227, 3.582466811993914 ], [ 98.479369661596451, 3.582490744470956 ], [ 98.479441550526332, 3.582557441437648 ], [ 98.479459788908471, 3.582574361814374 ], [ 98.479539245565022, 3.582648070888182 ], [ 98.479549916242362, 3.582657969689298 ], [ 98.479636908948933, 3.582738700312828 ], [ 98.479640043575131, 3.582741608888062 ], [ 98.479730170945828, 3.582825210232455 ], [ 98.47973461401466, 3.582829329753412 ], [ 98.479820298357154, 3.582908768915852 ], [ 98.479832395220669, 3.582919959229562 ], [ 98.479910425889699, 3.582992142200787 ], [ 98.479930361833212, 3.583010588803534 ], [ 98.480000554711793, 3.583073260450073 ], [ 98.480031968654373, 3.583101220444072 ], [ 98.480090684966697, 3.583151868840402 ], [ 98.480136665286821, 3.583191853836512 ], [ 98.480180815272305, 3.583230415150663 ], [ 98.480240906525054, 3.583282486960339 ], [ 98.48027094584404, 3.583308517681636 ], [ 98.480345089958121, 3.583373120042138 ], [ 98.480361076179392, 3.583387066858848 ], [ 98.480449453831028, 3.583463753217604 ], [ 98.480451206723245, 3.583465274223212 ], [ 98.480541336912012, 3.583544138896063 ], [ 98.480553130471563, 3.583554385992652 ], [ 98.480631467427813, 3.583622451539404 ], [ 98.480657179295363, 3.583645018970583 ], [ 98.480721597470335, 3.583701631316666 ], [ 98.480760699206897, 3.583735651638404 ], [ 98.480811727958297, 3.583780049009627 ], [ 98.480864177042491, 3.583826284273321 ], [ 98.480901857864524, 3.583859526535465 ], [ 98.480967725954073, 3.583916916939723 ], [ 98.480991988314557, 3.583938067280982 ], [ 98.48108215445373, 3.583953300957893 ], [ 98.481150641103326, 3.583917020995124 ], [ 98.481172356100402, 3.583905517739931 ], [ 98.481262557738077, 3.583857735530083 ], [ 98.481321439331467, 3.583826544373875 ], [ 98.48135275936734, 3.583809953309899 ], [ 98.481442960988161, 3.583762171079379 ], [ 98.481492237991588, 3.583736067715834 ], [ 98.481533162600556, 3.583714388838525 ], [ 98.481623364205092, 3.58366660556889 ], [ 98.481663034701526, 3.583645591019649 ], [ 98.481713557509408, 3.583633556518869 ], [ 98.481765599375834, 3.583645649287821 ], [ 98.481803719984725, 3.583655289574881 ], [ 98.481893892523203, 3.583659144431885 ], [ 98.481984059304594, 3.583673238296211 ], [ 98.482074235999022, 3.583669712143796 ], [ 98.482164416080408, 3.583660163321051 ], [ 98.482202935611014, 3.583645897614165 ], [ 98.482254616688834, 3.583614099464066 ], [ 98.482306696865834, 3.583555382735498 ], [ 98.482344851780894, 3.58350666872659 ], [ 98.482381135944706, 3.583464851206368 ], [ 98.482435083203328, 3.583405729884158 ], [ 98.48246208026913, 3.583374323358979 ], [ 98.482525314769291, 3.583304499769589 ], [ 98.482542687717171, 3.583283795310863 ], [ 98.482615544552814, 3.583206407033264 ], [ 98.482626205422989, 3.583193268903389 ], [ 98.48270577182214, 3.583112756539921 ], [ 98.482720134078576, 3.583102748387983 ], [ 98.482795976729236, 3.583058899866328 ], [ 98.482880582869697, 3.583012265561659 ], [ 98.48288617971933, 3.583008440628323 ], [ 98.482976385909595, 3.582952263799734 ], [ 98.483012513496874, 3.58292176654515 ], [ 98.483066602509552, 3.582877518812437 ], [ 98.483156764866649, 3.582899426401323 ], [ 98.483186088535675, 3.582921864871845 ], [ 98.483246900826828, 3.58296839842895 ], [ 98.483304542386392, 3.583012505735188 ], [ 98.483337036801032, 3.583037370449533 ], [ 98.483422995491225, 3.583103146585928 ], [ 98.483427172730245, 3.58310644774685 ], [ 98.483517301705049, 3.583187952539179 ], [ 98.483522913018092, 3.583193776932461 ], [ 98.483589391002781, 3.583284388344576 ], [ 98.483607407927025, 3.583310069382638 ], [ 98.483652640178093, 3.583374997926239 ], [ 98.483697510124415, 3.583439406390252 ], [ 98.483715762997775, 3.583465607433639 ], [ 98.483776526700765, 3.583556215603415 ], [ 98.483787609901171, 3.583573104890351 ], [ 98.483841288657629, 3.583646826032839 ], [ 98.483877728012374, 3.583674131622681 ], [ 98.483967880235426, 3.583714314641877 ], [ 98.484019899460407, 3.583737500859177 ], [ 98.48405803246736, 3.583754497653271 ], [ 98.484148184708189, 3.583794680656862 ], [ 98.484223363678367, 3.583828189707652 ], [ 98.48423833695793, 3.583834863652648 ], [ 98.484328489216551, 3.583875046640633 ], [ 98.484418641484083, 3.583915229620814 ], [ 98.484426827941647, 3.58391887851638 ], [ 98.484508793760511, 3.58395541259319 ], [ 98.484598946045821, 3.583995595557764 ], [ 98.48463029225023, 3.584009567285359 ], [ 98.484689098340041, 3.58403577851453 ], [ 98.484779250643157, 3.584075961463494 ], [ 98.484833756604132, 3.584100256014583 ], [ 98.484869402955155, 3.58411614440465 ], [ 98.484959555276049, 3.584156327338003 ], [ 98.485037221003338, 3.58419094470405 ], [ 98.485049707605839, 3.584196510263549 ], [ 98.485139859944539, 3.584236693181289 ], [ 98.485230012292135, 3.584276876091222 ], [ 98.485240685447863, 3.584281633353755 ], [ 98.485320164648485, 3.584317059213408 ], [ 98.485410317013717, 3.584357242357341 ], [ 98.485444148671874, 3.584372321962982 ], [ 98.485500469387944, 3.584397425337525 ], [ 98.485590621771109, 3.58443760821623 ], [ 98.485647613207021, 3.584463010533156 ], [ 98.485680774163171, 3.584477791087127 ], [ 98.485770926564129, 3.584517973950215 ], [ 98.485851077787459, 3.58455369906356 ], [ 98.485861078973969, 3.584558156805496 ], [ 98.485877702297103, 3.584553714071908 ], [ 98.485951279250031, 3.584512619950502 ], [ 98.485993763507821, 3.584463205671239 ], [ 98.486041512058506, 3.584408786177143 ], [ 98.486080915152925, 3.584372680964029 ], [ 98.48613172912512, 3.584333123021244 ], [ 98.486221904376592, 3.584332376164433 ], [ 98.486312070718625, 3.584347601641619 ], [ 98.486402232075292, 3.584371772552705 ], [ 98.486405540635118, 3.584372863812774 ], [ 98.486492390767779, 3.584400731277825 ], [ 98.486582549366744, 3.584429869897005 ], [ 98.486672705572786, 3.584463313036666 ], [ 98.486672986792399, 3.584463588193442 ], [ 98.486762842556473, 3.584531254892521 ], [ 98.486786170530806, 3.58455422571364 ], [ 98.486852961346457, 3.584631866035251 ], [ 98.486858890860788, 3.584644840457867 ], [ 98.486929164932931, 3.584735453821998 ], [ 98.486943073478344, 3.584744460072365 ], [ 98.487033249463863, 3.584742487481032 ], [ 98.487123423245649, 3.58474447247618 ], [ 98.487213555342592, 3.584821303353772 ], [ 98.487219288946633, 3.584826190822108 ], [ 98.48730368745494, 3.584898134224495 ], [ 98.487325613688341, 3.584916824432104 ], [ 98.487393819583289, 3.584974964019823 ], [ 98.487431939095856, 3.585007458032906 ], [ 98.487483965477253, 3.585027094754815 ], [ 98.487574130879054, 3.585044198160646 ], [ 98.487664298293353, 3.585057693565279 ], [ 98.487754465711532, 3.585071188961375 ], [ 98.487844633133633, 3.585084684281641 ], [ 98.487934800559799, 3.58509817927913 ], [ 98.487935706568479, 3.585098314881608 ], [ 98.488024967989645, 3.585111674649609 ], [ 98.488115135423371, 3.585125170011548 ], [ 98.48820530286099, 3.585138665364946 ], [ 98.488295470302489, 3.585152160709807 ], [ 98.488385637747882, 3.585165656046127 ], [ 98.488475805197183, 3.585179151324155 ], [ 98.488543144075109, 3.585189229616954 ], [ 98.488565972650562, 3.5851926462612 ], [ 98.488656140107622, 3.585206141555034 ], [ 98.488746304034734, 3.585225999851027 ], [ 98.488836462598371, 3.585255526538648 ], [ 98.488911220185017, 3.585280009839618 ], [ 98.488926621168645, 3.585285053673482 ], [ 98.48901677974608, 3.585314580371701 ], [ 98.489106938330451, 3.585344107035014 ], [ 98.489188257872769, 3.585370738929935 ], [ 98.489197096921743, 3.585373633690226 ], [ 98.489287255519685, 3.585403160819451 ], [ 98.489377414124803, 3.585432687458456 ], [ 98.489465294402862, 3.585461467943058 ], [ 98.489467572736842, 3.585462214089358 ], [ 98.489557731355546, 3.585491741194273 ], [ 98.489647889981427, 3.585521267808967 ], [ 98.4897380486142, 3.58555079442301 ], [ 98.489742330928237, 3.585552196879627 ], [ 98.489828198722407, 3.585595713935232 ], [ 98.489918360069609, 3.585620369819704 ], [ 98.490002352241305, 3.585552342352361 ], [ 98.490008575552764, 3.585547327776355 ], [ 98.490098791364119, 3.585473668229797 ], [ 98.490113289798316, 3.585461830523485 ], [ 98.490189007234733, 3.585399876360241 ], [ 98.490223924017243, 3.585371318508236 ], [ 98.490279223182696, 3.585325919443525 ], [ 98.490334119508162, 3.585280806231064 ], [ 98.490369439574266, 3.585251135779607 ], [ 98.490441906244243, 3.585190292591335 ], [ 98.49045965633286, 3.585175663253816 ], [ 98.490549872690138, 3.585100889901982 ], [ 98.490551205706524, 3.585099779780744 ], [ 98.490640090373489, 3.585023694009897 ], [ 98.490656945105172, 3.585009264965447 ], [ 98.490730306946645, 3.584948478370175 ], [ 98.49076600055966, 3.584918751986391 ], [ 98.490820524544887, 3.584871383286772 ], [ 98.490869931455691, 3.584828236130241 ], [ 98.490910742279127, 3.584794015566845 ], [ 98.490977818687455, 3.584737722467296 ], [ 98.491000959564062, 3.584717433752712 ], [ 98.491080708809989, 3.584647206000014 ], [ 98.491091178292507, 3.584638213822264 ], [ 98.49118139610276, 3.584560627827878 ], [ 98.491185968604597, 3.584556690840034 ], [ 98.491271615112154, 3.584480844583876 ], [ 98.491288147264967, 3.584466173946298 ], [ 98.491361833437566, 3.584402271727127 ], [ 98.491392521636286, 3.584375658262436 ], [ 98.491452052119911, 3.584323025283397 ], [ 98.491495055420117, 3.584285141537424 ], [ 98.491542270471982, 3.584244349354942 ], [ 98.491599822031404, 3.584194626042325 ], [ 98.491632488406182, 3.584166402990972 ], [ 98.491704588989577, 3.584104110532271 ], [ 98.491722706324808, 3.584088457766681 ], [ 98.491809356409405, 3.584013595007331 ], [ 98.491812924228469, 3.584010512531152 ], [ 98.491903142117835, 3.583932566133464 ], [ 98.491915359997861, 3.583923080155758 ], [ 98.491993352778962, 3.583867696027892 ], [ 98.492052810216748, 3.583923156701335 ], [ 98.492083481281981, 3.583951766700514 ], [ 98.492149965403101, 3.584013784697788 ], [ 98.492173609810322, 3.584035821562082 ], [ 98.492247693977788, 3.584104413005602 ], [ 98.492263738726393, 3.584119203421881 ], [ 98.492346007528539, 3.584195041631069 ], [ 98.492353867823113, 3.584202287519777 ], [ 98.492443996936288, 3.584285371610938 ], [ 98.492444320900518, 3.584285670248411 ], [ 98.492534126066516, 3.584368454648148 ], [ 98.492542635421188, 3.584376298858368 ], [ 98.492624255212633, 3.58445153872584 ], [ 98.492640949038901, 3.584466927459799 ], [ 98.492714384375788, 3.584534621749578 ], [ 98.492739263392195, 3.584557556053613 ], [ 98.492804513554844, 3.584617705813797 ], [ 98.492837577255671, 3.584648184639128 ], [ 98.492894642750912, 3.584700788824062 ], [ 98.492935891441576, 3.584738813216794 ], [ 98.492984771962895, 3.584783872874806 ], [ 98.493034204927028, 3.584829441786043 ], [ 98.493074901191335, 3.584866956918814 ], [ 98.49313251915909, 3.584920070347678 ], [ 98.493165030436828, 3.584950039908864 ], [ 98.493230409058555, 3.585010698665482 ], [ 98.493255159399013, 3.585033667517618 ], [ 98.493327178895129, 3.585101326353022 ], [ 98.493345287803336, 3.585118338794705 ], [ 98.493423899596138, 3.585191954005523 ], [ 98.49343541636739, 3.58520275025276 ], [ 98.493520300307992, 3.585282581472558 ], [ 98.493525544754476, 3.585287513685355 ], [ 98.493615673159397, 3.585372275128232 ], [ 98.493616664817552, 3.585373208911812 ], [ 98.493705798655569, 3.585462355525406 ], [ 98.493707268612695, 3.585463833144803 ], [ 98.493778494549986, 3.585554446613132 ], [ 98.493795910878717, 3.585576603622023 ], [ 98.493848229019179, 3.585645059249769 ], [ 98.493886020669763, 3.585695314240421 ], [ 98.493916442419973, 3.585735671038559 ], [ 98.493976128488285, 3.58581765334509 ], [ 98.493982571951065, 3.585826281667428 ], [ 98.494051525158497, 3.585916893860134 ], [ 98.494066238398631, 3.585936228693356 ], [ 98.49412052380535, 3.586007506074584 ], [ 98.49415634847864, 3.586054535971399 ], [ 98.494189519215013, 3.586098118283761 ], [ 98.494246458533482, 3.586172929610463 ], [ 98.494252187029659, 3.586188726979195 ], [ 98.49427972818674, 3.586279316186312 ], [ 98.494304496629297, 3.586369903855084 ], [ 98.494329265264554, 3.586460491523803 ], [ 98.494336461195928, 3.586486809590064 ], [ 98.49435403390352, 3.586551079192363 ], [ 98.49437880254618, 3.586641666860764 ], [ 98.494403571192578, 3.586732254529008 ], [ 98.494426455520937, 3.586815950569916 ], [ 98.494428339842699, 3.586822842197091 ], [ 98.494453108496515, 3.586913429865016 ], [ 98.494477876934923, 3.58700401753266 ], [ 98.494502645304038, 3.587094605200104 ], [ 98.494516449893979, 3.587145093413517 ], [ 98.494527414031324, 3.587185192867586 ], [ 98.494552182637719, 3.58727578053484 ], [ 98.494576951310137, 3.587366368201969 ], [ 98.49460171998625, 3.587456955868938 ], [ 98.494606448961662, 3.587465779705824 ], [ 98.494677903985007, 3.587547572047036 ], [ 98.494696569324006, 3.587565729245626 ], [ 98.494786717958235, 3.587614233467392 ], [ 98.49487688203557, 3.587634631217509 ], [ 98.494881982424175, 3.587638259120392 ], [ 98.494967013804953, 3.587713888456535 ], [ 98.494983879620492, 3.587728889531162 ], [ 98.495057145091309, 3.587794054518226 ], [ 98.495085776313132, 3.587819519932915 ], [ 98.495147276394292, 3.587874219379868 ], [ 98.495187674544582, 3.587910150326787 ], [ 98.495237407713361, 3.587954384025601 ], [ 98.495289572796466, 3.588000780711929 ], [ 98.495327539048418, 3.588034548664505 ], [ 98.495391470474686, 3.588091411088017 ], [ 98.49541767039895, 3.588114714232021 ], [ 98.495493367686393, 3.588182041455106 ], [ 98.495507801765612, 3.588194879515456 ], [ 98.495595265974771, 3.588272671814052 ], [ 98.495597933148659, 3.588275044047945 ], [ 98.495688064547295, 3.588355209317722 ], [ 98.495697163580132, 3.588363302163877 ], [ 98.495778195962316, 3.588435373836551 ], [ 98.495799061849596, 3.588453932505328 ], [ 98.495868327392898, 3.588515539092665 ], [ 98.495900959386489, 3.588544562837632 ], [ 98.495958448718568, 3.588614171458425 ], [ 98.495977635203872, 3.588635179207845 ], [ 98.496042112122851, 3.588725788825396 ], [ 98.496048557984196, 3.588734847185892 ], [ 98.496106589251085, 3.588816398440112 ], [ 98.496138660675115, 3.588867564272662 ], [ 98.496163512187422, 3.588907003873846 ], [ 98.496225933515646, 3.588997612346185 ], [ 98.496228762603067, 3.5890017189435 ], [ 98.496288354855537, 3.589088220815808 ], [ 98.496318866819948, 3.58913173997772 ], [ 98.496353538482879, 3.589178830810015 ], [ 98.496408976360129, 3.589252085094846 ], [ 98.496420769212961, 3.589269441932936 ], [ 98.496479761703114, 3.58936004849851 ], [ 98.496499075667359, 3.589391159048985 ], [ 98.496537399177058, 3.589450654312738 ], [ 98.496589174562189, 3.589531032903291 ], [ 98.496595762624452, 3.589541260525984 ], [ 98.496654126961545, 3.589631866737425 ], [ 98.496679274935303, 3.589668253243544 ], [ 98.49671801130016, 3.589722475996907 ], [ 98.496769378364334, 3.58979993668441 ], [ 98.49677467655431, 3.589813081264651 ], [ 98.496803932858995, 3.58990367138645 ], [ 98.496822283593787, 3.589994255482437 ], [ 98.496835467035567, 3.59008483672336 ], [ 98.496848650478697, 3.590175417964279 ], [ 98.496859308310007, 3.590248646140326 ], [ 98.496861833934858, 3.590265999205202 ], [ 98.496875017783267, 3.590356580446339 ], [ 98.496888201230547, 3.59044716168725 ], [ 98.496901384679191, 3.590537742928158 ], [ 98.496914568383957, 3.590628324169205 ], [ 98.496927751994775, 3.590718905410195 ], [ 98.49694093544754, 3.590809486651094 ], [ 98.496949146068445, 3.590865900413186 ], [ 98.496954118924606, 3.590900067892003 ], [ 98.496967302771367, 3.590990649133113 ], [ 98.496980486228267, 3.591081230374003 ], [ 98.496993669686546, 3.591171811614891 ], [ 98.497006853146218, 3.591262392855775 ], [ 98.4970200370214, 3.591352974096886 ], [ 98.497039046557731, 3.591368654174441 ], [ 98.497129213364602, 3.591384863541609 ], [ 98.497219384665257, 3.591392867211731 ], [ 98.497309555968712, 3.591400870873144 ], [ 98.497399727274981, 3.591408874525842 ], [ 98.497489898584064, 3.59141687816983 ], [ 98.497580069895946, 3.591424881805106 ], [ 98.497604250365853, 3.591443870659721 ], [ 98.497632663894237, 3.591534460305344 ], [ 98.497623006436001, 3.591625028940407 ], [ 98.497628878637997, 3.591715606145866 ], [ 98.497670055782237, 3.591772095905834 ], [ 98.497704041997849, 3.591806221590906 ], [ 98.497760182043663, 3.591862592011384 ], [ 98.497794295407928, 3.591896845357632 ], [ 98.497850308322853, 3.591953088110335 ], [ 98.497884548960371, 3.591987469117808 ], [ 98.497940434619878, 3.59204358407746 ], [ 98.497974802406546, 3.592078092871295 ], [ 98.498030560934566, 3.592134080162745 ], [ 98.498065055870498, 3.592168716618163 ], [ 98.498120687267019, 3.592224576241427 ], [ 98.498155309352256, 3.592259340358408 ], [ 98.498210813617348, 3.592315072111268 ], [ 98.498245563053288, 3.592349964092142 ], [ 98.498300939985313, 3.592405568177205 ], [ 98.498335816570219, 3.592440587819142 ], [ 98.498391064262037, 3.592499926884627 ], [ 98.49842222207576, 3.592531209418676 ], [ 98.498445939651845, 3.592621796464539 ], [ 98.498450181052561, 3.592712372776189 ], [ 98.498454422105667, 3.592802949087567 ], [ 98.498458663158374, 3.592893525398863 ], [ 98.498462904210683, 3.592984101710078 ], [ 98.498467145349665, 3.593074678021261 ], [ 98.498471386883935, 3.593165254332578 ], [ 98.498477956192005, 3.593255831926892 ], [ 98.498480824505506, 3.593261087775498 ], [ 98.498529135019339, 3.593346434109206 ], [ 98.498570921113824, 3.593406296701011 ], [ 98.498592383021915, 3.593437042941324 ], [ 98.498655631036343, 3.59352765177062 ], [ 98.498661026550351, 3.593535381359496 ], [ 98.498718879062622, 3.593618260597096 ], [ 98.498751132010909, 3.593664466012256 ], [ 98.498782127100753, 3.59370886942075 ], [ 98.498841237495526, 3.593793550659288 ], [ 98.498845375150722, 3.593799478241581 ], [ 98.498907723466601, 3.593890086563988 ], [ 98.498931338378355, 3.593931113241903 ], [ 98.498957649689942, 3.593980688041847 ], [ 98.499005734401692, 3.594071288503966 ], [ 98.499021421735833, 3.594100846329871 ], [ 98.499053819122039, 3.594161888964693 ], [ 98.499101904403474, 3.594252489424339 ], [ 98.499111505123722, 3.594270578942208 ], [ 98.499149989141003, 3.594343089882292 ], [ 98.499198073908701, 3.594433690338867 ], [ 98.499201588541283, 3.594440312513306 ], [ 98.499246159194385, 3.594524290794336 ], [ 98.499291671989496, 3.594610045191885 ], [ 98.499294243957721, 3.594614891248122 ], [ 98.499342328971466, 3.594705491700655 ], [ 98.499381755467823, 3.594779777976802 ], [ 98.499390414062688, 3.594796092151834 ], [ 98.499438498851816, 3.594886692601453 ], [ 98.499434756935869, 3.594977264525101 ], [ 98.499471797479373, 3.595025623916257 ], [ 98.499514969129649, 3.595067882655452 ], [ 98.499561925457357, 3.595113846034828 ], [ 98.499607551841478, 3.595158507587721 ], [ 98.499652053452735, 3.595202068146729 ], [ 98.499742208247056, 3.595241145155605 ], [ 98.499832397427681, 3.595217126334334 ], [ 98.499922587460716, 3.595191536201816 ], [ 98.499998002519916, 3.595158722349323 ], [ 98.500012785120575, 3.595151935435741 ], [ 98.500102986612603, 3.595105284677096 ], [ 98.50017559851139, 3.595068245984858 ], [ 98.50019318766968, 3.595059417652432 ], [ 98.500283387924327, 3.595015009937044 ], [ 98.500359510420736, 3.594977773050599 ], [ 98.50037358798609, 3.59497094233279 ], [ 98.500463787424223, 3.594928006690176 ], [ 98.500548553307965, 3.594887302891719 ], [ 98.500553987164324, 3.594884502244826 ], [ 98.500644188616207, 3.594837836564408 ], [ 98.500724734531516, 3.594796825627634 ], [ 98.500734392742785, 3.594786237130728 ], [ 98.500808465596663, 3.594706297586851 ], [ 98.500824621559275, 3.594689208491178 ], [ 98.500894296486351, 3.594615770688162 ], [ 98.500914849143243, 3.594594411840043 ], [ 98.500998542280698, 3.594525253881882 ], [ 98.501005065225343, 3.594520744945162 ], [ 98.501095275148074, 3.594458388000271 ], [ 98.501129469075735, 3.59443475169463 ], [ 98.50118548505921, 3.594396031044633 ], [ 98.501260394690377, 3.594344249484107 ], [ 98.50127569495929, 3.594333673114861 ], [ 98.501365904847219, 3.59427131613773 ], [ 98.501391321200444, 3.594253747251453 ], [ 98.501456114723567, 3.594208959149855 ], [ 98.501522247922182, 3.594163244996293 ], [ 98.501546324588304, 3.594146602151234 ], [ 98.5016365344419, 3.594084244300913 ], [ 98.501653173227396, 3.594072742717739 ], [ 98.501726746900118, 3.59401706479784 ], [ 98.501772623198548, 3.593982234131706 ], [ 98.501816954084589, 3.59395958331398 ], [ 98.501907157521202, 3.593908992355211 ], [ 98.501947987137356, 3.593891756140258 ], [ 98.501997359388895, 3.593861277796868 ], [ 98.502087520519339, 3.593888683682196 ], [ 98.502097943926842, 3.593891838226861 ], [ 98.502177682446558, 3.593914631730348 ], [ 98.502267844848021, 3.593939716262253 ], [ 98.502358007293637, 3.593964730494004 ], [ 98.502422233040619, 3.593982589684984 ], [ 98.502448168702998, 3.593991668470705 ], [ 98.502515514455155, 3.594073214730281 ], [ 98.502538271827731, 3.594126209610823 ], [ 98.502554494817602, 3.594163810075018 ], [ 98.50259400245001, 3.594254405707301 ], [ 98.502628335305673, 3.594333991949247 ], [ 98.502633082614196, 3.594345001105035 ], [ 98.502672328896253, 3.59443559659281 ], [ 98.502711677570971, 3.59452619213577 ], [ 98.502718398806195, 3.59454179814446 ], [ 98.502750866225924, 3.594616787590444 ], [ 98.502790149018182, 3.594707383095788 ], [ 98.502808462319393, 3.594749646475573 ], [ 98.502829401455813, 3.59479797858374 ], [ 98.502808422728265, 3.594822755414557 ], [ 98.502753206890816, 3.594888510957603 ], [ 98.502718191803751, 3.594923985069336 ], [ 98.502664008099146, 3.594979036211399 ], [ 98.50262796627861, 3.59501521119148 ], [ 98.502578100899669, 3.59506956325423 ], [ 98.502537735376961, 3.595116326136625 ], [ 98.502502446752018, 3.595160095895572 ], [ 98.502447500685818, 3.59522439560587 ], [ 98.502425203286862, 3.595250627658749 ], [ 98.502357267472618, 3.595329698632084 ], [ 98.502347439829833, 3.595341159128496 ], [ 98.502267046096833, 3.59541313136539 ], [ 98.502250638306649, 3.595431680168336 ], [ 98.502186750949249, 3.595522219215105 ], [ 98.502176802453818, 3.595537592293465 ], [ 98.502134402165396, 3.595612764573355 ], [ 98.502086539733128, 3.595697175060256 ], [ 98.502083370914889, 3.595703310648473 ], [ 98.502039782899047, 3.595793860795625 ], [ 98.501996262897947, 3.595882708604341 ], [ 98.501995499075278, 3.595884410558195 ], [ 98.501955487149232, 3.595974962657333 ], [ 98.501916744275562, 3.596065515448682 ], [ 98.501905972099223, 3.596093896647226 ], [ 98.501884399807906, 3.59615607174283 ], [ 98.501861862245889, 3.596246633408367 ], [ 98.501851221104744, 3.596337201591401 ], [ 98.501850290024308, 3.596427775094771 ], [ 98.501849359055512, 3.596518348597997 ], [ 98.501836363111039, 3.596608915489267 ], [ 98.501839083233762, 3.596699490992816 ], [ 98.501847442085165, 3.596790069586488 ], [ 98.50185580093698, 3.596880648180133 ], [ 98.50186415955838, 3.596971226773624 ], [ 98.501872518458001, 3.597061805367243 ], [ 98.501880877358047, 3.597152383960835 ], [ 98.501889236258521, 3.597242962554403 ], [ 98.501897595159406, 3.597333541147943 ], [ 98.501905279045133, 3.59737067691778 ], [ 98.501919509801567, 3.597424127170793 ], [ 98.501954965851141, 3.597514720614674 ], [ 98.50199536113206, 3.597544298135357 ], [ 98.502070217222325, 3.597514783768048 ], [ 98.502085556784465, 3.597508735662304 ], [ 98.502175752430929, 3.597473173179297 ], [ 98.50226594807144, 3.597437610686335 ], [ 98.502299617583887, 3.597424335409648 ], [ 98.50235614370601, 3.597402048183418 ], [ 98.502446339334639, 3.597366485670545 ], [ 98.50252901790698, 3.597333886986853 ], [ 98.502536534957301, 3.597330923147717 ], [ 98.502626725540324, 3.597304645948663 ], [ 98.502694647794215, 3.597333977631991 ], [ 98.502716880774386, 3.597343578715153 ], [ 98.502807036017188, 3.597382511319583 ], [ 98.502897191268644, 3.597421443916102 ], [ 98.502904653833696, 3.597424666545759 ], [ 98.502987346528755, 3.597460376504708 ], [ 98.503077502564608, 3.597497892916763 ], [ 98.503115526200503, 3.597515355890238 ], [ 98.503167656510271, 3.597539284383704 ], [ 98.503257819089569, 3.597564747788092 ], [ 98.503347982543389, 3.597588607126256 ], [ 98.503414061330375, 3.597606093097495 ], [ 98.503438146003049, 3.597612466456115 ], [ 98.503528309468535, 3.597636325777669 ], [ 98.503618472940047, 3.597660184803123 ], [ 98.503708636417286, 3.597684043981122 ], [ 98.503757047150344, 3.597696854488948 ], [ 98.503798799900324, 3.597707903209599 ], [ 98.503888963389187, 3.597731762497927 ], [ 98.503979126883863, 3.597755621777949 ], [ 98.504069290384393, 3.597779481049665 ], [ 98.504100031849475, 3.597787615759542 ], [ 98.504159453891006, 3.597803339830179 ], [ 98.504249617403204, 3.597827199085279 ], [ 98.504339780921228, 3.597851058332072 ], [ 98.504429944445107, 3.597874917570559 ], [ 98.504443017214811, 3.597878376910244 ], [ 98.504520107974813, 3.597898776800736 ], [ 98.504610271510472, 3.597922635787127 ], [ 98.504700435051916, 3.597946494873746 ], [ 98.50478600328816, 3.597969137941067 ], [ 98.504790598599186, 3.597970353958527 ], [ 98.50488076215224, 3.597994213155471 ], [ 98.50497092571112, 3.598018072344108 ], [ 98.505061089275827, 3.598041931524435 ], [ 98.50512898761707, 3.598059898850663 ], [ 98.505151252846389, 3.598065790665107 ], [ 98.505241416423019, 3.598089649377269 ], [ 98.505331580005233, 3.598113508532669 ], [ 98.505421743593274, 3.598137367679759 ], [ 98.505471973859258, 3.598150659641017 ], [ 98.505511907187156, 3.59816122681854 ], [ 98.505602070786878, 3.598185085949011 ], [ 98.505692234392598, 3.598208944761064 ], [ 98.505782398004058, 3.598232803747971 ], [ 98.505814960185887, 3.598241420311119 ], [ 98.505872561621288, 3.598256662807667 ], [ 98.505962725244345, 3.598280521904896 ], [ 98.506052888873228, 3.598304380993814 ], [ 98.506143052507952, 3.598328240074423 ], [ 98.506157944768049, 3.598332180859971 ], [ 98.506233216148544, 3.598352099040743 ], [ 98.506323379795134, 3.598375957727809 ], [ 98.506413543447337, 3.598399816783482 ], [ 98.506500931263474, 3.598422941289545 ], [ 98.506503706713431, 3.598424404290346 ], [ 98.506593840620795, 3.598503576467968 ], [ 98.506603360787437, 3.598513570993718 ], [ 98.506683966236295, 3.598598193795258 ], [ 98.506689677240246, 3.598604191940035 ], [ 98.506774091602793, 3.598693308468123 ], [ 98.506775515234011, 3.598694812620565 ], [ 98.506861284721936, 3.598785433257955 ], [ 98.506864216929728, 3.598788531273092 ], [ 98.506947055302547, 3.598876053889991 ], [ 98.506954342275804, 3.598883753013658 ], [ 98.507032964667317, 3.598966674591395 ], [ 98.507044467861277, 3.598978563980107 ], [ 98.507120707463713, 3.599057296281599 ], [ 98.507134594399233, 3.599071637256748 ], [ 98.50720846005251, 3.599147917970847 ], [ 98.507224720876039, 3.599164858215951 ], [ 98.50729531750919, 3.599238539168296 ], [ 98.507314846686441, 3.599259353416621 ], [ 98.507380342044641, 3.599329159365579 ], [ 98.507404971676692, 3.599355409666162 ], [ 98.507465367440162, 3.599419779557499 ], [ 98.507495096785661, 3.599451279739105 ], [ 98.50755088485802, 3.599510400010347 ], [ 98.507585222519637, 3.599546020865214 ], [ 98.507638241793885, 3.599601021454461 ], [ 98.507675348941802, 3.599639514806423 ], [ 98.507726554586, 3.59969164341044 ], [ 98.507765476370835, 3.599731167430605 ], [ 98.507816560991444, 3.599782266277845 ], [ 98.507855604701888, 3.599821173157 ], [ 98.507907261805443, 3.599872889514845 ], [ 98.507945732966263, 3.599911336099093 ], [ 98.507997868581867, 3.599963512694123 ], [ 98.508035861189299, 3.600001609163352 ], [ 98.508088125824202, 3.600054135677311 ], [ 98.508125989176747, 3.60009235435942 ], [ 98.508177916822206, 3.600144758401294 ], [ 98.508216117099579, 3.600183253285646 ], [ 98.508267663493385, 3.600235381094652 ], [ 98.508306244697735, 3.60027479081573 ], [ 98.50835621507818, 3.600326003134372 ], [ 98.508396372017586, 3.600366880830703 ], [ 98.508445439608479, 3.600416625531955 ], [ 98.50848649974327, 3.600458247658304 ], [ 98.508534838494697, 3.600507248017376 ], [ 98.508576627489845, 3.60054960896855 ], [ 98.508624237398564, 3.60059787049625 ], [ 98.508666755254367, 3.600640970272138 ], [ 98.50871363632011, 3.600688492968572 ], [ 98.508756883036838, 3.600732331569072 ], [ 98.508803035259291, 3.600779115434345 ], [ 98.508847010837556, 3.600823692310655 ], [ 98.508892435317719, 3.600869737894161 ], [ 98.508937138656222, 3.600915053027503 ], [ 98.508981834292229, 3.600960360346829 ], [ 98.509027266492524, 3.60100641430446 ], [ 98.509071233284388, 3.601050982792947 ], [ 98.509117394211543, 3.601098028051318 ], [ 98.509160157752987, 3.601141604975955 ], [ 98.509207522234703, 3.601189107483139 ], [ 98.509250517392928, 3.601232227928266 ], [ 98.509297650644356, 3.601279498518467 ], [ 98.509340877050761, 3.601322850873859 ], [ 98.509387779072085, 3.601369888974205 ], [ 98.509431237828196, 3.601413473813328 ], [ 98.509477907517578, 3.601460279465317 ], [ 98.509521597521783, 3.601504096745481 ], [ 98.509568035980578, 3.601550670480591 ], [ 98.509611957233247, 3.601594719670913 ], [ 98.509658164461356, 3.601641061489179 ], [ 98.509702316962574, 3.601685342589625 ], [ 98.509748292959912, 3.601731452491077 ], [ 98.509792676709779, 3.601775965501613 ], [ 98.509838421476573, 3.601821842927518 ], [ 98.509883037576614, 3.601866588407475 ], [ 98.509928550011011, 3.601912233371057 ], [ 98.509973397359587, 3.601957211306018 ], [ 98.510018678562929, 3.60200262435289 ], [ 98.510063757160424, 3.602047834197837 ], [ 98.510108807132639, 3.602093015328032 ], [ 98.510154116979152, 3.602138457082929 ], [ 98.510198935720155, 3.602183406296485 ], [ 98.510244476815757, 3.602229079961298 ], [ 98.510289064175453, 3.602274077865145 ], [ 98.510332919469775, 3.60231970179857 ], [ 98.510379190751536, 3.602368299229312 ], [ 98.510419271440085, 3.602410322501635 ], [ 98.510469316953305, 3.602463255569133 ], [ 98.510505494997034, 3.602500943129374 ], [ 98.510559444560371, 3.602555616234722 ], [ 98.510594498231683, 3.60259156525008 ], [ 98.5106495717542, 3.602648784459281 ], [ 98.510682011509388, 3.60268218656091 ], [ 98.510739699243345, 3.602741433944601 ], [ 98.51077018495711, 3.602772808221383 ], [ 98.51082982725751, 3.602833134234658 ], [ 98.510859714661123, 3.602863430606543 ], [ 98.51091995576823, 3.602923938231985 ], [ 98.510950037673524, 3.602954053412648 ], [ 98.511010083874964, 3.603015532466742 ], [ 98.511038664530119, 3.603044675298041 ], [ 98.511100210877274, 3.603109229637737 ], [ 98.511125038362906, 3.603135295963127 ], [ 98.511190337440723, 3.603203783540685 ], [ 98.51121141521827, 3.603225916623769 ], [ 98.511280464023415, 3.603298336050648 ], [ 98.511297833599286, 3.603316537300701 ], [ 98.511370590693744, 3.603392758940975 ], [ 98.511384572993791, 3.603407158144425 ], [ 98.511460718365299, 3.603485339445995 ], [ 98.511472811194139, 3.603497779789034 ], [ 98.511550846052415, 3.603577924799021 ], [ 98.511561030269746, 3.603588401416962 ], [ 98.51164097462636, 3.60366888111813 ], [ 98.511651176514363, 3.60367902407585 ], [ 98.511731126290883, 3.603716560852858 ], [ 98.51182130880359, 3.603706388344526 ], [ 98.511911484469124, 3.603709062144495 ], [ 98.512001668352255, 3.603696317071405 ], [ 98.512091854523391, 3.603679274768784 ], [ 98.512091905198091, 3.603679261200487 ], [ 98.512182043991743, 3.603656038014481 ], [ 98.512272229637347, 3.603639973108504 ], [ 98.512362412050436, 3.603629975632487 ], [ 98.512452594462914, 3.603619977835399 ], [ 98.512542776874227, 3.603609980746204 ], [ 98.512632959285156, 3.603599982930645 ], [ 98.512723141695304, 3.603589985113443 ], [ 98.512731749196831, 3.603589030926831 ], [ 98.512813324104357, 3.603579987917007 ], [ 98.512903506512927, 3.603569990145687 ], [ 98.512993688920503, 3.603559992779293 ], [ 98.513083871327439, 3.603549995148585 ], [ 98.51317405373355, 3.603539997604639 ], [ 98.513264236138852, 3.603530000114543 ], [ 98.513292646096147, 3.603498757837998 ], [ 98.513333221685599, 3.603408205447851 ], [ 98.513354489742895, 3.603386000241722 ], [ 98.513423921788046, 3.603317679935974 ], [ 98.513444713926049, 3.603297328690445 ], [ 98.513515968439378, 3.603227155134372 ], [ 98.513534938288672, 3.603208286436286 ], [ 98.513606642264605, 3.603136629584903 ], [ 98.513625163265303, 3.603118054824964 ], [ 98.513696905155214, 3.603046103803535 ], [ 98.513715385189869, 3.603033538890251 ], [ 98.51380559341527, 3.602974802079961 ], [ 98.51383837859548, 3.602955605448269 ], [ 98.513895795422783, 3.602927762053708 ], [ 98.513985997489627, 3.602880594367524 ], [ 98.514019583417351, 3.602865128345613 ], [ 98.514076196027673, 3.602840063282891 ], [ 98.51416639742736, 3.602794123162634 ], [ 98.514224074495985, 3.602774663667213 ], [ 98.514256590348083, 3.602764158392803 ], [ 98.514346790373665, 3.602720782635927 ], [ 98.514436982691521, 3.602691934465277 ], [ 98.514453759274502, 3.602684212416951 ], [ 98.514527181718634, 3.602650416991867 ], [ 98.514617371857369, 3.602625661853209 ], [ 98.514689640273986, 3.602593764415758 ], [ 98.514707569967896, 3.602585850704471 ], [ 98.51479775870412, 3.602563726569771 ], [ 98.514887952494234, 3.60253205208397 ], [ 98.514978143596437, 3.602505444901581 ], [ 98.514986932979795, 3.602503349168555 ], [ 98.515068331681832, 3.602484529359359 ], [ 98.515158528157613, 3.602447753733796 ], [ 98.515248715008781, 3.602429156478884 ], [ 98.515326809898838, 3.602412956558226 ], [ 98.515338901909701, 3.602410460454393 ], [ 98.515429096873888, 3.602376514524396 ], [ 98.515519282394479, 3.602360416286587 ], [ 98.515609477113955, 3.602326915290575 ], [ 98.515633228781425, 3.602322545956016 ], [ 98.515699662737774, 3.602310610854002 ], [ 98.515789846442402, 3.602297933907429 ], [ 98.515880032252397, 3.602281270028511 ], [ 98.515970213460989, 3.602273311979445 ], [ 98.516060405805703, 3.60224427004167 ], [ 98.516097830249294, 3.602232219591942 ], [ 98.516150598145529, 3.602215228567601 ], [ 98.516240789262, 3.602188495289568 ], [ 98.516288296604188, 3.602141746922994 ], [ 98.516331013129175, 3.602099712828911 ], [ 98.516380291464557, 3.602051221746664 ], [ 98.516421236978928, 3.602010930356745 ], [ 98.516472286306808, 3.601960696558366 ], [ 98.516511460811159, 3.601922148026385 ], [ 98.516564281282442, 3.60187017135819 ], [ 98.516601684626053, 3.601833365524272 ], [ 98.516656276302399, 3.601779646146082 ], [ 98.516691908423368, 3.601744583231236 ], [ 98.516748271090279, 3.601689120921896 ], [ 98.516782132203389, 3.601655800713043 ], [ 98.516840265860012, 3.601598595685749 ], [ 98.516872355965958, 3.601567018183343 ], [ 98.516932260611625, 3.601508070437644 ], [ 98.516962579711091, 3.60147823564214 ], [ 98.517024255345106, 3.601417545177577 ], [ 98.51705280343873, 3.601389453201159 ], [ 98.517116250168939, 3.601327019905607 ], [ 98.517143027149004, 3.601300670630017 ], [ 98.5172082451232, 3.60123649462176 ], [ 98.517233250841713, 3.601211888309543 ], [ 98.517300239802324, 3.601145969325816 ], [ 98.517323474517113, 3.601123105722329 ], [ 98.517392234463316, 3.601055444017917 ], [ 98.517413698175091, 3.601034323123611 ], [ 98.517484229106188, 3.600964918698059 ], [ 98.517503921815631, 3.600945540513395 ], [ 98.517576223730927, 3.600874393366245 ], [ 98.517594145438693, 3.600856757961818 ], [ 98.517668218402974, 3.600783868022511 ], [ 98.517684369044389, 3.600767975321671 ], [ 98.517774578998569, 3.600705108027167 ], [ 98.517783253845337, 3.600693354903485 ], [ 98.517816473862382, 3.600602798324353 ], [ 98.517859040271361, 3.600512246705589 ], [ 98.517864862599836, 3.600502200546493 ], [ 98.517902066457594, 3.600421695327619 ], [ 98.517941394106828, 3.60033114198294 ], [ 98.51795514130734, 3.600308514343634 ], [ 98.51797614984298, 3.600240586208594 ], [ 98.517990729885611, 3.600150019723467 ], [ 98.518011398959132, 3.600059456469192 ], [ 98.518021000852656, 3.599968887340366 ], [ 98.518030756810916, 3.599878318292765 ], [ 98.518040530516899, 3.599787749254036 ], [ 98.518045616669681, 3.599740659892151 ], [ 98.518050312876113, 3.599697180219358 ], [ 98.518059926978921, 3.599606611094855 ], [ 98.51806919972509, 3.599516041788699 ], [ 98.518078472417329, 3.599425472481992 ], [ 98.518087913421198, 3.599334903264063 ], [ 98.518097600633922, 3.599244334176223 ], [ 98.518107292881027, 3.599153765090516 ], [ 98.51811699825943, 3.599063196011233 ], [ 98.518126703959894, 3.598972626931582 ], [ 98.518136243835002, 3.598883610248118 ], [ 98.518138090382536, 3.598882058742875 ], [ 98.518226465131818, 3.598798718093276 ], [ 98.51830027283647, 3.598882144752868 ], [ 98.518316588322236, 3.598900581080005 ], [ 98.518380464001339, 3.598972761501547 ], [ 98.518406711511616, 3.599002483567549 ], [ 98.51846045140789, 3.599063378137086 ], [ 98.518496834651572, 3.59910451772648 ], [ 98.518540591491103, 3.599153994848447 ], [ 98.518586958020663, 3.599206153022752 ], [ 98.51862117750936, 3.599244611791003 ], [ 98.518677081812584, 3.599307020230941 ], [ 98.51870246513657, 3.599335229100127 ], [ 98.518767206760316, 3.599405722418049 ], [ 98.518785718555876, 3.599425847445402 ], [ 98.518857331605091, 3.599504657355471 ], [ 98.518868082544046, 3.599516465313939 ], [ 98.518947456693766, 3.599603164050935 ], [ 98.518951048472914, 3.599607083495817 ], [ 98.519034027700485, 3.599697701679179 ], [ 98.519037581796411, 3.599701680586913 ], [ 98.519117668968718, 3.599788320207514 ], [ 98.519127707413475, 3.599799252851764 ], [ 98.51920622644694, 3.599878941332779 ], [ 98.519217836453294, 3.599890334416025 ], [ 98.519297898148679, 3.599969564099942 ], [ 98.519307966451976, 3.599979621370187 ], [ 98.519373407350457, 3.600060178306559 ], [ 98.519381284077951, 3.600150756717778 ], [ 98.519379602223196, 3.600241330070129 ], [ 98.519377920813568, 3.60033190342249 ], [ 98.519393584922014, 3.600422485955094 ], [ 98.519397906034783, 3.600432148025417 ], [ 98.519434101312143, 3.600513081640571 ], [ 98.519451043196028, 3.60060366484924 ], [ 98.519457000228428, 3.600694242244405 ], [ 98.519487904143844, 3.600773151565596 ], [ 98.519492478410285, 3.600784835262733 ], [ 98.519529699904155, 3.600875429202957 ], [ 98.519530715508566, 3.600966003983409 ], [ 98.519564229825647, 3.601056595961497 ], [ 98.519554826571266, 3.601147165228547 ], [ 98.519577850983353, 3.601212058015991 ], [ 98.519586969016203, 3.601237756480645 ], [ 98.519667970403404, 3.601321819635599 ], [ 98.519674978983076, 3.601328377292579 ], [ 98.519703979593658, 3.601418966880277 ], [ 98.519700293816385, 3.601509539174444 ], [ 98.519706250605012, 3.601600116570142 ], [ 98.519692413869635, 3.601690683492903 ], [ 98.519669102700263, 3.601781245401501 ], [ 98.519667718454414, 3.601802490746963 ], [ 98.51966294516113, 3.60187181638616 ], [ 98.519667658365151, 3.601917120177568 ], [ 98.519672643768445, 3.601962395761308 ], [ 98.519667629032099, 3.60197307612049 ], [ 98.519628567756655, 3.602052946678316 ], [ 98.519588100120771, 3.602143499501751 ], [ 98.519620646421942, 3.602234090969573 ], [ 98.519632839447027, 3.602324671664648 ], [ 98.519645031870922, 3.602415252359387 ], [ 98.519657224898495, 3.602505833054423 ], [ 98.519667310445669, 3.602580757496628 ], [ 98.51966941792729, 3.60259641374944 ], [ 98.519681610354908, 3.602686994444118 ], [ 98.519667208421239, 3.602775340178865 ], [ 98.519666506958941, 3.602777560691382 ], [ 98.519582475288203, 3.602868090449085 ], [ 98.519576980242832, 3.60287273189423 ], [ 98.519489368548818, 3.60295861539116 ], [ 98.519552643355183, 3.603049223133818 ], [ 98.519576871536145, 3.603080002867123 ], [ 98.519627503489431, 3.603139837006912 ], [ 98.519659512764946, 3.603230428192324 ], [ 98.519666954613314, 3.603259360924853 ], [ 98.519682812727609, 3.6033210147669 ], [ 98.519706112897524, 3.603411601341427 ], [ 98.519729413024137, 3.603502187915768 ], [ 98.519752712997288, 3.603592774489868 ], [ 98.519756948309251, 3.603609240704854 ], [ 98.519776012973935, 3.60368336106381 ], [ 98.519799312954092, 3.603773947637593 ], [ 98.51982261293773, 3.603864534211215 ], [ 98.519845912924879, 3.603955120784679 ], [ 98.519846942056631, 3.603959121881765 ], [ 98.519869212915523, 3.604045707357983 ], [ 98.519892513087711, 3.604136293931224 ], [ 98.519915813268, 3.604226880504307 ], [ 98.519936935856904, 3.604309001657019 ], [ 98.519939113269118, 3.604317467077134 ], [ 98.51996241327376, 3.604408053649803 ], [ 98.519985713281883, 3.604498640222309 ], [ 98.520026977486268, 3.604567741275434 ], [ 98.520040040391038, 3.604589243213412 ], [ 98.520117105288406, 3.604662152120354 ], [ 98.520135831168716, 3.604679868140445 ], [ 98.520207237898049, 3.604747424255533 ], [ 98.520231621598569, 3.604770493059534 ], [ 98.520297370524688, 3.604832696213605 ], [ 98.520327412414474, 3.604861117971062 ], [ 98.520387503168195, 3.604917968294086 ], [ 98.52042320288254, 3.604951742874644 ], [ 98.520477635828669, 3.605003240279397 ], [ 98.520499560929636, 3.605042357496418 ], [ 98.520531021103935, 3.60513294837741 ], [ 98.52054056608354, 3.605223527671704 ], [ 98.520567681737234, 3.605254195106403 ], [ 98.520657853441236, 3.605264995060574 ], [ 98.520748034254154, 3.6052584020161 ], [ 98.520838215021143, 3.605251896472326 ], [ 98.520928395751994, 3.605245459807907 ], [ 98.521018576116163, 3.605239723752447 ], [ 98.521108756423857, 3.605234095794973 ], [ 98.521198936904412, 3.605228137460404 ], [ 98.521284406376509, 3.605223920633656 ], [ 98.521289116594062, 3.60522369158633 ], [ 98.521379297192141, 3.605217508744563 ], [ 98.521462082578267, 3.605133440147483 ], [ 98.521469521352259, 3.605127988509384 ], [ 98.521556829654742, 3.605133490137615 ], [ 98.521559695741118, 3.605133670740476 ], [ 98.521649870132222, 3.605139353110152 ], [ 98.521740044525615, 3.605145035471009 ], [ 98.521830218921309, 3.605150717823047 ], [ 98.52192039331932, 3.605156400129297 ], [ 98.522010567719633, 3.60516208245453 ], [ 98.522100742122248, 3.605167764770949 ], [ 98.522190916527194, 3.605173446995627 ], [ 98.522281094638686, 3.605172030699161 ], [ 98.522371279826416, 3.60515705323424 ], [ 98.522459115928555, 3.605133965702877 ], [ 98.522461469553633, 3.6051333697862 ], [ 98.522551660444066, 3.605107449108013 ], [ 98.522641851231626, 3.605081718019183 ], [ 98.522732041785488, 3.605056427541704 ], [ 98.522778364421058, 3.605043559475567 ], [ 98.522822232173738, 3.605031447316443 ], [ 98.522912421091164, 3.605009282221355 ], [ 98.523002602455506, 3.605001607574541 ], [ 98.523092780414814, 3.60500046885681 ], [ 98.523182958375116, 3.604999330078487 ], [ 98.523273136336428, 3.604998191191767 ], [ 98.523363315722477, 3.604994317556163 ], [ 98.523453503188165, 3.604974922586083 ], [ 98.523540592337199, 3.604953385955054 ], [ 98.523543692163756, 3.604952621163543 ], [ 98.523633880750452, 3.604931060828081 ], [ 98.523724069129102, 3.60490989439174 ], [ 98.52381425834011, 3.604887121735872 ], [ 98.523904447606981, 3.604864235127965 ], [ 98.523912738401449, 3.604863007093026 ], [ 98.523994631466294, 3.604851742876994 ], [ 98.524084815278727, 3.604839338277315 ], [ 98.524174999089908, 3.604826933601117 ], [ 98.524265182899796, 3.604814528959729 ], [ 98.524355369225916, 3.604797278389891 ], [ 98.524445556961922, 3.604777309052258 ], [ 98.524466596525428, 3.604772723358833 ], [ 98.524535744532855, 3.604757652150513 ], [ 98.524625932721506, 3.604736800252122 ], [ 98.52471612124765, 3.604715292455519 ], [ 98.524806309444955, 3.604694412184914 ], [ 98.524886312782456, 3.60468236901443 ], [ 98.524896493809862, 3.604680911685969 ], [ 98.524986677866423, 3.604668002655405 ], [ 98.525076861921633, 3.60465509354057 ], [ 98.525167045975408, 3.60464218448428 ], [ 98.525257231114097, 3.604627180366819 ], [ 98.525347420205975, 3.604604546991911 ], [ 98.525397988333026, 3.604592062587046 ], [ 98.525437609105865, 3.604582277587872 ], [ 98.525527797475476, 3.604561025149267 ], [ 98.52561798708291, 3.604537377611199 ], [ 98.525708176710069, 3.604513685101541 ], [ 98.525756227327548, 3.604501675647285 ], [ 98.525798366395307, 3.604489873525942 ], [ 98.525865586975513, 3.60441115849921 ], [ 98.525888600138273, 3.604380966085068 ], [ 98.525978804771924, 3.604328247743366 ], [ 98.52598706703391, 3.604320647668656 ], [ 98.526069027778064, 3.60424001280764 ], [ 98.526079081820384, 3.604230121424908 ], [ 98.526159251040426, 3.604151249211959 ], [ 98.526171096705298, 3.604139595169295 ], [ 98.526249474285407, 3.60406248545707 ], [ 98.52626311143878, 3.604049068901687 ], [ 98.526339697512967, 3.603973721690718 ], [ 98.526393080545105, 3.603958562437498 ], [ 98.526429887318542, 3.603949555128401 ], [ 98.526520069192372, 3.603940722603711 ], [ 98.526610246891167, 3.603939965653769 ], [ 98.526700423348416, 3.603941612895547 ], [ 98.526790610350389, 3.603922856344262 ], [ 98.526880786303408, 3.603925481510475 ], [ 98.526970972390174, 3.603908491001187 ], [ 98.527061151196875, 3.603905593159655 ], [ 98.527151326480919, 3.603909518979537 ], [ 98.527241515178687, 3.603887464613813 ], [ 98.527331691136638, 3.603890087307557 ], [ 98.527358739406253, 3.603868491717511 ], [ 98.527421907797333, 3.603813836259346 ], [ 98.527444120289417, 3.603777961854425 ], [ 98.527500183459622, 3.603687416712629 ], [ 98.527512160305008, 3.603668073437289 ], [ 98.527556246618047, 3.603596871565724 ], [ 98.527602412782073, 3.60352231060199 ], [ 98.527612309764649, 3.603506326413712 ], [ 98.527660729383669, 3.60341577727751 ], [ 98.527692660571773, 3.603385578417145 ], [ 98.527782866060335, 3.603330841069446 ], [ 98.52778601293079, 3.603325268143262 ], [ 98.527873076873888, 3.603265753526589 ], [ 98.527890861700584, 3.603234748356149 ], [ 98.527897458423666, 3.603144177440095 ], [ 98.527873155334063, 3.603113533677397 ], [ 98.52782559568135, 3.603053565700424 ], [ 98.527783036670442, 3.602999903025919 ], [ 98.527753732956697, 3.602962953956763 ], [ 98.527692918028464, 3.60288627238355 ], [ 98.527681870229642, 3.602872342209101 ], [ 98.527660492200184, 3.602781756735915 ], [ 98.527693006906659, 3.602713887772163 ], [ 98.527712780300135, 3.602691209603304 ], [ 98.527783235635965, 3.602613924370585 ], [ 98.527795311203775, 3.602600678202616 ], [ 98.527873463835903, 3.602514949474728 ], [ 98.527877842090902, 3.602510146792087 ], [ 98.527960373038596, 3.602419615371758 ], [ 98.527963699293963, 3.602401849114313 ], [ 98.527977493399803, 3.602329049925121 ], [ 98.527985127043294, 3.602238479543924 ], [ 98.527992764938119, 3.602147909164495 ], [ 98.527999331845137, 3.602057338227694 ], [ 98.528006930645915, 3.601966767827075 ], [ 98.52801413922775, 3.601876197223113 ], [ 98.528021730928586, 3.601785626817931 ], [ 98.528029445295658, 3.601695056476087 ], [ 98.528037148258107, 3.601604486127867 ], [ 98.528045056977504, 3.601513915886176 ], [ 98.528052799221342, 3.601423345557485 ], [ 98.528054389923085, 3.601404962239061 ], [ 98.528060637318262, 3.601332775278176 ], [ 98.528067627050376, 3.601242204557415 ], [ 98.528074260099729, 3.601151633650833 ], [ 98.528080915489127, 3.601061062755464 ], [ 98.528085422026905, 3.600970490742792 ], [ 98.52809135483011, 3.600879919471103 ], [ 98.528087056396842, 3.600789342881518 ], [ 98.528087408310185, 3.600698768708766 ], [ 98.528089433037692, 3.600608195405207 ], [ 98.528090901057439, 3.600517621812093 ], [ 98.52809369515127, 3.600427048907895 ], [ 98.528092336176712, 3.600336473845227 ], [ 98.528095994457857, 3.600245901389651 ], [ 98.528093785749675, 3.600155325885077 ], [ 98.528131914455372, 3.600064771340037 ], [ 98.528145264526316, 3.600049991840351 ], [ 98.528213690347343, 3.599974239467255 ], [ 98.528235492873705, 3.599950102476762 ], [ 98.528295466281165, 3.599883707584827 ], [ 98.528325721201114, 3.599850213234351 ], [ 98.52835810615845, 3.599793165755612 ], [ 98.528364526905847, 3.599702594728645 ], [ 98.528368641540467, 3.599612022503816 ], [ 98.52837357964799, 3.599521450706265 ], [ 98.528379722624294, 3.599430879533975 ], [ 98.528386133182536, 3.599340308500234 ], [ 98.528390786252515, 3.599249736553643 ], [ 98.528393709879978, 3.59915916370886 ], [ 98.528363027115873, 3.599068573416371 ], [ 98.528326143193894, 3.599029867149897 ], [ 98.528276674455086, 3.598977954217415 ], [ 98.528236015003927, 3.598935285823503 ], [ 98.52819032185198, 3.598887335012345 ], [ 98.528176554163053, 3.59879675350138 ], [ 98.528185135935146, 3.598706183597462 ], [ 98.528192320770501, 3.598615612967618 ], [ 98.528204194694311, 3.598525044772337 ], [ 98.528236250765588, 3.598476963085861 ], [ 98.528257455643157, 3.598434498066083 ], [ 98.528325319304983, 3.598343958935913 ], [ 98.528326496764222, 3.59834238805058 ], [ 98.528393183028257, 3.598253419798762 ], [ 98.528416735442107, 3.598221997716881 ], [ 98.528461046645589, 3.598162880654546 ], [ 98.528506974095436, 3.598101607347268 ], [ 98.528528910325903, 3.598072341503352 ], [ 98.528584498065868, 3.597981795976605 ], [ 98.528595544144878, 3.597891227339316 ], [ 98.528597265335804, 3.597878839022667 ], [ 98.528611654676951, 3.597800661328542 ], [ 98.528677495323691, 3.597710121110662 ], [ 98.528687535335933, 3.597697316457677 ], [ 98.528777743052615, 3.597636974352378 ], [ 98.528791353584666, 3.597619605784983 ], [ 98.528798749966015, 3.597529035248885 ], [ 98.528867992285072, 3.597495768773611 ], [ 98.528958188785381, 3.597457211941566 ], [ 98.529001807153151, 3.597438566135027 ], [ 98.52904838527904, 3.597418655132414 ], [ 98.529138581766105, 3.597380098295792 ], [ 98.529213432490735, 3.597348101408747 ], [ 98.529228778246519, 3.597341541465626 ], [ 98.52931897472034, 3.597302984588225 ], [ 98.529386989516183, 3.597257616916461 ], [ 98.5294092129039, 3.597183094967475 ], [ 98.529415105762908, 3.597167057094808 ], [ 98.529462735902825, 3.597076507373792 ], [ 98.529481876512378, 3.596985942901451 ], [ 98.529499508073755, 3.596952025698287 ], [ 98.52953164416121, 3.596895394280836 ], [ 98.529563622625744, 3.596804836449532 ], [ 98.529589799747086, 3.596727675751028 ], [ 98.52959459380007, 3.596714278094826 ], [ 98.529650963670207, 3.596623732880259 ], [ 98.529656473994692, 3.596533161347145 ], [ 98.52968009394732, 3.596498297526856 ], [ 98.529717610761267, 3.596442618592152 ], [ 98.529751447214949, 3.596352061710015 ], [ 98.52977037279031, 3.596298791107442 ], [ 98.529784860822062, 3.596261504606859 ], [ 98.529820047301882, 3.596170948418307 ], [ 98.529855233950684, 3.596080392227393 ], [ 98.529860668570464, 3.596066135334307 ], [ 98.529889841224971, 3.595989835734448 ], [ 98.5298982568914, 3.595899265697237 ], [ 98.529906552615572, 3.595808695597539 ], [ 98.529925434472958, 3.595718130970353 ], [ 98.529944462038429, 3.595627566417434 ], [ 98.529951112323104, 3.595544425131873 ], [ 98.529951726980642, 3.595536995783009 ], [ 98.529970024082914, 3.595446430850771 ], [ 98.529976886795708, 3.595355860007361 ], [ 98.529992728151157, 3.595265293804207 ], [ 98.530000436799185, 3.595174723397002 ], [ 98.530018670832519, 3.595084158428895 ], [ 98.530029642048504, 3.594993589706585 ], [ 98.530040839239817, 3.59490302110045 ], [ 98.530041618952922, 3.594899609161908 ], [ 98.530061534099431, 3.594812457401303 ], [ 98.530082616204908, 3.594721893901051 ], [ 98.53010591120821, 3.59463133154285 ], [ 98.530129263271888, 3.594540769212749 ], [ 98.530131984613874, 3.594529913123239 ], [ 98.530151976378249, 3.594450206551204 ], [ 98.530174046410721, 3.594359643556165 ], [ 98.530193577526873, 3.594269079248523 ], [ 98.530214501128427, 3.594178515658931 ], [ 98.530222357426652, 3.594146059321288 ], [ 98.530236422593461, 3.59408795258345 ], [ 98.530257479693049, 3.593997389060354 ], [ 98.530276748305681, 3.593906824612574 ], [ 98.5302982666649, 3.593816261325272 ], [ 98.530312734041445, 3.593754585072465 ], [ 98.530402902914204, 3.593769217559101 ], [ 98.530447490666063, 3.593816338358549 ], [ 98.530493030776626, 3.593864074733057 ], [ 98.530533779977119, 3.593906957293126 ], [ 98.530583158230144, 3.593959768059137 ], [ 98.530618409937773, 3.593997575365379 ], [ 98.530673284821845, 3.594057184094041 ], [ 98.530701656782398, 3.594088192718217 ], [ 98.530763411070993, 3.594155307600233 ], [ 98.530785036415324, 3.594178810133906 ], [ 98.53085353742793, 3.594253257370709 ], [ 98.530868416064536, 3.594269427543939 ], [ 98.53094366380391, 3.594351207134577 ], [ 98.530951854826, 3.59436004497879 ], [ 98.531033791368728, 3.594446866503234 ], [ 98.531037351527388, 3.594450663469009 ], [ 98.531121384286479, 3.594541281198556 ], [ 98.531123917434996, 3.594545496901021 ], [ 98.531180172070876, 3.594631885910039 ], [ 98.531123846810544, 3.594683794720896 ], [ 98.531090137648619, 3.594722413903483 ], [ 98.531033609934511, 3.594802084310259 ], [ 98.531028072447469, 3.594812956308204 ], [ 98.531033576540651, 3.594867460064703 ], [ 98.531036627243552, 3.594903535124941 ], [ 98.531065686031482, 3.594994124514388 ], [ 98.531092043852809, 3.595084712510823 ], [ 98.531123611346359, 3.595144845439561 ], [ 98.531213808128726, 3.595105129853002 ], [ 98.531237776161589, 3.595084787641083 ], [ 98.531304021461381, 3.595032983236855 ], [ 98.531353522624329, 3.594994272886666 ], [ 98.531394233963624, 3.594962436597686 ], [ 98.531469270320898, 3.594903758114987 ], [ 98.531484446452311, 3.594891890239194 ], [ 98.531574658927909, 3.594821343232461 ], [ 98.531585016739498, 3.59481324332475 ], [ 98.531664871390106, 3.594750796214849 ], [ 98.531699617221761, 3.594722727926579 ], [ 98.53175508653257, 3.594674967381833 ], [ 98.531801960303198, 3.594632206201157 ], [ 98.531845304191933, 3.594594173771175 ], [ 98.531905262259968, 3.594541684954883 ], [ 98.531935520962023, 3.594515093905883 ], [ 98.532008589562764, 3.594451163707073 ], [ 98.532025737704089, 3.59443603905408 ], [ 98.532047635905968, 3.594451183796284 ], [ 98.532115878109778, 3.594506761860442 ], [ 98.532147017691543, 3.594541809340877 ], [ 98.532206002913199, 3.594608136272513 ], [ 98.532227585408833, 3.594632425201055 ], [ 98.532296128027212, 3.594708939459975 ], [ 98.532308752057176, 3.594723041363983 ], [ 98.532386253404923, 3.594809263194259 ], [ 98.532390194418966, 3.594813657663337 ], [ 98.532471460158021, 3.594904273866522 ], [ 98.532476378714762, 3.594909758353368 ], [ 98.532552725912907, 3.594994890064371 ], [ 98.53256650404407, 3.595010253505911 ], [ 98.532633990886652, 3.595085506256469 ], [ 98.53265662937541, 3.59511078290725 ], [ 98.532715172789793, 3.595176122400535 ], [ 98.532746754511592, 3.595211733946088 ], [ 98.532795521133778, 3.595266738111011 ], [ 98.532836879320186, 3.59531336710746 ], [ 98.532870825389139, 3.595357351225148 ], [ 98.532926995873709, 3.595431262855386 ], [ 98.532938492421948, 3.595447960412079 ], [ 98.533001162722258, 3.595538567029323 ], [ 98.533017106599971, 3.595560656803698 ], [ 98.533067593319458, 3.595629175574682 ], [ 98.533107220457737, 3.595683941921068 ], [ 98.533133717120663, 3.59571978395919 ], [ 98.533197334217988, 3.595807464477393 ], [ 98.533198299461773, 3.595810391549023 ], [ 98.533197330036941, 3.595815685475404 ], [ 98.533181433808011, 3.59590095732119 ], [ 98.533154323629176, 3.595991517832159 ], [ 98.533124061953416, 3.596082076723084 ], [ 98.533106991909605, 3.596133227191552 ], [ 98.53309384462942, 3.59617263563482 ], [ 98.533063711781992, 3.596263194587985 ], [ 98.533033609371529, 3.596353753554829 ], [ 98.533016677154095, 3.596404690997485 ], [ 98.533003506482856, 3.596444312519478 ], [ 98.532972446405068, 3.596534870990418 ], [ 98.532941382170875, 3.596625429457183 ], [ 98.532926366424263, 3.596668122615633 ], [ 98.532909531763821, 3.596715987517933 ], [ 98.532877681692639, 3.596806545576742 ], [ 98.532845854131011, 3.596897103645003 ], [ 98.532836059007209, 3.596924928640779 ], [ 98.532810630430831, 3.596987659965555 ], [ 98.532778025527776, 3.59707821762984 ], [ 98.532745758958868, 3.597167150123664 ], [ 98.532745072820703, 3.597168775113133 ], [ 98.53271371023736, 3.597259333411756 ], [ 98.532679184784456, 3.597349890081988 ], [ 98.532732559284099, 3.597440491947596 ], [ 98.532745616960369, 3.597445969485826 ], [ 98.532753514829082, 3.597440502721586 ], [ 98.532835830155648, 3.597374393693732 ], [ 98.53286001871632, 3.597349983047526 ], [ 98.532926053252112, 3.59728334220952 ], [ 98.532949723402695, 3.597259454725406 ], [ 98.533016276330642, 3.597192290713825 ], [ 98.533039428071348, 3.597168926391934 ], [ 98.533106499391266, 3.597101239206648 ], [ 98.533129132722308, 3.597078398047114 ], [ 98.533196722433971, 3.597010187687991 ], [ 98.533218837300169, 3.596987869690916 ], [ 98.533286945458784, 3.59691913610292 ], [ 98.533308541916995, 3.596897341323399 ], [ 98.533377168465648, 3.596828084562621 ], [ 98.533398246516114, 3.596806812944533 ], [ 98.533467391454693, 3.596737032834965 ], [ 98.533487950923103, 3.59671628455423 ], [ 98.533557614425717, 3.596645981270391 ], [ 98.53358076449949, 3.596625757747904 ], [ 98.533647835813611, 3.596558009669065 ], [ 98.533691005136603, 3.596535239869159 ], [ 98.533738048347772, 3.596487429779838 ], [ 98.533828218150276, 3.596500943417021 ], [ 98.533900849240311, 3.596535347487408 ], [ 98.533918373130447, 3.596543648244873 ], [ 98.534008528120097, 3.596586352706819 ], [ 98.53409227152008, 3.596626020057281 ], [ 98.534098683119083, 3.59662905705855 ], [ 98.534107072570222, 3.59663303099103 ], [ 98.533984544000077, 3.596919624000066 ], [ 98.534121448000064, 3.596599407000041 ], [ 98.534189769000079, 3.596325679000073 ], [ 98.534235636000062, 3.596141912000065 ], [ 98.534235834000071, 3.595752990000051 ], [ 98.534187486000064, 3.595590919000074 ], [ 98.534167577000062, 3.59552418000004 ], [ 98.534008091000032, 3.595432586000072 ], [ 98.533780208000053, 3.595386713000039 ], [ 98.533641042000056, 3.595351713000071 ], [ 98.53359791400004, 3.595340866000072 ], [ 98.533483993000061, 3.595272173000069 ], [ 98.533370113000046, 3.595134849000033 ], [ 98.533370194000042, 3.594974705000027 ], [ 98.533379016000083, 3.594904152000027 ], [ 98.533393078000074, 3.594791695000026 ], [ 98.533461492000086, 3.59470021800007 ], [ 98.533529912000063, 3.594608743000038 ], [ 98.533666735000054, 3.59444867000002 ], [ 98.533803592000083, 3.594219962000067 ], [ 98.533917640000084, 3.594036999000025 ], [ 98.534054532000084, 3.593739659000051 ], [ 98.534168517000069, 3.593671086000028 ], [ 98.534305304000043, 3.593579644000045 ], [ 98.534487592000062, 3.593648371000029 ], [ 98.534578705000058, 3.593739927000058 ], [ 98.534760935000065, 3.593923043000075 ], [ 98.534943258000069, 3.593923136000058 ], [ 98.535193966000065, 3.593900386000029 ], [ 98.535391368000035, 3.593788230000029 ], [ 98.535628959000064, 3.593502326000021 ], [ 98.535822893000045, 3.59312819400003 ], [ 98.53603312000007, 3.59250144200007 ], [ 98.53617597200008, 3.591738783000039 ], [ 98.536508776000062, 3.590976217000047 ], [ 98.536513009115581, 3.590964019877567 ], [ 98.536482844014927, 3.590921050076246 ], [ 98.5364461848106, 3.590868829500979 ], [ 98.5363927891553, 3.590830429742577 ], [ 98.536356037692656, 3.590811278430854 ], [ 98.536265854142741, 3.590825960840856 ], [ 98.536175696274299, 3.590789748211112 ], [ 98.536137400766137, 3.590739725187175 ], [ 98.536085579548825, 3.590672034366323 ], [ 98.53606803373826, 3.590649115366762 ], [ 98.535998666775271, 3.590558505542692 ], [ 98.53599546284569, 3.590554320427727 ], [ 98.535929300108435, 3.590467895715085 ], [ 98.535905346165066, 3.590436606003236 ], [ 98.53585993345483, 3.590377285883795 ], [ 98.535815229506127, 3.590318892794663 ], [ 98.53579056575883, 3.590286676048287 ], [ 98.535725112869798, 3.590201178925018 ], [ 98.535721198796992, 3.590196066209463 ], [ 98.535651832119868, 3.590105456367099 ], [ 98.535634996255979, 3.590083464588895 ], [ 98.53558246551907, 3.590014846521086 ], [ 98.535544879664513, 3.589965750139554 ], [ 98.53551309893146, 3.589924236671394 ], [ 98.535454763095331, 3.589848035684003 ], [ 98.535443732357066, 3.589833626818022 ], [ 98.535364621835399, 3.58977922260995 ], [ 98.535274450334015, 3.58977026673474 ], [ 98.535184273284443, 3.589772290862413 ], [ 98.535094096235653, 3.589774314981104 ], [ 98.535003919187588, 3.589776339090814 ], [ 98.534913742140162, 3.589778363464811 ], [ 98.534823565093419, 3.589780387978903 ], [ 98.534733388047641, 3.589782412061669 ], [ 98.534643211002617, 3.589784436135456 ], [ 98.53455303395836, 3.589786460200259 ], [ 98.534462854885888, 3.589792491297665 ], [ 98.534378860561262, 3.589833083016507 ], [ 98.534372657034424, 3.589835601832129 ], [ 98.534282474202229, 3.589849047709722 ], [ 98.534262484646106, 3.589833023510972 ], [ 98.534192349286414, 3.589748177408551 ], [ 98.534188291162607, 3.589742411110359 ], [ 98.534169023639222, 3.589651826799659 ], [ 98.534154272427699, 3.589561244798816 ], [ 98.534139520476828, 3.589470662797557 ], [ 98.534157117698868, 3.589380097341401 ], [ 98.534192552128431, 3.589347786571101 ], [ 98.534282753283335, 3.589298065438219 ], [ 98.534309379439279, 3.589289600742425 ], [ 98.534372943770592, 3.589269393385423 ], [ 98.534463134253215, 3.589240721458163 ], [ 98.53455333116905, 3.589199330847963 ], [ 98.534553508088621, 3.589199151060354 ], [ 98.534607731831144, 3.589108604303045 ], [ 98.534643588694109, 3.589038158108619 ], [ 98.534652371973991, 3.589018052645283 ], [ 98.534691716789794, 3.588927498279248 ], [ 98.534729902187436, 3.588836943318174 ], [ 98.534733871011937, 3.588827912818895 ], [ 98.534769697351365, 3.588746389176411 ], [ 98.534802581975853, 3.588655831503036 ], [ 98.534809634011424, 3.58856526063756 ], [ 98.534781741350557, 3.588474671928768 ], [ 98.53473407322862, 3.588428189036677 ], [ 98.534690804926171, 3.58838405102475 ], [ 98.534643944574796, 3.58833483294112 ], [ 98.534605372787311, 3.588293432925366 ], [ 98.534553817086874, 3.588239208847237 ], [ 98.534518518568703, 3.588202814093483 ], [ 98.534463687706719, 3.588147360212411 ], [ 98.534429050564285, 3.588112193919836 ], [ 98.534373558999249, 3.588054218228319 ], [ 98.534341439587635, 3.588021574688545 ], [ 98.534283427056906, 3.587967501529437 ], [ 98.534242417473777, 3.587930949618303 ], [ 98.53419329190146, 3.587887163906406 ], [ 98.534140738751688, 3.587840323181512 ], [ 98.534103156762001, 3.587806826276379 ], [ 98.534039060049921, 3.587749696735819 ], [ 98.534013022362615, 3.587725059180727 ], [ 98.533943045366726, 3.587659073177969 ], [ 98.53392288987763, 3.587639545485312 ], [ 98.53384946000935, 3.587568450854939 ], [ 98.533832758372384, 3.587552131582983 ], [ 98.533756714823369, 3.587477828954362 ], [ 98.533742623176678, 3.587472033448833 ], [ 98.533652464381419, 3.587438523847398 ], [ 98.533562304789811, 3.587406599885488 ], [ 98.533507310784515, 3.587387126871411 ], [ 98.533472145205963, 3.5873746749702 ], [ 98.533381985628893, 3.587342750992047 ], [ 98.533291826059113, 3.587310827005771 ], [ 98.533251142641888, 3.587296421262324 ], [ 98.533201666497064, 3.587278902066119 ], [ 98.533111506188106, 3.587248463331455 ], [ 98.533021347425802, 3.587214991085007 ], [ 98.533002957565913, 3.58720571967817 ], [ 98.532931196021067, 3.587167040227964 ], [ 98.53284104495178, 3.587118448779136 ], [ 98.532835777144044, 3.587115059556468 ], [ 98.532750905355797, 3.587047284715419 ], [ 98.532723907161682, 3.587024427766227 ], [ 98.532660767749036, 3.586972232458124 ], [ 98.532613039743069, 3.586933796479058 ], [ 98.532570629243253, 3.586898979601522 ], [ 98.532502888452171, 3.586843165548379 ], [ 98.532480490591695, 3.586826042675778 ], [ 98.532390348093315, 3.586760704579751 ], [ 98.532374044273112, 3.586752525017395 ], [ 98.532300197337094, 3.586711639883993 ], [ 98.532210028470743, 3.586698220462721 ], [ 98.532119862397053, 3.586679315958937 ], [ 98.532036210380227, 3.586661777204435 ], [ 98.532029696276908, 3.586660512312424 ], [ 98.531939524012145, 3.58665379835342 ], [ 98.53190973849469, 3.58666171226769 ], [ 98.531849337181427, 3.586675720239761 ], [ 98.53175915544746, 3.586687619614231 ], [ 98.53166897492595, 3.586697134389867 ], [ 98.531578797168507, 3.586701217830778 ], [ 98.531488622357188, 3.58669951561248 ], [ 98.531398449336336, 3.586694300377529 ], [ 98.531308267507825, 3.5867063816518 ], [ 98.53121808440423, 3.586720963422714 ], [ 98.531127897701651, 3.586742604974885 ], [ 98.531089308379947, 3.586751865015587 ], [ 98.531037710996003, 3.586764246361847 ], [ 98.530947524287271, 3.586785887622858 ], [ 98.530857337575625, 3.586807528437754 ], [ 98.53076715086047, 3.586829169951952 ], [ 98.530712660688494, 3.586842245595971 ], [ 98.530676964142216, 3.586850811348928 ], [ 98.530586777420922, 3.586872452571964 ], [ 98.530496590696472, 3.586894093785508 ], [ 98.530406403968996, 3.586915734777123 ], [ 98.530317691847117, 3.586842042158117 ], [ 98.530316266555943, 3.586840759239704 ], [ 98.530233357911115, 3.586751424286782 ], [ 98.530226140459092, 3.586743647403822 ], [ 98.530149259739218, 3.586660806531173 ], [ 98.530136014381611, 3.586646534523635 ], [ 98.530065160531123, 3.586570188769271 ], [ 98.530045888322547, 3.586549422480556 ], [ 98.529981061660635, 3.586479571001783 ], [ 98.529955762282228, 3.586452310624859 ], [ 98.529896963308403, 3.586388953228805 ], [ 98.529865636261164, 3.586355197989679 ], [ 98.529812864149548, 3.586298335449654 ], [ 98.529775510258787, 3.586258085661973 ], [ 98.529740782952217, 3.586207723864073 ], [ 98.52970697263531, 3.586117132017558 ], [ 98.529685437796047, 3.58605624019324 ], [ 98.529674828364477, 3.586026541029965 ], [ 98.529642864973439, 3.585935950135208 ], [ 98.529612244898871, 3.58584535993303 ], [ 98.529595395747435, 3.585794953199635 ], [ 98.52957728183307, 3.585754767489695 ], [ 98.529532876627286, 3.585664170173822 ], [ 98.529505313247626, 3.585612888686863 ], [ 98.529452152740788, 3.585664128518153 ], [ 98.529415093568801, 3.585699214760861 ], [ 98.529356540289953, 3.585754653572136 ], [ 98.529324874161432, 3.585784977080415 ], [ 98.529262132892981, 3.585845179235613 ], [ 98.52923465434607, 3.5858715044776 ], [ 98.529167641360814, 3.585935704843235 ], [ 98.529144434414476, 3.585958226075698 ], [ 98.529074466491394, 3.586026231118543 ], [ 98.529054213927495, 3.586046000017229 ], [ 98.528981750311416, 3.586116757618713 ], [ 98.528963993227293, 3.586134157070729 ], [ 98.528889349994401, 3.586207284270097 ], [ 98.528873772473034, 3.586222386051492 ], [ 98.528795993267067, 3.586297810415187 ], [ 98.528783552086111, 3.58630986395573 ], [ 98.5287025859338, 3.586388336521951 ], [ 98.528693331690363, 3.586397325755921 ], [ 98.528609405478946, 3.586478862733863 ], [ 98.528603111164955, 3.58648500732867 ], [ 98.528516673266452, 3.586569389165493 ], [ 98.528512890420956, 3.586573082118436 ], [ 98.52842394106726, 3.586659915585107 ], [ 98.528422669659832, 3.586661156748677 ], [ 98.528332448880377, 3.586749233549992 ], [ 98.528331210989606, 3.586750441993801 ], [ 98.528242228084849, 3.586837308157454 ], [ 98.528238478753224, 3.586840968389351 ], [ 98.528152007272027, 3.586925382900875 ], [ 98.528145734200848, 3.586931494766504 ], [ 98.528061786681633, 3.58701299042887 ], [ 98.52805247577605, 3.587022020865545 ], [ 98.527971565180593, 3.587102339664378 ], [ 98.527961277774764, 3.587112548019565 ], [ 98.527881342952512, 3.58719307165424 ], [ 98.527871374525262, 3.587203075832625 ], [ 98.527791121296644, 3.587282654072652 ], [ 98.527779975953635, 3.587293602859515 ], [ 98.52770090053923, 3.587370452155866 ], [ 98.527686827190266, 3.587384128967639 ], [ 98.527700884571132, 3.587401557213891 ], [ 98.527756313832796, 3.58747473935435 ], [ 98.527791004297541, 3.587510605284255 ], [ 98.527844561613747, 3.587565359457865 ], [ 98.527881132734137, 3.587602721496334 ], [ 98.527933827038169, 3.587655980082114 ], [ 98.527971261713191, 3.587693815624629 ], [ 98.52802304699712, 3.587746600676218 ], [ 98.528061389826576, 3.587786631919486 ], [ 98.528100450136279, 3.587837215144282 ], [ 98.528117410052019, 3.587927798308499 ], [ 98.528115659929995, 3.5880183717834 ], [ 98.528113910451566, 3.588108945258405 ], [ 98.52811216078554, 3.588199518733087 ], [ 98.528110410658996, 3.588290092207304 ], [ 98.528103669426287, 3.588380663096214 ], [ 98.52811230111169, 3.58847124194715 ], [ 98.528149848743979, 3.588561835774519 ], [ 98.528151149731372, 3.588597248988058 ], [ 98.528153050530562, 3.588652411813223 ], [ 98.528161211517002, 3.588742990420348 ], [ 98.528193606710985, 3.588833581578801 ], [ 98.528241170811683, 3.588898906134939 ], [ 98.528259772609459, 3.588924190225434 ], [ 98.528331292679837, 3.589004157599777 ], [ 98.528340816756085, 3.589014806572443 ], [ 98.528421416867033, 3.589104926415576 ], [ 98.528421860918485, 3.589105422914179 ], [ 98.528502904227153, 3.589196039250191 ], [ 98.528511523347049, 3.589240267468774 ], [ 98.528517300546838, 3.589286621085823 ], [ 98.528511488781021, 3.58930768052409 ], [ 98.528492308451831, 3.589377182532616 ], [ 98.52846766741429, 3.589467744159637 ], [ 98.528443397434444, 3.589558305977281 ], [ 98.528421141575777, 3.589641700928885 ], [ 98.528419229851011, 3.589648867846489 ], [ 98.528376259792253, 3.589739419977851 ], [ 98.528330908435052, 3.589753229949807 ], [ 98.528240725907139, 3.589766078093112 ], [ 98.528150543377848, 3.589778926227148 ], [ 98.528060360847192, 3.589791774351917 ], [ 98.527970178315144, 3.589804622467418 ], [ 98.527879995781731, 3.589817470573651 ], [ 98.527794206617784, 3.589829692757463 ], [ 98.527789813246969, 3.589830318670615 ], [ 98.527789030535743, 3.589829690073713 ], [ 98.527735727067892, 3.58973908806195 ], [ 98.527724286766741, 3.589648507756898 ], [ 98.527699754764981, 3.58960167383694 ], [ 98.527681196110635, 3.589557911039361 ], [ 98.527609642738341, 3.589477326648633 ], [ 98.527585636646634, 3.589467287108524 ], [ 98.527519486879612, 3.589438326860065 ], [ 98.527429315271931, 3.589429986979023 ], [ 98.527339143667064, 3.589421647064054 ], [ 98.527248972064982, 3.58941330713967 ], [ 98.527158800465685, 3.589404967277697 ], [ 98.527068629152296, 3.589396076948871 ], [ 98.526978462162091, 3.589378788472148 ], [ 98.526967373518644, 3.58937639186405 ], [ 98.526936484039254, 3.589285801458492 ], [ 98.526940230103904, 3.589195229040588 ], [ 98.526922773658157, 3.589104645611324 ], [ 98.526894852046894, 3.589014056746898 ], [ 98.526892235947415, 3.588923481024874 ], [ 98.526888526562388, 3.588911765913654 ], [ 98.526862616658619, 3.588832891278565 ], [ 98.526836418601107, 3.588742303308821 ], [ 98.52681440647504, 3.588651717512985 ], [ 98.526798495890802, 3.588629645104751 ], [ 98.526749091942392, 3.588561109224491 ], [ 98.526708396094648, 3.588481941948126 ], [ 98.526701083236972, 3.588470509923251 ], [ 98.526622398407468, 3.58837989468281 ], [ 98.526618275169284, 3.588375344594438 ], [ 98.526613835045339, 3.588379890233542 ], [ 98.526528052601819, 3.588466236006326 ], [ 98.52652437378363, 3.588470418106912 ], [ 98.526444438483651, 3.588560950920508 ], [ 98.526437824143215, 3.588568534021189 ], [ 98.52636547102378, 3.588651484227993 ], [ 98.526347595403408, 3.588671338434969 ], [ 98.52628354896693, 3.588742015990037 ], [ 98.526257368387348, 3.588770756772313 ], [ 98.526200880112754, 3.588832547353994 ], [ 98.526167141650973, 3.588869593963728 ], [ 98.526118176022052, 3.588923078689783 ], [ 98.526076915356072, 3.58896753642629 ], [ 98.526034131567997, 3.589013609318331 ], [ 98.525986689700986, 3.589064199967108 ], [ 98.525949039106706, 3.589104139391358 ], [ 98.525896464331623, 3.589160272191118 ], [ 98.525864059959702, 3.589194669513017 ], [ 98.525806239295832, 3.589255660757672 ], [ 98.525777070187843, 3.589285198577573 ], [ 98.525716016270621, 3.58934711478887 ], [ 98.525686118456079, 3.589375725568237 ], [ 98.52562579586828, 3.589433450006022 ], [ 98.525591505073905, 3.589466250640088 ], [ 98.525535557907332, 3.589553779306434 ], [ 98.525534612893125, 3.589556795350324 ], [ 98.525535536631963, 3.589595008291261 ], [ 98.525536802415402, 3.589647370835291 ], [ 98.5255354971858, 3.589671448715861 ], [ 98.525531921000052, 3.589737942636491 ], [ 98.525485508748716, 3.5898284927998 ], [ 98.525505485074262, 3.589919077551137 ], [ 98.525468999171579, 3.590009632883529 ], [ 98.525462805791648, 3.590100203998865 ], [ 98.525445062017738, 3.590173750318141 ], [ 98.52544108290634, 3.590190767021156 ], [ 98.525425629085106, 3.59028133330935 ], [ 98.525421843507175, 3.590371905677923 ], [ 98.525394712149705, 3.59046246587836 ], [ 98.525392093024095, 3.590553038853936 ], [ 98.525385449358041, 3.590643609731474 ], [ 98.525354622387567, 3.590684433657603 ], [ 98.525318329971029, 3.590734149082389 ], [ 98.525264390563109, 3.59079254056533 ], [ 98.525234701772021, 3.590824679818183 ], [ 98.525174164106915, 3.590890214147116 ], [ 98.525151073556401, 3.590915210543922 ], [ 98.525083937631351, 3.590987887717195 ], [ 98.525050574841885, 3.591005732458929 ], [ 98.524993743365087, 3.591023203239248 ], [ 98.524903560298029, 3.591036842373236 ], [ 98.524813376916498, 3.591051086812831 ], [ 98.524723194001339, 3.591064426198162 ], [ 98.524633011088156, 3.591077758949559 ], [ 98.524542828451132, 3.591090555035196 ], [ 98.524452661634669, 3.591072772967691 ], [ 98.524362505906808, 3.59103357334337 ], [ 98.524297570141272, 3.591005339327326 ], [ 98.524272350187616, 3.590994373652977 ], [ 98.524182192502749, 3.590958987584794 ], [ 98.524092036834389, 3.590919722474461 ], [ 98.524001822660537, 3.590993441983828 ], [ 98.523993009502007, 3.591005180144246 ], [ 98.523919423837498, 3.59109571598868 ], [ 98.523911588628835, 3.591105468897548 ], [ 98.523846876435755, 3.591186252368092 ], [ 98.523902160177471, 3.5912768556006 ], [ 98.523911495156113, 3.591285907579836 ], [ 98.523995964476981, 3.591367478973512 ], [ 98.524001626092343, 3.591372968273373 ], [ 98.524089744475319, 3.591458102326336 ], [ 98.524091757033077, 3.59146005338244 ], [ 98.52418188792636, 3.591547263280547 ], [ 98.524183407455808, 3.591548725610615 ], [ 98.524272018841657, 3.591634463907957 ], [ 98.524277096147131, 3.591639348900972 ], [ 98.524362149794456, 3.591721625242641 ], [ 98.524370827485996, 3.591729972206248 ], [ 98.524452280783024, 3.591808750695535 ], [ 98.524542482020479, 3.59176014566956 ], [ 98.524632661130781, 3.591754296235711 ], [ 98.524722835279775, 3.591758038932041 ], [ 98.524813009430275, 3.591761782413819 ], [ 98.524903183582907, 3.591765525464712 ], [ 98.524993375125703, 3.591735631192159 ], [ 98.525083552017094, 3.591734076156277 ], [ 98.525151890235335, 3.591730379993457 ], [ 98.525173730576867, 3.59172929409099 ], [ 98.525263915015145, 3.591713134019963 ], [ 98.525354082938918, 3.591728941706706 ], [ 98.525444266816933, 3.591713864844559 ], [ 98.525517128240978, 3.591730570451606 ], [ 98.525534432270533, 3.591734467212901 ], [ 98.525624578062946, 3.591793164219347 ], [ 98.525655195549476, 3.591821216752091 ], [ 98.525714711538626, 3.591875746832817 ], [ 98.525756308523015, 3.59191184378165 ], [ 98.52580483791661, 3.591972114353815 ], [ 98.52582257019246, 3.592002452646759 ], [ 98.525874192777721, 3.592093053882885 ], [ 98.525894930136673, 3.592134715369741 ], [ 98.525919942433276, 3.592183652058151 ], [ 98.525955861016485, 3.592274245111585 ], [ 98.525985005737297, 3.592329585387023 ], [ 98.526004803319623, 3.592364844947446 ], [ 98.526064165884151, 3.592455450208352 ], [ 98.526075108517603, 3.592471833463859 ], [ 98.526124682964948, 3.592546056067929 ], [ 98.526165217017876, 3.592603042375807 ], [ 98.526196065763131, 3.592636667582156 ], [ 98.526255347092317, 3.592692463827605 ], [ 98.526292350728241, 3.592727292055742 ], [ 98.526345479550102, 3.592777297010043 ], [ 98.526388636616247, 3.592817916521958 ], [ 98.526435612024613, 3.59286213027361 ], [ 98.526484921619669, 3.592908540979859 ], [ 98.526525744515737, 3.592946963911176 ], [ 98.526581206642248, 3.592999165429917 ], [ 98.526615877023801, 3.593031797235894 ], [ 98.526677492587766, 3.593089789872599 ], [ 98.526706006294063, 3.593122946886391 ], [ 98.526752870499323, 3.593180403433115 ], [ 98.526792550614232, 3.593270998424053 ], [ 98.526796102155373, 3.593278979509089 ], [ 98.526832816843552, 3.593361593718929 ], [ 98.526873934379225, 3.59345218945559 ], [ 98.526886175049768, 3.593479652766452 ], [ 98.526914403239545, 3.593542784853983 ], [ 98.526947428206896, 3.59363337638092 ], [ 98.526915740246608, 3.593723934258088 ], [ 98.526886005434179, 3.593808910407007 ], [ 98.526884052279044, 3.593814492133145 ], [ 98.526852364304204, 3.593905050006089 ], [ 98.526848525105379, 3.593995622362216 ], [ 98.526885896119225, 3.594021096382231 ], [ 98.526976040804044, 3.594082543660326 ], [ 98.526981501380988, 3.594086265871386 ], [ 98.527066185501567, 3.594143990931004 ], [ 98.527107522542934, 3.594176905748696 ], [ 98.527156322085915, 3.594221218659001 ], [ 98.527202250837178, 3.594267529346908 ], [ 98.527246451657362, 3.594312097728445 ], [ 98.527292124547174, 3.594358150414677 ], [ 98.527336581246217, 3.594402977598468 ], [ 98.527381996654626, 3.594448771474897 ], [ 98.527426710852922, 3.594493857479153 ], [ 98.527471870400078, 3.594539392529248 ], [ 98.527516840477858, 3.594584736528357 ], [ 98.527561743356031, 3.594630013576472 ], [ 98.52760697011982, 3.594675617202872 ], [ 98.527651616323922, 3.594720634616984 ], [ 98.527697099780426, 3.594766496238579 ], [ 98.52774149012258, 3.594811255651206 ], [ 98.527787227212073, 3.594861743611983 ], [ 98.527820772104434, 3.594901871179634 ], [ 98.527877341834554, 3.59498193524252 ], [ 98.52788479143311, 3.594992478779865 ], [ 98.527948810773879, 3.595083086377083 ], [ 98.527967451987351, 3.59511086391276 ], [ 98.528009999533367, 3.595173692502162 ], [ 98.528057561833947, 3.595240435043905 ], [ 98.528074603359173, 3.595264300396827 ], [ 98.528138339376113, 3.595354907838096 ], [ 98.528147672622694, 3.595368220375446 ], [ 98.528201862999879, 3.595445515166176 ], [ 98.528237783052873, 3.595496749955254 ], [ 98.528247391001742, 3.595536113155179 ], [ 98.528269029639461, 3.595626698749457 ], [ 98.528288901126402, 3.595717283426827 ], [ 98.528309114385507, 3.595807868281405 ], [ 98.528327753230769, 3.595898254894925 ], [ 98.528327784091729, 3.59589845233513 ], [ 98.528343231213228, 3.595989034717006 ], [ 98.528347409230832, 3.59607961125276 ], [ 98.528356021875339, 3.596170190089034 ], [ 98.528364749874527, 3.596260768985116 ], [ 98.528378489365736, 3.596351350481046 ], [ 98.528391157093537, 3.596441931420938 ], [ 98.528400549315307, 3.596532510661531 ], [ 98.52840701676547, 3.596623088384756 ], [ 98.52841549732544, 3.596713667152314 ], [ 98.528417502329063, 3.596730079245999 ], [ 98.528426284911347, 3.596804247116709 ], [ 98.528428893371157, 3.596894822837748 ], [ 98.528435445375194, 3.596985400604627 ], [ 98.528418839960594, 3.597075966356716 ], [ 98.528417324174839, 3.597076719851765 ], [ 98.528365435721838, 3.59716651301324 ], [ 98.528372562097118, 3.597257091077522 ], [ 98.52837968837737, 3.597347669141707 ], [ 98.528384106305609, 3.597438245800397 ], [ 98.528372569933438, 3.597528814179539 ], [ 98.528355923086139, 3.597619379905792 ], [ 98.528326839913419, 3.597675045256687 ], [ 98.528300695364848, 3.597709925606063 ], [ 98.528236601288029, 3.597795435721693 ], [ 98.528232831782361, 3.597800464741543 ], [ 98.528164968099333, 3.597891003869959 ], [ 98.52814636263814, 3.597915826011362 ], [ 98.528097104402391, 3.597981542991357 ], [ 98.528056123963665, 3.598036216288619 ], [ 98.528029240727903, 3.598072082105753 ], [ 98.527965885264535, 3.598156606716393 ], [ 98.527960015178138, 3.598162620505642 ], [ 98.527893513350151, 3.598253160313495 ], [ 98.527875646540906, 3.598276996968827 ], [ 98.527825649597602, 3.598343699406813 ], [ 98.527785407792663, 3.598397387208848 ], [ 98.527750859581857, 3.598434234893068 ], [ 98.527695170331512, 3.598515230359204 ], [ 98.527683807534729, 3.598524774393723 ], [ 98.527622058378498, 3.598615316644703 ], [ 98.527604930222367, 3.598638167814574 ], [ 98.527543879759037, 3.598705850345895 ], [ 98.527514697055096, 3.598747582148587 ], [ 98.527457205672874, 3.598796379619295 ], [ 98.527424461061742, 3.59886243788321 ], [ 98.527385199509396, 3.598886916512935 ], [ 98.527424428225927, 3.598926157995563 ], [ 98.527441925435426, 3.598977520373049 ], [ 98.527514541102661, 3.599050275800381 ], [ 98.527531347341494, 3.599068141236826 ], [ 98.52760467088585, 3.599141620686116 ], [ 98.52762084625283, 3.599158762133997 ], [ 98.527694800727389, 3.599232887146743 ], [ 98.527710410263367, 3.599249383058347 ], [ 98.52778493062101, 3.599324087273676 ], [ 98.527800029801696, 3.599340004004885 ], [ 98.527875060561584, 3.599415230976442 ], [ 98.527889696944328, 3.599430624969476 ], [ 98.527889532186549, 3.599521199239429 ], [ 98.527874997483579, 3.59953773507664 ], [ 98.527801468684117, 3.599611727816208 ], [ 98.527784772528634, 3.59963106052543 ], [ 98.527714055655551, 3.599702256720223 ], [ 98.527694547042884, 3.59972538059436 ], [ 98.527627635727072, 3.599792786129882 ], [ 98.527604320695673, 3.599821336359122 ], [ 98.52754284795698, 3.599883316377956 ], [ 98.527514092791662, 3.599920275969854 ], [ 98.527461029391603, 3.599973848160646 ], [ 98.527423861581354, 3.600025591414159 ], [ 98.527385492259398, 3.600064383202585 ], [ 98.527358640181049, 3.600154943575574 ], [ 98.527367309707586, 3.600245522434951 ], [ 98.527375283634044, 3.600336100932263 ], [ 98.527384217509734, 3.600426679929149 ], [ 98.527391943924769, 3.600517258297562 ], [ 98.527399238127828, 3.600607836440977 ], [ 98.527408048206979, 3.60069841537332 ], [ 98.52741610004712, 3.600788993910981 ], [ 98.527423429585625, 3.600863545108237 ], [ 98.527424671485704, 3.600879572719044 ], [ 98.52742353896106, 3.600970146476242 ], [ 98.527423372726176, 3.600973822279037 ], [ 98.527418405868232, 3.601060718150884 ], [ 98.527410283757078, 3.601151288269294 ], [ 98.527401668737767, 3.601241858130652 ], [ 98.527392558322745, 3.601332427733632 ], [ 98.527383605495331, 3.601422997418143 ], [ 98.527374929648417, 3.601513567246359 ], [ 98.527366486390278, 3.601604137195184 ], [ 98.527358295715999, 3.601694707275045 ], [ 98.52735033139038, 3.601785277472298 ], [ 98.527342584847247, 3.601875847782499 ], [ 98.527335036553396, 3.601966418195487 ], [ 98.527332668842718, 3.601995289879697 ], [ 98.527304156932104, 3.601966402114794 ], [ 98.527242538781479, 3.601904071592027 ], [ 98.527214532553103, 3.601875781094604 ], [ 98.52715240869982, 3.601812927624242 ], [ 98.527124962161594, 3.601785160095845 ], [ 98.527062278521839, 3.601722004991132 ], [ 98.527035013458303, 3.601694538893292 ], [ 98.526972148391508, 3.601631024683139 ], [ 98.526945279037164, 3.601603917795658 ], [ 98.52688201810453, 3.601540382408916 ], [ 98.526855042510789, 3.601513296429616 ], [ 98.52679188780408, 3.60144980076745 ], [ 98.526764977879353, 3.601422675146384 ], [ 98.526701757621041, 3.601359026271179 ], [ 98.526675339069385, 3.601332054078402 ], [ 98.526611628175928, 3.601266857737067 ], [ 98.526586766461065, 3.601241433559705 ], [ 98.526521498845696, 3.601174501805958 ], [ 98.526498399160715, 3.601150813141575 ], [ 98.526431369508487, 3.601082194485763 ], [ 98.526409865721007, 3.601060192630311 ], [ 98.526341240207017, 3.600989853003736 ], [ 98.526321453128404, 3.600969572175591 ], [ 98.526341273867047, 3.600924720256668 ], [ 98.526362228159584, 3.600879019114607 ], [ 98.526431515200699, 3.600800222516111 ], [ 98.526441835027825, 3.600788486304185 ], [ 98.526521738551637, 3.600710487967084 ], [ 98.526534560611054, 3.600697960325197 ], [ 98.526611961042249, 3.600622385094715 ], [ 98.526627273263543, 3.600607434327401 ], [ 98.526702183510352, 3.600534292369133 ], [ 98.526719715954371, 3.600516908176835 ], [ 98.526792406719863, 3.600444729949833 ], [ 98.526810747160084, 3.600426381278754 ], [ 98.526882630268432, 3.600354476436985 ], [ 98.526901226037396, 3.600335854081243 ], [ 98.526972853708912, 3.600264397977219 ], [ 98.526991975138827, 3.600245327012929 ], [ 98.52706307684123, 3.600174882552387 ], [ 98.527083336091977, 3.600154800251628 ], [ 98.527153299902366, 3.600085470971627 ], [ 98.527174690357143, 3.600064273475093 ], [ 98.527243522980442, 3.599995992477054 ], [ 98.527265948535671, 3.599973746636793 ], [ 98.527333746047844, 3.599906500564261 ], [ 98.527357481187039, 3.599883219929608 ], [ 98.527423968617938, 3.599817939355147 ], [ 98.527449766605059, 3.599792693602295 ], [ 98.527514191043238, 3.599729625329786 ], [ 98.52754224918462, 3.599702167365586 ], [ 98.527604413450035, 3.599641313657199 ], [ 98.527634735556575, 3.599611641118845 ], [ 98.52769463590883, 3.599552867353434 ], [ 98.527727085761143, 3.599521114789297 ], [ 98.527724381963793, 3.599430539030005 ], [ 98.527694714723552, 3.59939985932323 ], [ 98.527636752616772, 3.599339919110958 ], [ 98.52760458586593, 3.599306655399255 ], [ 98.527549122459249, 3.599249299185136 ], [ 98.527514457026953, 3.59921345071587 ], [ 98.527461491822322, 3.599158679252715 ], [ 98.527424328205569, 3.599120247306165 ], [ 98.527373288484853, 3.59906805901598 ], [ 98.527334198860828, 3.599028094640483 ], [ 98.527284423149965, 3.598977438428322 ], [ 98.527244069237071, 3.598936518314886 ], [ 98.527195010968853, 3.598886817549501 ], [ 98.527153939312043, 3.598845561125147 ], [ 98.527104784777947, 3.598796196240311 ], [ 98.527063809074932, 3.598755243786034 ], [ 98.527014366385202, 3.598705574824269 ], [ 98.526973678864991, 3.598664908155789 ], [ 98.526923698373224, 3.598614953271427 ], [ 98.526883548543097, 3.59857482400654 ], [ 98.526833030379152, 3.598524331711732 ], [ 98.52679341823891, 3.59848473985052 ], [ 98.526742361169255, 3.598433710144541 ], [ 98.526703287944557, 3.598394670977576 ], [ 98.526651679234789, 3.598343088563858 ], [ 98.526613157660179, 3.59830461708226 ], [ 98.526560981220882, 3.598252466967934 ], [ 98.526523027393992, 3.598214562282793 ], [ 98.526470284128621, 3.598161845365625 ], [ 98.526432897145952, 3.598124506581307 ], [ 98.526380530661328, 3.598071224248295 ], [ 98.526342767724998, 3.598032883486832 ], [ 98.526291619411978, 3.597980603563323 ], [ 98.526252638735258, 3.597940460255554 ], [ 98.526203838342298, 3.597889983461064 ], [ 98.526162510098175, 3.597847389301513 ], [ 98.526116032218098, 3.597799363339374 ], [ 98.526072381514055, 3.597754251139842 ], [ 98.526028446461538, 3.59770874332625 ], [ 98.525982253336437, 3.597660361506852 ], [ 98.525942172055068, 3.597618123990855 ], [ 98.52589212474048, 3.597567316904567 ], [ 98.525853056492693, 3.597527503167032 ], [ 98.525801987776546, 3.597490496994136 ], [ 98.525711820796843, 3.597471767672999 ], [ 98.525621645748643, 3.59746865185007 ], [ 98.525531466790312, 3.597473100086116 ], [ 98.525441295958828, 3.597461837862966 ], [ 98.525390805637201, 3.597436687552556 ], [ 98.52535114253746, 3.597416930510434 ], [ 98.525260989125499, 3.59737202375219 ], [ 98.52520878180303, 3.597346018152161 ], [ 98.5251708357235, 3.59732711650955 ], [ 98.525080682331051, 3.597282209610162 ], [ 98.52502675800848, 3.597255348719919 ], [ 98.524990528948479, 3.597237302346215 ], [ 98.524900375575442, 3.597192395436881 ], [ 98.524844733506498, 3.597164679255436 ], [ 98.524810231549736, 3.597129459127506 ], [ 98.524780405441945, 3.59707407130364 ], [ 98.524752215982815, 3.596983482245034 ], [ 98.524723827909284, 3.596892893082261 ], [ 98.524720184182215, 3.596879943551851 ], [ 98.524698337309658, 3.596802305434247 ], [ 98.524685091138551, 3.596711724188662 ], [ 98.524663928416118, 3.596621138803469 ], [ 98.524635401172944, 3.59653054956709 ], [ 98.524630200422692, 3.596507717881721 ], [ 98.524612134909447, 3.596439963081568 ], [ 98.524570217661221, 3.596349366842148 ], [ 98.524540152742219, 3.596258980065546 ], [ 98.524540008891719, 3.596258776725223 ], [ 98.524456948605319, 3.596168158964435 ], [ 98.524450027184642, 3.596160619739949 ], [ 98.524377597217708, 3.59607754313835 ], [ 98.524359904242544, 3.596057249432314 ], [ 98.524298375963554, 3.59598692737533 ], [ 98.524269781867801, 3.595952823064684 ], [ 98.524219726426082, 3.59589631190648 ], [ 98.524179659767171, 3.595847906689969 ], [ 98.524142556756445, 3.595805697207219 ], [ 98.524089534780458, 3.595748595549033 ], [ 98.52405825100368, 3.595715078767953 ], [ 98.523999406816145, 3.595655063440232 ], [ 98.523969315313252, 3.59562445789902 ], [ 98.52390927766524, 3.595563854319574 ], [ 98.523879515118864, 3.595533836570876 ], [ 98.523819148302849, 3.59547308740391 ], [ 98.523789454702253, 3.595443215099765 ], [ 98.52372901900668, 3.595382227143813 ], [ 98.523699653252933, 3.595352593757561 ], [ 98.523638889776052, 3.59529127500296 ], [ 98.523609852538456, 3.595261972409054 ], [ 98.523548760563628, 3.595200322137836 ], [ 98.5235200518417, 3.595171351053865 ], [ 98.523458631368271, 3.595109370766773 ], [ 98.523430249671407, 3.595080729691219 ], [ 98.523368502191545, 3.595018417896221 ], [ 98.523340449002163, 3.594990108322671 ], [ 98.523278373032682, 3.594927465018943 ], [ 98.523250647681067, 3.594899486947094 ], [ 98.523188243875467, 3.594836543286688 ], [ 98.523160799544357, 3.594808865540286 ], [ 98.523098114516458, 3.594746044398947 ], [ 98.523070396943382, 3.594718243836032 ], [ 98.523007985227039, 3.594655445778495 ], [ 98.522980332928228, 3.594627622302569 ], [ 98.522917856002195, 3.594564757097067 ], [ 98.522890271106093, 3.594537000763526 ], [ 98.5228277267435, 3.594474167793351 ], [ 98.522800085083048, 3.594446379152595 ], [ 98.522737597518855, 3.594383547196972 ], [ 98.522709972870402, 3.594355757573646 ], [ 98.522647468000386, 3.594293525985567 ], [ 98.522617934059525, 3.594265134976853 ], [ 98.522557336816419, 3.594206742072135 ], [ 98.522523503320201, 3.594174511117455 ], [ 98.522467205131818, 3.594120953802172 ], [ 98.5224282411925, 3.594083886814086 ], [ 98.522377073787695, 3.594034543502088 ], [ 98.522334365598169, 3.593993263231121 ], [ 98.522286942554203, 3.593947953349621 ], [ 98.522239333836438, 3.593902639033567 ], [ 98.522196810941082, 3.593862125684988 ], [ 98.522144012790704, 3.593812014676458 ], [ 98.522106679228571, 3.593776521674229 ], [ 98.52204848057616, 3.593721390200752 ], [ 98.522016547437687, 3.593691100750071 ], [ 98.521952847370017, 3.593630765664286 ], [ 98.521926415450238, 3.59360608986417 ], [ 98.521855404647908, 3.593540140169122 ], [ 98.521836282801658, 3.593522381179569 ], [ 98.521757822302035, 3.593449514592518 ], [ 98.521746150179695, 3.593438653296942 ], [ 98.521664178372262, 3.593358891078404 ], [ 98.521656019626917, 3.593350984147811 ], [ 98.521572660522551, 3.593268268674879 ], [ 98.521565890060103, 3.593261455328305 ], [ 98.52148291740977, 3.59317764719773 ], [ 98.521475761311706, 3.593170389295769 ], [ 98.521393716097506, 3.5930870259989 ], [ 98.521385632837877, 3.593078830628598 ], [ 98.521304417696172, 3.592996404742422 ], [ 98.521295504383943, 3.592987268155215 ], [ 98.521216235987467, 3.592905784066918 ], [ 98.521205376443902, 3.592894754202584 ], [ 98.521127038294367, 3.592815162850363 ], [ 98.521115248060639, 3.592803125153195 ], [ 98.52103824735471, 3.592724541841326 ], [ 98.5210251198652, 3.592711170300244 ], [ 98.520949251417733, 3.592633920717876 ], [ 98.5209349915974, 3.592619388730547 ], [ 98.52086029030859, 3.592543299606231 ], [ 98.520844863342461, 3.59252761696491 ], [ 98.520773899877298, 3.59245267984173 ], [ 98.520754736844239, 3.592432512032922 ], [ 98.520691503501567, 3.592362062174635 ], [ 98.520664613372531, 3.592331641657438 ], [ 98.520611933778895, 3.592271445990965 ], [ 98.520574490714537, 3.592229249284533 ], [ 98.520531550312114, 3.59218082937358 ], [ 98.520484367723611, 3.59212753269424 ], [ 98.520451349602723, 3.592090212847331 ], [ 98.520394247075714, 3.592021364959078 ], [ 98.520376316560188, 3.591999599039073 ], [ 98.520308997194874, 3.591908989291653 ], [ 98.52030413310699, 3.591902442381629 ], [ 98.520241677842293, 3.591818379540864 ], [ 98.520214020396267, 3.591781153474427 ], [ 98.520174358502459, 3.591727769786704 ], [ 98.52012390770841, 3.591659864561187 ], [ 98.520107039175386, 3.591637160029174 ], [ 98.52003971986106, 3.591546550268274 ], [ 98.520033795043389, 3.591538575641908 ], [ 98.519972400559482, 3.591455940504004 ], [ 98.519943682401205, 3.591417286716593 ], [ 98.51990508127065, 3.591365330736366 ], [ 98.519853568935517, 3.591297617725342 ], [ 98.519833396611531, 3.591274718662891 ], [ 98.519763440898103, 3.591205878064119 ], [ 98.519741446334535, 3.591184095895033 ], [ 98.51967331359829, 3.591112761458543 ], [ 98.519655019663418, 3.591093476034469 ], [ 98.519583186654287, 3.591018998958454 ], [ 98.519567488176477, 3.591002855584807 ], [ 98.519493058606685, 3.590927382396077 ], [ 98.519478040526693, 3.590912234117564 ], [ 98.519402930397661, 3.590836108863982 ], [ 98.519382937413596, 3.590821609658398 ], [ 98.519312789400402, 3.590769322590356 ], [ 98.519274129063177, 3.590730977955717 ], [ 98.519222660777089, 3.590678905500767 ], [ 98.519184557964309, 3.59064035640137 ], [ 98.519132532572627, 3.590587721644987 ], [ 98.519094986523683, 3.590549734840226 ], [ 98.519042403607301, 3.590498026098783 ], [ 98.519003020645115, 3.590459112007648 ], [ 98.518952273675154, 3.59041021174513 ], [ 98.518908980993075, 3.590368488072422 ], [ 98.518862143167922, 3.590323529171398 ], [ 98.518814629296728, 3.590277863964911 ], [ 98.518772012667483, 3.590236866266384 ], [ 98.518720397544172, 3.590187239913338 ], [ 98.518681882169531, 3.590150231258137 ], [ 98.518626069578204, 3.590096615803478 ], [ 98.518591751674251, 3.59006362379003 ], [ 98.51853176035192, 3.59000599169608 ], [ 98.518501621198567, 3.58997701148717 ], [ 98.518437543422309, 3.589915367630044 ], [ 98.518411490842595, 3.589890203273558 ], [ 98.518343757357002, 3.589824743784451 ], [ 98.518321360663322, 3.589803090462854 ], [ 98.518243547403117, 3.589734116533548 ], [ 98.518231226600321, 3.589723422176229 ], [ 98.518220154055143, 3.58973410415908 ], [ 98.518141005272568, 3.589810289953634 ], [ 98.518126099934008, 3.589824628647226 ], [ 98.518050783944972, 3.589897125077765 ], [ 98.518032054738214, 3.589915153127706 ], [ 98.517960562549703, 3.589984056958245 ], [ 98.517938111052203, 3.590005677649531 ], [ 98.517870341405413, 3.590070477886656 ], [ 98.517843413009643, 3.590096201759593 ], [ 98.517780121631631, 3.590154253947502 ], [ 98.51774472055186, 3.590186723741779 ], [ 98.517689902379885, 3.590237004000992 ], [ 98.517646028752679, 3.590277245710818 ], [ 98.517599683111698, 3.590319754791141 ], [ 98.517547336934314, 3.590367767666349 ], [ 98.517509463827466, 3.590402505570001 ], [ 98.517448645096749, 3.590458289608371 ], [ 98.517419244527204, 3.590485256337572 ], [ 98.517349953239972, 3.590548811536882 ], [ 98.517329025211112, 3.590568006651689 ], [ 98.51725125909303, 3.59063933345068 ], [ 98.517238805879614, 3.590650755753656 ], [ 98.517152567197869, 3.590729855352168 ], [ 98.517148586531206, 3.590733506487355 ], [ 98.517058367166754, 3.590816257209762 ], [ 98.517053875283494, 3.590820377240146 ], [ 98.516968147786258, 3.590899007920876 ], [ 98.516955254102925, 3.590910899152147 ], [ 98.516877927039403, 3.590984327439822 ], [ 98.516860372225338, 3.591001423034992 ], [ 98.516787704907415, 3.591072249868287 ], [ 98.516767552979104, 3.591091948000053 ], [ 98.516697482508292, 3.591160647555091 ], [ 98.516675213181344, 3.591182473207537 ], [ 98.5166072586876, 3.591251715059577 ], [ 98.516586373799711, 3.591273000261769 ], [ 98.516517034501121, 3.591343443809385 ], [ 98.51649731109633, 3.591363527186176 ], [ 98.516426810323082, 3.591435122210173 ], [ 98.516408077286329, 3.591454054008421 ], [ 98.516373381629734, 3.591544609796073 ], [ 98.516375930746435, 3.591635185369888 ], [ 98.516380529518415, 3.591725762032569 ], [ 98.516385127819504, 3.591816338694922 ], [ 98.516389726038483, 3.591906915357151 ], [ 98.516394324809568, 3.591997492019594 ], [ 98.516398923580383, 3.592088068681957 ], [ 98.516403521327902, 3.592178645343698 ], [ 98.51640812009812, 3.592269222005905 ], [ 98.516412718868068, 3.59235979866803 ], [ 98.516417317536082, 3.592450375330023 ], [ 98.516421915384072, 3.5925409519915 ], [ 98.516426184078568, 3.592625027554365 ], [ 98.516426514153125, 3.592631528653387 ], [ 98.516431112921893, 3.592722105315196 ], [ 98.516435710776577, 3.59281268197644 ], [ 98.516440309435581, 3.59290325863803 ], [ 98.516444908203468, 3.592993835299601 ], [ 98.516449506215409, 3.59308441196069 ], [ 98.516454104715407, 3.593174988621959 ], [ 98.516458703482428, 3.593265565283291 ], [ 98.516463301651612, 3.593356141944226 ], [ 98.516467899992634, 3.593446718605172 ], [ 98.516472498758787, 3.593537295266266 ], [ 98.516477097085229, 3.593627871927047 ], [ 98.516481695267245, 3.593718448587672 ], [ 98.516486294032518, 3.593809025248526 ], [ 98.51649089279752, 3.593899601909302 ], [ 98.516495490539242, 3.593990178569455 ], [ 98.516500089303648, 3.594080755230072 ], [ 98.516504688067769, 3.594171331890609 ], [ 98.516509286761149, 3.594261908551029 ], [ 98.516513884572177, 3.594352485210902 ], [ 98.516515434705752, 3.59438301644537 ], [ 98.516518483335417, 3.5944430618712 ], [ 98.516523082098388, 3.59453363853142 ], [ 98.516526871847418, 3.594624214761515 ], [ 98.516515264102608, 3.594707005610066 ], [ 98.516514292869303, 3.594714782290176 ], [ 98.516483784160997, 3.594805340286177 ], [ 98.516453144807798, 3.594895898210701 ], [ 98.516424944786849, 3.594978593949558 ], [ 98.516422265903344, 3.594986456005819 ], [ 98.516391444642196, 3.59507701382954 ], [ 98.516360736226986, 3.595167571711233 ], [ 98.516334628317097, 3.595244660858913 ], [ 98.516330067905372, 3.595258129612215 ], [ 98.516299414299567, 3.595348687518995 ], [ 98.516269287489322, 3.595439245703986 ], [ 98.516244311894368, 3.595510521853752 ], [ 98.516237571324126, 3.595529803041432 ], [ 98.516206449832225, 3.595620360693155 ], [ 98.516176052811545, 3.595710918728302 ], [ 98.516153995561197, 3.59577609630909 ], [ 98.516145395108964, 3.595801476622721 ], [ 98.516114362204931, 3.595892034315424 ], [ 98.516083321437421, 3.595982592001877 ], [ 98.516077461445505, 3.596073163089652 ], [ 98.516082200321506, 3.596163739818689 ], [ 98.516086939047014, 3.59625431654757 ], [ 98.516091677493122, 3.596344893276225 ], [ 98.516096416368327, 3.59643547000503 ], [ 98.516101155000783, 3.59652604673363 ], [ 98.516105893538395, 3.596616623462103 ], [ 98.51611063241279, 3.596707200190677 ], [ 98.516115370952164, 3.596797776918997 ], [ 98.516120109581266, 3.596888353647286 ], [ 98.516124848454908, 3.596978930375629 ], [ 98.516129586901187, 3.597069507103667 ], [ 98.516134325621806, 3.597160083831774 ], [ 98.516139064494638, 3.597250660559885 ], [ 98.516143802847864, 3.597341237287642 ], [ 98.516148541659973, 3.597431814015566 ], [ 98.516153076839146, 3.597518497446632 ], [ 98.516153280530702, 3.597522390743446 ], [ 98.516158018824257, 3.59761296747094 ], [ 98.516162757695781, 3.597703544198664 ], [ 98.516167496473443, 3.597794120926261 ], [ 98.516172234858502, 3.597884697653573 ], [ 98.516176973729245, 3.597975274381066 ], [ 98.516181712413825, 3.598065851108382 ], [ 98.516186450890373, 3.598156427835511 ], [ 98.516191189760335, 3.598247004562771 ], [ 98.516195928351848, 3.598337581289808 ], [ 98.5162006669199, 3.598428158016753 ], [ 98.51620540578908, 3.598518734743781 ], [ 98.516210144287527, 3.598609311470536 ], [ 98.516214882947082, 3.598699888197298 ], [ 98.516219621815466, 3.598790464924095 ], [ 98.516219247054991, 3.598881038927668 ], [ 98.516214247946081, 3.598971610468375 ], [ 98.516191166813528, 3.599062172378657 ], [ 98.51615224887999, 3.599088034919309 ], [ 98.516127346464927, 3.599062138386489 ], [ 98.516062121649455, 3.598994308030714 ], [ 98.516040206821245, 3.598971517766302 ], [ 98.515971994436654, 3.598900582277868 ], [ 98.515953065446809, 3.598880897138979 ], [ 98.51588186724311, 3.598806854797949 ], [ 98.51586607079787, 3.598790276583636 ], [ 98.515791740444598, 3.598712413820326 ], [ 98.515779594181453, 3.598699656298207 ], [ 98.515701613781403, 3.598617751534308 ], [ 98.515693316150418, 3.598609036112536 ], [ 98.515611487136766, 3.598523089123367 ], [ 98.515607035249531, 3.598518415919267 ], [ 98.515521360499477, 3.598428447821164 ], [ 98.515520736068737, 3.59842779571018 ], [ 98.515433959659632, 3.598337175240511 ], [ 98.515431233605156, 3.598334327995347 ], [ 98.5153471861329, 3.598246554766228 ], [ 98.51534110673046, 3.598240205867912 ], [ 98.515261235023345, 3.598155934724542 ], [ 98.515250980389169, 3.598145109215566 ], [ 98.515174895656983, 3.598065314469682 ], [ 98.515160853760406, 3.598050591598431 ], [ 98.515088315091944, 3.597974694080035 ], [ 98.515070727031826, 3.597956297676985 ], [ 98.5150013825088, 3.597884073496393 ], [ 98.514980600092414, 3.597862437369265 ], [ 98.514914436323039, 3.597793452899318 ], [ 98.514890473228917, 3.597768468204694 ], [ 98.514827221263815, 3.59770283215252 ], [ 98.514800346143957, 3.597674952527839 ], [ 98.514739939679316, 3.597612211363986 ], [ 98.514710219122421, 3.597581351485003 ], [ 98.51465245204254, 3.597521590459179 ], [ 98.514620091920918, 3.597488125217907 ], [ 98.514564909204282, 3.597430969518627 ], [ 98.514529964795599, 3.597394789447469 ], [ 98.514477401347037, 3.597340348590495 ], [ 98.514439837687817, 3.597301455070003 ], [ 98.514390537846509, 3.597249728000381 ], [ 98.514349711247846, 3.597206893505386 ], [ 98.514304294237377, 3.597159107735369 ], [ 98.514259584965572, 3.59711206898898 ], [ 98.514217987792321, 3.597068487430723 ], [ 98.514169458485313, 3.597017653317819 ], [ 98.514131626709116, 3.596977867090806 ], [ 98.514079332208865, 3.596922887642102 ], [ 98.514045373639917, 3.596887246802564 ], [ 98.513989205856092, 3.596828300988518 ], [ 98.513959020446876, 3.596796626454732 ], [ 98.513899079509244, 3.596733738001194 ], [ 98.513872605680405, 3.596706006067902 ], [ 98.513808953101304, 3.596639325175939 ], [ 98.513786108529871, 3.596615385630929 ], [ 98.513718826730454, 3.596544877125635 ], [ 98.513699631938124, 3.596524765198863 ], [ 98.513628700369892, 3.59645044448326 ], [ 98.513613164666637, 3.596434144765696 ], [ 98.513538574102867, 3.59635587015674 ], [ 98.513526799125898, 3.596343524380881 ], [ 98.513448447796989, 3.596261403969395 ], [ 98.513440372942043, 3.596252903957544 ], [ 98.513358321709376, 3.596166560912223 ], [ 98.51335424804914, 3.596162283689403 ], [ 98.513268195527203, 3.596071931072996 ], [ 98.513267940514808, 3.596071663317456 ], [ 98.513181632997444, 3.595981042939462 ], [ 98.513178069363505, 3.595977301227174 ], [ 98.513095323494781, 3.595890422554348 ], [ 98.51308794320795, 3.595882690835775 ], [ 98.513008657011966, 3.595799801971979 ], [ 98.512997816864413, 3.595788469545388 ], [ 98.512922286155032, 3.595709181541858 ], [ 98.512907690784161, 3.595693786801102 ], [ 98.512836369691854, 3.595618561349125 ], [ 98.512817564821916, 3.595598916537567 ], [ 98.512747818134059, 3.595527939738378 ], [ 98.512727437541102, 3.595506565065075 ], [ 98.512661412197289, 3.595437319271127 ], [ 98.512637311431163, 3.595412042310048 ], [ 98.512575006967182, 3.595346698798184 ], [ 98.512547185331385, 3.595317535166819 ], [ 98.512488586977312, 3.595256078311262 ], [ 98.512457059201282, 3.595223119838606 ], [ 98.512402070419327, 3.595165457766492 ], [ 98.512366933075853, 3.595128730415215 ], [ 98.512315532922287, 3.595074837204411 ], [ 98.512276806956748, 3.595034363794478 ], [ 98.512228972067746, 3.594984216623713 ], [ 98.512186680842632, 3.594940022409352 ], [ 98.512142389415942, 3.594893596025231 ], [ 98.512096554733745, 3.594845705866711 ], [ 98.512055784956857, 3.594802975408958 ], [ 98.512006428631949, 3.594751410608746 ], [ 98.51196915913691, 3.594712354775126 ], [ 98.511916302535681, 3.594657139613517 ], [ 98.511882512932416, 3.594621734124255 ], [ 98.511826176446021, 3.594562890776926 ], [ 98.511795844810749, 3.59453111345552 ], [ 98.511736050362202, 3.594468665575085 ], [ 98.511709160405488, 3.594440492771935 ], [ 98.511645924287066, 3.594374458597045 ], [ 98.511620147607928, 3.594349870832089 ], [ 98.51155579408325, 3.594288047880647 ], [ 98.511526324107294, 3.594259246302369 ], [ 98.511465664578239, 3.594200355716185 ], [ 98.511433509690946, 3.594168622307298 ], [ 98.511375536320742, 3.594110351573375 ], [ 98.511343576246418, 3.594077999852691 ], [ 98.511285408626989, 3.594019321338169 ], [ 98.511254236401314, 3.593987377710358 ], [ 98.511195282091862, 3.593926147917488 ], [ 98.511167012736507, 3.593896756698614 ], [ 98.511105155856811, 3.593832445032633 ], [ 98.511079850141726, 3.593806135713497 ], [ 98.511015029638813, 3.59373874447298 ], [ 98.510992686579698, 3.593715514721681 ], [ 98.510924903440369, 3.593645041574929 ], [ 98.510905524166787, 3.593624893724301 ], [ 98.510834776878667, 3.593552055082424 ], [ 98.510817484394138, 3.593534272249003 ], [ 98.510744650196528, 3.59345932879503 ], [ 98.510729417965948, 3.593443650753046 ], [ 98.510654523836493, 3.593366031998103 ], [ 98.510641959363326, 3.593353029577679 ], [ 98.510564396937184, 3.593273781426169 ], [ 98.510553267402528, 3.593262407732624 ], [ 98.510474269688686, 3.593182219933264 ], [ 98.510463990181904, 3.593171785566261 ], [ 98.510384142407602, 3.59309075324922 ], [ 98.510374692020463, 3.593081163382099 ], [ 98.510306272335683, 3.592990552427638 ], [ 98.510294029795745, 3.592971804080908 ], [ 98.510247107268299, 3.592899946450703 ], [ 98.510203927355448, 3.592833820287427 ], [ 98.510187942211886, 3.592809340471347 ], [ 98.510128777166457, 3.592718734489568 ], [ 98.510113824940603, 3.592695836488328 ], [ 98.510069612132, 3.592628128505367 ], [ 98.510023722551225, 3.592557852683612 ], [ 98.510010447108542, 3.592537522518743 ], [ 98.50995128209604, 3.5924469165297 ], [ 98.509933620187311, 3.592419868873283 ], [ 98.509892117094523, 3.592356310538236 ], [ 98.50984351784885, 3.592281885057336 ], [ 98.509832952103977, 3.59226570454435 ], [ 98.509773789401422, 3.592175098549271 ], [ 98.509753415537702, 3.592143897752829 ], [ 98.509714624432817, 3.592084492550545 ], [ 98.509663313250158, 3.592005913925657 ], [ 98.509655459475212, 3.591993886549401 ], [ 98.509596294528578, 3.591903280545834 ], [ 98.509573210988052, 3.591867930092875 ], [ 98.509537129592914, 3.591812674539852 ], [ 98.509483108751411, 3.591729946254482 ], [ 98.509477964668221, 3.591722068531449 ], [ 98.509418799754513, 3.591631462520627 ], [ 98.509393006695376, 3.591591671789619 ], [ 98.509361167431507, 3.591540857333424 ], [ 98.509302901812703, 3.591458738769432 ], [ 98.509295997875398, 3.5914502480811 ], [ 98.509236715439101, 3.591359641999421 ], [ 98.509212804031449, 3.591312554456471 ], [ 98.509189045723815, 3.591269042176174 ], [ 98.509144305506268, 3.591178443931039 ], [ 98.509122712221838, 3.591155239701903 ], [ 98.509059967962088, 3.591087824332856 ], [ 98.509032587509594, 3.591059570925986 ], [ 98.508972105103723, 3.590997202827662 ], [ 98.508942461367383, 3.590966613420997 ], [ 98.508884246784234, 3.590906581318636 ], [ 98.508852335245862, 3.590873651185023 ], [ 98.508796328455574, 3.590815959770957 ], [ 98.508762209075144, 3.590780814992867 ], [ 98.508707688638523, 3.590725337827692 ], [ 98.508672082314817, 3.590689115759139 ], [ 98.508618599003626, 3.590634715635269 ], [ 98.508581955561212, 3.590597437503277 ], [ 98.508529517131279, 3.590544093440552 ], [ 98.508491828823608, 3.590505762884802 ], [ 98.508440413346733, 3.590453471227526 ], [ 98.508401702099633, 3.590414096341765 ], [ 98.508351312271458, 3.590362849009479 ], [ 98.508311575212559, 3.590322768308558 ], [ 98.508261452955153, 3.5902722263755 ], [ 98.508221448179938, 3.590231745728737 ], [ 98.508171777519522, 3.590181603834222 ], [ 98.508131320996299, 3.590141038772703 ], [ 98.50808139707371, 3.590090980905539 ], [ 98.508041193691938, 3.590050590580763 ], [ 98.507991390573309, 3.590000358172183 ], [ 98.507951066482008, 3.589959999150675 ], [ 98.50790068877609, 3.589909735056497 ], [ 98.507860939056286, 3.589869843999816 ], [ 98.507810386960088, 3.58981911215022 ], [ 98.507770811404399, 3.589780144291825 ], [ 98.507717897642721, 3.589728488054881 ], [ 98.507680681305459, 3.589695047426634 ], [ 98.507614852519211, 3.589637858245892 ], [ 98.507590548708919, 3.589614645548527 ], [ 98.507500381731603, 3.589598459413756 ], [ 98.507410205751668, 3.589599085304477 ], [ 98.507320019953426, 3.589618036190981 ], [ 98.50723535877205, 3.58963765300597 ], [ 98.507229833100496, 3.589638950224058 ], [ 98.507139646262516, 3.589659830851474 ], [ 98.507049459412698, 3.589680728107749 ], [ 98.506959282037101, 3.589683952330731 ], [ 98.50686912255577, 3.589653814426665 ], [ 98.506826170763176, 3.58963743152947 ], [ 98.506778965361505, 3.58961942612382 ], [ 98.506688804048025, 3.589592729823944 ], [ 98.506633720998934, 3.58954675320853 ], [ 98.506598669914183, 3.589515395817778 ], [ 98.506532416199349, 3.589456124236921 ], [ 98.506508537566873, 3.589434761948206 ], [ 98.506431111704671, 3.589365495256787 ], [ 98.506418405235777, 3.589354127799568 ], [ 98.506329807230273, 3.589274866267976 ], [ 98.506328272920726, 3.589273493644061 ], [ 98.506238140621775, 3.589192859442087 ], [ 98.506228502825991, 3.589184237270513 ], [ 98.50623817610284, 3.589126781324749 ], [ 98.50624378963721, 3.589093671469036 ], [ 98.506265574548493, 3.589003109188724 ], [ 98.506284305531366, 3.588912545251989 ], [ 98.506280681907981, 3.58882196919916 ], [ 98.5062507993309, 3.588731378914821 ], [ 98.506238408570113, 3.588693815800029 ], [ 98.506220916758608, 3.588640788630138 ], [ 98.506191034567294, 3.588550198345317 ], [ 98.506161152422393, 3.588459608060176 ], [ 98.506148379584303, 3.588420886642767 ], [ 98.506131269864497, 3.588369017774466 ], [ 98.506101387311389, 3.588278427488413 ], [ 98.506071504763071, 3.588187837202018 ], [ 98.506058350640743, 3.588147959885082 ], [ 98.506037296971598, 3.588097244570498 ], [ 98.505998596825833, 3.58800664950294 ], [ 98.505968287935772, 3.587937977342129 ], [ 98.505947889868082, 3.587916047924737 ], [ 98.505878164519501, 3.587841088055721 ], [ 98.50586361579559, 3.587825428143171 ], [ 98.505788041493688, 3.587743506962185 ], [ 98.505780033326104, 3.587734808731018 ], [ 98.505697918782417, 3.587645375695041 ], [ 98.505696831400911, 3.587644189519713 ], [ 98.505609105613772, 3.587553567848688 ], [ 98.505607793389174, 3.58755227043664 ], [ 98.505518007104129, 3.587462944341425 ], [ 98.505517666168743, 3.587462598495064 ], [ 98.505427523228917, 3.587402200775789 ], [ 98.505337361929378, 3.587375973441278 ], [ 98.50533073798232, 3.58737226863254 ], [ 98.505247228133427, 3.587298612826567 ], [ 98.505228058335263, 3.587281638816239 ], [ 98.505157095668636, 3.587218806029102 ], [ 98.505127343828264, 3.587191010058026 ], [ 98.505066965587119, 3.587134598292117 ], [ 98.505033209375981, 3.587100384864705 ], [ 98.504976839362484, 3.58704325272322 ], [ 98.504943200021884, 3.587009761904629 ], [ 98.504886712266057, 3.586953560517916 ], [ 98.504851963261672, 3.586919138271166 ], [ 98.504796584965291, 3.586864280709834 ], [ 98.504760478353404, 3.586828514496054 ], [ 98.50470645768155, 3.586775001798321 ], [ 98.504668994322586, 3.586737890714558 ], [ 98.504616330415132, 3.586685723279343 ], [ 98.504577509040942, 3.586647266925518 ], [ 98.504526203166932, 3.586596443451308 ], [ 98.50448602408612, 3.586556643129794 ], [ 98.50443607583685, 3.586507348184415 ], [ 98.504394123326051, 3.586466019101147 ], [ 98.50434594833348, 3.586418607159052 ], [ 98.504301875800692, 3.586375394877009 ], [ 98.504255820589819, 3.586330344523715 ], [ 98.504208729894842, 3.586284770157294 ], [ 98.504165692273148, 3.586243177685217 ], [ 98.504118893420113, 3.586194147230554 ], [ 98.50407556809445, 3.586148363455146 ], [ 98.50403266725273, 3.586103526261316 ], [ 98.50398544376452, 3.586053864074193 ], [ 98.503945843642754, 3.586012904961034 ], [ 98.50389531925579, 3.585959730537695 ], [ 98.503859132567939, 3.585922283715918 ], [ 98.50380519413072, 3.58586677426818 ], [ 98.503770724364003, 3.585831661541066 ], [ 98.503715068089079, 3.58577555153508 ], [ 98.503680794745833, 3.585741038531701 ], [ 98.503624941813868, 3.585684795034362 ], [ 98.503590800165824, 3.585650415480382 ], [ 98.503534815555952, 3.585594039367121 ], [ 98.503500806443938, 3.585559792422933 ], [ 98.503444689316268, 3.585503282849916 ], [ 98.503410812739787, 3.585469169358894 ], [ 98.503354563088365, 3.585412537439915 ], [ 98.503320803856695, 3.585378546279993 ], [ 98.50326443673913, 3.585322049775852 ], [ 98.503230378075685, 3.585287922967376 ], [ 98.503174310304061, 3.585231753983658 ], [ 98.503084120496638, 3.5852588931316 ], [ 98.503055077797171, 3.585287827451495 ], [ 98.502993896943025, 3.585348528509844 ], [ 98.502963747719463, 3.585378351725713 ], [ 98.502903673395451, 3.58543812022496 ], [ 98.502872756264622, 3.585468876172718 ], [ 98.502813449724385, 3.585527908097879 ], [ 98.502781810681611, 3.585559400632987 ], [ 98.502723226025225, 3.585617715422249 ], [ 98.502690867300743, 3.585649925082716 ], [ 98.502633002308059, 3.585707523504654 ], [ 98.502599923902011, 3.585740449520692 ], [ 98.502542778663198, 3.585797165255795 ], [ 98.502508816035004, 3.585830973857185 ], [ 98.502452554659712, 3.585887437965094 ], [ 98.502419171482373, 3.585921498980518 ], [ 98.502362330829698, 3.585977357075597 ], [ 98.502326062022703, 3.586012022200999 ], [ 98.50227210820691, 3.586065011375352 ], [ 98.502233662383219, 3.586102545796793 ], [ 98.502181885174053, 3.586153392091003 ], [ 98.50214196751466, 3.58619306976539 ], [ 98.502091661750953, 3.586242462215349 ], [ 98.502048796467264, 3.586283592915751 ], [ 98.502001440083632, 3.586328255482642 ], [ 98.501952516321751, 3.586374114355236 ], [ 98.501911218597499, 3.586413683192195 ], [ 98.501858261862523, 3.586464636888684 ], [ 98.501820996433821, 3.586500331733038 ], [ 98.501763757902879, 3.586555159273251 ], [ 98.501730774072769, 3.586587313589164 ], [ 98.501671113471915, 3.586645682661833 ], [ 98.501640551277703, 3.586675065492873 ], [ 98.501576967142142, 3.586736205217031 ], [ 98.501550328987378, 3.586761853985685 ], [ 98.50148312361074, 3.586826727925348 ], [ 98.501460106419984, 3.586849122628364 ], [ 98.501390112397161, 3.586917251076558 ], [ 98.501369883537791, 3.58693694076604 ], [ 98.501298162190366, 3.587007774796077 ], [ 98.501279659859776, 3.587026195484753 ], [ 98.501207132596491, 3.587098299007437 ], [ 98.501189435925099, 3.587115891418662 ], [ 98.501115964485734, 3.587188823131202 ], [ 98.50109921204573, 3.587205452912393 ], [ 98.501024770834547, 3.587279347229181 ], [ 98.501008988149067, 3.58729501396208 ], [ 98.500933612295725, 3.587369871334577 ], [ 98.500918764215655, 3.587384610397589 ], [ 98.500843083293518, 3.587460395772979 ], [ 98.500828539922679, 3.587474837212601 ], [ 98.500752338158236, 3.587550920081316 ], [ 98.500738316149992, 3.587564072673386 ], [ 98.500655833350947, 3.587641441221918 ], [ 98.500648094861148, 3.58764870006054 ], [ 98.500557904281791, 3.587676732844129 ], [ 98.50046770038837, 3.587729276448464 ], [ 98.500463469416502, 3.587731909806465 ], [ 98.500377494529474, 3.587785421421321 ], [ 98.500318074493407, 3.587822404101748 ], [ 98.500287288661085, 3.587841565019549 ], [ 98.500197084654033, 3.587894263960431 ], [ 98.500165029928567, 3.587912894173588 ], [ 98.500106880785239, 3.58794669098562 ], [ 98.500016678223659, 3.587996695597304 ], [ 98.499926520467895, 3.587964266380283 ], [ 98.499872687334744, 3.587912733766573 ], [ 98.499836391998045, 3.587877989479802 ], [ 98.499778015662386, 3.587822107798731 ], [ 98.499746263545191, 3.587791712572621 ], [ 98.499656114926353, 3.587742543907583 ], [ 98.499565934565041, 3.587751745297001 ], [ 98.499486490600148, 3.587731373722638 ], [ 98.499475772728687, 3.587726898374469 ], [ 98.49938563243002, 3.587662484562665 ], [ 98.499366929261598, 3.587640734048973 ], [ 98.499338011927463, 3.587550144165917 ], [ 98.499297685061933, 3.587459548014034 ], [ 98.499295570643554, 3.587453839586821 ], [ 98.499259447059828, 3.587368953009022 ], [ 98.499224712244782, 3.587278359928186 ], [ 98.49920550618549, 3.587250168022518 ], [ 98.499148097879313, 3.58718774383326 ], [ 98.499115385065849, 3.58715064334905 ], [ 98.499068196338314, 3.587097125927159 ], [ 98.499025265425701, 3.587048436739126 ], [ 98.498988295449848, 3.587006508016439 ], [ 98.498935145805618, 3.586946229453753 ], [ 98.498908394576873, 3.586915890100753 ], [ 98.498845026204691, 3.586844023060615 ], [ 98.498828492902732, 3.586825272179649 ], [ 98.498778555192914, 3.586734670730554 ], [ 98.49875493776068, 3.58668465501683 ], [ 98.498735775026176, 3.586644073215956 ], [ 98.49869299593054, 3.586553475700945 ], [ 98.498664866442027, 3.586493904577138 ], [ 98.49865021577871, 3.586462878184349 ], [ 98.498622877147014, 3.586372289159599 ], [ 98.498600140437901, 3.58628170266569 ], [ 98.498586499381389, 3.586191121174362 ], [ 98.498574873148684, 3.58616000822937 ], [ 98.498553259441934, 3.586100528903319 ], [ 98.498548111975325, 3.586009952083635 ], [ 98.498509278541476, 3.585919356735612 ], [ 98.498519023617973, 3.585828788107442 ], [ 98.498549478136894, 3.585738230868655 ], [ 98.498521815040249, 3.58564764166542 ], [ 98.498493684115061, 3.585557052204621 ], [ 98.498485041668161, 3.585529221101227 ], [ 98.498465553194293, 3.585466462743557 ], [ 98.498437423160922, 3.585375873282711 ], [ 98.498409292248994, 3.585285283821115 ], [ 98.498395024505996, 3.58523933766357 ], [ 98.49838116134147, 3.585194694359255 ], [ 98.498353030850268, 3.585104104897353 ], [ 98.498324900422631, 3.585013515435218 ], [ 98.498305007389007, 3.584949454223191 ], [ 98.498296769528338, 3.584922925972559 ], [ 98.498268638995185, 3.584832336509833 ], [ 98.498240508635973, 3.584741747046932 ], [ 98.498214990317209, 3.584659570780094 ], [ 98.498212377754925, 3.584651157583476 ], [ 98.498184247179836, 3.584560568119922 ], [ 98.498156116889021, 3.584469978656256 ], [ 98.498127986021188, 3.584379389192006 ], [ 98.498124973290572, 3.58436968733428 ], [ 98.498099855404163, 3.584288799727625 ], [ 98.498071725181759, 3.584198210263195 ], [ 98.498043594327171, 3.584107620798149 ], [ 98.498034956309098, 3.584079803885753 ], [ 98.498015463668182, 3.584017031332944 ], [ 98.497987333514189, 3.583926441867749 ], [ 98.497959202672831, 3.583835852401909 ], [ 98.497944939372772, 3.583789920434513 ], [ 98.497931071971905, 3.58374526293588 ], [ 98.497902941886309, 3.583654673469921 ], [ 98.497874811058168, 3.583564084003287 ], [ 98.497854922481608, 3.583500036980564 ], [ 98.497846680315291, 3.583473494536434 ], [ 98.497818550298106, 3.583382905069713 ], [ 98.497790419483195, 3.583292315602287 ], [ 98.497764905635577, 3.583210153523908 ], [ 98.497762288698368, 3.583201726134609 ], [ 98.49773415874958, 3.583111136667125 ], [ 98.497706027947899, 3.583020547198906 ], [ 98.497677897150609, 3.582929957730423 ], [ 98.497674888834851, 3.582920269761044 ], [ 98.497649767240716, 3.582839368262163 ], [ 98.497621636452251, 3.582748778793151 ], [ 98.497593505668206, 3.582658189323877 ], [ 98.4975848720794, 3.582630385731457 ], [ 98.497565375771515, 3.582567599854824 ], [ 98.497537244996266, 3.582477010385023 ], [ 98.497511411072409, 3.582386422179608 ], [ 98.497494855369055, 3.58234050169917 ], [ 98.497480984341976, 3.582295831445112 ], [ 98.497470200362471, 3.582205251526165 ], [ 98.497460352439901, 3.582114672122622 ], [ 98.49746860791052, 3.582024102686863 ], [ 98.497476864239871, 3.581933533251094 ], [ 98.49748511909506, 3.581842963814034 ], [ 98.49749195134315, 3.58175239359331 ], [ 98.497495200276788, 3.581708079127746 ], [ 98.497498544890774, 3.581661823240761 ], [ 98.497495233881963, 3.581646454686629 ], [ 98.497478616363807, 3.581571238287427 ], [ 98.497463244400365, 3.581480655842507 ], [ 98.497444188852285, 3.581390071369683 ], [ 98.497411718348971, 3.581299479511368 ], [ 98.497405258218208, 3.581281456998077 ], [ 98.497379245895686, 3.581208887651547 ], [ 98.49734677540296, 3.581118295792372 ], [ 98.497315220536592, 3.581030263793088 ], [ 98.497314302960277, 3.58102770393169 ], [ 98.497281832478151, 3.580937112071654 ], [ 98.497249360046069, 3.580846520210112 ], [ 98.497225182897921, 3.580779066530179 ], [ 98.497216889574531, 3.580755928349216 ], [ 98.497184417153051, 3.580665336486813 ], [ 98.4971519466921, 3.580574744625058 ], [ 98.497135145300064, 3.580527869110083 ], [ 98.497119476236449, 3.580484152762873 ], [ 98.497087003830856, 3.580393560899182 ], [ 98.497054533385793, 3.580302969036138 ], [ 98.497045107742068, 3.580276673267405 ], [ 98.497022060990787, 3.580212377171587 ], [ 98.496989590556311, 3.580121785307684 ], [ 98.496957118171892, 3.580031193442274 ], [ 98.496955070223535, 3.580025479705746 ], [ 98.496924647748017, 3.579940601577514 ], [ 98.496892177329443, 3.579850009712323 ], [ 98.496865032748289, 3.579774281382252 ], [ 98.496859704960897, 3.579759417845627 ], [ 98.49682723455291, 3.579668825979577 ], [ 98.496794762194952, 3.579578234112024 ], [ 98.496774995312791, 3.579523084842449 ], [ 98.496760770700789, 3.579487641407023 ], [ 98.496721308790569, 3.579397045687284 ], [ 98.496684933876381, 3.579315933677304 ], [ 98.496680680486321, 3.579306449324027 ], [ 98.496640052399002, 3.579215852960031 ], [ 98.496599424326106, 3.579125256595185 ], [ 98.496594869027234, 3.579115098475935 ], [ 98.496558797367783, 3.579034660230096 ], [ 98.496518168193845, 3.578944063862929 ], [ 98.496504804212691, 3.578914262752257 ], [ 98.496478624747866, 3.578853468093351 ], [ 98.496439272714724, 3.57876287242849 ], [ 98.496414741315022, 3.578709979407575 ], [ 98.496397445281829, 3.578672275398279 ], [ 98.496347507882035, 3.578581673896192 ], [ 98.4963246536946, 3.578551030346277 ], [ 98.496279928246977, 3.578491062665622 ], [ 98.496234545275243, 3.578430213370427 ], [ 98.496212348608353, 3.578400451431751 ], [ 98.49614476237268, 3.578309840190941 ], [ 98.496144436870139, 3.578309411731736 ], [ 98.496076479671373, 3.578219228562705 ], [ 98.49605432764983, 3.57819014360506 ], [ 98.496005119773358, 3.578128615233709 ], [ 98.495964215424777, 3.578076415260896 ], [ 98.495936004376034, 3.578038003139153 ], [ 98.495874348463673, 3.577947395156653 ], [ 98.495874111768458, 3.577947047303229 ], [ 98.495812693242144, 3.57785678717191 ], [ 98.495784009800531, 3.577814634229337 ], [ 98.495751038807398, 3.577766179184978 ], [ 98.495693907857159, 3.57768222091995 ], [ 98.49568938292937, 3.577675571194624 ], [ 98.495627727062811, 3.577584963201653 ], [ 98.495603805937321, 3.577549809280178 ], [ 98.495566071207676, 3.577494355206065 ], [ 98.49551370404194, 3.577417397634817 ], [ 98.495504415363996, 3.57740374720786 ], [ 98.495442761665842, 3.577313139208216 ], [ 98.495423602172693, 3.577284982851338 ], [ 98.495381105845055, 3.577222531204778 ], [ 98.495333500326169, 3.577152571194801 ], [ 98.495319450035694, 3.577131923198726 ], [ 98.495257737858424, 3.577041315158921 ], [ 98.495243398504087, 3.577020159532679 ], [ 98.495193933584176, 3.576950705961011 ], [ 98.495153294859236, 3.576891124047193 ], [ 98.495132024376531, 3.576860097807009 ], [ 98.4950717879439, 3.576769490574421 ], [ 98.495063194253177, 3.5767565789706 ], [ 98.495011534493287, 3.576678883329961 ], [ 98.494973094199622, 3.576621069594014 ], [ 98.494951289833381, 3.576588276087885 ], [ 98.494891063481887, 3.576497668853454 ], [ 98.494882994171959, 3.57648555840882 ], [ 98.494830804325503, 3.576407061598426 ], [ 98.494792894166082, 3.576350052946274 ], [ 98.494770554232019, 3.576316454345937 ], [ 98.494710331409436, 3.576225847106048 ], [ 98.494702794193941, 3.576214531325518 ], [ 98.494650094277389, 3.576135239855782 ], [ 98.494612694231506, 3.576079037497081 ], [ 98.494589786222662, 3.57604463256384 ], [ 98.494529598867189, 3.575954025336154 ], [ 98.494522594314859, 3.575943505487856 ], [ 98.494469384537169, 3.57586341809109 ], [ 98.494432494397657, 3.575808019963902 ], [ 98.49440901134713, 3.575772810755714 ], [ 98.494348867582929, 3.575682203544737 ], [ 98.494342394535906, 3.575672478694724 ], [ 98.494288588596788, 3.575591596256511 ], [ 98.494252294618136, 3.575537085087376 ], [ 98.494228236840925, 3.575500988925565 ], [ 98.494168127397202, 3.575410381726183 ], [ 98.494162194849153, 3.575401465366138 ], [ 98.494107785475364, 3.575319774395732 ], [ 98.494072094961382, 3.575266107838831 ], [ 98.494046810859771, 3.575229166712736 ], [ 98.493981962568171, 3.575190097788902 ], [ 98.493922065499376, 3.575229097682989 ], [ 98.493891756318504, 3.575248832449489 ], [ 98.493801550057327, 3.575307568498398 ], [ 98.4937830798943, 3.575319594696569 ], [ 98.49371134378616, 3.575366303137759 ], [ 98.493645587559897, 3.575410092511889 ], [ 98.493621136732216, 3.575426445166241 ], [ 98.49353092914761, 3.5754875341601 ], [ 98.493508637792942, 3.575500590603064 ], [ 98.493440726277342, 3.575540012079995 ], [ 98.493350527208889, 3.575585546349417 ], [ 98.493339583969302, 3.575591070880588 ], [ 98.493260328131711, 3.575631082001019 ], [ 98.493170129047357, 3.575676616250012 ], [ 98.493160364688777, 3.575681545486934 ], [ 98.493079929954675, 3.575722151113704 ], [ 98.492989730853978, 3.575767686109742 ], [ 98.492981145711013, 3.575772020053134 ], [ 98.492899531745735, 3.575813220328086 ], [ 98.492809332629534, 3.575858754536213 ], [ 98.492801924173662, 3.575862494577599 ], [ 98.492719133504622, 3.575904290126519 ], [ 98.492628934372505, 3.575949824314211 ], [ 98.492622704906836, 3.575952969063006 ], [ 98.492538735232074, 3.575995359144067 ], [ 98.492448536083643, 3.576040894051339 ], [ 98.492443485834812, 3.576043443508199 ], [ 98.492358336927651, 3.576086428208378 ], [ 98.492268137762963, 3.576131963717518 ], [ 98.492264266731382, 3.576133917913053 ], [ 98.492177938591041, 3.576177497884195 ], [ 98.492087739411176, 3.576223032010576 ], [ 98.492085044924394, 3.576224392276077 ], [ 98.491997540222599, 3.576268567519134 ], [ 98.491907341026817, 3.576314101625075 ], [ 98.491905825675857, 3.576314866600193 ], [ 98.491817141823091, 3.576359635720796 ], [ 98.49172694261064, 3.576405171196082 ], [ 98.491726606478181, 3.576405340884006 ], [ 98.491636743390998, 3.576450705273972 ], [ 98.49154738449468, 3.576495815125937 ], [ 98.491546544163384, 3.576496239345561 ], [ 98.491456344927059, 3.576541774786263 ], [ 98.491368165234164, 3.576586289329043 ], [ 98.491366145683543, 3.576587308830877 ], [ 98.491275946431671, 3.576632843581737 ], [ 98.491188945942255, 3.576676763491794 ], [ 98.491185747171869, 3.576678378281833 ], [ 98.491095547904479, 3.576723912295781 ], [ 98.491009726485231, 3.57676723761411 ], [ 98.491005348628363, 3.576769447691899 ], [ 98.490915153386709, 3.576807656008802 ], [ 98.490824966484141, 3.576830740532859 ], [ 98.490734789521113, 3.576835809682558 ], [ 98.490644612557688, 3.576840880042941 ], [ 98.490554435594206, 3.576845950962788 ], [ 98.490464258632315, 3.576851019516863 ], [ 98.490374081669387, 3.57685609041863 ], [ 98.490350001265313, 3.576857443895977 ], [ 98.490283904708036, 3.576861158954624 ], [ 98.490193727745634, 3.57686622983831 ], [ 98.490103550784823, 3.576871298356224 ], [ 98.490013373822975, 3.576876369221829 ], [ 98.489923196862719, 3.576881437721664 ], [ 98.489833019901411, 3.576886508569186 ], [ 98.489742842941681, 3.57689157705094 ], [ 98.489652665980927, 3.576896647880383 ], [ 98.48956248902175, 3.576901716344056 ], [ 98.489501359514492, 3.576947544185993 ], [ 98.48948349875181, 3.577038108089771 ], [ 98.48947426494847, 3.577128676811518 ], [ 98.489472177961957, 3.577149146779813 ], [ 98.489465031142089, 3.577219245532732 ], [ 98.489455797332624, 3.577309814253415 ], [ 98.489446567262533, 3.577400382975655 ], [ 98.489437378860345, 3.577490951720645 ], [ 98.489428255674881, 3.577581520501543 ], [ 98.489382258284621, 3.57767206867817 ], [ 98.489381714058084, 3.57767262355145 ], [ 98.489293106056522, 3.57776259273324 ], [ 98.489291489113796, 3.577764234556296 ], [ 98.489204721134868, 3.577853117205851 ], [ 98.489201263694227, 3.577856671460736 ], [ 98.489115920488246, 3.577943641434811 ], [ 98.48911103852889, 3.577948616576679 ], [ 98.489020849060253, 3.577976088804318 ], [ 98.488959057459567, 3.577943553717411 ], [ 98.488930701105971, 3.577928623264985 ], [ 98.488840553161907, 3.577881157718044 ], [ 98.488750378388332, 3.577882120093862 ], [ 98.488660197986064, 3.57789323857057 ], [ 98.488570022098017, 3.57789621319587 ], [ 98.488479861327718, 3.577871926127166 ], [ 98.48844755414396, 3.577852693635567 ], [ 98.488389730670178, 3.57779335383421 ], [ 98.488358823311174, 3.577762070094797 ], [ 98.488299607044411, 3.577702132702313 ], [ 98.488253932561619, 3.577671437498124 ], [ 98.48820947195955, 3.577631599323034 ], [ 98.488119301907574, 3.577624111100394 ], [ 98.488029146828083, 3.577589648466019 ], [ 98.488015924310602, 3.577580730321617 ], [ 98.487939015504892, 3.577512399504764 ], [ 98.487913915830759, 3.577490099308128 ], [ 98.487848885767889, 3.577432321075529 ], [ 98.487811796695865, 3.577399468223938 ], [ 98.487758755981588, 3.577352360092571 ], [ 98.487709393465167, 3.577308836971792 ], [ 98.487668626066608, 3.577272659474177 ], [ 98.48760681004967, 3.577218205609865 ], [ 98.487578496088076, 3.57719310179313 ], [ 98.487504038819992, 3.577127574133828 ], [ 98.487488366044246, 3.57711369020201 ], [ 98.487401080119653, 3.577036942543817 ], [ 98.487398235934734, 3.577034425289015 ], [ 98.487308105602352, 3.576955589881929 ], [ 98.487297440020512, 3.576946310562712 ], [ 98.487217975191641, 3.576876923669203 ], [ 98.487193542280238, 3.576855678428058 ], [ 98.487127844748272, 3.576798344442686 ], [ 98.487089528616352, 3.576765046219303 ], [ 98.487037714271082, 3.576719854212011 ], [ 98.48698539511561, 3.576674413934217 ], [ 98.486947583760113, 3.576641452900565 ], [ 98.486872596746196, 3.576583776776013 ], [ 98.486857448664452, 3.576571324486774 ], [ 98.486842701366129, 3.576583759993619 ], [ 98.486767230961462, 3.576649750685175 ], [ 98.486737943013381, 3.57667427501941 ], [ 98.486677013748704, 3.576727268597534 ], [ 98.486633599720477, 3.576764790263173 ], [ 98.486586796144422, 3.576805463599596 ], [ 98.486531798761135, 3.576855306920102 ], [ 98.486496577174606, 3.576886085419334 ], [ 98.486428214497622, 3.576945822560604 ], [ 98.486406358665462, 3.576965851757774 ], [ 98.486325109969357, 3.577036338455879 ], [ 98.486316140699131, 3.577044615556074 ], [ 98.486225921521353, 3.577125527850871 ], [ 98.486224425450487, 3.577126855696835 ], [ 98.486135700992804, 3.577208837458676 ], [ 98.486126032192601, 3.577217374211981 ], [ 98.486045480791205, 3.577291531261612 ], [ 98.486028102622825, 3.577307892974345 ], [ 98.485955280054583, 3.57733926102479 ], [ 98.485915052595601, 3.577307829388962 ], [ 98.485865136840403, 3.577283753085398 ], [ 98.485774970398069, 3.577269942084063 ], [ 98.485684820724714, 3.577226056401539 ], [ 98.485672731926783, 3.577217119222276 ], [ 98.485594675608482, 3.577174014148232 ], [ 98.485504526342083, 3.577129434230458 ], [ 98.485496282347114, 3.577126446082221 ], [ 98.485457640116735, 3.577035850505174 ], [ 98.485494229335345, 3.576945297279725 ], [ 98.48550114999783, 3.576854727351728 ], [ 98.485504689317168, 3.576837155485955 ], [ 98.485520525534753, 3.576764164433764 ], [ 98.485504738066695, 3.576749723637465 ], [ 98.485418522275921, 3.576673533191389 ], [ 98.485414634398055, 3.576623455056513 ], [ 98.485410513316523, 3.576582954859643 ], [ 98.485369898009921, 3.576492358171599 ], [ 98.485324562275991, 3.576440664667159 ], [ 98.485234392871462, 3.576432336765702 ], [ 98.485144225494224, 3.576420380253037 ], [ 98.485127976182426, 3.576401648122082 ], [ 98.485083093258453, 3.576311049022482 ], [ 98.485054130649857, 3.576278440549045 ], [ 98.484963961795017, 3.576269166914787 ], [ 98.484873781428931, 3.576280521828199 ], [ 98.484783601061892, 3.576291876732387 ], [ 98.484693420693873, 3.576303231627355 ], [ 98.484633347847861, 3.576310795583952 ], [ 98.484603240324915, 3.576314586513101 ], [ 98.484513059954992, 3.576325941389625 ], [ 98.484422879584116, 3.576337296256926 ], [ 98.484332699212274, 3.576348651115006 ], [ 98.484242518839466, 3.576360005963863 ], [ 98.484152338465705, 3.576371360803498 ], [ 98.484062158090993, 3.576382715633911 ], [ 98.483971977715328, 3.576394070455102 ], [ 98.483917217956929, 3.576400965379294 ], [ 98.483881797338697, 3.576405425267069 ], [ 98.483791616961099, 3.576416780069815 ], [ 98.483701441839997, 3.576418737673809 ], [ 98.483611277446542, 3.576401525398616 ], [ 98.483609084598982, 3.576400791367869 ], [ 98.483521120314649, 3.576371346320522 ], [ 98.483430963190273, 3.576341166353618 ], [ 98.483340806072448, 3.576310987259418 ], [ 98.48333804919983, 3.576310064426756 ], [ 98.483250648961658, 3.576280808157165 ], [ 98.483160492726284, 3.576249078431504 ], [ 98.48307981957484, 3.576219344653897 ], [ 98.48307033733785, 3.576215849744176 ], [ 98.482980181957714, 3.576182619774538 ], [ 98.482890026584755, 3.576149390571676 ], [ 98.482833704856304, 3.576128631668781 ], [ 98.482799871219456, 3.576116161245447 ], [ 98.482709715862114, 3.576082931302619 ], [ 98.482619560511949, 3.57604970207585 ], [ 98.482586493417116, 3.576037918003548 ], [ 98.482529404692471, 3.576017323491303 ], [ 98.482439247625095, 3.575987183536399 ], [ 98.482349090364025, 3.575957401435463 ], [ 98.482318185970854, 3.575947192333249 ], [ 98.482258933110401, 3.575927618461964 ], [ 98.482168775863272, 3.575897836344905 ], [ 98.482078618623575, 3.575868053355284 ], [ 98.482031484747296, 3.575856456171131 ], [ 98.481988457668962, 3.575844901991749 ], [ 98.481951340415193, 3.575856410762948 ], [ 98.481898268043963, 3.575872836488664 ], [ 98.48180808848015, 3.57588284289039 ], [ 98.481717907469118, 3.575895425337276 ], [ 98.481627718353167, 3.575922436557458 ], [ 98.48158423850785, 3.575946776450475 ], [ 98.481537516041328, 3.575972931549572 ], [ 98.481447323986885, 3.576005153957603 ], [ 98.481357173850938, 3.575962771345509 ], [ 98.481266991281046, 3.575978113696077 ], [ 98.481176829534078, 3.575956410209121 ], [ 98.481086635865694, 3.575991492978237 ], [ 98.480996475837415, 3.57596674297397 ], [ 98.4809074664918, 3.575946392443373 ], [ 98.480906313486855, 3.57594613278098 ], [ 98.480816174278587, 3.575884391019435 ], [ 98.480769520654064, 3.575855740351785 ], [ 98.480726031623931, 3.57582879774372 ], [ 98.480635892976863, 3.575766102929649 ], [ 98.480634335719316, 3.575765089811489 ], [ 98.480545752259772, 3.575707109331503 ], [ 98.48049760185225, 3.57567443837482 ], [ 98.4804556128055, 3.575645893951345 ], [ 98.480365470570021, 3.575589641439762 ], [ 98.480358162085793, 3.575583785383618 ], [ 98.480275342136309, 3.575508896853528 ], [ 98.480260256881934, 3.57549315598483 ], [ 98.480185218884003, 3.57541897949556 ], [ 98.480171276993516, 3.575402531652266 ], [ 98.480100368882233, 3.575311917588527 ], [ 98.48009510874536, 3.575305809180171 ], [ 98.480015852060887, 3.575221295782781 ], [ 98.480004989934883, 3.575208072037726 ], [ 98.479922186531837, 3.575130668768384 ], [ 98.479914863356299, 3.575124157143887 ], [ 98.479824735230522, 3.57504301758587 ], [ 98.47982144064288, 3.575040037719444 ], [ 98.479734607335061, 3.574961497877235 ], [ 98.479721239684935, 3.57494940697214 ], [ 98.47964448240883, 3.574874738703379 ], [ 98.479630440425808, 3.574858781566211 ], [ 98.479601986774441, 3.574768191631804 ], [ 98.479575187545208, 3.574677602638579 ], [ 98.479558255037205, 3.574587019259778 ], [ 98.479554477207373, 3.57457561380965 ], [ 98.479524566171548, 3.5744964263457 ], [ 98.479487460246332, 3.574405831486566 ], [ 98.479464430832877, 3.574349607028227 ], [ 98.479450352793521, 3.574315236625944 ], [ 98.479419354951531, 3.574224645241917 ], [ 98.479450884737957, 3.5741340894433 ], [ 98.479374425629175, 3.57405064108553 ], [ 98.479371169755836, 3.574043470333317 ], [ 98.479284295251759, 3.573973754151079 ], [ 98.479258224529659, 3.573952832302183 ], [ 98.479194162320951, 3.573901422141098 ], [ 98.479142749011544, 3.573862192819474 ], [ 98.479104028079021, 3.573831440536607 ], [ 98.479020402948393, 3.573771549412583 ], [ 98.479013891011178, 3.573766493404548 ], [ 98.47892375078689, 3.573707164263259 ], [ 98.478883394943665, 3.573680897640829 ], [ 98.478833610202869, 3.573648494408292 ], [ 98.478744114405217, 3.573590244557491 ], [ 98.478743469630871, 3.573589824895164 ], [ 98.478653329071065, 3.573531155374763 ], [ 98.47860480096719, 3.573499591438022 ], [ 98.478563188507906, 3.573472513371393 ], [ 98.478473045768567, 3.573417747009093 ], [ 98.478458121874979, 3.573408934102356 ], [ 98.478382902173777, 3.573364515735363 ], [ 98.478304592768723, 3.573318272841295 ], [ 98.478292758590214, 3.573311284479853 ], [ 98.478202615738965, 3.573256776807512 ], [ 98.478156639417818, 3.573227614738897 ], [ 98.478112474406402, 3.573199601552367 ], [ 98.478022333085789, 3.573142426289914 ], [ 98.478013714237321, 3.573136959485233 ], [ 98.4779321917771, 3.573085251020153 ], [ 98.477870789086836, 3.573046304213196 ], [ 98.477842050480362, 3.573028075743083 ], [ 98.477751909195433, 3.572970900667026 ], [ 98.477727863444969, 3.57295564892249 ], [ 98.477661767922299, 3.572913725832644 ], [ 98.477584937209912, 3.572864993613056 ], [ 98.477571626661117, 3.572856550990955 ], [ 98.477481482224604, 3.572805011004876 ], [ 98.477391322012068, 3.57278137670603 ], [ 98.477364303007306, 3.572774293905536 ], [ 98.477301161783757, 3.572757780512279 ], [ 98.477210999342404, 3.572738105193094 ], [ 98.47712083668182, 3.572718826127882 ], [ 98.477030674026395, 3.572699546780159 ], [ 98.476977068186542, 3.572683498943916 ], [ 98.47694051602052, 3.572672064433098 ], [ 98.476850352552674, 3.572654238724621 ], [ 98.47676019192032, 3.572631415110209 ], [ 98.476670026132794, 3.572617701825077 ], [ 98.476579850289639, 3.572621743461909 ], [ 98.476526694620844, 3.572683241417583 ], [ 98.476489617578622, 3.572726137348635 ], [ 98.476450492191461, 3.572773771525098 ], [ 98.47639938299632, 3.572833795948838 ], [ 98.476373545356807, 3.572864301197907 ], [ 98.47630914676445, 3.572944326153186 ], [ 98.476300317516234, 3.572954832990394 ], [ 98.476224239107765, 3.573045363142954 ], [ 98.476218912298961, 3.573051702062591 ], [ 98.47615337066415, 3.573135896269703 ], [ 98.476128674517653, 3.573164886434881 ], [ 98.476083512781599, 3.57322642996741 ], [ 98.476038430970704, 3.573288194312095 ], [ 98.476014836120171, 3.573316964334089 ], [ 98.475948189760516, 3.573407339345186 ], [ 98.475948062356437, 3.573407499783436 ], [ 98.475874422187232, 3.573498031292099 ], [ 98.475857952458668, 3.573519554786202 ], [ 98.475806448670312, 3.573588566039447 ], [ 98.475767712777383, 3.573635922320479 ], [ 98.4757357053129, 3.57367909919228 ], [ 98.47567746841203, 3.573760498678408 ], [ 98.475670163666194, 3.573769635318857 ], [ 98.475600799207726, 3.573860169247239 ], [ 98.475587226832772, 3.573880123772005 ], [ 98.475531328362848, 3.573950703107185 ], [ 98.475496987968128, 3.573994926508972 ], [ 98.475465948603699, 3.574041239305622 ], [ 98.475406744230426, 3.574118266314708 ], [ 98.475396459254824, 3.574131773140402 ], [ 98.475334840710772, 3.574222311482447 ], [ 98.475316497152178, 3.574247440845214 ], [ 98.475265029855478, 3.574312845118561 ], [ 98.47522625384957, 3.574369925142635 ], [ 98.475202634174479, 3.574403383001815 ], [ 98.475136013444896, 3.574487267330494 ], [ 98.475131448552034, 3.574493915834621 ], [ 98.475070409342081, 3.574584454483214 ], [ 98.475045766175384, 3.574616641753707 ], [ 98.475004806656003, 3.574674990506213 ], [ 98.474955518346988, 3.574746952091116 ], [ 98.474941292434352, 3.574765527721457 ], [ 98.474876894862987, 3.574856064423052 ], [ 98.474865272760056, 3.574873274453842 ], [ 98.474812526034199, 3.57494660113458 ], [ 98.474775028407763, 3.574997381057611 ], [ 98.474748173553863, 3.575037137848924 ], [ 98.474685121880214, 3.575127675303957 ], [ 98.474684780249234, 3.575128131961724 ], [ 98.474623330878899, 3.575218213476943 ], [ 98.474594531181879, 3.575260432295616 ], [ 98.474559158487551, 3.575308750275392 ], [ 98.474504282500689, 3.57539200620081 ], [ 98.474499544809973, 3.575399289687213 ], [ 98.474434472496199, 3.575489825955706 ], [ 98.474414035946879, 3.575519796139182 ], [ 98.474373931289435, 3.575580364822304 ], [ 98.474323786468943, 3.575652674394822 ], [ 98.474311467590724, 3.575670902577626 ], [ 98.474250660232016, 3.575761441279143 ], [ 98.474233536189573, 3.57578691132167 ], [ 98.47418877938793, 3.575851979357302 ], [ 98.474143286305718, 3.575920405222689 ], [ 98.474128692487469, 3.575942518461169 ], [ 98.474067461577533, 3.576033056901047 ], [ 98.47405303599831, 3.576054593897351 ], [ 98.474007152207292, 3.576123595865087 ], [ 98.473962785701104, 3.576188715856387 ], [ 98.473946669090736, 3.576214134723241 ], [ 98.473886030231895, 3.576304673485831 ], [ 98.473872534674413, 3.576324068661646 ], [ 98.473824589115807, 3.576395211780684 ], [ 98.473782286030527, 3.576455193430434 ], [ 98.473761392950379, 3.576485749059097 ], [ 98.473695843580799, 3.576576284976232 ], [ 98.473692040229494, 3.576581286263258 ], [ 98.473626994764302, 3.576666818986578 ], [ 98.473601798639436, 3.576699951919637 ], [ 98.473558147666765, 3.57675735299055 ], [ 98.473511557024906, 3.576818618174942 ], [ 98.473484252780622, 3.576847884079428 ], [ 98.473421327385438, 3.576916258587131 ], [ 98.473396597332979, 3.5769384072319 ], [ 98.473331106452534, 3.576998611858431 ], [ 98.473299378979135, 3.577028924862426 ], [ 98.473240882178189, 3.577086790147974 ], [ 98.473210395275046, 3.577119447225996 ], [ 98.473150653048009, 3.577183442123534 ], [ 98.473125885388498, 3.577209972157284 ], [ 98.473060423899057, 3.577280093533157 ], [ 98.473041376259658, 3.577300497078563 ], [ 98.472970194731786, 3.577376743580865 ], [ 98.472956865160583, 3.57739102198826 ], [ 98.472879965544337, 3.577473395520669 ], [ 98.472872355852971, 3.577481546888541 ], [ 98.472789736337816, 3.577570047448551 ], [ 98.47278784652859, 3.577572071778366 ], [ 98.472703337187497, 3.577662596657733 ], [ 98.472699507112196, 3.577666699364514 ], [ 98.472618827829635, 3.577753121526641 ], [ 98.472609277867505, 3.57776335126855 ], [ 98.472534318455033, 3.57784364638509 ], [ 98.472519048603701, 3.577860003160667 ], [ 98.47245019386132, 3.577934171455243 ], [ 98.47242881897462, 3.577957260382335 ], [ 98.472370984827762, 3.578024699353537 ], [ 98.472338584750105, 3.578062517322618 ], [ 98.472293416899518, 3.578115228190305 ], [ 98.472248350455814, 3.578167859411296 ], [ 98.472215927225633, 3.578205757063261 ], [ 98.472158118341682, 3.578269355053307 ], [ 98.472133717298703, 3.578296283200074 ], [ 98.472067889481366, 3.578365130723057 ], [ 98.472046817285417, 3.578386806616702 ], [ 98.471977663126864, 3.578456496433988 ], [ 98.471957199919657, 3.578477328451794 ], [ 98.471887436452249, 3.578548389891181 ], [ 98.471868503901987, 3.578567850807933 ], [ 98.471797209271799, 3.578641135104814 ], [ 98.471780438488878, 3.578658373517315 ], [ 98.471706982073343, 3.578733879948506 ], [ 98.471692373498641, 3.578748896215711 ], [ 98.471616754857507, 3.578826623337699 ], [ 98.471604306393061, 3.578839418901654 ], [ 98.471526527623666, 3.57891936635695 ], [ 98.47151623950937, 3.578929941576492 ], [ 98.471436300370371, 3.579012111523382 ], [ 98.471429022204532, 3.5790204647317 ], [ 98.471352849140033, 3.579110994267676 ], [ 98.471346064919189, 3.579119124651171 ], [ 98.471277307017957, 3.579201524160116 ], [ 98.471255828800594, 3.579227264299417 ], [ 98.471201766605091, 3.57929205404492 ], [ 98.471165592659716, 3.579335404900326 ], [ 98.471126225125843, 3.57938258392048 ], [ 98.471075356496769, 3.579443546125 ], [ 98.471050684378866, 3.579473113787836 ], [ 98.470985120312079, 3.57955168733735 ], [ 98.470975143410499, 3.579563643646439 ], [ 98.470899602839225, 3.579654173496641 ], [ 98.470894884105675, 3.579659828537377 ], [ 98.470824060583126, 3.579744703337239 ], [ 98.470804647878822, 3.579767967487921 ], [ 98.470748519374126, 3.579835233169815 ], [ 98.470714411628975, 3.579876108663298 ], [ 98.470672978551008, 3.579925762993985 ], [ 98.470624175357386, 3.579984249826347 ], [ 98.470597437160166, 3.580016292809196 ], [ 98.470533939064268, 3.580092390620428 ], [ 98.470521896610265, 3.580106822616264 ], [ 98.470446354180524, 3.58019735241361 ], [ 98.470443702734897, 3.580200556721692 ], [ 98.470371989154899, 3.580287882885225 ], [ 98.470353465306758, 3.580310597327048 ], [ 98.470298160420199, 3.580378413659538 ], [ 98.470263227505086, 3.580421249327522 ], [ 98.470224331670565, 3.580468944425539 ], [ 98.470172989681132, 3.580531901315579 ], [ 98.470150502905994, 3.580559475183231 ], [ 98.470082751833644, 3.580642555376086 ], [ 98.470076675977012, 3.580650005933682 ], [ 98.47000284718257, 3.580740536674749 ], [ 98.469992513964939, 3.580753207526277 ], [ 98.469929018373207, 3.580831067407503 ], [ 98.469902276074023, 3.580863859477081 ], [ 98.469846788758744, 3.5809215932538 ], [ 98.469812047990274, 3.580957424187537 ], [ 98.469746639712753, 3.581012108682581 ], [ 98.469721830323891, 3.581032851048591 ], [ 98.469638382266339, 3.581102619386824 ], [ 98.469631612642402, 3.581108279259012 ], [ 98.469541394946518, 3.581183707458189 ], [ 98.469530124799249, 3.581193130074875 ], [ 98.469451177237232, 3.581259134003867 ], [ 98.469421864621069, 3.58128364074517 ], [ 98.469360959512983, 3.581334561570797 ], [ 98.46931360711261, 3.581374151400835 ], [ 98.469270741774537, 3.581409988844559 ], [ 98.469205346893062, 3.581464662038742 ], [ 98.469180524022022, 3.581485415638418 ], [ 98.469097089343236, 3.581555172662019 ], [ 98.469090306254415, 3.581560843640264 ], [ 98.469000088473436, 3.581636269895267 ], [ 98.468988829082335, 3.581645683267532 ], [ 98.468909870677152, 3.581711697781499 ], [ 98.468880571491155, 3.581736193858414 ], [ 98.468819653264887, 3.581786434607278 ], [ 98.468771618236218, 3.58182670402823 ], [ 98.468729436031822, 3.581860835932828 ], [ 98.468659923675432, 3.581917212585849 ], [ 98.468639219513491, 3.581933973337073 ], [ 98.468549003042511, 3.582007004607573 ], [ 98.468548117997415, 3.582007721061647 ], [ 98.46845878655769, 3.5820800358669 ], [ 98.468436312349951, 3.582098229520316 ], [ 98.468368570979678, 3.582151471566147 ], [ 98.468321881290052, 3.582188736432387 ], [ 98.468278355418207, 3.582222855239739 ], [ 98.468206421045096, 3.582279242726878 ], [ 98.468188140236634, 3.582293557412263 ], [ 98.468097925023017, 3.582364291955165 ], [ 98.468090963378629, 3.582369749004703 ], [ 98.468007711820078, 3.58243152138658 ], [ 98.467969984695287, 3.582460252045699 ], [ 98.467917498598013, 3.582498762157981 ], [ 98.467846636441095, 3.582550753685152 ], [ 98.467827285970969, 3.582564951112737 ], [ 98.467737073330497, 3.582631141917779 ], [ 98.467723289610518, 3.582641255304969 ], [ 98.467646860677675, 3.582697332711865 ], [ 98.467599941982613, 3.582731756903852 ], [ 98.467556648013584, 3.582763521633754 ], [ 98.467476594433407, 3.582822258482312 ], [ 98.467466435475103, 3.582829471923534 ], [ 98.467376223575869, 3.582894295333772 ], [ 98.467350881294692, 3.582912758659419 ], [ 98.467286013032549, 3.582956753319036 ], [ 98.467217449278195, 3.583003254308326 ], [ 98.467195803215944, 3.583017934997375 ], [ 98.467105593388212, 3.583079116390841 ], [ 98.467084016640072, 3.583093749933265 ], [ 98.467015376755867, 3.583152038006809 ], [ 98.466976292115248, 3.583184260553442 ], [ 98.466925159505294, 3.583226003950304 ], [ 98.466868258264455, 3.583274770976811 ], [ 98.46683494354798, 3.583297711485335 ], [ 98.466744733128564, 3.583359830454523 ], [ 98.466736837082649, 3.583365267714807 ], [ 98.466654507192672, 3.583448724799562 ], [ 98.466647447134605, 3.583455789002136 ], [ 98.466564291462461, 3.583519968534306 ], [ 98.466531271083596, 3.583546294615413 ], [ 98.466474061688189, 3.583615432165729 ], [ 98.466456109396461, 3.583636824197907 ], [ 98.466383841808238, 3.58369378685758 ], [ 98.466342075941014, 3.583727331033604 ], [ 98.466293611253263, 3.58379053591142 ], [ 98.466272655902841, 3.583817863954428 ], [ 98.466203368543049, 3.583908222147242 ], [ 98.466203234570131, 3.583908396866991 ], [ 98.46611565130236, 3.58399891914263 ], [ 98.466113139537413, 3.584002228633756 ], [ 98.46604694030674, 3.584089452454339 ], [ 98.466022896075003, 3.584121134116549 ], [ 98.465978230492894, 3.584179985759365 ], [ 98.465932652588407, 3.584240039472418 ], [ 98.465909520034103, 3.584270519056638 ], [ 98.465842409077524, 3.584358944815547 ], [ 98.465840809603222, 3.58436105234655 ], [ 98.465772098551327, 3.584451585628722 ], [ 98.465752165542384, 3.584477850145939 ], [ 98.465703388573345, 3.584542118904146 ], [ 98.465661921982985, 3.584596755463592 ], [ 98.465634678773114, 3.584632652172298 ], [ 98.465571682626035, 3.584708379110121 ], [ 98.465559442544617, 3.584723181608636 ], [ 98.465491360123096, 3.58481371522914 ], [ 98.465481439827826, 3.58482589115845 ], [ 98.465419652290961, 3.584904246717249 ], [ 98.465391197759374, 3.584942105297603 ], [ 98.465350542987679, 3.584994779720869 ], [ 98.465300953911964, 3.585061341608525 ], [ 98.465283094076057, 3.585085313690623 ], [ 98.465212237862715, 3.585175845655017 ], [ 98.465210711587844, 3.585177913786127 ], [ 98.465145423778125, 3.58526637998251 ], [ 98.465120466609207, 3.585299013687849 ], [ 98.465076463823678, 3.585356913044135 ], [ 98.465030221568583, 3.585420177562659 ], [ 98.465010288332195, 3.585447447732026 ], [ 98.464944158226729, 3.585537982439618 ], [ 98.464939974782311, 3.58554430186093 ], [ 98.464882741899331, 3.585628519906745 ], [ 98.464849724871726, 3.585673756026805 ], [ 98.464823828628809, 3.585719058836953 ], [ 98.464776922598617, 3.585809604810138 ], [ 98.464759451940964, 3.585842750152597 ], [ 98.464729576323748, 3.585900150520881 ], [ 98.464683380131305, 3.585990696902879 ], [ 98.464669174286229, 3.586019803241418 ], [ 98.464639218195046, 3.586081244475563 ], [ 98.464593053296582, 3.586171790868309 ], [ 98.464578893159384, 3.58620275821226 ], [ 98.464550191882907, 3.586262339197494 ], [ 98.4645053858344, 3.586352886380911 ], [ 98.464488610139114, 3.586388898281601 ], [ 98.46446186616447, 3.586443434316349 ], [ 98.46440555013443, 3.586533974729757 ], [ 98.46439834592131, 3.586542663581895 ], [ 98.464330548664535, 3.586624504157479 ], [ 98.464308108121756, 3.586650992432284 ], [ 98.46425389157416, 3.586715032603547 ], [ 98.464217871686955, 3.58675693992965 ], [ 98.464176102958589, 3.586805560375558 ], [ 98.464127636109964, 3.586861377952389 ], [ 98.464097510568678, 3.586896087665874 ], [ 98.464068001655463, 3.586986643809329 ], [ 98.464037342330158, 3.587065698638959 ], [ 98.464032856230972, 3.587077196636225 ], [ 98.464037315425472, 3.587111885826053 ], [ 98.464043983058133, 3.587167776672406 ], [ 98.464037269618643, 3.587190520885596 ], [ 98.464016856376986, 3.587258334212491 ], [ 98.464037180147557, 3.587344107853347 ], [ 98.464038301921448, 3.587348920317016 ], [ 98.464037172813121, 3.58735669791094 ], [ 98.464026980030866, 3.587439487150925 ], [ 98.464037111403087, 3.587462110820121 ], [ 98.464067587649595, 3.587530084524849 ], [ 98.464107927226976, 3.587620681740362 ], [ 98.464127168514381, 3.587664193452176 ], [ 98.464147990095654, 3.587711278792388 ], [ 98.464188052971153, 3.587801875843662 ], [ 98.464217224746676, 3.587867844059919 ], [ 98.464228115853473, 3.587892472894185 ], [ 98.464268178742614, 3.587983069943955 ], [ 98.464307281013447, 3.588071494663859 ], [ 98.464308241638591, 3.588073666992971 ], [ 98.464348304117621, 3.588164264040986 ], [ 98.464388367451008, 3.588254861088748 ], [ 98.464397337314708, 3.588275145263997 ], [ 98.464428430046254, 3.588345458135317 ], [ 98.464468976899568, 3.588436055465776 ], [ 98.464487393684436, 3.58847873747851 ], [ 98.464508597964141, 3.588526652251299 ], [ 98.464550546876382, 3.588617250404255 ], [ 98.464577453572446, 3.588676345740396 ], [ 98.464592148507023, 3.588707848352241 ], [ 98.464633833988813, 3.588798446348654 ], [ 98.464667515518926, 3.588870475696387 ], [ 98.464676240641637, 3.588889044768002 ], [ 98.464718563030274, 3.588979643136934 ], [ 98.464757578387264, 3.589063078964141 ], [ 98.464760927700425, 3.589070241529815 ], [ 98.464803292745401, 3.589160839922018 ], [ 98.464845359785386, 3.589251438138239 ], [ 98.46484764128887, 3.589255681856583 ], [ 98.464888022008921, 3.58934203670324 ], [ 98.464923958602526, 3.589432631316317 ], [ 98.464937703461757, 3.589449593823632 ], [ 98.464970672820371, 3.58952323225994 ], [ 98.464962952267953, 3.589613801226511 ], [ 98.464937598195661, 3.589630483872515 ], [ 98.46491275656399, 3.589613771737867 ], [ 98.464847458443728, 3.589569842613804 ], [ 98.464778009862343, 3.589523119064972 ], [ 98.464757318706077, 3.589509198487243 ], [ 98.464667178979397, 3.589448557214106 ], [ 98.464643262015613, 3.589432466375266 ], [ 98.464577039266985, 3.589387913073116 ], [ 98.464508515218029, 3.58934181367004 ], [ 98.464486899565557, 3.589327271785552 ], [ 98.464396759878397, 3.589266627630137 ], [ 98.464373769578302, 3.589251160949362 ], [ 98.464306620202208, 3.589205986328148 ], [ 98.464239022902049, 3.589160508211941 ], [ 98.464216480540316, 3.589145342158309 ], [ 98.464126340889351, 3.589084700841896 ], [ 98.46410427412593, 3.589069855457153 ], [ 98.464036201251886, 3.589024058073091 ], [ 98.463969528570843, 3.58897920268813 ], [ 98.463946061626999, 3.588963415326802 ], [ 98.463855922013934, 3.588902773988756 ], [ 98.463834779785003, 3.588888549901077 ], [ 98.463765782415138, 3.588842129782868 ], [ 98.463700033287722, 3.588797897099243 ], [ 98.463675642827312, 3.588781488430405 ], [ 98.463585503253768, 3.588720844210097 ], [ 98.463565287817246, 3.588707244281891 ], [ 98.46349536369118, 3.588660202843216 ], [ 98.463430541179193, 3.588616591447726 ], [ 98.463405224142889, 3.588599558608494 ], [ 98.46331508460554, 3.588538917227199 ], [ 98.463295793614549, 3.588525938596894 ], [ 98.463224945082487, 3.588478272978062 ], [ 98.463161047317513, 3.588435285730687 ], [ 98.463134805570405, 3.588417631582354 ], [ 98.463044666072591, 3.588356987318805 ], [ 98.463026301959871, 3.588344632848913 ], [ 98.462954526585747, 3.588296345908686 ], [ 98.462864354236189, 3.58829199969229 ], [ 98.462848744038126, 3.588344528185182 ], [ 98.462826551202696, 3.588435088573491 ], [ 98.462800635969174, 3.588525646765548 ], [ 98.462774001760437, 3.588596035395412 ], [ 98.462768008916242, 3.588616200998034 ], [ 98.462741097360052, 3.588706758598867 ], [ 98.462714185797367, 3.588797316197927 ], [ 98.462687274228159, 3.588887873795212 ], [ 98.462683649210717, 3.588900071999563 ], [ 98.462660362525511, 3.588978431390649 ], [ 98.462633450577769, 3.589068988984172 ], [ 98.462606538989021, 3.589159546576136 ], [ 98.462593296588324, 3.589204107292913 ], [ 98.462579627393751, 3.589250104166327 ], [ 98.462552715791958, 3.589340661754741 ], [ 98.462525803691236, 3.589431219341092 ], [ 98.462502943892474, 3.589508142566267 ], [ 98.462498892076411, 3.58952177692596 ], [ 98.462471980455078, 3.589612334509054 ], [ 98.462445068827236, 3.589702892090372 ], [ 98.462418157192872, 3.589793449669916 ], [ 98.462412591122416, 3.589812179136759 ], [ 98.462391245059564, 3.589884007247396 ], [ 98.462364333412154, 3.58997456482339 ], [ 98.462337421758235, 3.590065122397612 ], [ 98.462322238279469, 3.59011621471356 ], [ 98.462310510097808, 3.590155679970058 ], [ 98.462283597938423, 3.590246237540438 ], [ 98.462256686264965, 3.590336795109334 ], [ 98.462231885363252, 3.590420249926907 ], [ 98.462229774584969, 3.590427352676455 ], [ 98.462202862898465, 3.590517910241802 ], [ 98.462175951205438, 3.590608467805374 ], [ 98.462149039013468, 3.590699025366879 ], [ 98.462141532373565, 3.590724285120246 ], [ 98.462122127307396, 3.5907895829269 ], [ 98.462095215594829, 3.590880140485146 ], [ 98.462068303875725, 3.590970698041617 ], [ 98.462051179309412, 3.591028321954163 ], [ 98.462041392096751, 3.59106125559628 ], [ 98.462014479925529, 3.591151813148943 ], [ 98.461987568186871, 3.591242370700086 ], [ 98.461960826172771, 3.591332357107481 ], [ 98.46196065644169, 3.591332928249455 ], [ 98.461933744689986, 3.591423485797048 ], [ 98.46190683243934, 3.591514043342575 ], [ 98.461879920674605, 3.591604600886616 ], [ 98.461870472962602, 3.591636392240783 ], [ 98.461853008903347, 3.591695158428883 ], [ 98.461826097125567, 3.591785715969373 ], [ 98.461799185341263, 3.591876273508086 ], [ 98.461780119678664, 3.591940427838235 ], [ 98.461772273058003, 3.591966831044735 ], [ 98.461745361260654, 3.592057388579897 ], [ 98.461718449456797, 3.592147946113283 ], [ 98.461691537646402, 3.592238503644893 ], [ 98.461689766320873, 3.592244463998627 ], [ 98.461664625337065, 3.592329061174436 ], [ 98.461637713513625, 3.592419618702492 ], [ 98.461610801683662, 3.592510176228774 ], [ 98.461599412890124, 3.592548499181169 ], [ 98.461583889847191, 3.592600733753278 ], [ 98.461556978004182, 3.592691291276006 ], [ 98.461530065662217, 3.592781848796667 ], [ 98.461509059385918, 3.592852534234388 ], [ 98.461503153806177, 3.592872406315841 ], [ 98.4614762419436, 3.59296296383324 ], [ 98.461449330074515, 3.593053521348861 ], [ 98.461422417726695, 3.593144078862426 ], [ 98.461418705808171, 3.593156569267582 ], [ 98.461395505824314, 3.593234636374482 ], [ 98.461368593935646, 3.593325193884772 ], [ 98.461341682040455, 3.593415751393287 ], [ 98.461328352155917, 3.593460605941332 ], [ 98.461314770138728, 3.593506308900023 ], [ 98.461287857738057, 3.59359686640469 ], [ 98.461260945823284, 3.593687423907873 ], [ 98.461237998431088, 3.593764640934466 ], [ 98.461234033902002, 3.593777981409277 ], [ 98.461207121974198, 3.593868538908906 ], [ 98.461180210039842, 3.593959096406755 ], [ 98.461153297606543, 3.594049653902537 ], [ 98.461147644632717, 3.594068675907563 ], [ 98.461126385659142, 3.594140211396831 ], [ 98.461099473705232, 3.594230768889349 ], [ 98.461072561744771, 3.594321326380089 ], [ 98.461057290760337, 3.594372711578942 ], [ 98.461045649285367, 3.59441188386876 ], [ 98.461018737311861, 3.594502441355944 ], [ 98.460991825331831, 3.594592998841349 ], [ 98.460966936814273, 3.594676747454234 ], [ 98.460964913345279, 3.594683556324978 ], [ 98.46093800135219, 3.594774113806828 ], [ 98.460911088860158, 3.59486467128661 ], [ 98.460884176854009, 3.594955228764904 ], [ 98.46087658279518, 3.594980782367215 ], [ 98.460857264841337, 3.59504578624142 ], [ 98.460830352822143, 3.595136343716157 ], [ 98.460803440397797, 3.59522690118888 ], [ 98.460787430875172, 3.595280772039092 ], [ 98.461318940000083, 3.59504401700002 ], [ 98.462231615000064, 3.594408584000063 ], [ 98.463169581000045, 3.593849485000021 ] ], [ [ 98.476179344139737, 3.642159110551856 ], [ 98.476170612175764, 3.642153011898953 ], [ 98.47616596263731, 3.642062435624692 ], [ 98.476179410073158, 3.6420450530917 ], [ 98.476231239269893, 3.641971900149117 ], [ 98.476269656156063, 3.641931391112284 ], [ 98.476308354884324, 3.641881371572672 ], [ 98.476351116458503, 3.641790822950742 ], [ 98.476359924438128, 3.641779270145145 ], [ 98.476427158402018, 3.641700293733568 ], [ 98.47645016807688, 3.641669750157885 ], [ 98.47649873072622, 3.641609761901532 ], [ 98.476540413428694, 3.641557225466361 ], [ 98.476567026128563, 3.641519228151207 ], [ 98.476630654593848, 3.641451910724793 ], [ 98.476651971552485, 3.641428704098335 ], [ 98.476720889524699, 3.641357356930514 ], [ 98.47673872507508, 3.641338181088465 ], [ 98.476811124653139, 3.641262427962991 ], [ 98.476826200795983, 3.641247658488311 ], [ 98.476901355830222, 3.641174312647859 ], [ 98.476918939964733, 3.641157138943015 ], [ 98.476991586973568, 3.641086225501828 ], [ 98.477013297779948, 3.641066620327988 ], [ 98.477081814236683, 3.64100483405225 ], [ 98.477113519577742, 3.640976105114615 ], [ 98.477172041598052, 3.640923244592967 ], [ 98.477213175482234, 3.640885589557552 ], [ 98.477262268868941, 3.640841784264992 ], [ 98.477318496276098, 3.640795077283465 ], [ 98.477352490486965, 3.640770100613446 ], [ 98.477442700090748, 3.640719234590686 ], [ 98.477475681622579, 3.640704595171564 ], [ 98.477532902295437, 3.640681190352587 ], [ 98.477556192860845, 3.64070464201166 ], [ 98.477623041256635, 3.640752883784075 ], [ 98.47765568130221, 3.640795273467767 ], [ 98.477713154110731, 3.640869913492509 ], [ 98.477725454286457, 3.64088588763415 ], [ 98.477795227051857, 3.640976501796813 ], [ 98.477803266987223, 3.640986943194961 ], [ 98.477865000471922, 3.64106711595626 ], [ 98.477893379886382, 3.641103972397989 ], [ 98.477934773264181, 3.641157730111751 ], [ 98.477983492807525, 3.641221002330946 ], [ 98.478004546069883, 3.641248344263651 ], [ 98.478073605751561, 3.641338031434675 ], [ 98.478074319530222, 3.641338958412339 ], [ 98.478131199433378, 3.641429565063616 ], [ 98.478148397991831, 3.641520148650489 ], [ 98.478163635032232, 3.641600401051412 ], [ 98.478165596552458, 3.641610732237346 ], [ 98.478163626495174, 3.64161522738021 ], [ 98.478115588745524, 3.641701276761405 ], [ 98.478073370387193, 3.641746726173374 ], [ 98.478031499543661, 3.641791801467404 ], [ 98.477983134042162, 3.641843868887781 ], [ 98.477896614772519, 3.641882296624383 ], [ 98.477892930903252, 3.641883343242418 ], [ 98.477802729378325, 3.641920004925246 ], [ 98.477712543600433, 3.641929334059483 ], [ 98.47762236015619, 3.641934613907541 ], [ 98.477541643204432, 3.641972663703136 ], [ 98.477532155098388, 3.641977381474915 ], [ 98.477441972944263, 3.641980418396808 ], [ 98.477351781426748, 3.641999690947889 ], [ 98.477261583473435, 3.642030115469305 ], [ 98.47717139981674, 3.642035752630703 ], [ 98.477081212449903, 3.642047819411262 ], [ 98.477043147128825, 3.642062947035877 ], [ 98.476991009394553, 3.642087065944325 ], [ 98.476900820501044, 3.642101768612861 ], [ 98.476812718982444, 3.642153386346465 ], [ 98.476810609024525, 3.642155581271905 ], [ 98.476720385486246, 3.642230263230544 ], [ 98.47670391507674, 3.642243896498052 ], [ 98.476630161933514, 3.642304945142547 ], [ 98.476539975284268, 3.642315723470646 ], [ 98.476449816044706, 3.642279062736572 ], [ 98.476365664304964, 3.642243699256942 ], [ 98.476359657367269, 3.642241443768669 ], [ 98.476269499827751, 3.642201870868627 ], [ 98.476179344139737, 3.642159110551856 ] ], [ [ 98.48006788390208, 3.623320857373035 ], [ 98.48006171764932, 3.623315957710782 ], [ 98.480067908725346, 3.623277369586392 ], [ 98.48007470695903, 3.623315965195106 ], [ 98.48006788390208, 3.623320857373035 ] ], [ [ 98.482774549877419, 3.621017077019053 ], [ 98.482864742019032, 3.620992855410335 ], [ 98.482921281681328, 3.620962684712595 ], [ 98.48286476808309, 3.620946917302193 ], [ 98.482774605067064, 3.620919821777168 ], [ 98.482684452897402, 3.620873627174496 ], [ 98.4826820894816, 3.620871974008548 ], [ 98.482684454366392, 3.620871038895081 ], [ 98.482774658380393, 3.620825870478112 ], [ 98.482833187365898, 3.620781486862164 ], [ 98.482774722619411, 3.620712662176733 ], [ 98.482756235055518, 3.620690869087903 ], [ 98.482774740935838, 3.620680382499531 ], [ 98.482864948300886, 3.620629266029487 ], [ 98.482915910755324, 3.620600386835153 ], [ 98.482955155657748, 3.620578147691642 ], [ 98.483045363004393, 3.620527031046385 ], [ 98.483075778663419, 3.620509904659464 ], [ 98.483135562393457, 3.620489932628803 ], [ 98.483225741507155, 3.620488588561471 ], [ 98.483315914855822, 3.620497417371205 ], [ 98.483406088208099, 3.620506245150267 ], [ 98.483411295540733, 3.620510096652557 ], [ 98.483496225938211, 3.620577946689953 ], [ 98.483513901804287, 3.620600729051528 ], [ 98.483557563810137, 3.620691327732603 ], [ 98.483546280771165, 3.620781894989126 ], [ 98.48353166911177, 3.620872460341147 ], [ 98.483507965361028, 3.620963020491625 ], [ 98.483495977511879, 3.621016356171464 ], [ 98.483474894248374, 3.62105357528198 ], [ 98.483405731104128, 3.621136328854972 ], [ 98.483315553232387, 3.621135364834368 ], [ 98.483225375482093, 3.621134189219859 ], [ 98.483135197903238, 3.62113271398142 ], [ 98.483045020575773, 3.621130798301024 ], [ 98.482954843631177, 3.621128210608126 ], [ 98.482864667329125, 3.621124493658573 ], [ 98.48277449221068, 3.621118694590093 ], [ 98.482684319693774, 3.621108316320405 ], [ 98.482594154931206, 3.621084284442513 ], [ 98.482547637253035, 3.621053044359217 ], [ 98.482594175813659, 3.62104749919634 ], [ 98.482684361623981, 3.621034441898813 ], [ 98.482774549877419, 3.621017077019053 ] ], [ [ 98.516512892954253, 3.599206969159604 ], [ 98.5166030763706, 3.599194247975446 ], [ 98.516693257034333, 3.599186746815298 ], [ 98.516783439674754, 3.599175493995257 ], [ 98.516873613687423, 3.599180615064392 ], [ 98.51696379495985, 3.599171958404027 ], [ 98.517053971316457, 3.599172634694849 ], [ 98.517144152003482, 3.599165089576859 ], [ 98.517225624952061, 3.599243871161061 ], [ 98.517144068182716, 3.599324270639107 ], [ 98.517053891042494, 3.599325051501261 ], [ 98.516963718157058, 3.599317757397645 ], [ 98.51687354787596, 3.599305525356797 ], [ 98.516783373235739, 3.599301572012939 ], [ 98.516693202644333, 3.599289940774799 ], [ 98.516603029575407, 3.599283015715295 ], [ 98.516512859119416, 3.599271139916373 ], [ 98.516422688404333, 3.599259762060624 ], [ 98.516332518505763, 3.599246842684439 ], [ 98.516309043113608, 3.599243383557883 ], [ 98.516332523121946, 3.599238090929203 ], [ 98.51642270947896, 3.599219799650287 ], [ 98.516512892954253, 3.599206969159604 ] ], [ [ 98.465729217073942, 3.591788015304769 ], [ 98.465740003096599, 3.591697448126642 ], [ 98.465748011388612, 3.591630204747105 ], [ 98.4657507891432, 3.591606880947907 ], [ 98.465761575265304, 3.591516313768591 ], [ 98.465772362037072, 3.591425746589034 ], [ 98.465783148046, 3.591335179408405 ], [ 98.46579393405149, 3.591244612227151 ], [ 98.465822135171848, 3.591154055263808 ], [ 98.465838479985123, 3.591125537168856 ], [ 98.465854969843377, 3.591154074529053 ], [ 98.465928595404591, 3.591228423421122 ], [ 98.465939986989341, 3.591244697919084 ], [ 98.46601575053954, 3.591335315875671 ], [ 98.466018706698591, 3.591338443750305 ], [ 98.466101399193576, 3.591425939625574 ], [ 98.466108803864117, 3.591472818820576 ], [ 98.46611391652938, 3.591516520481825 ], [ 98.466139295662686, 3.591607108881346 ], [ 98.466168812507647, 3.591697699707341 ], [ 98.466159726995812, 3.591788267894186 ], [ 98.466108571802522, 3.591872232042613 ], [ 98.466104627073463, 3.591878809091432 ], [ 98.466046600031319, 3.591969348566387 ], [ 98.466018317251638, 3.592008627668029 ], [ 98.465928112659086, 3.592059027796062 ], [ 98.465925740353825, 3.5920598511686 ], [ 98.465837919159426, 3.592090331877579 ], [ 98.465747727889152, 3.592117793356455 ], [ 98.465699193791082, 3.592059718206009 ], [ 98.46570764462048, 3.59196914965891 ], [ 98.465718430756311, 3.591878582482098 ], [ 98.465729217073942, 3.591788015304769 ] ] ], [ [ [ 98.51706720500006, 3.645843425000067 ], [ 98.517193309000049, 3.645841468000071 ], [ 98.517100739000057, 3.641897764000021 ], [ 98.517083658000047, 3.641897860000029 ], [ 98.515591281643296, 3.641906234241707 ], [ 98.515588409985909, 3.641954357295167 ], [ 98.515586044495038, 3.641993997795767 ], [ 98.515580639832123, 3.6420845689883 ], [ 98.515575235152696, 3.642175140180465 ], [ 98.515569830470994, 3.64226571137227 ], [ 98.515588195355363, 3.642355845732138 ], [ 98.515588377165145, 3.642356295488941 ], [ 98.515677368627905, 3.642446917616452 ], [ 98.515678327120895, 3.642447893660708 ], [ 98.515766362250474, 3.6425375397385 ], [ 98.515768459047237, 3.642539674904096 ], [ 98.515855354857621, 3.642628161853371 ], [ 98.515858590991215, 3.642631457242982 ], [ 98.515944347457307, 3.642718783961608 ], [ 98.515948722953425, 3.642723239575077 ], [ 98.516033612575896, 3.642809406210155 ], [ 98.51603885509094, 3.642814727847806 ], [ 98.516123973642351, 3.642900029042867 ], [ 98.516128987858792, 3.642905069969217 ], [ 98.516213890063952, 3.642990651629036 ], [ 98.516219120379731, 3.642995908141714 ], [ 98.516303848483105, 3.643081274231046 ], [ 98.516309252916827, 3.643086749886579 ], [ 98.516393278812075, 3.643171896541692 ], [ 98.516399385205446, 3.643178090904086 ], [ 98.516482406273255, 3.643262518682453 ], [ 98.516489517351133, 3.643269733715961 ], [ 98.516571624282378, 3.643353140865334 ], [ 98.516579649524715, 3.643361358396777 ], [ 98.516660006848113, 3.643443762591574 ], [ 98.516669781310625, 3.643453743713904 ], [ 98.516748619003479, 3.643534384434919 ], [ 98.516759913190995, 3.643545986326293 ], [ 98.51683655505316, 3.643625005907658 ], [ 98.516850044724137, 3.643638914248515 ], [ 98.516924448613381, 3.643715627351068 ], [ 98.516940176275185, 3.643731843137331 ], [ 98.517012342191123, 3.643806248788034 ], [ 98.516940093377116, 3.643887275647438 ], [ 98.516931358975256, 3.643896779317719 ], [ 98.516849865557703, 3.643974785905644 ], [ 98.516836793664936, 3.643987302524171 ], [ 98.51675963831066, 3.644061190903696 ], [ 98.516742262586192, 3.644077825736398 ], [ 98.516669411059411, 3.644147571725529 ], [ 98.516647722955653, 3.644168348931359 ], [ 98.516579183755695, 3.644234018797659 ], [ 98.516553227777194, 3.644258872137613 ], [ 98.516488956463007, 3.644320413125653 ], [ 98.516458718029654, 3.644349395323364 ], [ 98.51639872910296, 3.644406901559181 ], [ 98.516364253002052, 3.644439918520569 ], [ 98.516308501768407, 3.64449331017397 ], [ 98.516269779619449, 3.644530441700621 ], [ 98.51621827435261, 3.644579838827854 ], [ 98.516175337358789, 3.644620964884813 ], [ 98.516128046976718, 3.644666260711543 ], [ 98.516080905165765, 3.644711488061793 ], [ 98.516037819504746, 3.644752830334703 ], [ 98.515986480847459, 3.644802011230384 ], [ 98.515947592087514, 3.644839265491372 ], [ 98.515892269664576, 3.644892534501358 ], [ 98.515857364416846, 3.644926142568742 ], [ 98.515798524129679, 3.644983058011094 ], [ 98.515767136515478, 3.64501341883601 ], [ 98.515704938306271, 3.645073581594577 ], [ 98.515676908597371, 3.645100694020444 ], [ 98.515611352079389, 3.645164105165402 ], [ 98.515586680661812, 3.645187969475714 ], [ 98.515517766940221, 3.645254628724372 ], [ 98.515496452708661, 3.645275245425844 ], [ 98.515424180676092, 3.645345152270289 ], [ 98.515406224738641, 3.64536252057555 ], [ 98.515330594393362, 3.645435675803753 ], [ 98.515315996751198, 3.645449795880778 ], [ 98.515237009198302, 3.64552619932536 ], [ 98.515225768746078, 3.645537071911492 ], [ 98.515143422878324, 3.64561672283391 ], [ 98.515135540724103, 3.645624347026467 ], [ 98.515049837590553, 3.645707246330575 ], [ 98.515045312684265, 3.645711623201123 ], [ 98.514956251288808, 3.645797769814243 ], [ 98.514955084627701, 3.645798898292938 ], [ 98.514873857301012, 3.645877467204612 ], [ 98.51706720500006, 3.645843425000067 ] ] ], [ [ [ 98.524910133000049, 3.631883584000037 ], [ 98.527074957718824, 3.631820826049571 ], [ 98.527074870806985, 3.631765230841099 ], [ 98.52713691992372, 3.631703394125075 ], [ 98.527165514886519, 3.631674704170697 ], [ 98.527165374673345, 3.631584129814706 ], [ 98.527227194079444, 3.631522520451507 ], [ 98.527256015643815, 3.631493603129656 ], [ 98.527255876796474, 3.631403028772862 ], [ 98.527317468196628, 3.631341645096754 ], [ 98.527317494138046, 3.631341619069149 ], [ 98.527390007000065, 3.630930417000059 ], [ 98.527309163000041, 3.628205535000064 ], [ 98.527236943000048, 3.625771352000072 ], [ 98.527153516000055, 3.623843218000047 ], [ 98.527031755000053, 3.621029148000048 ], [ 98.527088366243419, 3.622337513325402 ], [ 98.527051616461733, 3.622321038632883 ], [ 98.526961458317317, 3.622280621985345 ], [ 98.526903948707073, 3.622254840782561 ], [ 98.526871300182194, 3.622240204648503 ], [ 98.526781142055654, 3.622199787984989 ], [ 98.526701668465307, 3.622164160443253 ], [ 98.526690983938408, 3.622159370632169 ], [ 98.526600826959907, 3.622116778722912 ], [ 98.526577881383403, 3.622073521234224 ], [ 98.526565682258763, 3.621982940542456 ], [ 98.526553483135402, 3.621892359850659 ], [ 98.526541284013305, 3.621801779158839 ], [ 98.526529084892488, 3.621711198466991 ], [ 98.526510881856893, 3.621666449667158 ], [ 98.52646386654547, 3.621620589966585 ], [ 98.526420737907088, 3.621598895731287 ], [ 98.526330582429964, 3.621553546408511 ], [ 98.526283614814602, 3.621529921110575 ], [ 98.526240426962772, 3.621508196962867 ], [ 98.526150271095872, 3.621463635155703 ], [ 98.52609597987778, 3.621439248347618 ], [ 98.52606011288286, 3.621423603415911 ], [ 98.525969954113705, 3.62138465793378 ], [ 98.525885940419585, 3.621348563785389 ], [ 98.525879795241693, 3.621345926819437 ], [ 98.525789636262729, 3.621307417795046 ], [ 98.525699477279858, 3.621268932779709 ], [ 98.525674148469719, 3.621257878258938 ], [ 98.525609318575007, 3.621229930095325 ], [ 98.525519158810013, 3.621192980469241 ], [ 98.525457111144618, 3.621167189931322 ], [ 98.525428999311885, 3.621155534229346 ], [ 98.525338839791772, 3.621118146294639 ], [ 98.525248680578599, 3.62108018518005 ], [ 98.525239931492933, 3.621076501482194 ], [ 98.525158521373555, 3.621042224720041 ], [ 98.525068362177407, 3.621004263436179 ], [ 98.525024442304883, 3.62098581387557 ], [ 98.524978207759517, 3.62095715006811 ], [ 98.524888057713426, 3.620901669128993 ], [ 98.524877427488789, 3.620895162255483 ], [ 98.524797916653313, 3.620828974518859 ], [ 98.524767402581375, 3.620804530083293 ], [ 98.524707774887347, 3.620757662003637 ], [ 98.524654199412495, 3.620713896227363 ], [ 98.52461763434539, 3.62068403034899 ], [ 98.524543105298264, 3.620623263470469 ], [ 98.524527493540006, 3.620610932396642 ], [ 98.524437351667828, 3.620539907811272 ], [ 98.524428360961423, 3.620532628780346 ], [ 98.524347210830229, 3.620466928226285 ], [ 98.524316758941836, 3.620441995733649 ], [ 98.524257070555123, 3.620392899271649 ], [ 98.524205694317686, 3.620351362959032 ], [ 98.52416692971002, 3.620319991135549 ], [ 98.524095763240311, 3.620260730770816 ], [ 98.524076790016096, 3.620244906289106 ], [ 98.523987098997651, 3.620170099239622 ], [ 98.523986650387712, 3.620169725078858 ], [ 98.523896510774094, 3.620094544744414 ], [ 98.523878433719162, 3.620079467697481 ], [ 98.523806371175709, 3.620019364406493 ], [ 98.523769768457484, 3.619988836144945 ], [ 98.523716231592559, 3.619944184061425 ], [ 98.523661103217961, 3.619898204582018 ], [ 98.523626092024642, 3.619869003709207 ], [ 98.523552438000578, 3.619807573008704 ], [ 98.52353595247196, 3.61979382334984 ], [ 98.523445812934511, 3.619718642966611 ], [ 98.523443772829509, 3.619716941425012 ], [ 98.523355673412382, 3.619643462441169 ], [ 98.523335107876022, 3.619626309831039 ], [ 98.523265533905473, 3.619568281908578 ], [ 98.523226442944662, 3.619535678226678 ], [ 98.523175394413812, 3.619493101368842 ], [ 98.523117778035441, 3.619445046611933 ], [ 98.523085254937357, 3.619417920821961 ], [ 98.523009113148362, 3.619354414986803 ], [ 98.522995115476164, 3.619342740267935 ], [ 98.522904976030176, 3.61926755974386 ], [ 98.522900448283409, 3.619263783351291 ], [ 98.522814836599437, 3.619192379138449 ], [ 98.522790541559743, 3.619173151049383 ], [ 98.522724701576124, 3.619108806417875 ], [ 98.522697679584539, 3.619082527742258 ], [ 98.522634569086193, 3.619020425879497 ], [ 98.522606674426214, 3.618991905409032 ], [ 98.522544437342688, 3.618930653040583 ], [ 98.522513106388743, 3.618901281714348 ], [ 98.522454302283364, 3.618847246576743 ], [ 98.522414095000698, 3.618810655134884 ], [ 98.522364168070695, 3.618762255245807 ], [ 98.522323097919809, 3.618720032784146 ], [ 98.522274038081051, 3.618669234009223 ], [ 98.522236134871875, 3.61862941255957 ], [ 98.522183909184534, 3.618574161142819 ], [ 98.522150477927653, 3.618538793019481 ], [ 98.522093780451712, 3.618478811472862 ], [ 98.522064820272121, 3.61844817347297 ], [ 98.522003651737975, 3.618383461104864 ], [ 98.521979163308472, 3.618357553920783 ], [ 98.521913523042969, 3.618288110730187 ], [ 98.521893506123433, 3.618266934362433 ], [ 98.521823394017446, 3.618193426497071 ], [ 98.521807068142536, 3.618176314384856 ], [ 98.521733264956964, 3.618098844441805 ], [ 98.521720729619219, 3.618085694453748 ], [ 98.5216431360314, 3.618004040498351 ], [ 98.521634616010942, 3.617995074635545 ], [ 98.521553007146125, 3.617909195265858 ], [ 98.521548502419662, 3.617904454811237 ], [ 98.521462878279465, 3.617814350026678 ], [ 98.521462388845379, 3.617813834980822 ], [ 98.521376035223867, 3.617723215017165 ], [ 98.52137274926767, 3.61771981693783 ], [ 98.521288112457711, 3.61763259421621 ], [ 98.521282619394469, 3.617626960792054 ], [ 98.521199269644299, 3.617541972921433 ], [ 98.521192489059857, 3.617535018697902 ], [ 98.521110355682382, 3.617451351582388 ], [ 98.521102358676274, 3.617443204439784 ], [ 98.521019368007842, 3.617360729137825 ], [ 98.521012227209596, 3.617353487733526 ], [ 98.520931700271845, 3.617270108445973 ], [ 98.520922097503856, 3.617260451126397 ], [ 98.520841235344179, 3.617179486264939 ], [ 98.520831966372199, 3.617170164625549 ], [ 98.520750768477512, 3.617088864076032 ], [ 98.520741835257283, 3.617079880194935 ], [ 98.520660297537887, 3.61699824187812 ], [ 98.520651704158155, 3.61698959964723 ], [ 98.520569824707152, 3.616907619672363 ], [ 98.520561573076307, 3.616899320195699 ], [ 98.520479592907066, 3.616816997587617 ], [ 98.520471442139424, 3.616808798839079 ], [ 98.520389405411549, 3.616726375519572 ], [ 98.520381311243483, 3.616718233596151 ], [ 98.52029921790151, 3.616635753444728 ], [ 98.520291180365291, 3.616627668581498 ], [ 98.520201043051031, 3.616549379034382 ], [ 98.520138367132574, 3.616545093858186 ], [ 98.520110867810686, 3.616543241952863 ], [ 98.52002069734894, 3.616528023957678 ], [ 98.519930512267152, 3.616540605598944 ], [ 98.519912851911698, 3.616544974127829 ], [ 98.519840322065491, 3.61656291536662 ], [ 98.519750131860548, 3.616585225124698 ], [ 98.519659941652307, 3.616607534873177 ], [ 98.519569751440784, 3.616629844612055 ], [ 98.519547478013351, 3.616635354236622 ], [ 98.519479561226035, 3.616652154213745 ], [ 98.519389371008018, 3.61667446376399 ], [ 98.519299180786717, 3.616696773304636 ], [ 98.519208990562134, 3.616719082835681 ], [ 98.519182101292458, 3.616725734186393 ], [ 98.519118800334184, 3.616741392476044 ], [ 98.519028610102936, 3.61676370215732 ], [ 98.518938419868391, 3.616786011828998 ], [ 98.518848229630564, 3.616808321491074 ], [ 98.518832482924282, 3.616816122366604 ], [ 98.518758014953448, 3.616876965013261 ], [ 98.518728930020856, 3.616906641442493 ], [ 98.518667788023535, 3.616968811683543 ], [ 98.518639885724383, 3.616997168229808 ], [ 98.518577561027982, 3.617060748236595 ], [ 98.518551442017184, 3.617087695325701 ], [ 98.518487332660541, 3.61715524984004 ], [ 98.518464798004018, 3.617178223369184 ], [ 98.518397106541428, 3.61724545637998 ], [ 98.518335538032716, 3.617268728693066 ], [ 98.518306910302556, 3.617279032437116 ], [ 98.518296474636244, 3.617268707875543 ], [ 98.518216779253464, 3.617189141935294 ], [ 98.518205695157491, 3.617178085297987 ], [ 98.518126648115171, 3.617099453982461 ], [ 98.518114558010694, 3.617087462522868 ], [ 98.518036516865692, 3.617010010113588 ], [ 98.518023206384711, 3.616996839626439 ], [ 98.517946385481963, 3.616920853868256 ], [ 98.517931571873675, 3.616906216572169 ], [ 98.517856250098546, 3.616839300838034 ], [ 98.517826278888464, 3.616815586225647 ], [ 98.517766109236376, 3.616768145979134 ], [ 98.51771132286386, 3.616724950714245 ], [ 98.517675968343823, 3.616697076117197 ], [ 98.517596367127624, 3.616634315191255 ], [ 98.517585827466277, 3.616626005280631 ], [ 98.517495686602771, 3.616554935284133 ], [ 98.51748141066841, 3.616543679656138 ], [ 98.517405545754158, 3.616483864553285 ], [ 98.517366455461115, 3.61645304410995 ], [ 98.51731540646513, 3.616409872556062 ], [ 98.517258984539609, 3.616362412548308 ], [ 98.517225269530655, 3.616331457880745 ], [ 98.517160276124258, 3.616271785656218 ], [ 98.517135134620048, 3.616249247841508 ], [ 98.517059526171423, 3.61618115766532 ], [ 98.51704499924783, 3.616167941171137 ], [ 98.516960311465709, 3.616090530485892 ], [ 98.516954864475139, 3.616085532499001 ], [ 98.516864729913564, 3.616002756131121 ], [ 98.51686163703188, 3.61599990358673 ], [ 98.516774595755322, 3.615919249213243 ], [ 98.516764419811309, 3.615909277458029 ], [ 98.516684464258617, 3.615830747352243 ], [ 98.516672545754602, 3.615818654177338 ], [ 98.516594333609845, 3.615740677509111 ], [ 98.516581670945129, 3.615728031423787 ], [ 98.51650420234445, 3.615651805415169 ], [ 98.516489495038812, 3.615637407967653 ], [ 98.516414070276966, 3.615564480547552 ], [ 98.516395638798969, 3.615546783605778 ], [ 98.516323935571037, 3.615482167949945 ], [ 98.516291932869635, 3.615456153968045 ], [ 98.51623379569719, 3.615409638225352 ], [ 98.516178654807362, 3.615365519199955 ], [ 98.516143655622216, 3.615337515840805 ], [ 98.516065376489152, 3.615274884420379 ], [ 98.516053515561367, 3.615265394447461 ], [ 98.515963375515753, 3.615193272048558 ], [ 98.515952099114571, 3.615184249629962 ], [ 98.515873235484435, 3.615121150337545 ], [ 98.515838820678368, 3.615093614827628 ], [ 98.515783095468024, 3.615049028227604 ], [ 98.515725543514534, 3.615002980014631 ], [ 98.515692955466292, 3.614976906094389 ], [ 98.515612265124702, 3.614912345189633 ], [ 98.515602815479028, 3.614904784377948 ], [ 98.515512675506812, 3.614832661943168 ], [ 98.515498987817537, 3.614821710353873 ], [ 98.515422535548751, 3.614760540499594 ], [ 98.515385709663775, 3.614731075506318 ], [ 98.51533239560591, 3.614688418050465 ], [ 98.515272431761687, 3.614640440647556 ], [ 98.515242255677208, 3.614616296592546 ], [ 98.515159154295588, 3.614549805777688 ], [ 98.515152115763712, 3.614544174129072 ], [ 98.515061975864455, 3.614472052514913 ], [ 98.515045876021688, 3.614459170896048 ], [ 98.514971835980248, 3.614399930178991 ], [ 98.514932599020142, 3.614368536003752 ], [ 98.514881696110578, 3.614327808142638 ], [ 98.514819320792611, 3.614277901099464 ], [ 98.514791556255517, 3.614255686200226 ], [ 98.514706043837435, 3.614187266184522 ], [ 98.514701416415406, 3.614183563741683 ], [ 98.514611280335245, 3.61410439507568 ], [ 98.514602756052525, 3.614096636618052 ], [ 98.514521145775745, 3.614022395879189 ], [ 98.514503174740852, 3.614006009031472 ], [ 98.514431011335049, 3.613940204083299 ], [ 98.514403780699325, 3.613915381536935 ], [ 98.514340876896796, 3.613858038609054 ], [ 98.514298696252112, 3.613824750979066 ], [ 98.514250736953585, 3.613786254086834 ], [ 98.514160586384804, 3.613734471188628 ], [ 98.514160121031722, 3.613734102427965 ], [ 98.514070446241888, 3.61366311364482 ], [ 98.514048373616703, 3.61364346826884 ], [ 98.51398031263723, 3.613579496754014 ], [ 98.513946306121952, 3.61355283929885 ], [ 98.513890173516543, 3.613506275241802 ], [ 98.513840941974891, 3.613462208548599 ], [ 98.513800039536932, 3.613423423719732 ], [ 98.513755379217571, 3.613371588429926 ], [ 98.513709917152994, 3.613318823322124 ], [ 98.513674366639776, 3.613280970750834 ], [ 98.51361979214262, 3.613219193383442 ], [ 98.513595192092723, 3.613190354054489 ], [ 98.513529673250957, 3.613108110724842 ], [ 98.513523332951308, 3.61309974128597 ], [ 98.513449469347833, 3.613009127435753 ], [ 98.513439554157756, 3.612997446512345 ], [ 98.513372826435443, 3.612918512086761 ], [ 98.513349432795138, 3.612891082077284 ], [ 98.513296915343133, 3.612827897126736 ], [ 98.513259311840287, 3.612783990879639 ], [ 98.513220299474327, 3.612737281783112 ], [ 98.513169190402934, 3.612677843847191 ], [ 98.513142564394059, 3.612646665832794 ], [ 98.513079068344155, 3.612572901198886 ], [ 98.513064562730165, 3.612556049734275 ], [ 98.512988946174602, 3.612468204442546 ], [ 98.512986561081448, 3.612465433630956 ], [ 98.512898817695358, 3.612375380428925 ], [ 98.512898244043484, 3.612374811971292 ], [ 98.512808683214558, 3.612293845667938 ], [ 98.512787829981306, 3.612284178410777 ], [ 98.512718530296951, 3.612246911133068 ], [ 98.512628364686265, 3.612223791252691 ], [ 98.512538199702163, 3.612199507628363 ], [ 98.51251577050418, 3.612193457794832 ], [ 98.512448034743485, 3.612175187406366 ], [ 98.512357869790463, 3.612150867700251 ], [ 98.512267704843325, 3.612126548054414 ], [ 98.512179299380222, 3.612102702392556 ], [ 98.51217753990241, 3.61210222780739 ], [ 98.512087374967436, 3.612077907552027 ], [ 98.511997210038075, 3.612053587892849 ], [ 98.511907045114668, 3.612029268133341 ], [ 98.511816831363163, 3.61209634919106 ], [ 98.511810605276423, 3.61210250361366 ], [ 98.511726605800547, 3.612185508065836 ], [ 98.511718984442666, 3.61219302831015 ], [ 98.511636380297986, 3.612274521720173 ], [ 98.511627256875983, 3.612283552937128 ], [ 98.511546154635582, 3.612363801509596 ], [ 98.511535772838272, 3.612374077683595 ], [ 98.511455928942155, 3.612453106374491 ], [ 98.511444336751012, 3.612464602444057 ], [ 98.511365703149323, 3.61254256419812 ], [ 98.51135303971985, 3.612555127267718 ], [ 98.511275477322982, 3.612632051691795 ], [ 98.51126180875211, 3.612645652115209 ], [ 98.511185251326495, 3.612721824150899 ], [ 98.511170739280715, 3.612736177038098 ], [ 98.511095025607077, 3.6128110458352 ], [ 98.511079127970703, 3.612826701656457 ], [ 98.51100480006734, 3.612899898964205 ], [ 98.510987297314571, 3.612917226144362 ], [ 98.510914573952348, 3.612989793819808 ], [ 98.510896608605734, 3.61300775123751 ], [ 98.510824347986627, 3.613079376768443 ], [ 98.510805045437493, 3.613098275846206 ], [ 98.510734123108904, 3.613166895513865 ], [ 98.510711688059956, 3.613188799472822 ], [ 98.510643898255239, 3.613254337216372 ], [ 98.510618052365047, 3.613279322936585 ], [ 98.510553673651003, 3.613341281362337 ], [ 98.510516646193679, 3.613369842184432 ], [ 98.510463462873929, 3.613402395173703 ], [ 98.510373280703561, 3.613410123956437 ], [ 98.510283105126462, 3.613405555069113 ], [ 98.510205164621496, 3.613460247723766 ], [ 98.510192892883794, 3.613469361887412 ], [ 98.510119222883617, 3.613550775289732 ], [ 98.510102661773331, 3.613568322277185 ], [ 98.510034457372853, 3.613641303482013 ], [ 98.510012432830536, 3.613663205391584 ], [ 98.509926065046571, 3.613731818866209 ], [ 98.509922215885425, 3.613735695016911 ], [ 98.509846513894885, 3.613822349860151 ], [ 98.50983198426529, 3.613835500830948 ], [ 98.50975453046938, 3.613912874107948 ], [ 98.509741757765511, 3.613925731369917 ], [ 98.50966766632223, 3.614003401118384 ], [ 98.509651529095265, 3.614019970938243 ], [ 98.50957852098297, 3.614093926881297 ], [ 98.509561301932109, 3.614111369476325 ], [ 98.509489155514856, 3.614184452513479 ], [ 98.509471074750707, 3.614202768261472 ], [ 98.509399791289979, 3.614274978134913 ], [ 98.50938084755083, 3.614294167796245 ], [ 98.509310425786381, 3.614365503744227 ], [ 98.50929062033326, 3.614385566582762 ], [ 98.509221061526034, 3.614456029342792 ], [ 98.509200393097231, 3.614476966069544 ], [ 98.509131695986966, 3.614546554929241 ], [ 98.509110165843481, 3.614568364857426 ], [ 98.509042331691134, 3.614637080504937 ], [ 98.509019938571285, 3.614659764296217 ], [ 98.508952966116581, 3.614727606068512 ], [ 98.508929711281539, 3.614751162752709 ], [ 98.508863600524293, 3.614818131620651 ], [ 98.508839485097283, 3.614840472604118 ], [ 98.508766032522587, 3.614908652706424 ], [ 98.508749262278357, 3.614923495261101 ], [ 98.508663806695694, 3.614999171248472 ], [ 98.508659037829361, 3.615009516622909 ], [ 98.508619446498201, 3.615089721217367 ], [ 98.508658974191974, 3.61512775974331 ], [ 98.508713618801849, 3.61518034644812 ], [ 98.508749105692615, 3.615214496905085 ], [ 98.508807791410618, 3.615270971671602 ], [ 98.508839237211177, 3.615301232765197 ], [ 98.508901964568551, 3.615361596887945 ], [ 98.508929368746976, 3.615387968618508 ], [ 98.508996137745285, 3.615452222096862 ], [ 98.509019500299999, 3.615474704465015 ], [ 98.509090310940834, 3.615542847298349 ], [ 98.50910963187026, 3.615561440304717 ], [ 98.509184484155185, 3.615633472492411 ], [ 98.50919976345773, 3.615648176137614 ], [ 98.509278656209304, 3.615724097678399 ], [ 98.509289885937363, 3.615751885679935 ], [ 98.509300508492217, 3.615814683613767 ], [ 98.509289840774315, 3.615835893070159 ], [ 98.509254979935321, 3.615905232981379 ], [ 98.509209287262593, 3.615995782256207 ], [ 98.509199557076968, 3.616031987686771 ], [ 98.509180411420303, 3.616086340656439 ], [ 98.50919951090664, 3.616117846208264 ], [ 98.509247626476423, 3.616176951216768 ], [ 98.509289634306114, 3.61621991771286 ], [ 98.509337921201663, 3.616267574299378 ], [ 98.509379765642834, 3.616307261534518 ], [ 98.509433473124645, 3.616358200227848 ], [ 98.509469897995402, 3.61639274764972 ], [ 98.509529024712933, 3.616448826148439 ], [ 98.509560030365222, 3.616478233331349 ], [ 98.509624576736016, 3.616539452061572 ], [ 98.509650162752052, 3.616563719006139 ], [ 98.509720127979818, 3.616630077966584 ], [ 98.509740295680146, 3.616648228870867 ], [ 98.509817433399661, 3.616720704815083 ], [ 98.509830428184443, 3.616733559089968 ], [ 98.509907893628039, 3.616811327944454 ], [ 98.509920558127646, 3.616823689564763 ], [ 98.51000795100893, 3.616901956269261 ], [ 98.510010693148885, 3.616904396628724 ], [ 98.510100826459961, 3.616988319134674 ], [ 98.5101054159028, 3.616992583180495 ], [ 98.510190964041186, 3.617064318167396 ], [ 98.510216291474123, 3.617083217350353 ], [ 98.510281108499797, 3.617127532137348 ], [ 98.510350290989308, 3.617173864036323 ], [ 98.510371247804727, 3.617200374312171 ], [ 98.510422831995044, 3.617264477419019 ], [ 98.510455104454877, 3.61735506898805 ], [ 98.510461333823997, 3.617372555360888 ], [ 98.510493232340337, 3.617445663727924 ], [ 98.510539419195453, 3.617536262831495 ], [ 98.510551413124489, 3.617557317507353 ], [ 98.510581000828552, 3.617626859439925 ], [ 98.510619542281219, 3.617717454401139 ], [ 98.510641478006775, 3.617769019147812 ], [ 98.510658080711323, 3.61780804935993 ], [ 98.510696616054048, 3.617898644316265 ], [ 98.510731542902306, 3.617980763924506 ], [ 98.510735141452173, 3.617989239266432 ], [ 98.510773607271744, 3.618079834183562 ], [ 98.510812072203279, 3.618170429099431 ], [ 98.510821607630547, 3.618192888490906 ], [ 98.510850453107963, 3.618261023969032 ], [ 98.510888812597742, 3.618351618826268 ], [ 98.510911672079956, 3.618405601008885 ], [ 98.51092717338318, 3.618442213683431 ], [ 98.510965531099757, 3.618532808538159 ], [ 98.511001736562363, 3.618618320094618 ], [ 98.511003889084819, 3.618623403392256 ], [ 98.511042253452828, 3.618713998249034 ], [ 98.511080622385478, 3.618804593107506 ], [ 98.511091801110211, 3.618830985278276 ], [ 98.511181968850366, 3.618851196820808 ], [ 98.511219021090369, 3.618895242087893 ], [ 98.511272094294256, 3.618950343820295 ], [ 98.511307245375377, 3.618895289813846 ], [ 98.511362346402251, 3.618813126515851 ], [ 98.511411601395437, 3.618895346255325 ], [ 98.511452448070443, 3.61895669071316 ], [ 98.511493493813234, 3.618895390538812 ], [ 98.511542698850107, 3.618821908778319 ], [ 98.511632854890337, 3.618863997506726 ], [ 98.511723017562815, 3.618893716123275 ], [ 98.511730184367011, 3.618895518487966 ], [ 98.511813184616514, 3.618915263228805 ], [ 98.51190082370826, 3.618986184798478 ], [ 98.511903324188694, 3.618988167161427 ], [ 98.511906052401898, 3.618986187623364 ], [ 98.511993534787067, 3.618928369473677 ], [ 98.51208370041941, 3.618952598158465 ], [ 98.512173870365146, 3.618968774274634 ], [ 98.512191461869591, 3.618986341774593 ], [ 98.512264000833298, 3.619058772182651 ], [ 98.512282218822676, 3.619076964884477 ], [ 98.512354131316187, 3.619148775826166 ], [ 98.512372970991407, 3.619167587984922 ], [ 98.512444261819425, 3.619238774678734 ], [ 98.512463769108763, 3.61925821110331 ], [ 98.512534392456359, 3.619328556780984 ], [ 98.512554661128348, 3.619348834265498 ], [ 98.512624522921826, 3.619418692900705 ], [ 98.512645218831935, 3.619439457240436 ], [ 98.51271465326414, 3.619509092852781 ], [ 98.512735672887885, 3.619530080152638 ], [ 98.512804783839215, 3.619599090606269 ], [ 98.512826466685439, 3.619620703241268 ], [ 98.512894914512202, 3.619688938415294 ], [ 98.512917410903086, 3.619711326404143 ], [ 98.512985045276494, 3.619778648583533 ], [ 98.513008132037825, 3.619801949439843 ], [ 98.513075175363184, 3.619869660763509 ], [ 98.51309785427415, 3.619892571930203 ], [ 98.513165305432452, 3.619960739207042 ], [ 98.513187546508505, 3.619983194397707 ], [ 98.513255435561462, 3.620051739477059 ], [ 98.51327772015641, 3.620073817117968 ], [ 98.513345566619279, 3.620141033490765 ], [ 98.51336915598867, 3.620164440511555 ], [ 98.513435697627102, 3.620230454294578 ], [ 98.513460455155467, 3.620255063824529 ], [ 98.513525828548708, 3.620320069818191 ], [ 98.513551353069801, 3.62034568691441 ], [ 98.513615959038077, 3.620410528750849 ], [ 98.513641640000642, 3.620436309668351 ], [ 98.513706089536697, 3.620501003830693 ], [ 98.513732042798765, 3.620526932477895 ], [ 98.513796220294381, 3.620591026781916 ], [ 98.513822892719432, 3.620617555521356 ], [ 98.513886351271609, 3.620680671453276 ], [ 98.513913951224339, 3.620708178670211 ], [ 98.513976482203432, 3.620770434535848 ], [ 98.514005033272781, 3.620798801824815 ], [ 98.514066613288037, 3.620859944398851 ], [ 98.514096325804545, 3.620889425085757 ], [ 98.514156745415377, 3.620947531314335 ], [ 98.514190496374326, 3.620980049888206 ], [ 98.514246877957419, 3.621034372742529 ], [ 98.514284476747079, 3.621070674580862 ], [ 98.514337010419453, 3.621121396712766 ], [ 98.514378338031563, 3.62116129920202 ], [ 98.514427142898867, 3.621208420550593 ], [ 98.514472231521125, 3.621251923833071 ], [ 98.51451727543045, 3.621295378922849 ], [ 98.514566217622786, 3.621342548506485 ], [ 98.514607408027388, 3.621382247054497 ], [ 98.51466024860234, 3.621433173196575 ], [ 98.51469754064172, 3.621469114961816 ], [ 98.514754086711051, 3.621523797775541 ], [ 98.514787673108245, 3.621556292928636 ], [ 98.51484775452812, 3.621614422255569 ], [ 98.514877805578251, 3.621643496919319 ], [ 98.514941618915387, 3.621705046833821 ], [ 98.514967938220778, 3.621730409329892 ], [ 98.515035729792629, 3.621795671537061 ], [ 98.515058070956485, 3.621817179129039 ], [ 98.515129866863489, 3.621886296246894 ], [ 98.515148203709458, 3.62190394892134 ], [ 98.515224003033879, 3.621976920948763 ], [ 98.515238336479143, 3.621990719758021 ], [ 98.515318139968571, 3.622067545643559 ], [ 98.515328469266649, 3.622077489536621 ], [ 98.515412277095919, 3.622158170330976 ], [ 98.515418602071421, 3.622164259308371 ], [ 98.515506413177121, 3.62224879501035 ], [ 98.515508734892919, 3.622251030098576 ], [ 98.515598867732194, 3.62233779988255 ], [ 98.515600550314005, 3.622339419682805 ], [ 98.515689000588765, 3.622424569633744 ], [ 98.51569468749787, 3.622430044347801 ], [ 98.515779133462601, 3.622511339378084 ], [ 98.515788824583026, 3.622520669005255 ], [ 98.51586926635315, 3.622598110166805 ], [ 98.515882960828961, 3.622611293654776 ], [ 98.515959399261519, 3.622684879897439 ], [ 98.515977098069342, 3.622701918297342 ], [ 98.516049532187168, 3.622771649621217 ], [ 98.516071235328539, 3.622792542932431 ], [ 98.516139665130083, 3.622858419338138 ], [ 98.516165372294807, 3.622883167559873 ], [ 98.516229798089697, 3.622945190099437 ], [ 98.516259508810322, 3.622973792179585 ], [ 98.516319931067144, 3.623031959802645 ], [ 98.516353646126049, 3.623064416792235 ], [ 98.516410064061873, 3.623118729498997 ], [ 98.516447457834062, 3.623155041222918 ], [ 98.516500195023951, 3.623209361122537 ], [ 98.516534408604798, 3.623245661970334 ], [ 98.516590323258555, 3.623305165818361 ], [ 98.51661963588559, 3.62333628178826 ], [ 98.516680451819425, 3.623400391096153 ], [ 98.516705623210953, 3.623426902007309 ], [ 98.516770580783785, 3.623494891147907 ], [ 98.516792296154279, 3.623517522587441 ], [ 98.516860710223426, 3.623588530234009 ], [ 98.516879606891621, 3.623608143502871 ], [ 98.516950839413695, 3.623682674291757 ], [ 98.516966921981577, 3.623698764414328 ], [ 98.517040970739004, 3.623772827106016 ], [ 98.517057954637124, 3.623789387309373 ], [ 98.517131103286488, 3.623860708503893 ], [ 98.517150899349176, 3.623880011220769 ], [ 98.517221236196519, 3.623947938892163 ], [ 98.517244737890152, 3.623970635603156 ], [ 98.517311369221758, 3.624034984662255 ], [ 98.517338576793179, 3.624061259978294 ], [ 98.517401502264903, 3.624122029328366 ], [ 98.517432416165676, 3.624151884346239 ], [ 98.517491635324802, 3.624209075084738 ], [ 98.517526254762984, 3.624242508706324 ], [ 98.51758176840201, 3.624296120834252 ], [ 98.517620093379051, 3.624333133058973 ], [ 98.517671901496541, 3.624383166576904 ], [ 98.517713932544254, 3.62442375740447 ], [ 98.51776203460868, 3.624470211777962 ], [ 98.517806729629342, 3.624514381185483 ], [ 98.517852166293295, 3.624559985618143 ], [ 98.517896868210258, 3.624605003538383 ], [ 98.517942299137985, 3.624647601892478 ], [ 98.517993764324487, 3.624695629495488 ], [ 98.518032433769278, 3.624731875868638 ], [ 98.518091030211096, 3.624786255642134 ], [ 98.518122568603602, 3.624815798082869 ], [ 98.518188440262662, 3.624876881857705 ], [ 98.518212703521755, 3.624899593572684 ], [ 98.518285999613738, 3.624967508144897 ], [ 98.518302838494535, 3.62498331748683 ], [ 98.518383675184225, 3.625058134486007 ], [ 98.518392973578514, 3.625066862880201 ], [ 98.518481569912609, 3.625148760935958 ], [ 98.518483108787251, 3.625150203993373 ], [ 98.518573242437142, 3.625236524441203 ], [ 98.518576129582115, 3.625239385597467 ], [ 98.518663374517871, 3.625325845183605 ], [ 98.518667575742541, 3.625330008589691 ], [ 98.5187535070623, 3.625414322317236 ], [ 98.518759941886245, 3.625420632065807 ], [ 98.518843640362462, 3.625501402889769 ], [ 98.51885385111261, 3.625511256358013 ], [ 98.518933773732371, 3.625588384264796 ], [ 98.518947759149981, 3.625601880642116 ], [ 98.519023907119958, 3.625675364988057 ], [ 98.519041668333472, 3.62569250491936 ], [ 98.51911404052494, 3.625762345542597 ], [ 98.519135577535778, 3.625783129189144 ], [ 98.519204173946818, 3.625849326884096 ], [ 98.51922946981017, 3.625873753442428 ], [ 98.519294307321445, 3.625936430452126 ], [ 98.519323202664864, 3.625964377603265 ], [ 98.519384440675381, 3.626023606098264 ], [ 98.519416901922952, 3.626055001738753 ], [ 98.519474574047237, 3.626110780649593 ], [ 98.519510601514739, 3.626145625866984 ], [ 98.519564707435848, 3.62619795628199 ], [ 98.519604300899445, 3.626236249987668 ], [ 98.519654840842406, 3.626285130819576 ], [ 98.519698000439647, 3.626326874100997 ], [ 98.519744974265748, 3.626372306438227 ], [ 98.519791730325991, 3.626417498223053 ], [ 98.519835107736071, 3.626459425899266 ], [ 98.519884684732276, 3.626508121924698 ], [ 98.519925240448487, 3.626548014951861 ], [ 98.519976863567422, 3.626598745206092 ], [ 98.520015373168036, 3.626636623831096 ], [ 98.520068736189259, 3.626689368317307 ], [ 98.520105505624016, 3.626725765891802 ], [ 98.520160499295628, 3.626779991363118 ], [ 98.520195638223413, 3.626814669542314 ], [ 98.520251877400611, 3.626870614196946 ], [ 98.520285770414119, 3.626904381874777 ], [ 98.520343548612445, 3.626961237179708 ], [ 98.520375903142025, 3.626993108806737 ], [ 98.52043432759541, 3.627051859680722 ], [ 98.520466034857591, 3.627083790067915 ], [ 98.520524496886893, 3.627142481850512 ], [ 98.520556166689317, 3.627174284973628 ], [ 98.520614915405616, 3.62723310414603 ], [ 98.520646298673228, 3.627264525046638 ], [ 98.520705429214189, 3.627323726485358 ], [ 98.520736430675029, 3.627354765112836 ], [ 98.520795943040795, 3.627414348817814 ], [ 98.520826562694722, 3.627445005172222 ], [ 98.520886293203546, 3.627504971056394 ], [ 98.520916694480391, 3.627535723618108 ], [ 98.520975600831136, 3.627595592734037 ], [ 98.521006825817352, 3.627627328444543 ], [ 98.521064764055637, 3.627686214328274 ], [ 98.521096957172034, 3.62771893399503 ], [ 98.52115392729786, 3.627776835915874 ], [ 98.521187087427279, 3.627812662927249 ], [ 98.521238753760443, 3.627867455193023 ], [ 98.521187030512422, 3.627920798345103 ], [ 98.521151032857134, 3.627957982800006 ], [ 98.521096801888774, 3.628013908992261 ], [ 98.521063303655566, 3.628048510391547 ], [ 98.521006573250858, 3.628107011492742 ], [ 98.520975565978134, 3.628139037967546 ], [ 98.520916344598717, 3.628200105816863 ], [ 98.520887821408451, 3.628229565528842 ], [ 98.520826115932721, 3.628293191274617 ], [ 98.520800068095042, 3.628320093074449 ], [ 98.520735887252641, 3.62838626824239 ], [ 98.520712306514298, 3.628410620604614 ], [ 98.520645658558166, 3.628479337350185 ], [ 98.520624538150329, 3.628501148120125 ], [ 98.520555429849878, 3.628572397526325 ], [ 98.520536760843626, 3.628591675619831 ], [ 98.520465201127564, 3.628665449128113 ], [ 98.520448975927664, 3.628682203104437 ], [ 98.520374972390485, 3.628758493598702 ], [ 98.520361183941688, 3.628772730574228 ], [ 98.520284743639792, 3.628851528718287 ], [ 98.520273383463547, 3.628863258028441 ], [ 98.520194514874845, 3.628944555772704 ], [ 98.520185575123165, 3.628953785467409 ], [ 98.520104286095176, 3.629037575581186 ], [ 98.520097760211115, 3.62904431289182 ], [ 98.520014057301765, 3.629130586331127 ], [ 98.52000993331275, 3.629134840298781 ], [ 98.519923828494882, 3.629223587482808 ], [ 98.519922102536441, 3.629225367692608 ], [ 98.519834283542764, 3.629315895081652 ], [ 98.519833599663599, 3.629316599774751 ], [ 98.519746540096392, 3.629406422499907 ], [ 98.519743370773625, 3.629409688127603 ], [ 98.519658809968817, 3.629496949914215 ], [ 98.519653141857916, 3.6295027900938 ], [ 98.519571072408652, 3.629587477313511 ], [ 98.519562912927825, 3.629595884153368 ], [ 98.519483327410327, 3.629678004697791 ], [ 98.519472683983423, 3.629688970204948 ], [ 98.519395574847053, 3.629768532066985 ], [ 98.519382455024555, 3.629782048528008 ], [ 98.519307815041785, 3.62985905942126 ], [ 98.519292226051277, 3.629875119052695 ], [ 98.519220047020156, 3.629949586760095 ], [ 98.519201997064144, 3.629968180683806 ], [ 98.519132272351271, 3.630040114084325 ], [ 98.519111768061975, 3.630061235719984 ], [ 98.519044490627437, 3.630130641393725 ], [ 98.519021539045312, 3.630154283063871 ], [ 98.518956701661409, 3.630221168688196 ], [ 98.518931310014167, 3.630247322750404 ], [ 98.518868905485149, 3.630311695967751 ], [ 98.518841080968713, 3.630340354458502 ], [ 98.518781101765526, 3.63040222323221 ], [ 98.518750851908564, 3.630433378903872 ], [ 98.518693291235365, 3.630492750481958 ], [ 98.518660622833892, 3.630526395795613 ], [ 98.518605372581959, 3.63058327766284 ], [ 98.51857039381845, 3.630619265794856 ], [ 98.518517348685137, 3.630673804776356 ], [ 98.518480164770153, 3.630712162942675 ], [ 98.518429656062935, 3.630764332055908 ], [ 98.518389935600467, 3.630805254211046 ], [ 98.518341823164249, 3.630854859249383 ], [ 98.51829970040022, 3.630909690020488 ], [ 98.51827261969197, 3.63094539639813 ], [ 98.518238168304038, 3.631035952133277 ], [ 98.518209413546771, 3.63111153186154 ], [ 98.518203715836265, 3.631126507865432 ], [ 98.518169264432558, 3.631217063595744 ], [ 98.518134863141128, 3.631307619350461 ], [ 98.518119107418087, 3.631349643098954 ], [ 98.518100846483449, 3.631398175308636 ], [ 98.518058998228767, 3.631488727072336 ], [ 98.518028806561844, 3.631577710285164 ], [ 98.518028166066046, 3.631579284730144 ], [ 98.517969863569974, 3.631669827678395 ], [ 98.517938558227499, 3.631706669860744 ], [ 98.517919891357423, 3.63172896784757 ], [ 98.517199069000071, 3.631713021000053 ], [ 98.524910133000049, 3.631883584000037 ] ] ], [ [ [ 98.529419743000062, 3.621082507000039 ], [ 98.53223079861624, 3.620924359992279 ], [ 98.532230774514971, 3.620899001505627 ], [ 98.532282764348381, 3.62084713172538 ], [ 98.532321293029923, 3.620808474022468 ], [ 98.532321207755601, 3.620717899607515 ], [ 98.53237303622646, 3.620666189896066 ], [ 98.532411724438859, 3.620627372110482 ], [ 98.532411639966185, 3.620536797694429 ], [ 98.532463308065743, 3.620485247059667 ], [ 98.532502154820051, 3.620446270183528 ], [ 98.532502071141494, 3.620355695766372 ], [ 98.532553579866203, 3.620304303232506 ], [ 98.532592584189743, 3.620265168241617 ], [ 98.532592501297898, 3.620174593823353 ], [ 98.532643851627881, 3.620123358430629 ], [ 98.532683012563922, 3.620084066284758 ], [ 98.5326829304515, 3.619993491865384 ], [ 98.532734123350721, 3.619942412648671 ], [ 98.532773439937245, 3.619902964312948 ], [ 98.532773358596984, 3.619812389892461 ], [ 98.53282439503478, 3.619761465902502 ], [ 98.532863866325499, 3.6197218623262 ], [ 98.532863785750266, 3.619631287904594 ], [ 98.532863910897674, 3.619540713589199 ], [ 98.532914713142105, 3.619489817087408 ], [ 98.532954211927006, 3.619450185901797 ], [ 98.532954584320393, 3.61935961171269 ], [ 98.533004984647775, 3.619309043062215 ], [ 98.533044810222222, 3.619269083973539 ], [ 98.533045147973112, 3.619178509764954 ], [ 98.533095256136306, 3.619128225848899 ], [ 98.533135365492797, 3.619087982008581 ], [ 98.533135685454809, 3.618997407789237 ], [ 98.533136002449723, 3.61890683356817 ], [ 98.533136316518963, 3.618816259345404 ], [ 98.533136363492105, 3.618802524064515 ], [ 98.533104662000085, 3.617602314000066 ], [ 98.533194987000059, 3.613038969000059 ], [ 98.533111927433467, 3.61723526137444 ], [ 98.533096216306006, 3.617252402645127 ], [ 98.533073512137264, 3.617276462329917 ], [ 98.533005991119907, 3.617343215720718 ], [ 98.532980994406273, 3.617366988917605 ], [ 98.532915767154321, 3.617431609660006 ], [ 98.532889698446439, 3.617457516124698 ], [ 98.532825542599483, 3.617521120296553 ], [ 98.532798424332839, 3.617548043331331 ], [ 98.53273531803832, 3.61761060876441 ], [ 98.532707123897296, 3.617638570512611 ], [ 98.532645093488171, 3.617700041212315 ], [ 98.532613449118529, 3.617729096454214 ], [ 98.532554872673387, 3.617782149251974 ], [ 98.532514145086537, 3.617819619471601 ], [ 98.532464650856909, 3.617866180506069 ], [ 98.532420773815673, 3.617910145544979 ], [ 98.532374424872032, 3.61795831113656 ], [ 98.532334270849603, 3.618000675160572 ], [ 98.532284197298779, 3.618053503987364 ], [ 98.532248462450127, 3.618091205124997 ], [ 98.532193969706483, 3.618148697018164 ], [ 98.532162655119507, 3.618181735079434 ], [ 98.532103742095373, 3.618243889727489 ], [ 98.532076847009463, 3.618272265022927 ], [ 98.53201351446495, 3.618339083153529 ], [ 98.531991039320857, 3.618362794956097 ], [ 98.531923286815683, 3.618434276326571 ], [ 98.531905231938808, 3.618453324878887 ], [ 98.531833059147814, 3.618529468823665 ], [ 98.531819327426092, 3.618543854740806 ], [ 98.53174283180482, 3.618623991646169 ], [ 98.531732767024778, 3.618634384252235 ], [ 98.531652605162094, 3.618717114152438 ], [ 98.531645125880232, 3.618724913192728 ], [ 98.531562378003912, 3.618811204198451 ], [ 98.53155831412262, 3.618815442552302 ], [ 98.531472150821457, 3.618905305044049 ], [ 98.531471511403183, 3.618905971905802 ], [ 98.53138389019729, 3.61899650082399 ], [ 98.531381924069251, 3.618998532182104 ], [ 98.531297021299437, 3.619087030121545 ], [ 98.531291696879251, 3.619092575088855 ], [ 98.531209360933019, 3.61917755899761 ], [ 98.53120147024417, 3.619185502177733 ], [ 98.531119040577821, 3.619268086482101 ], [ 98.531111244891278, 3.619275899779079 ], [ 98.531028844276236, 3.619358614019449 ], [ 98.531021019429872, 3.619366473591796 ], [ 98.530938742031012, 3.619449141594121 ], [ 98.53093079390942, 3.619457127348723 ], [ 98.530848899376707, 3.61953966929212 ], [ 98.530840568220853, 3.619548072947117 ], [ 98.53075874560642, 3.619630196817063 ], [ 98.530750342714981, 3.619638628561636 ], [ 98.530668184099611, 3.619720724118635 ], [ 98.530660117391307, 3.61972879540081 ], [ 98.530576103225513, 3.619811250618969 ], [ 98.530569892881232, 3.619817347383445 ], [ 98.530484886154099, 3.619901777556384 ], [ 98.530479667803334, 3.619906968025899 ], [ 98.530393408450507, 3.619992304346534 ], [ 98.530389442893622, 3.619996227760336 ], [ 98.530303844236741, 3.620082832119994 ], [ 98.530299216920127, 3.620087518040618 ], [ 98.530214149774054, 3.620173359814322 ], [ 98.530208991053726, 3.620178565380367 ], [ 98.530124745116069, 3.62026388764802 ], [ 98.530118764995507, 3.620269949883251 ], [ 98.5300355344081, 3.620354415571301 ], [ 98.5300285388264, 3.620361514346007 ], [ 98.529946934024409, 3.620444943800956 ], [ 98.529938312288593, 3.620453758642325 ], [ 98.52985838116976, 3.620535472044187 ], [ 98.529848085735296, 3.620545997433723 ], [ 98.529769815505887, 3.620626000269592 ], [ 98.529757859170786, 3.620638222484284 ], [ 98.529681116425763, 3.620716528414347 ], [ 98.529667632669842, 3.620730288870513 ], [ 98.529591362775335, 3.620807055998535 ], [ 98.529577406799831, 3.620821097377732 ], [ 98.529501392502326, 3.620897583458422 ], [ 98.529487181514298, 3.620910738769145 ], [ 98.529405125280761, 3.620988107625014 ], [ 98.529396959865338, 3.620993302573992 ], [ 98.529306751125148, 3.621050839012622 ], [ 98.529263213949292, 3.621078607983269 ], [ 98.52926260574084, 3.621078995911999 ], [ 98.529419743000062, 3.621082507000039 ] ] ], [ [ [ 98.53486409252605, 3.610950090090681 ], [ 98.534864138248736, 3.610937176406999 ], [ 98.534864455114914, 3.610846602146708 ], [ 98.534903073123672, 3.610807290540219 ], [ 98.534954117935044, 3.610756073777504 ], [ 98.534954438837005, 3.610665499517733 ], [ 98.534954755909283, 3.610574925255809 ], [ 98.534955069229298, 3.610484350991769 ], [ 98.5349934353669, 3.610445299454295 ], [ 98.535044739349601, 3.610393822610865 ], [ 98.535045056628235, 3.610303248347307 ], [ 98.535045370150101, 3.610212674081632 ], [ 98.535045679992677, 3.61012209981388 ], [ 98.535045986231296, 3.61003152554409 ], [ 98.535083843446529, 3.609992999371207 ], [ 98.535135670995743, 3.609940997153895 ], [ 98.535135981036007, 3.609850422884507 ], [ 98.535136287468035, 3.609759848613079 ], [ 98.535136590365241, 3.60966927433965 ], [ 98.535174205503736, 3.609630997982182 ], [ 98.53522628200443, 3.609578745937538 ], [ 98.535226588630096, 3.609488171664471 ], [ 98.535226891716761, 3.609397597389402 ], [ 98.535227191334116, 3.609307023112366 ], [ 98.535227487555602, 3.609216448833399 ], [ 98.535264613374338, 3.609178677324874 ], [ 98.535317192993858, 3.609125920421562 ], [ 98.535317492796835, 3.609035346142884 ], [ 98.535317789199979, 3.608944771862274 ], [ 98.535318082269256, 3.60885419757977 ], [ 98.53531837207079, 3.608763623295399 ], [ 98.535355021134578, 3.60872634348964 ], [ 98.535408090770375, 3.608673094873557 ], [ 98.535408384017671, 3.608582520589408 ], [ 98.535408673993444, 3.608491946303395 ], [ 98.535408960762155, 3.608401372015549 ], [ 98.535445382906317, 3.608364326171768 ], [ 98.535498685692318, 3.60831084358146 ], [ 98.535498975842543, 3.608220269293803 ], [ 98.535499262782068, 3.608129695004309 ], [ 98.535499546573703, 3.608039120713018 ], [ 98.535499827276979, 3.607948546419956 ], [ 98.53553579045662, 3.607911973687116 ], [ 98.535589564728625, 3.607858017975483 ], [ 98.535589848687692, 3.607767443682543 ], [ 98.535590129554905, 3.607676869387832 ], [ 98.535590407393528, 3.607586295091384 ], [ 98.535626152041687, 3.60754994755635 ], [ 98.535680150728538, 3.607495766634487 ], [ 98.535680431759872, 3.607405192338127 ], [ 98.535680709759234, 3.607314618040029 ], [ 98.535680984783127, 3.607224043740218 ], [ 98.535681175793641, 3.607133469397186 ], [ 98.535716559381584, 3.607097577454241 ], [ 98.53573682987016, 3.607077238541057 ], [ 98.535736869000061, 3.606999922000057 ], [ 98.535759818000088, 3.606679646000031 ], [ 98.535754570553181, 3.606752879351013 ], [ 98.535736478325333, 3.606771199957255 ], [ 98.535736190037596, 3.606861774251913 ], [ 98.535735763690198, 3.606952348475672 ], [ 98.535735259276962, 3.607042922659254 ], [ 98.535716577603239, 3.60706166739528 ], [ 98.535645810427752, 3.607133451279819 ], [ 98.535645474367726, 3.607224025548079 ], [ 98.535644970282107, 3.607314599730068 ], [ 98.535644460246743, 3.607405173908816 ], [ 98.535643944148561, 3.607495748084264 ], [ 98.535626170500535, 3.607513581714611 ], [ 98.535554681204601, 3.6075862767833 ], [ 98.535554171503094, 3.607676850960454 ], [ 98.535553655745602, 3.607767425134311 ], [ 98.535553133805536, 3.607857999304808 ], [ 98.535535809035323, 3.607875382530225 ], [ 98.535463882676439, 3.607948527994509 ], [ 98.535463367259212, 3.608039102166776 ], [ 98.535462845666402, 3.608129676335684 ], [ 98.535462317779036, 3.608220250501172 ], [ 98.535461783471376, 3.608310824663174 ], [ 98.535445401731394, 3.608327261662841 ], [ 98.535372557443466, 3.608401353348971 ], [ 98.535372029910093, 3.608491927512873 ], [ 98.535371495963787, 3.608582501673294 ], [ 98.535370955475571, 3.608673075830166 ], [ 98.535355040084127, 3.608689044896915 ], [ 98.535281741956936, 3.608763604506984 ], [ 98.535281208371543, 3.608854178665822 ], [ 98.535280668251787, 3.608944752821114 ], [ 98.535280121465462, 3.609035326972792 ], [ 98.535279567880664, 3.60912590112079 ], [ 98.535264632579981, 3.609140886778905 ], [ 98.535190380942907, 3.609216429794468 ], [ 98.535189834532332, 3.60930700394457 ], [ 98.535189281331185, 3.609397578090993 ], [ 98.535188721192554, 3.609488152233662 ], [ 98.535188153977117, 3.609578726372506 ], [ 98.535174224972309, 3.60959270233019 ], [ 98.535098994695744, 3.6096692550436 ], [ 98.535098434948438, 3.609759829184697 ], [ 98.535097868132695, 3.609850403321971 ], [ 98.535097294101661, 3.60994097745535 ], [ 98.535083863047944, 3.609954453773911 ], [ 98.535008148617919, 3.610031506118133 ], [ 98.535007582201374, 3.61012208025384 ], [ 98.53500700857812, 3.610212654385651 ], [ 98.535006427597452, 3.61030322851349 ], [ 98.5350058391044, 3.610393802637279 ], [ 98.534993455241974, 3.610406228224995 ], [ 98.53491672296721, 3.610484331298351 ], [ 98.534916142402622, 3.610574905424629 ], [ 98.534915554334731, 3.610665479546859 ], [ 98.534914958608596, 3.61075605366496 ], [ 98.534903093137004, 3.610767959106798 ], [ 98.534825857119912, 3.610846582318162 ], [ 98.534825269476627, 3.610937156438832 ], [ 98.534824861782766, 3.610999187360726 ], [ 98.53486409252605, 3.610950090090681 ] ] ], [ [ [ 98.535851180000066, 3.606290771000033 ], [ 98.535850112851051, 3.606295313236489 ], [ 98.535827203585214, 3.606318374198476 ], [ 98.53582713818497, 3.606393103093566 ], [ 98.535759818000088, 3.606679646000031 ], [ 98.535851180000066, 3.606290771000033 ] ] ], [ [ [ 98.535952874317047, 3.605903652652546 ], [ 98.535952933522665, 3.60586556633035 ], [ 98.535953073804308, 3.605774991955091 ], [ 98.535953213575809, 3.60568441757939 ], [ 98.535953352839655, 3.605593843203244 ], [ 98.535953491598363, 3.605503268826658 ], [ 98.535953629859137, 3.605412694449635 ], [ 98.53595376762442, 3.605322120072173 ], [ 98.535953904896559, 3.605231545694278 ], [ 98.535954041682672, 3.605140971315951 ], [ 98.535954177985005, 3.605050396937193 ], [ 98.535954190553014, 3.60504201579361 ], [ 98.535948770000061, 3.60498182300006 ], [ 98.535943036000049, 3.604918155000064 ], [ 98.535920652297946, 3.604878786055245 ], [ 98.535920451224527, 3.604959805231127 ], [ 98.535920225489178, 3.605050379563866 ], [ 98.535919998792039, 3.605140953895926 ], [ 98.535919771128533, 3.605231528227308 ], [ 98.535919542494099, 3.605322102558008 ], [ 98.53591931287454, 3.605412676888017 ], [ 98.535919082265153, 3.605503251217334 ], [ 98.535918850661105, 3.605593825545959 ], [ 98.535918618047901, 3.60568439987388 ], [ 98.535918384420569, 3.605774974201097 ], [ 98.535918149774105, 3.605865548527609 ], [ 98.535917914093645, 3.605956122853403 ], [ 98.535917701292661, 3.606037545365585 ], [ 98.535952874317047, 3.605903652652546 ] ] ] ] } }
]
}
