{
"type": "FeatureCollection",
"name": "buffer_1_2km",
"crs": { "type": "name", "properties": { "name": "urn:ogc:def:crs:OGC:1.3:CRS84" } },
"features": [
{ "type": "Feature", "properties": { "Jarak (Km)": "2" }, "geometry": { "type": "MultiPolygon", "coordinates": [ [ [ [ 98.511276366000061, 3.645933291000063 ], [ 98.514873857301012, 3.645877467204612 ], [ 98.514955084627701, 3.645798898292938 ], [ 98.514956251288808, 3.645797769814243 ], [ 98.515045312684265, 3.645711623201123 ], [ 98.515049837590553, 3.645707246330575 ], [ 98.515135540724103, 3.645624347026467 ], [ 98.515143422878324, 3.64561672283391 ], [ 98.515225768746078, 3.645537071911492 ], [ 98.515237009198302, 3.64552619932536 ], [ 98.515315996751198, 3.645449795880778 ], [ 98.515330594393362, 3.645435675803753 ], [ 98.515406224738641, 3.64536252057555 ], [ 98.515424180676092, 3.645345152270289 ], [ 98.515496452708661, 3.645275245425844 ], [ 98.515517766940221, 3.645254628724372 ], [ 98.515586680661812, 3.645187969475714 ], [ 98.515611352079389, 3.645164105165402 ], [ 98.515676908597371, 3.645100694020444 ], [ 98.515704938306271, 3.645073581594577 ], [ 98.515767136515478, 3.64501341883601 ], [ 98.515798524129679, 3.644983058011094 ], [ 98.515857364416846, 3.644926142568742 ], [ 98.515892269664576, 3.644892534501358 ], [ 98.515947592087514, 3.644839265491372 ], [ 98.515986480847459, 3.644802011230384 ], [ 98.516037819504746, 3.644752830334703 ], [ 98.516080905165765, 3.644711488061793 ], [ 98.516128046976718, 3.644666260711543 ], [ 98.516175337358789, 3.644620964884813 ], [ 98.51621827435261, 3.644579838827854 ], [ 98.516269779619449, 3.644530441700621 ], [ 98.516308501768407, 3.64449331017397 ], [ 98.516364253002052, 3.644439918520569 ], [ 98.51639872910296, 3.644406901559181 ], [ 98.516458718029654, 3.644349395323364 ], [ 98.516488956463007, 3.644320413125653 ], [ 98.516553227777194, 3.644258872137613 ], [ 98.516579183755695, 3.644234018797659 ], [ 98.516647722955653, 3.644168348931359 ], [ 98.516669411059411, 3.644147571725529 ], [ 98.516742262586192, 3.644077825736398 ], [ 98.51675963831066, 3.644061190903696 ], [ 98.516836793664936, 3.643987302524171 ], [ 98.516849865557703, 3.643974785905644 ], [ 98.516931358975256, 3.643896779317719 ], [ 98.516940093377116, 3.643887275647438 ], [ 98.517012342191123, 3.643806248788034 ], [ 98.516940176275185, 3.643731843137331 ], [ 98.516924448613381, 3.643715627351068 ], [ 98.516850044724137, 3.643638914248515 ], [ 98.51683655505316, 3.643625005907658 ], [ 98.516759913190995, 3.643545986326293 ], [ 98.516748619003479, 3.643534384434919 ], [ 98.516669781310625, 3.643453743713904 ], [ 98.516660006848113, 3.643443762591574 ], [ 98.516579649524715, 3.643361358396777 ], [ 98.516571624282378, 3.643353140865334 ], [ 98.516489517351133, 3.643269733715961 ], [ 98.516482406273255, 3.643262518682453 ], [ 98.516399385205446, 3.643178090904086 ], [ 98.516393278812075, 3.643171896541692 ], [ 98.516309252916827, 3.643086749886579 ], [ 98.516303848483105, 3.643081274231046 ], [ 98.516219120379731, 3.642995908141714 ], [ 98.516213890063952, 3.642990651629036 ], [ 98.516128987858792, 3.642905069969217 ], [ 98.516123973642351, 3.642900029042867 ], [ 98.51603885509094, 3.642814727847806 ], [ 98.516033612575896, 3.642809406210155 ], [ 98.515948722953425, 3.642723239575077 ], [ 98.515944347457307, 3.642718783961608 ], [ 98.515858590991215, 3.642631457242982 ], [ 98.515855354857621, 3.642628161853371 ], [ 98.515768459047237, 3.642539674904096 ], [ 98.515766362250474, 3.6425375397385 ], [ 98.515678327120895, 3.642447893660708 ], [ 98.515677368627905, 3.642446917616452 ], [ 98.515588377165145, 3.642356295488941 ], [ 98.515588195355363, 3.642355845732138 ], [ 98.515569830470994, 3.64226571137227 ], [ 98.515575235152696, 3.642175140180465 ], [ 98.515580639832123, 3.6420845689883 ], [ 98.515586044495038, 3.641993997795767 ], [ 98.515588409985909, 3.641954357295167 ], [ 98.515591281643296, 3.641906234241707 ], [ 98.511967358000049, 3.64192655900007 ], [ 98.511935621000077, 3.63545754100005 ], [ 98.511957433165705, 3.639903434234264 ], [ 98.51195226287183, 3.63990882629064 ], [ 98.511892060864511, 3.639971279032225 ], [ 98.511862722637844, 3.639999351700457 ], [ 98.511801833698144, 3.640057613722278 ], [ 98.511768228472846, 3.640089874406063 ], [ 98.511711606406109, 3.640144150044893 ], [ 98.511673868242156, 3.64018039717182 ], [ 98.511621379029151, 3.64023081222079 ], [ 98.511579657403942, 3.640270920006182 ], [ 98.511531151668024, 3.640317413198021 ], [ 98.511485103279441, 3.640361442641231 ], [ 98.511440924400247, 3.640403809120202 ], [ 98.511390708081308, 3.640451965350061 ], [ 98.511350697185691, 3.640490074629612 ], [ 98.511295546322444, 3.640542487629129 ], [ 98.511260470109761, 3.640576051351256 ], [ 98.511200894042659, 3.64063301017266 ], [ 98.511170243021368, 3.64066201964845 ], [ 98.511105161201243, 3.640723532115246 ], [ 98.511080016236605, 3.640747393481089 ], [ 98.511009592873279, 3.640814054134446 ], [ 98.510989789452736, 3.640832734393899 ], [ 98.510913616303071, 3.640904575918384 ], [ 98.51089956279742, 3.640917805839598 ], [ 98.510817254042081, 3.640995097479193 ], [ 98.510809336301818, 3.641002550192645 ], [ 98.510721070608426, 3.641085619124319 ], [ 98.510719109705249, 3.641087450596785 ], [ 98.510628883540662, 3.641171519905381 ], [ 98.51062391519595, 3.641176140226658 ], [ 98.510538657172802, 3.641255934918572 ], [ 98.510527165739305, 3.641266661536972 ], [ 98.510448431142734, 3.641339693734378 ], [ 98.510429577094072, 3.641357182376522 ], [ 98.510358205074169, 3.641423493229152 ], [ 98.51026802304807, 3.641425755825825 ], [ 98.51022689099301, 3.64135707184322 ], [ 98.51017791227379, 3.641296179548283 ], [ 98.510154005786404, 3.641266458047234 ], [ 98.510087792046164, 3.64118413816348 ], [ 98.510081120861486, 3.641175844247274 ], [ 98.510008235683159, 3.641085230443047 ], [ 98.509997671840026, 3.641072097043812 ], [ 98.509935350518987, 3.640994616634698 ], [ 98.509907551655502, 3.640960055948256 ], [ 98.509862465368954, 3.640904002822229 ], [ 98.509817431492721, 3.640848014641103 ], [ 98.509789580500637, 3.640813389005786 ], [ 98.50972731135154, 3.640735973405986 ], [ 98.509716695378927, 3.640722775185079 ], [ 98.509643810271356, 3.640632161360251 ], [ 98.509637191231917, 3.640623932291534 ], [ 98.50957092517794, 3.640541547531305 ], [ 98.509547071133994, 3.640511891062042 ], [ 98.509498040366211, 3.640450933698386 ], [ 98.509456951057757, 3.640399849711481 ], [ 98.509425155301088, 3.640360319861202 ], [ 98.509366831003035, 3.64028780857814 ], [ 98.509352270250119, 3.640269706019903 ], [ 98.50927938521329, 3.640179092174487 ], [ 98.509276710969942, 3.640175767426316 ], [ 98.509206500249704, 3.640088478324985 ], [ 98.509186590958507, 3.640063726201819 ], [ 98.509133615449613, 3.63999786447145 ], [ 98.5090964709688, 3.639951684808099 ], [ 98.509060730455218, 3.639907250613684 ], [ 98.509006351000579, 3.639839643649587 ], [ 98.508987845474977, 3.639816636751804 ], [ 98.508916231053988, 3.639727602484784 ], [ 98.508914960508889, 3.639726022885809 ], [ 98.508842075824475, 3.639635409015846 ], [ 98.508826111129196, 3.639615560981429 ], [ 98.508769190886667, 3.639544795141623 ], [ 98.508735991225862, 3.639503519804047 ], [ 98.508696305962999, 3.639454181263288 ], [ 98.508645871344143, 3.639391478620378 ], [ 98.508633373815101, 3.639363572824376 ], [ 98.508645917890519, 3.639305572768514 ], [ 98.50865288767902, 3.639273009475817 ], [ 98.508645958002774, 3.63923154005416 ], [ 98.508637440376233, 3.639182427006529 ], [ 98.508586210942269, 3.639091824967108 ], [ 98.508555882217934, 3.639038186945246 ], [ 98.508534981496723, 3.639001222925968 ], [ 98.508483752131582, 3.638910620883158 ], [ 98.508465788031643, 3.638878850464351 ], [ 98.508432522587313, 3.638820018838534 ], [ 98.508381293205488, 3.638729416792285 ], [ 98.508375693874413, 3.63871951405891 ], [ 98.508330063833057, 3.638638814744329 ], [ 98.508285599746387, 3.638560177472661 ], [ 98.508278834458579, 3.638548212694656 ], [ 98.508227605017936, 3.638457610643237 ], [ 98.508195505647294, 3.63840084115144 ], [ 98.508176375619229, 3.638367008590126 ], [ 98.508125146284442, 3.638276406535336 ], [ 98.508105411577446, 3.638241504554625 ], [ 98.508073916959063, 3.63818580447884 ], [ 98.50802268750256, 3.638095202420561 ], [ 98.508015317536547, 3.638082168222844 ], [ 98.507971458183476, 3.638004600360643 ], [ 98.507925223524879, 3.637922831615469 ], [ 98.50792022888632, 3.637913998299026 ], [ 98.507868999598557, 3.637823396235704 ], [ 98.5078351295423, 3.637763495002817 ], [ 98.507817770320202, 3.637732794170673 ], [ 98.507766540898217, 3.637642192103853 ], [ 98.507745035588684, 3.637604158655201 ], [ 98.507715311588186, 3.637551590035384 ], [ 98.50766408238853, 3.637460987965265 ], [ 98.507654941664271, 3.637444822031997 ], [ 98.50761285307631, 3.637370385893371 ], [ 98.507564847768819, 3.637285485673829 ], [ 98.507561623768893, 3.637279783819773 ], [ 98.507510394541498, 3.637189181744506 ], [ 98.507474753902571, 3.637126149040077 ], [ 98.507459165302478, 3.637098579667524 ], [ 98.507407936012342, 3.637007977588803 ], [ 98.507384660065256, 3.636966812671365 ], [ 98.507356706779078, 3.636917375508406 ], [ 98.507305477594755, 3.636826773426324 ], [ 98.507294566257187, 3.636807476027071 ], [ 98.507254248419827, 3.636736171342541 ], [ 98.507204472478179, 3.636648139377507 ], [ 98.507203019251847, 3.636645569257051 ], [ 98.507151789945155, 3.636554967169777 ], [ 98.507114378728104, 3.636488802992987 ], [ 98.507100560798435, 3.636464365080882 ], [ 98.507049331661108, 3.636373762990285 ], [ 98.507024285007247, 3.636329466332886 ], [ 98.506998102533188, 3.636283160897985 ], [ 98.506946873261626, 3.636192558803897 ], [ 98.50693418826998, 3.636175735778026 ], [ 98.506844029136019, 3.636136898987547 ], [ 98.506753865131955, 3.636107040005513 ], [ 98.506738254728788, 3.636101870385665 ], [ 98.506663701134997, 3.63607718088563 ], [ 98.50657353714486, 3.63604732212375 ], [ 98.506483373161842, 3.636017463187964 ], [ 98.506464297734027, 3.63601114606633 ], [ 98.506393209185973, 3.635987603994879 ], [ 98.506303045217138, 3.635957744793544 ], [ 98.506212881255124, 3.635927885940067 ], [ 98.506190341477463, 3.635920421671209 ], [ 98.506122717300045, 3.635898027256397 ], [ 98.506032553352284, 3.635868168030317 ], [ 98.505942389411445, 3.635838308974042 ], [ 98.505916385016377, 3.635829697199791 ], [ 98.505852225477724, 3.635808449731468 ], [ 98.505762061550854, 3.63577859083675 ], [ 98.505671897630918, 3.635748732092687 ], [ 98.505642426973296, 3.635738972651323 ], [ 98.505581733717889, 3.635718873556736 ], [ 98.50549156981198, 3.635689014815333 ], [ 98.505401405913318, 3.635659155688167 ], [ 98.505368468590859, 3.635648248026496 ], [ 98.505311242021648, 3.635629296595571 ], [ 98.505221078137069, 3.635599437391061 ], [ 98.505130914259425, 3.635569578342823 ], [ 98.505094512438362, 3.635557523326729 ], [ 98.505040750388844, 3.635539719204081 ], [ 98.504950586525354, 3.635509859972584 ], [ 98.504860422668813, 3.635480000875951 ], [ 98.504820556350722, 3.635466798550838 ], [ 98.504770258819306, 3.635450141738383 ], [ 98.504680094976536, 3.635420283100821 ], [ 98.504589931140814, 3.635390424455013 ], [ 98.504546597096081, 3.635376073697046 ], [ 98.504499779376474, 3.635338461837249 ], [ 98.504432070315389, 3.635285436627551 ], [ 98.504494628811116, 3.635194897122016 ], [ 98.504499861866393, 3.635187322482433 ], [ 98.504557156960402, 3.635104357593525 ], [ 98.504590113287776, 3.635056627470535 ], [ 98.504619683944384, 3.635013818058159 ], [ 98.504680364666967, 3.63492595974348 ], [ 98.504682215113945, 3.634923278518863 ], [ 98.504744693112897, 3.634832738944058 ], [ 98.504770616087569, 3.634795165993006 ], [ 98.504807185679539, 3.634742199371046 ], [ 98.504860867444876, 3.634664438199815 ], [ 98.504869679627745, 3.634651659792571 ], [ 98.504932108510062, 3.634561120172059 ], [ 98.504951118865108, 3.634533544885866 ], [ 98.504994571001674, 3.634470580563824 ], [ 98.505041370199422, 3.634402758971627 ], [ 98.505057024649986, 3.634380040944504 ], [ 98.505119402793525, 3.63428950127743 ], [ 98.505131621620677, 3.634271763356311 ], [ 98.505181840397924, 3.634198961636853 ], [ 98.505221872931514, 3.634140920138857 ], [ 98.505244398592936, 3.634108422056375 ], [ 98.505307177011616, 3.634017882590745 ], [ 98.505312123848327, 3.634010750106019 ], [ 98.505369773010017, 3.633927343018558 ], [ 98.505402374953675, 3.633880183951004 ], [ 98.505432493760921, 3.633836803508705 ], [ 98.505492625699645, 3.633750227729657 ], [ 98.505495366719657, 3.633746264076237 ], [ 98.50555798675542, 3.633655724498504 ], [ 98.505582876705816, 3.633619743673703 ], [ 98.505620822282665, 3.633565185032919 ], [ 98.505673127276651, 3.633490009452282 ], [ 98.505683758321013, 3.633474645616268 ], [ 98.505746416486431, 3.633384106040701 ], [ 98.505763378187595, 3.63335960040547 ], [ 98.505809387403801, 3.633293566630635 ], [ 98.505853628578762, 3.633230096734664 ], [ 98.505872504450721, 3.633203027294503 ], [ 98.505935638134147, 3.63311248796118 ], [ 98.50594387890105, 3.633100670068881 ], [ 98.505998490507423, 3.633021948467114 ], [ 98.506034129539557, 3.632970612174052 ], [ 98.506061458921366, 3.632931409030454 ], [ 98.506124379833494, 3.632841138189407 ], [ 98.506124566330215, 3.632840869663766 ], [ 98.506187479487679, 3.63275033018418 ], [ 98.506214630306999, 3.632711284093653 ], [ 98.506250554765671, 3.632659790787235 ], [ 98.506304880491555, 3.63258191189165 ], [ 98.506313687451922, 3.632569251415464 ], [ 98.506376703535167, 3.632478711973421 ], [ 98.50639513080506, 3.632452252693767 ], [ 98.506439873254251, 3.632388172609313 ], [ 98.506485380876285, 3.632322989739309 ], [ 98.506503046407985, 3.632297633240757 ], [ 98.506566162356521, 3.632207093834511 ], [ 98.506575631033712, 3.632193518390143 ], [ 98.506629417307209, 3.632116554498129 ], [ 98.506665880987285, 3.632064372797885 ], [ 98.506692650111376, 3.632026015143265 ], [ 98.506755872538818, 3.631935475776373 ], [ 98.506756130979809, 3.631935105821188 ], [ 98.506819192510562, 3.63184493645658 ], [ 98.506846380825095, 3.631806060535141 ], [ 98.50688250194726, 3.631754397124662 ], [ 98.506901251650007, 3.6316638333819 ], [ 98.506846486827143, 3.631610726139 ], [ 98.50680779763448, 3.631573208180371 ], [ 98.506756355005024, 3.631522363060434 ], [ 98.506716101920802, 3.631482583934849 ], [ 98.506666223670237, 3.631433134590347 ], [ 98.506624719350853, 3.631391959853894 ], [ 98.506576092469388, 3.631343692074538 ], [ 98.506533435372944, 3.631301335820003 ], [ 98.506485970689937, 3.631236931572079 ], [ 98.506476438061242, 3.631210730572641 ], [ 98.50647574249227, 3.631120156183573 ], [ 98.506475047155718, 3.631029581794468 ], [ 98.506474351617115, 3.630939007405093 ], [ 98.506473656044889, 3.630848433015537 ], [ 98.506472960698488, 3.630757858625941 ], [ 98.50647207967944, 3.63066728413443 ], [ 98.506430370299114, 3.630576687267092 ], [ 98.506396185480952, 3.63051041069878 ], [ 98.50638365050628, 3.630486087652566 ], [ 98.506337947456217, 3.630395488594026 ], [ 98.506306101952916, 3.630333384907301 ], [ 98.506291501938122, 3.630304889127226 ], [ 98.506245863090214, 3.630214290101342 ], [ 98.506216018786915, 3.63015575071384 ], [ 98.506199687325193, 3.630123690779841 ], [ 98.506154117540902, 3.630033091789303 ], [ 98.506125935990013, 3.629977495441041 ], [ 98.506108207083415, 3.629942492610717 ], [ 98.506062710413531, 3.629851893657768 ], [ 98.506035853569031, 3.629798606748575 ], [ 98.506017062377737, 3.629761294620569 ], [ 98.505971686788087, 3.629670695731538 ], [ 98.505945771550898, 3.629619035325352 ], [ 98.505926251799536, 3.6295800968087 ], [ 98.505881008455205, 3.629489497989745 ], [ 98.505855689925568, 3.629438799913924 ], [ 98.505835776177733, 3.62939889917564 ], [ 98.505820129546635, 3.629308316590066 ], [ 98.505803506476028, 3.629217733468832 ], [ 98.505786766845844, 3.629127150283625 ], [ 98.505765727026287, 3.62904016616896 ], [ 98.505764830034792, 3.629036564247367 ], [ 98.505745923201047, 3.628945979873182 ], [ 98.505739644389905, 3.628855402426419 ], [ 98.50570985916093, 3.62876481208446 ], [ 98.505680074041805, 3.628674221742207 ], [ 98.505675753558549, 3.628661081309867 ], [ 98.505650288668122, 3.628583631399463 ], [ 98.505620333564934, 3.628493040963242 ], [ 98.50558569385781, 3.628440743652082 ], [ 98.505546875863743, 3.628402426657008 ], [ 98.505495562776687, 3.628351775522265 ], [ 98.505455067380424, 3.62831180227575 ], [ 98.505405431713811, 3.628262806311395 ], [ 98.505363259266957, 3.628221177887666 ], [ 98.505315300668002, 3.628173838232517 ], [ 98.505271450275742, 3.628130553492066 ], [ 98.505225169640013, 3.628084869851063 ], [ 98.505179641598119, 3.628039929089609 ], [ 98.505225226257664, 3.627980774386834 ], [ 98.505248992426345, 3.62794939316811 ], [ 98.505315460572604, 3.627879788484611 ], [ 98.5053354396467, 3.627858866623095 ], [ 98.505405691334872, 3.627785299833667 ], [ 98.50542188694763, 3.627768340067295 ], [ 98.505495922077444, 3.627690812721829 ], [ 98.505508335596474, 3.627677813501407 ], [ 98.505586152801953, 3.627596324154386 ], [ 98.505594782839935, 3.627587286923921 ], [ 98.50567638350735, 3.627501836064741 ], [ 98.505681230507122, 3.627496760335841 ], [ 98.505745068834486, 3.627406221339402 ], [ 98.50576665330469, 3.627335348114302 ], [ 98.505771808972028, 3.627315661996126 ], [ 98.505795526310422, 3.627225100993853 ], [ 98.505819243642947, 3.62713453999013 ], [ 98.505842960969616, 3.627043978984951 ], [ 98.505857020037467, 3.626990296561053 ], [ 98.505866678328118, 3.626953417978341 ], [ 98.505890395958019, 3.626862856970429 ], [ 98.505914113267096, 3.626772295960893 ], [ 98.505937830570318, 3.626681734949902 ], [ 98.505947386684412, 3.626645246336284 ], [ 98.50596154786767, 3.626591173937459 ], [ 98.505985265159154, 3.626500612923562 ], [ 98.506012821209168, 3.62641005401149 ], [ 98.506033518391945, 3.626319491339929 ], [ 98.506006436179987, 3.626228902490931 ], [ 98.505999707034078, 3.626138324792865 ], [ 98.506034493456198, 3.626047769838934 ], [ 98.506037895037053, 3.626038940457014 ], [ 98.506069543511515, 3.625957215026944 ], [ 98.506104666399395, 3.625866660252351 ], [ 98.50612819933697, 3.62580841513885 ], [ 98.506141237654674, 3.625776106268475 ], [ 98.506178774758098, 3.625685552810848 ], [ 98.506216311853052, 3.625594999350453 ], [ 98.506218497163147, 3.625589727567472 ], [ 98.506253848728278, 3.625504445887173 ], [ 98.506308756388918, 3.625442126001638 ], [ 98.506398940650186, 3.625432723869872 ], [ 98.50648911980295, 3.625432743733485 ], [ 98.506579298956893, 3.625432763672726 ], [ 98.506669478112286, 3.625432783194549 ], [ 98.506759657268688, 3.625432803115758 ], [ 98.506849836426497, 3.625432822703528 ], [ 98.506940010719291, 3.625441826765326 ], [ 98.50699642439389, 3.62550485214101 ], [ 98.507030112470034, 3.625584791387542 ], [ 98.507034611525967, 3.625595447042774 ], [ 98.50707280891028, 3.625686041949383 ], [ 98.507110967311306, 3.625776636833921 ], [ 98.507120184039707, 3.625783543326373 ], [ 98.507210325225699, 3.625853774096665 ], [ 98.507226991917221, 3.625867274272952 ], [ 98.507300479459175, 3.625899927593358 ], [ 98.507390636994273, 3.625939999157602 ], [ 98.507430935081246, 3.625957959730863 ], [ 98.507480794462722, 3.625980210402763 ], [ 98.507570952011903, 3.626020288929537 ], [ 98.507634460871643, 3.626048644920099 ], [ 98.507661109469922, 3.626060552457994 ], [ 98.507751266971738, 3.626100751591751 ], [ 98.507837767605537, 3.626139329949168 ], [ 98.507841424477746, 3.62614095952351 ], [ 98.507931581948995, 3.626181248264854 ], [ 98.508021739492733, 3.626221419483161 ], [ 98.508040972147029, 3.626230014881971 ], [ 98.508111896975393, 3.626261720251037 ], [ 98.508202054490226, 3.626301978062032 ], [ 98.508243991761049, 3.626320699673444 ], [ 98.508292212027428, 3.626342211032574 ], [ 98.508382369535369, 3.626382514714771 ], [ 98.508447101466217, 3.626411384473645 ], [ 98.508472527098775, 3.626422732318572 ], [ 98.508562684627378, 3.626463030947673 ], [ 98.508650052679116, 3.626502069147034 ], [ 98.50865284217187, 3.626503316723885 ], [ 98.508743000089638, 3.626542927589947 ], [ 98.508833159419126, 3.626579939164165 ], [ 98.508863937820053, 3.626592759736568 ], [ 98.508923318454961, 3.62661751037035 ], [ 98.509013477494761, 3.626655089912728 ], [ 98.509081523071586, 3.626683452295834 ], [ 98.509103636542989, 3.626692669509949 ], [ 98.509193795760893, 3.626729950153723 ], [ 98.509283955512757, 3.626766256200292 ], [ 98.509303589343475, 3.626774147247351 ], [ 98.509374115321691, 3.626802471601674 ], [ 98.509464275287016, 3.626838412100025 ], [ 98.509545783765276, 3.626864853100973 ], [ 98.509554438861684, 3.626867670941039 ], [ 98.509644600356509, 3.626900802191289 ], [ 98.509734794677087, 3.626873020970621 ], [ 98.509824958711761, 3.62690145487774 ], [ 98.509915147745673, 3.62688348410083 ], [ 98.510003482482333, 3.626865101996517 ], [ 98.510005337206522, 3.626864716035753 ], [ 98.510095526664685, 3.626845948161087 ], [ 98.51018571612039, 3.626827180130737 ], [ 98.510275905573522, 3.62680841213156 ], [ 98.510366095024054, 3.626789644187567 ], [ 98.510437602233367, 3.626774763785011 ], [ 98.510456284472113, 3.626770876074804 ], [ 98.510467569578523, 3.626774780058248 ], [ 98.510546440028577, 3.626815114468843 ], [ 98.510636605310808, 3.626841285749257 ], [ 98.510726774209544, 3.626860742591002 ], [ 98.510748852765204, 3.626865506829866 ], [ 98.510816943113113, 3.62688019975664 ], [ 98.510907112021869, 3.626899656581379 ], [ 98.510997285445086, 3.626910722023688 ], [ 98.511062562823071, 3.626865677031101 ], [ 98.51108750100515, 3.626843368389104 ], [ 98.511177681457625, 3.626841346759508 ], [ 98.511199518077916, 3.626865751301001 ], [ 98.511267807231008, 3.626941133095346 ], [ 98.511281566422426, 3.626956369866618 ], [ 98.511357934803115, 3.627037606238301 ], [ 98.511366856182761, 3.62704699018384 ], [ 98.511448061879207, 3.627135038474815 ], [ 98.511450433175497, 3.627137609566824 ], [ 98.511538191512713, 3.627227742491018 ], [ 98.511538672930939, 3.627228231470871 ], [ 98.511624176701091, 3.627318851886083 ], [ 98.511628319747743, 3.627323086026194 ], [ 98.51171284919063, 3.627409474011899 ], [ 98.51171844973598, 3.627415197695256 ], [ 98.511801521697805, 3.627500096131204 ], [ 98.51180857974245, 3.627507309313492 ], [ 98.511890194765328, 3.627590718244296 ], [ 98.51189870976738, 3.627599420459148 ], [ 98.511979762903664, 3.627681340835525 ], [ 98.511988840547758, 3.627690157236725 ], [ 98.512075809387284, 3.627771966927351 ], [ 98.51207897453709, 3.627774944314339 ], [ 98.512169108543375, 3.627859731368244 ], [ 98.512172150783684, 3.627862593170974 ], [ 98.51220090596226, 3.627953182827007 ], [ 98.512169037876333, 3.627991511006314 ], [ 98.51212563197879, 3.628043716171006 ], [ 98.512078800170258, 3.628100041739174 ], [ 98.512050358338627, 3.628134249506699 ], [ 98.511988562442056, 3.628208572575509 ], [ 98.511975084424975, 3.628224782833754 ], [ 98.511899810504815, 3.628315316152312 ], [ 98.511898324691927, 3.628317103168244 ], [ 98.511852754979216, 3.628405864749324 ], [ 98.511880185166319, 3.628496453694738 ], [ 98.511898208745691, 3.628533169482471 ], [ 98.511924659318609, 3.628587051872213 ], [ 98.511969133522399, 3.628677650048536 ], [ 98.511988289830896, 3.6287166732099 ], [ 98.512013607851856, 3.628768248223749 ], [ 98.512058082027977, 3.628858846397697 ], [ 98.512078370948743, 3.628900176874773 ], [ 98.512102556212042, 3.628949444570472 ], [ 98.512147030404051, 3.629040042742071 ], [ 98.512160978960651, 3.629130624383781 ], [ 98.512148030874485, 3.629221191460945 ], [ 98.512157463594434, 3.629311770657274 ], [ 98.512146891323184, 3.629402339020242 ], [ 98.512168254352432, 3.629452300579907 ], [ 98.512183608383921, 3.629492932991762 ], [ 98.512175674860103, 3.629583502783729 ], [ 98.512191145262477, 3.629674085249553 ], [ 98.512181374004356, 3.629764654045874 ], [ 98.512171602257538, 3.629855222841382 ], [ 98.512168020368705, 3.629888421400274 ], [ 98.512161830517726, 3.629945791636345 ], [ 98.512167948463585, 3.630022434316412 ], [ 98.512169040492978, 3.630036369628423 ], [ 98.512167933953961, 3.630049475946763 ], [ 98.512161503204027, 3.630126939632956 ], [ 98.51216786148558, 3.63018453262027 ], [ 98.512171378560481, 3.630217519068538 ], [ 98.512167823063024, 3.630256137233712 ], [ 98.512163040006257, 3.630308088638546 ], [ 98.512147624057363, 3.630398654374348 ], [ 98.512131896504769, 3.630489219940491 ], [ 98.512132055702764, 3.630579794112287 ], [ 98.512109650884724, 3.630670356059634 ], [ 98.512106688362181, 3.63076092853947 ], [ 98.512085062162257, 3.630851490906756 ], [ 98.512077303216117, 3.630889825234986 ], [ 98.512067055959392, 3.630942055234299 ], [ 98.512077267118258, 3.630957072003718 ], [ 98.51212683780858, 3.631032661710282 ], [ 98.512167384048524, 3.631074187901422 ], [ 98.512215321303572, 3.631123283732497 ], [ 98.512257514313717, 3.631166496482381 ], [ 98.51230380481617, 3.631213905748222 ], [ 98.512347644597156, 3.631258805056606 ], [ 98.512379539768531, 3.631304520853348 ], [ 98.512399043057286, 3.631395105502985 ], [ 98.512431008554444, 3.631485696901369 ], [ 98.512437697678422, 3.631495054234176 ], [ 98.512471501561009, 3.631576292917022 ], [ 98.512481231477224, 3.631666872273849 ], [ 98.512480455745077, 3.631757445941674 ], [ 98.512479807428562, 3.63176723043818 ], [ 98.517199069000071, 3.631713021000053 ], [ 98.517919891357423, 3.63172896784757 ], [ 98.517938558227499, 3.631706669860744 ], [ 98.517969863569974, 3.631669827678395 ], [ 98.518028166066046, 3.631579284730144 ], [ 98.518028806561844, 3.631577710285164 ], [ 98.518058998228767, 3.631488727072336 ], [ 98.518100846483449, 3.631398175308636 ], [ 98.518119107418087, 3.631349643098954 ], [ 98.518134863141128, 3.631307619350461 ], [ 98.518169264432558, 3.631217063595744 ], [ 98.518203715836265, 3.631126507865432 ], [ 98.518209413546771, 3.63111153186154 ], [ 98.518238168304038, 3.631035952133277 ], [ 98.51827261969197, 3.63094539639813 ], [ 98.51829970040022, 3.630909690020488 ], [ 98.518341823164249, 3.630854859249383 ], [ 98.518389935600467, 3.630805254211046 ], [ 98.518429656062935, 3.630764332055908 ], [ 98.518480164770153, 3.630712162942675 ], [ 98.518517348685137, 3.630673804776356 ], [ 98.51857039381845, 3.630619265794856 ], [ 98.518605372581959, 3.63058327766284 ], [ 98.518660622833892, 3.630526395795613 ], [ 98.518693291235365, 3.630492750481958 ], [ 98.518750851908564, 3.630433378903872 ], [ 98.518781101765526, 3.63040222323221 ], [ 98.518841080968713, 3.630340354458502 ], [ 98.518868905485149, 3.630311695967751 ], [ 98.518931310014167, 3.630247322750404 ], [ 98.518956701661409, 3.630221168688196 ], [ 98.519021539045312, 3.630154283063871 ], [ 98.519044490627437, 3.630130641393725 ], [ 98.519111768061975, 3.630061235719984 ], [ 98.519132272351271, 3.630040114084325 ], [ 98.519201997064144, 3.629968180683806 ], [ 98.519220047020156, 3.629949586760095 ], [ 98.519292226051277, 3.629875119052695 ], [ 98.519307815041785, 3.62985905942126 ], [ 98.519382455024555, 3.629782048528008 ], [ 98.519395574847053, 3.629768532066985 ], [ 98.519472683983423, 3.629688970204948 ], [ 98.519483327410327, 3.629678004697791 ], [ 98.519562912927825, 3.629595884153368 ], [ 98.519571072408652, 3.629587477313511 ], [ 98.519653141857916, 3.6295027900938 ], [ 98.519658809968817, 3.629496949914215 ], [ 98.519743370773625, 3.629409688127603 ], [ 98.519746540096392, 3.629406422499907 ], [ 98.519833599663599, 3.629316599774751 ], [ 98.519834283542764, 3.629315895081652 ], [ 98.519922102536441, 3.629225367692608 ], [ 98.519923828494882, 3.629223587482808 ], [ 98.52000993331275, 3.629134840298781 ], [ 98.520014057301765, 3.629130586331127 ], [ 98.520097760211115, 3.62904431289182 ], [ 98.520104286095176, 3.629037575581186 ], [ 98.520185575123165, 3.628953785467409 ], [ 98.520194514874845, 3.628944555772704 ], [ 98.520273383463547, 3.628863258028441 ], [ 98.520284743639792, 3.628851528718287 ], [ 98.520361183941688, 3.628772730574228 ], [ 98.520374972390485, 3.628758493598702 ], [ 98.520448975927664, 3.628682203104437 ], [ 98.520465201127564, 3.628665449128113 ], [ 98.520536760843626, 3.628591675619831 ], [ 98.520555429849878, 3.628572397526325 ], [ 98.520624538150329, 3.628501148120125 ], [ 98.520645658558166, 3.628479337350185 ], [ 98.520712306514298, 3.628410620604614 ], [ 98.520735887252641, 3.62838626824239 ], [ 98.520800068095042, 3.628320093074449 ], [ 98.520826115932721, 3.628293191274617 ], [ 98.520887821408451, 3.628229565528842 ], [ 98.520916344598717, 3.628200105816863 ], [ 98.520975565978134, 3.628139037967546 ], [ 98.521006573250858, 3.628107011492742 ], [ 98.521063303655566, 3.628048510391547 ], [ 98.521096801888774, 3.628013908992261 ], [ 98.521151032857134, 3.627957982800006 ], [ 98.521187030512422, 3.627920798345103 ], [ 98.521238753760443, 3.627867455193023 ], [ 98.521187087427279, 3.627812662927249 ], [ 98.52115392729786, 3.627776835915874 ], [ 98.521096957172034, 3.62771893399503 ], [ 98.521064764055637, 3.627686214328274 ], [ 98.521006825817352, 3.627627328444543 ], [ 98.520975600831136, 3.627595592734037 ], [ 98.520916694480391, 3.627535723618108 ], [ 98.520886293203546, 3.627504971056394 ], [ 98.520826562694722, 3.627445005172222 ], [ 98.520795943040795, 3.627414348817814 ], [ 98.520736430675029, 3.627354765112836 ], [ 98.520705429214189, 3.627323726485358 ], [ 98.520646298673228, 3.627264525046638 ], [ 98.520614915405616, 3.62723310414603 ], [ 98.520556166689317, 3.627174284973628 ], [ 98.520524496886893, 3.627142481850512 ], [ 98.520466034857591, 3.627083790067915 ], [ 98.52043432759541, 3.627051859680722 ], [ 98.520375903142025, 3.626993108806737 ], [ 98.520343548612445, 3.626961237179708 ], [ 98.520285770414119, 3.626904381874777 ], [ 98.520251877400611, 3.626870614196946 ], [ 98.520195638223413, 3.626814669542314 ], [ 98.520160499295628, 3.626779991363118 ], [ 98.520105505624016, 3.626725765891802 ], [ 98.520068736189259, 3.626689368317307 ], [ 98.520015373168036, 3.626636623831096 ], [ 98.519976863567422, 3.626598745206092 ], [ 98.519925240448487, 3.626548014951861 ], [ 98.519884684732276, 3.626508121924698 ], [ 98.519835107736071, 3.626459425899266 ], [ 98.519791730325991, 3.626417498223053 ], [ 98.519744974265748, 3.626372306438227 ], [ 98.519698000439647, 3.626326874100997 ], [ 98.519654840842406, 3.626285130819576 ], [ 98.519604300899445, 3.626236249987668 ], [ 98.519564707435848, 3.62619795628199 ], [ 98.519510601514739, 3.626145625866984 ], [ 98.519474574047237, 3.626110780649593 ], [ 98.519416901922952, 3.626055001738753 ], [ 98.519384440675381, 3.626023606098264 ], [ 98.519323202664864, 3.625964377603265 ], [ 98.519294307321445, 3.625936430452126 ], [ 98.51922946981017, 3.625873753442428 ], [ 98.519204173946818, 3.625849326884096 ], [ 98.519135577535778, 3.625783129189144 ], [ 98.51911404052494, 3.625762345542597 ], [ 98.519041668333472, 3.62569250491936 ], [ 98.519023907119958, 3.625675364988057 ], [ 98.518947759149981, 3.625601880642116 ], [ 98.518933773732371, 3.625588384264796 ], [ 98.51885385111261, 3.625511256358013 ], [ 98.518843640362462, 3.625501402889769 ], [ 98.518759941886245, 3.625420632065807 ], [ 98.5187535070623, 3.625414322317236 ], [ 98.518667575742541, 3.625330008589691 ], [ 98.518663374517871, 3.625325845183605 ], [ 98.518576129582115, 3.625239385597467 ], [ 98.518573242437142, 3.625236524441203 ], [ 98.518483108787251, 3.625150203993373 ], [ 98.518481569912609, 3.625148760935958 ], [ 98.518392973578514, 3.625066862880201 ], [ 98.518383675184225, 3.625058134486007 ], [ 98.518302838494535, 3.62498331748683 ], [ 98.518285999613738, 3.624967508144897 ], [ 98.518212703521755, 3.624899593572684 ], [ 98.518188440262662, 3.624876881857705 ], [ 98.518122568603602, 3.624815798082869 ], [ 98.518091030211096, 3.624786255642134 ], [ 98.518032433769278, 3.624731875868638 ], [ 98.517993764324487, 3.624695629495488 ], [ 98.517942299137985, 3.624647601892478 ], [ 98.517896868210258, 3.624605003538383 ], [ 98.517852166293295, 3.624559985618143 ], [ 98.517806729629342, 3.624514381185483 ], [ 98.51776203460868, 3.624470211777962 ], [ 98.517713932544254, 3.62442375740447 ], [ 98.517671901496541, 3.624383166576904 ], [ 98.517620093379051, 3.624333133058973 ], [ 98.51758176840201, 3.624296120834252 ], [ 98.517526254762984, 3.624242508706324 ], [ 98.517491635324802, 3.624209075084738 ], [ 98.517432416165676, 3.624151884346239 ], [ 98.517401502264903, 3.624122029328366 ], [ 98.517338576793179, 3.624061259978294 ], [ 98.517311369221758, 3.624034984662255 ], [ 98.517244737890152, 3.623970635603156 ], [ 98.517221236196519, 3.623947938892163 ], [ 98.517150899349176, 3.623880011220769 ], [ 98.517131103286488, 3.623860708503893 ], [ 98.517057954637124, 3.623789387309373 ], [ 98.517040970739004, 3.623772827106016 ], [ 98.516966921981577, 3.623698764414328 ], [ 98.516950839413695, 3.623682674291757 ], [ 98.516879606891621, 3.623608143502871 ], [ 98.516860710223426, 3.623588530234009 ], [ 98.516792296154279, 3.623517522587441 ], [ 98.516770580783785, 3.623494891147907 ], [ 98.516705623210953, 3.623426902007309 ], [ 98.516680451819425, 3.623400391096153 ], [ 98.51661963588559, 3.62333628178826 ], [ 98.516590323258555, 3.623305165818361 ], [ 98.516534408604798, 3.623245661970334 ], [ 98.516500195023951, 3.623209361122537 ], [ 98.516447457834062, 3.623155041222918 ], [ 98.516410064061873, 3.623118729498997 ], [ 98.516353646126049, 3.623064416792235 ], [ 98.516319931067144, 3.623031959802645 ], [ 98.516259508810322, 3.622973792179585 ], [ 98.516229798089697, 3.622945190099437 ], [ 98.516165372294807, 3.622883167559873 ], [ 98.516139665130083, 3.622858419338138 ], [ 98.516071235328539, 3.622792542932431 ], [ 98.516049532187168, 3.622771649621217 ], [ 98.515977098069342, 3.622701918297342 ], [ 98.515959399261519, 3.622684879897439 ], [ 98.515882960828961, 3.622611293654776 ], [ 98.51586926635315, 3.622598110166805 ], [ 98.515788824583026, 3.622520669005255 ], [ 98.515779133462601, 3.622511339378084 ], [ 98.51569468749787, 3.622430044347801 ], [ 98.515689000588765, 3.622424569633744 ], [ 98.515600550314005, 3.622339419682805 ], [ 98.515598867732194, 3.62233779988255 ], [ 98.515508734892919, 3.622251030098576 ], [ 98.515506413177121, 3.62224879501035 ], [ 98.515418602071421, 3.622164259308371 ], [ 98.515412277095919, 3.622158170330976 ], [ 98.515328469266649, 3.622077489536621 ], [ 98.515318139968571, 3.622067545643559 ], [ 98.515238336479143, 3.621990719758021 ], [ 98.515224003033879, 3.621976920948763 ], [ 98.515148203709458, 3.62190394892134 ], [ 98.515129866863489, 3.621886296246894 ], [ 98.515058070956485, 3.621817179129039 ], [ 98.515035729792629, 3.621795671537061 ], [ 98.514967938220778, 3.621730409329892 ], [ 98.514941618915387, 3.621705046833821 ], [ 98.514877805578251, 3.621643496919319 ], [ 98.51484775452812, 3.621614422255569 ], [ 98.514787673108245, 3.621556292928636 ], [ 98.514754086711051, 3.621523797775541 ], [ 98.51469754064172, 3.621469114961816 ], [ 98.51466024860234, 3.621433173196575 ], [ 98.514607408027388, 3.621382247054497 ], [ 98.514566217622786, 3.621342548506485 ], [ 98.51451727543045, 3.621295378922849 ], [ 98.514472231521125, 3.621251923833071 ], [ 98.514427142898867, 3.621208420550593 ], [ 98.514378338031563, 3.62116129920202 ], [ 98.514337010419453, 3.621121396712766 ], [ 98.514284476747079, 3.621070674580862 ], [ 98.514246877957419, 3.621034372742529 ], [ 98.514190496374326, 3.620980049888206 ], [ 98.514156745415377, 3.620947531314335 ], [ 98.514096325804545, 3.620889425085757 ], [ 98.514066613288037, 3.620859944398851 ], [ 98.514005033272781, 3.620798801824815 ], [ 98.513976482203432, 3.620770434535848 ], [ 98.513913951224339, 3.620708178670211 ], [ 98.513886351271609, 3.620680671453276 ], [ 98.513822892719432, 3.620617555521356 ], [ 98.513796220294381, 3.620591026781916 ], [ 98.513732042798765, 3.620526932477895 ], [ 98.513706089536697, 3.620501003830693 ], [ 98.513641640000642, 3.620436309668351 ], [ 98.513615959038077, 3.620410528750849 ], [ 98.513551353069801, 3.62034568691441 ], [ 98.513525828548708, 3.620320069818191 ], [ 98.513460455155467, 3.620255063824529 ], [ 98.513435697627102, 3.620230454294578 ], [ 98.51336915598867, 3.620164440511555 ], [ 98.513345566619279, 3.620141033490765 ], [ 98.51327772015641, 3.620073817117968 ], [ 98.513255435561462, 3.620051739477059 ], [ 98.513187546508505, 3.619983194397707 ], [ 98.513165305432452, 3.619960739207042 ], [ 98.51309785427415, 3.619892571930203 ], [ 98.513075175363184, 3.619869660763509 ], [ 98.513008132037825, 3.619801949439843 ], [ 98.512985045276494, 3.619778648583533 ], [ 98.512917410903086, 3.619711326404143 ], [ 98.512894914512202, 3.619688938415294 ], [ 98.512826466685439, 3.619620703241268 ], [ 98.512804783839215, 3.619599090606269 ], [ 98.512735672887885, 3.619530080152638 ], [ 98.51271465326414, 3.619509092852781 ], [ 98.512645218831935, 3.619439457240436 ], [ 98.512624522921826, 3.619418692900705 ], [ 98.512554661128348, 3.619348834265498 ], [ 98.512534392456359, 3.619328556780984 ], [ 98.512463769108763, 3.61925821110331 ], [ 98.512444261819425, 3.619238774678734 ], [ 98.512372970991407, 3.619167587984922 ], [ 98.512354131316187, 3.619148775826166 ], [ 98.512282218822676, 3.619076964884477 ], [ 98.512264000833298, 3.619058772182651 ], [ 98.512191461869591, 3.618986341774593 ], [ 98.512173870365146, 3.618968774274634 ], [ 98.51208370041941, 3.618952598158465 ], [ 98.511993534787067, 3.618928369473677 ], [ 98.511906052401898, 3.618986187623364 ], [ 98.511903324188694, 3.618988167161427 ], [ 98.51190082370826, 3.618986184798478 ], [ 98.511813184616514, 3.618915263228805 ], [ 98.511730184367011, 3.618895518487966 ], [ 98.511723017562815, 3.618893716123275 ], [ 98.511632854890337, 3.618863997506726 ], [ 98.511542698850107, 3.618821908778319 ], [ 98.511493493813234, 3.618895390538812 ], [ 98.511452448070443, 3.61895669071316 ], [ 98.511411601395437, 3.618895346255325 ], [ 98.511362346402251, 3.618813126515851 ], [ 98.511307245375377, 3.618895289813846 ], [ 98.511272094294256, 3.618950343820295 ], [ 98.511219021090369, 3.618895242087893 ], [ 98.511181968850366, 3.618851196820808 ], [ 98.511091801110211, 3.618830985278276 ], [ 98.511080622385478, 3.618804593107506 ], [ 98.511042253452828, 3.618713998249034 ], [ 98.511003889084819, 3.618623403392256 ], [ 98.511001736562363, 3.618618320094618 ], [ 98.510965531099757, 3.618532808538159 ], [ 98.51092717338318, 3.618442213683431 ], [ 98.510911672079956, 3.618405601008885 ], [ 98.510888812597742, 3.618351618826268 ], [ 98.510850453107963, 3.618261023969032 ], [ 98.510821607630547, 3.618192888490906 ], [ 98.510812072203279, 3.618170429099431 ], [ 98.510773607271744, 3.618079834183562 ], [ 98.510735141452173, 3.617989239266432 ], [ 98.510731542902306, 3.617980763924506 ], [ 98.510696616054048, 3.617898644316265 ], [ 98.510658080711323, 3.61780804935993 ], [ 98.510641478006775, 3.617769019147812 ], [ 98.510619542281219, 3.617717454401139 ], [ 98.510581000828552, 3.617626859439925 ], [ 98.510551413124489, 3.617557317507353 ], [ 98.510539419195453, 3.617536262831495 ], [ 98.510493232340337, 3.617445663727924 ], [ 98.510461333823997, 3.617372555360888 ], [ 98.510455104454877, 3.61735506898805 ], [ 98.510422831995044, 3.617264477419019 ], [ 98.510371247804727, 3.617200374312171 ], [ 98.510350290989308, 3.617173864036323 ], [ 98.510281108499797, 3.617127532137348 ], [ 98.510216291474123, 3.617083217350353 ], [ 98.510190964041186, 3.617064318167396 ], [ 98.5101054159028, 3.616992583180495 ], [ 98.510100826459961, 3.616988319134674 ], [ 98.510010693148885, 3.616904396628724 ], [ 98.51000795100893, 3.616901956269261 ], [ 98.509920558127646, 3.616823689564763 ], [ 98.509907893628039, 3.616811327944454 ], [ 98.509830428184443, 3.616733559089968 ], [ 98.509817433399661, 3.616720704815083 ], [ 98.509740295680146, 3.616648228870867 ], [ 98.509720127979818, 3.616630077966584 ], [ 98.509650162752052, 3.616563719006139 ], [ 98.509624576736016, 3.616539452061572 ], [ 98.509560030365222, 3.616478233331349 ], [ 98.509529024712933, 3.616448826148439 ], [ 98.509469897995402, 3.61639274764972 ], [ 98.509433473124645, 3.616358200227848 ], [ 98.509379765642834, 3.616307261534518 ], [ 98.509337921201663, 3.616267574299378 ], [ 98.509289634306114, 3.61621991771286 ], [ 98.509247626476423, 3.616176951216768 ], [ 98.50919951090664, 3.616117846208264 ], [ 98.509180411420303, 3.616086340656439 ], [ 98.509199557076968, 3.616031987686771 ], [ 98.509209287262593, 3.615995782256207 ], [ 98.509254979935321, 3.615905232981379 ], [ 98.509289840774315, 3.615835893070159 ], [ 98.509300508492217, 3.615814683613767 ], [ 98.509289885937363, 3.615751885679935 ], [ 98.509278656209304, 3.615724097678399 ], [ 98.50919976345773, 3.615648176137614 ], [ 98.509184484155185, 3.615633472492411 ], [ 98.50910963187026, 3.615561440304717 ], [ 98.509090310940834, 3.615542847298349 ], [ 98.509019500299999, 3.615474704465015 ], [ 98.508996137745285, 3.615452222096862 ], [ 98.508929368746976, 3.615387968618508 ], [ 98.508901964568551, 3.615361596887945 ], [ 98.508839237211177, 3.615301232765197 ], [ 98.508807791410618, 3.615270971671602 ], [ 98.508749105692615, 3.615214496905085 ], [ 98.508713618801849, 3.61518034644812 ], [ 98.508658974191974, 3.61512775974331 ], [ 98.508619446498201, 3.615089721217367 ], [ 98.508659037829361, 3.615009516622909 ], [ 98.508663806695694, 3.614999171248472 ], [ 98.508749262278357, 3.614923495261101 ], [ 98.508766032522587, 3.614908652706424 ], [ 98.508839485097283, 3.614840472604118 ], [ 98.508863600524293, 3.614818131620651 ], [ 98.508929711281539, 3.614751162752709 ], [ 98.508952966116581, 3.614727606068512 ], [ 98.509019938571285, 3.614659764296217 ], [ 98.509042331691134, 3.614637080504937 ], [ 98.509110165843481, 3.614568364857426 ], [ 98.509131695986966, 3.614546554929241 ], [ 98.509200393097231, 3.614476966069544 ], [ 98.509221061526034, 3.614456029342792 ], [ 98.50929062033326, 3.614385566582762 ], [ 98.509310425786381, 3.614365503744227 ], [ 98.50938084755083, 3.614294167796245 ], [ 98.509399791289979, 3.614274978134913 ], [ 98.509471074750707, 3.614202768261472 ], [ 98.509489155514856, 3.614184452513479 ], [ 98.509561301932109, 3.614111369476325 ], [ 98.50957852098297, 3.614093926881297 ], [ 98.509651529095265, 3.614019970938243 ], [ 98.50966766632223, 3.614003401118384 ], [ 98.509741757765511, 3.613925731369917 ], [ 98.50975453046938, 3.613912874107948 ], [ 98.50983198426529, 3.613835500830948 ], [ 98.509846513894885, 3.613822349860151 ], [ 98.509922215885425, 3.613735695016911 ], [ 98.509926065046571, 3.613731818866209 ], [ 98.510012432830536, 3.613663205391584 ], [ 98.510034457372853, 3.613641303482013 ], [ 98.510102661773331, 3.613568322277185 ], [ 98.510119222883617, 3.613550775289732 ], [ 98.510192892883794, 3.613469361887412 ], [ 98.510205164621496, 3.613460247723766 ], [ 98.510283105126462, 3.613405555069113 ], [ 98.510373280703561, 3.613410123956437 ], [ 98.510463462873929, 3.613402395173703 ], [ 98.510516646193679, 3.613369842184432 ], [ 98.510553673651003, 3.613341281362337 ], [ 98.510618052365047, 3.613279322936585 ], [ 98.510643898255239, 3.613254337216372 ], [ 98.510711688059956, 3.613188799472822 ], [ 98.510734123108904, 3.613166895513865 ], [ 98.510805045437493, 3.613098275846206 ], [ 98.510824347986627, 3.613079376768443 ], [ 98.510896608605734, 3.61300775123751 ], [ 98.510914573952348, 3.612989793819808 ], [ 98.510987297314571, 3.612917226144362 ], [ 98.51100480006734, 3.612899898964205 ], [ 98.511079127970703, 3.612826701656457 ], [ 98.511095025607077, 3.6128110458352 ], [ 98.511170739280715, 3.612736177038098 ], [ 98.511185251326495, 3.612721824150899 ], [ 98.51126180875211, 3.612645652115209 ], [ 98.511275477322982, 3.612632051691795 ], [ 98.51135303971985, 3.612555127267718 ], [ 98.511365703149323, 3.61254256419812 ], [ 98.511444336751012, 3.612464602444057 ], [ 98.511455928942155, 3.612453106374491 ], [ 98.511535772838272, 3.612374077683595 ], [ 98.511546154635582, 3.612363801509596 ], [ 98.511627256875983, 3.612283552937128 ], [ 98.511636380297986, 3.612274521720173 ], [ 98.511718984442666, 3.61219302831015 ], [ 98.511726605800547, 3.612185508065836 ], [ 98.511810605276423, 3.61210250361366 ], [ 98.511816831363163, 3.61209634919106 ], [ 98.511907045114668, 3.612029268133341 ], [ 98.511997210038075, 3.612053587892849 ], [ 98.512087374967436, 3.612077907552027 ], [ 98.51217753990241, 3.61210222780739 ], [ 98.512179299380222, 3.612102702392556 ], [ 98.512267704843325, 3.612126548054414 ], [ 98.512357869790463, 3.612150867700251 ], [ 98.512448034743485, 3.612175187406366 ], [ 98.51251577050418, 3.612193457794832 ], [ 98.512538199702163, 3.612199507628363 ], [ 98.512628364686265, 3.612223791252691 ], [ 98.512718530296951, 3.612246911133068 ], [ 98.512787829981306, 3.612284178410777 ], [ 98.512808683214558, 3.612293845667938 ], [ 98.512898244043484, 3.612374811971292 ], [ 98.512898817695358, 3.612375380428925 ], [ 98.512986561081448, 3.612465433630956 ], [ 98.512988946174602, 3.612468204442546 ], [ 98.513064562730165, 3.612556049734275 ], [ 98.513079068344155, 3.612572901198886 ], [ 98.513142564394059, 3.612646665832794 ], [ 98.513169190402934, 3.612677843847191 ], [ 98.513220299474327, 3.612737281783112 ], [ 98.513259311840287, 3.612783990879639 ], [ 98.513296915343133, 3.612827897126736 ], [ 98.513349432795138, 3.612891082077284 ], [ 98.513372826435443, 3.612918512086761 ], [ 98.513439554157756, 3.612997446512345 ], [ 98.513449469347833, 3.613009127435753 ], [ 98.513523332951308, 3.61309974128597 ], [ 98.513529673250957, 3.613108110724842 ], [ 98.513595192092723, 3.613190354054489 ], [ 98.51361979214262, 3.613219193383442 ], [ 98.513674366639776, 3.613280970750834 ], [ 98.513709917152994, 3.613318823322124 ], [ 98.513755379217571, 3.613371588429926 ], [ 98.513800039536932, 3.613423423719732 ], [ 98.513840941974891, 3.613462208548599 ], [ 98.513890173516543, 3.613506275241802 ], [ 98.513946306121952, 3.61355283929885 ], [ 98.51398031263723, 3.613579496754014 ], [ 98.514048373616703, 3.61364346826884 ], [ 98.514070446241888, 3.61366311364482 ], [ 98.514160121031722, 3.613734102427965 ], [ 98.514160586384804, 3.613734471188628 ], [ 98.514250736953585, 3.613786254086834 ], [ 98.514298696252112, 3.613824750979066 ], [ 98.514340876896796, 3.613858038609054 ], [ 98.514403780699325, 3.613915381536935 ], [ 98.514431011335049, 3.613940204083299 ], [ 98.514503174740852, 3.614006009031472 ], [ 98.514521145775745, 3.614022395879189 ], [ 98.514602756052525, 3.614096636618052 ], [ 98.514611280335245, 3.61410439507568 ], [ 98.514701416415406, 3.614183563741683 ], [ 98.514706043837435, 3.614187266184522 ], [ 98.514791556255517, 3.614255686200226 ], [ 98.514819320792611, 3.614277901099464 ], [ 98.514881696110578, 3.614327808142638 ], [ 98.514932599020142, 3.614368536003752 ], [ 98.514971835980248, 3.614399930178991 ], [ 98.515045876021688, 3.614459170896048 ], [ 98.515061975864455, 3.614472052514913 ], [ 98.515152115763712, 3.614544174129072 ], [ 98.515159154295588, 3.614549805777688 ], [ 98.515242255677208, 3.614616296592546 ], [ 98.515272431761687, 3.614640440647556 ], [ 98.51533239560591, 3.614688418050465 ], [ 98.515385709663775, 3.614731075506318 ], [ 98.515422535548751, 3.614760540499594 ], [ 98.515498987817537, 3.614821710353873 ], [ 98.515512675506812, 3.614832661943168 ], [ 98.515602815479028, 3.614904784377948 ], [ 98.515612265124702, 3.614912345189633 ], [ 98.515692955466292, 3.614976906094389 ], [ 98.515725543514534, 3.615002980014631 ], [ 98.515783095468024, 3.615049028227604 ], [ 98.515838820678368, 3.615093614827628 ], [ 98.515873235484435, 3.615121150337545 ], [ 98.515952099114571, 3.615184249629962 ], [ 98.515963375515753, 3.615193272048558 ], [ 98.516053515561367, 3.615265394447461 ], [ 98.516065376489152, 3.615274884420379 ], [ 98.516143655622216, 3.615337515840805 ], [ 98.516178654807362, 3.615365519199955 ], [ 98.51623379569719, 3.615409638225352 ], [ 98.516291932869635, 3.615456153968045 ], [ 98.516323935571037, 3.615482167949945 ], [ 98.516395638798969, 3.615546783605778 ], [ 98.516414070276966, 3.615564480547552 ], [ 98.516489495038812, 3.615637407967653 ], [ 98.51650420234445, 3.615651805415169 ], [ 98.516581670945129, 3.615728031423787 ], [ 98.516594333609845, 3.615740677509111 ], [ 98.516672545754602, 3.615818654177338 ], [ 98.516684464258617, 3.615830747352243 ], [ 98.516764419811309, 3.615909277458029 ], [ 98.516774595755322, 3.615919249213243 ], [ 98.51686163703188, 3.61599990358673 ], [ 98.516864729913564, 3.616002756131121 ], [ 98.516954864475139, 3.616085532499001 ], [ 98.516960311465709, 3.616090530485892 ], [ 98.51704499924783, 3.616167941171137 ], [ 98.517059526171423, 3.61618115766532 ], [ 98.517135134620048, 3.616249247841508 ], [ 98.517160276124258, 3.616271785656218 ], [ 98.517225269530655, 3.616331457880745 ], [ 98.517258984539609, 3.616362412548308 ], [ 98.51731540646513, 3.616409872556062 ], [ 98.517366455461115, 3.61645304410995 ], [ 98.517405545754158, 3.616483864553285 ], [ 98.51748141066841, 3.616543679656138 ], [ 98.517495686602771, 3.616554935284133 ], [ 98.517585827466277, 3.616626005280631 ], [ 98.517596367127624, 3.616634315191255 ], [ 98.517675968343823, 3.616697076117197 ], [ 98.51771132286386, 3.616724950714245 ], [ 98.517766109236376, 3.616768145979134 ], [ 98.517826278888464, 3.616815586225647 ], [ 98.517856250098546, 3.616839300838034 ], [ 98.517931571873675, 3.616906216572169 ], [ 98.517946385481963, 3.616920853868256 ], [ 98.518023206384711, 3.616996839626439 ], [ 98.518036516865692, 3.617010010113588 ], [ 98.518114558010694, 3.617087462522868 ], [ 98.518126648115171, 3.617099453982461 ], [ 98.518205695157491, 3.617178085297987 ], [ 98.518216779253464, 3.617189141935294 ], [ 98.518296474636244, 3.617268707875543 ], [ 98.518306910302556, 3.617279032437116 ], [ 98.518335538032716, 3.617268728693066 ], [ 98.518397106541428, 3.61724545637998 ], [ 98.518464798004018, 3.617178223369184 ], [ 98.518487332660541, 3.61715524984004 ], [ 98.518551442017184, 3.617087695325701 ], [ 98.518577561027982, 3.617060748236595 ], [ 98.518639885724383, 3.616997168229808 ], [ 98.518667788023535, 3.616968811683543 ], [ 98.518728930020856, 3.616906641442493 ], [ 98.518758014953448, 3.616876965013261 ], [ 98.518832482924282, 3.616816122366604 ], [ 98.518848229630564, 3.616808321491074 ], [ 98.518938419868391, 3.616786011828998 ], [ 98.519028610102936, 3.61676370215732 ], [ 98.519118800334184, 3.616741392476044 ], [ 98.519182101292458, 3.616725734186393 ], [ 98.519208990562134, 3.616719082835681 ], [ 98.519299180786717, 3.616696773304636 ], [ 98.519389371008018, 3.61667446376399 ], [ 98.519479561226035, 3.616652154213745 ], [ 98.519547478013351, 3.616635354236622 ], [ 98.519569751440784, 3.616629844612055 ], [ 98.519659941652307, 3.616607534873177 ], [ 98.519750131860548, 3.616585225124698 ], [ 98.519840322065491, 3.61656291536662 ], [ 98.519912851911698, 3.616544974127829 ], [ 98.519930512267152, 3.616540605598944 ], [ 98.52002069734894, 3.616528023957678 ], [ 98.520110867810686, 3.616543241952863 ], [ 98.520138367132574, 3.616545093858186 ], [ 98.520201043051031, 3.616549379034382 ], [ 98.520291180365291, 3.616627668581498 ], [ 98.52029921790151, 3.616635753444728 ], [ 98.520381311243483, 3.616718233596151 ], [ 98.520389405411549, 3.616726375519572 ], [ 98.520471442139424, 3.616808798839079 ], [ 98.520479592907066, 3.616816997587617 ], [ 98.520561573076307, 3.616899320195699 ], [ 98.520569824707152, 3.616907619672363 ], [ 98.520651704158155, 3.61698959964723 ], [ 98.520660297537887, 3.61699824187812 ], [ 98.520741835257283, 3.617079880194935 ], [ 98.520750768477512, 3.617088864076032 ], [ 98.520831966372199, 3.617170164625549 ], [ 98.520841235344179, 3.617179486264939 ], [ 98.520922097503856, 3.617260451126397 ], [ 98.520931700271845, 3.617270108445973 ], [ 98.521012227209596, 3.617353487733526 ], [ 98.521019368007842, 3.617360729137825 ], [ 98.521102358676274, 3.617443204439784 ], [ 98.521110355682382, 3.617451351582388 ], [ 98.521192489059857, 3.617535018697902 ], [ 98.521199269644299, 3.617541972921433 ], [ 98.521282619394469, 3.617626960792054 ], [ 98.521288112457711, 3.61763259421621 ], [ 98.52137274926767, 3.61771981693783 ], [ 98.521376035223867, 3.617723215017165 ], [ 98.521462388845379, 3.617813834980822 ], [ 98.521462878279465, 3.617814350026678 ], [ 98.521548502419662, 3.617904454811237 ], [ 98.521553007146125, 3.617909195265858 ], [ 98.521634616010942, 3.617995074635545 ], [ 98.5216431360314, 3.618004040498351 ], [ 98.521720729619219, 3.618085694453748 ], [ 98.521733264956964, 3.618098844441805 ], [ 98.521807068142536, 3.618176314384856 ], [ 98.521823394017446, 3.618193426497071 ], [ 98.521893506123433, 3.618266934362433 ], [ 98.521913523042969, 3.618288110730187 ], [ 98.521979163308472, 3.618357553920783 ], [ 98.522003651737975, 3.618383461104864 ], [ 98.522064820272121, 3.61844817347297 ], [ 98.522093780451712, 3.618478811472862 ], [ 98.522150477927653, 3.618538793019481 ], [ 98.522183909184534, 3.618574161142819 ], [ 98.522236134871875, 3.61862941255957 ], [ 98.522274038081051, 3.618669234009223 ], [ 98.522323097919809, 3.618720032784146 ], [ 98.522364168070695, 3.618762255245807 ], [ 98.522414095000698, 3.618810655134884 ], [ 98.522454302283364, 3.618847246576743 ], [ 98.522513106388743, 3.618901281714348 ], [ 98.522544437342688, 3.618930653040583 ], [ 98.522606674426214, 3.618991905409032 ], [ 98.522634569086193, 3.619020425879497 ], [ 98.522697679584539, 3.619082527742258 ], [ 98.522724701576124, 3.619108806417875 ], [ 98.522790541559743, 3.619173151049383 ], [ 98.522814836599437, 3.619192379138449 ], [ 98.522900448283409, 3.619263783351291 ], [ 98.522904976030176, 3.61926755974386 ], [ 98.522995115476164, 3.619342740267935 ], [ 98.523009113148362, 3.619354414986803 ], [ 98.523085254937357, 3.619417920821961 ], [ 98.523117778035441, 3.619445046611933 ], [ 98.523175394413812, 3.619493101368842 ], [ 98.523226442944662, 3.619535678226678 ], [ 98.523265533905473, 3.619568281908578 ], [ 98.523335107876022, 3.619626309831039 ], [ 98.523355673412382, 3.619643462441169 ], [ 98.523443772829509, 3.619716941425012 ], [ 98.523445812934511, 3.619718642966611 ], [ 98.52353595247196, 3.61979382334984 ], [ 98.523552438000578, 3.619807573008704 ], [ 98.523626092024642, 3.619869003709207 ], [ 98.523661103217961, 3.619898204582018 ], [ 98.523716231592559, 3.619944184061425 ], [ 98.523769768457484, 3.619988836144945 ], [ 98.523806371175709, 3.620019364406493 ], [ 98.523878433719162, 3.620079467697481 ], [ 98.523896510774094, 3.620094544744414 ], [ 98.523986650387712, 3.620169725078858 ], [ 98.523987098997651, 3.620170099239622 ], [ 98.524076790016096, 3.620244906289106 ], [ 98.524095763240311, 3.620260730770816 ], [ 98.52416692971002, 3.620319991135549 ], [ 98.524205694317686, 3.620351362959032 ], [ 98.524257070555123, 3.620392899271649 ], [ 98.524316758941836, 3.620441995733649 ], [ 98.524347210830229, 3.620466928226285 ], [ 98.524428360961423, 3.620532628780346 ], [ 98.524437351667828, 3.620539907811272 ], [ 98.524527493540006, 3.620610932396642 ], [ 98.524543105298264, 3.620623263470469 ], [ 98.52461763434539, 3.62068403034899 ], [ 98.524654199412495, 3.620713896227363 ], [ 98.524707774887347, 3.620757662003637 ], [ 98.524767402581375, 3.620804530083293 ], [ 98.524797916653313, 3.620828974518859 ], [ 98.524877427488789, 3.620895162255483 ], [ 98.524888057713426, 3.620901669128993 ], [ 98.524978207759517, 3.62095715006811 ], [ 98.525024442304883, 3.62098581387557 ], [ 98.525068362177407, 3.621004263436179 ], [ 98.525158521373555, 3.621042224720041 ], [ 98.525239931492933, 3.621076501482194 ], [ 98.525248680578599, 3.62108018518005 ], [ 98.525338839791772, 3.621118146294639 ], [ 98.525428999311885, 3.621155534229346 ], [ 98.525457111144618, 3.621167189931322 ], [ 98.525519158810013, 3.621192980469241 ], [ 98.525609318575007, 3.621229930095325 ], [ 98.525674148469719, 3.621257878258938 ], [ 98.525699477279858, 3.621268932779709 ], [ 98.525789636262729, 3.621307417795046 ], [ 98.525879795241693, 3.621345926819437 ], [ 98.525885940419585, 3.621348563785389 ], [ 98.525969954113705, 3.62138465793378 ], [ 98.52606011288286, 3.621423603415911 ], [ 98.52609597987778, 3.621439248347618 ], [ 98.526150271095872, 3.621463635155703 ], [ 98.526240426962772, 3.621508196962867 ], [ 98.526283614814602, 3.621529921110575 ], [ 98.526330582429964, 3.621553546408511 ], [ 98.526420737907088, 3.621598895731287 ], [ 98.52646386654547, 3.621620589966585 ], [ 98.526510881856893, 3.621666449667158 ], [ 98.526529084892488, 3.621711198466991 ], [ 98.526541284013305, 3.621801779158839 ], [ 98.526553483135402, 3.621892359850659 ], [ 98.526565682258763, 3.621982940542456 ], [ 98.526577881383403, 3.622073521234224 ], [ 98.526600826959907, 3.622116778722912 ], [ 98.526690983938408, 3.622159370632169 ], [ 98.526701668465307, 3.622164160443253 ], [ 98.526781142055654, 3.622199787984989 ], [ 98.526871300182194, 3.622240204648503 ], [ 98.526903948707073, 3.622254840782561 ], [ 98.526961458317317, 3.622280621985345 ], [ 98.527051616461733, 3.622321038632883 ], [ 98.527088366243419, 3.622337513325402 ], [ 98.527031755000053, 3.621029148000048 ], [ 98.527044750000087, 3.621029438000051 ], [ 98.528465818000086, 3.621061192000071 ], [ 98.52926260574084, 3.621078995911999 ], [ 98.529263213949292, 3.621078607983269 ], [ 98.529306751125148, 3.621050839012622 ], [ 98.529396959865338, 3.620993302573992 ], [ 98.529405125280761, 3.620988107625014 ], [ 98.529487181514298, 3.620910738769145 ], [ 98.529501392502326, 3.620897583458422 ], [ 98.529577406799831, 3.620821097377732 ], [ 98.529591362775335, 3.620807055998535 ], [ 98.529667632669842, 3.620730288870513 ], [ 98.529681116425763, 3.620716528414347 ], [ 98.529757859170786, 3.620638222484284 ], [ 98.529769815505887, 3.620626000269592 ], [ 98.529848085735296, 3.620545997433723 ], [ 98.52985838116976, 3.620535472044187 ], [ 98.529938312288593, 3.620453758642325 ], [ 98.529946934024409, 3.620444943800956 ], [ 98.5300285388264, 3.620361514346007 ], [ 98.5300355344081, 3.620354415571301 ], [ 98.530118764995507, 3.620269949883251 ], [ 98.530124745116069, 3.62026388764802 ], [ 98.530208991053726, 3.620178565380367 ], [ 98.530214149774054, 3.620173359814322 ], [ 98.530299216920127, 3.620087518040618 ], [ 98.530303844236741, 3.620082832119994 ], [ 98.530389442893622, 3.619996227760336 ], [ 98.530393408450507, 3.619992304346534 ], [ 98.530479667803334, 3.619906968025899 ], [ 98.530484886154099, 3.619901777556384 ], [ 98.530569892881232, 3.619817347383445 ], [ 98.530576103225513, 3.619811250618969 ], [ 98.530660117391307, 3.61972879540081 ], [ 98.530668184099611, 3.619720724118635 ], [ 98.530750342714981, 3.619638628561636 ], [ 98.53075874560642, 3.619630196817063 ], [ 98.530840568220853, 3.619548072947117 ], [ 98.530848899376707, 3.61953966929212 ], [ 98.53093079390942, 3.619457127348723 ], [ 98.530938742031012, 3.619449141594121 ], [ 98.531021019429872, 3.619366473591796 ], [ 98.531028844276236, 3.619358614019449 ], [ 98.531111244891278, 3.619275899779079 ], [ 98.531119040577821, 3.619268086482101 ], [ 98.53120147024417, 3.619185502177733 ], [ 98.531209360933019, 3.61917755899761 ], [ 98.531291696879251, 3.619092575088855 ], [ 98.531297021299437, 3.619087030121545 ], [ 98.531381924069251, 3.618998532182104 ], [ 98.53138389019729, 3.61899650082399 ], [ 98.531471511403183, 3.618905971905802 ], [ 98.531472150821457, 3.618905305044049 ], [ 98.53155831412262, 3.618815442552302 ], [ 98.531562378003912, 3.618811204198451 ], [ 98.531645125880232, 3.618724913192728 ], [ 98.531652605162094, 3.618717114152438 ], [ 98.531732767024778, 3.618634384252235 ], [ 98.53174283180482, 3.618623991646169 ], [ 98.531819327426092, 3.618543854740806 ], [ 98.531833059147814, 3.618529468823665 ], [ 98.531905231938808, 3.618453324878887 ], [ 98.531923286815683, 3.618434276326571 ], [ 98.531991039320857, 3.618362794956097 ], [ 98.53201351446495, 3.618339083153529 ], [ 98.532076847009463, 3.618272265022927 ], [ 98.532103742095373, 3.618243889727489 ], [ 98.532162655119507, 3.618181735079434 ], [ 98.532193969706483, 3.618148697018164 ], [ 98.532248462450127, 3.618091205124997 ], [ 98.532284197298779, 3.618053503987364 ], [ 98.532334270849603, 3.618000675160572 ], [ 98.532374424872032, 3.61795831113656 ], [ 98.532420773815673, 3.617910145544979 ], [ 98.532464650856909, 3.617866180506069 ], [ 98.532514145086537, 3.617819619471601 ], [ 98.532554872673387, 3.617782149251974 ], [ 98.532613449118529, 3.617729096454214 ], [ 98.532645093488171, 3.617700041212315 ], [ 98.532707123897296, 3.617638570512611 ], [ 98.53273531803832, 3.61761060876441 ], [ 98.532798424332839, 3.617548043331331 ], [ 98.532825542599483, 3.617521120296553 ], [ 98.532889698446439, 3.617457516124698 ], [ 98.532915767154321, 3.617431609660006 ], [ 98.532980994406273, 3.617366988917605 ], [ 98.533005991119907, 3.617343215720718 ], [ 98.533073512137264, 3.617276462329917 ], [ 98.533096216306006, 3.617252402645127 ], [ 98.533111927433467, 3.61723526137444 ], [ 98.533194987000059, 3.613038969000059 ], [ 98.533406670000034, 3.612774049000053 ], [ 98.534824861782766, 3.610999187360726 ], [ 98.534825269476627, 3.610937156438832 ], [ 98.534825857119912, 3.610846582318162 ], [ 98.534903093137004, 3.610767959106798 ], [ 98.534914958608596, 3.61075605366496 ], [ 98.534915554334731, 3.610665479546859 ], [ 98.534916142402622, 3.610574905424629 ], [ 98.53491672296721, 3.610484331298351 ], [ 98.534993455241974, 3.610406228224995 ], [ 98.5350058391044, 3.610393802637279 ], [ 98.535006427597452, 3.61030322851349 ], [ 98.53500700857812, 3.610212654385651 ], [ 98.535007582201374, 3.61012208025384 ], [ 98.535008148617919, 3.610031506118133 ], [ 98.535083863047944, 3.609954453773911 ], [ 98.535097294101661, 3.60994097745535 ], [ 98.535097868132695, 3.609850403321971 ], [ 98.535098434948438, 3.609759829184697 ], [ 98.535098994695744, 3.6096692550436 ], [ 98.535174224972309, 3.60959270233019 ], [ 98.535188153977117, 3.609578726372506 ], [ 98.535188721192554, 3.609488152233662 ], [ 98.535189281331185, 3.609397578090993 ], [ 98.535189834532332, 3.60930700394457 ], [ 98.535190380942907, 3.609216429794468 ], [ 98.535264632579981, 3.609140886778905 ], [ 98.535279567880664, 3.60912590112079 ], [ 98.535280121465462, 3.609035326972792 ], [ 98.535280668251787, 3.608944752821114 ], [ 98.535281208371543, 3.608854178665822 ], [ 98.535281741956936, 3.608763604506984 ], [ 98.535355040084127, 3.608689044896915 ], [ 98.535370955475571, 3.608673075830166 ], [ 98.535371495963787, 3.608582501673294 ], [ 98.535372029910093, 3.608491927512873 ], [ 98.535372557443466, 3.608401353348971 ], [ 98.535445401731394, 3.608327261662841 ], [ 98.535461783471376, 3.608310824663174 ], [ 98.535462317779036, 3.608220250501172 ], [ 98.535462845666402, 3.608129676335684 ], [ 98.535463367259212, 3.608039102166776 ], [ 98.535463882676439, 3.607948527994509 ], [ 98.535535809035323, 3.607875382530225 ], [ 98.535553133805536, 3.607857999304808 ], [ 98.535553655745602, 3.607767425134311 ], [ 98.535554171503094, 3.607676850960454 ], [ 98.535554681204601, 3.6075862767833 ], [ 98.535626170500535, 3.607513581714611 ], [ 98.535643944148561, 3.607495748084264 ], [ 98.535644460246743, 3.607405173908816 ], [ 98.535644970282107, 3.607314599730068 ], [ 98.535645474367726, 3.607224025548079 ], [ 98.535645810427752, 3.607133451279819 ], [ 98.535716577603239, 3.60706166739528 ], [ 98.535735259276962, 3.607042922659254 ], [ 98.535735763690198, 3.606952348475672 ], [ 98.535736190037596, 3.606861774251913 ], [ 98.535736478325333, 3.606771199957255 ], [ 98.535754570553181, 3.606752879351013 ], [ 98.535759818000088, 3.606679646000031 ], [ 98.53582713818497, 3.606393103093566 ], [ 98.535827203585214, 3.606318374198476 ], [ 98.535850112851051, 3.606295313236489 ], [ 98.535851180000066, 3.606290771000033 ], [ 98.535917701292661, 3.606037545365586 ], [ 98.535917914093645, 3.605956122853403 ], [ 98.535918149774105, 3.605865548527609 ], [ 98.535918384420569, 3.605774974201097 ], [ 98.535918618047901, 3.60568439987388 ], [ 98.535918850661105, 3.605593825545959 ], [ 98.535919082265153, 3.605503251217334 ], [ 98.53591931287454, 3.605412676888017 ], [ 98.535919542494099, 3.605322102558008 ], [ 98.535919771128533, 3.605231528227308 ], [ 98.535919998792039, 3.605140953895926 ], [ 98.535920225489178, 3.605050379563866 ], [ 98.535920451224527, 3.604959805231127 ], [ 98.535920652297946, 3.604878786055245 ], [ 98.53585195800008, 3.604757965000035 ], [ 98.535650560000079, 3.604555592000053 ], [ 98.535646945000053, 3.604551960000037 ], [ 98.535510307000038, 3.604345992000049 ], [ 98.535487690000082, 3.604002815000058 ], [ 98.535374064000052, 3.603362182000069 ], [ 98.535146574000066, 3.602538468000034 ], [ 98.534825190000049, 3.602044659000058 ], [ 98.53425586600008, 3.601175014000034 ], [ 98.534051116000057, 3.600465702000065 ], [ 98.533823651000034, 3.599596232000067 ], [ 98.533823803000075, 3.599298823000026 ], [ 98.533732701000076, 3.599184386000046 ], [ 98.533550459000097, 3.599024149000058 ], [ 98.533527784000057, 3.598795362000032 ], [ 98.533527912000068, 3.598543706000043 ], [ 98.533528086000047, 3.598200540000049 ], [ 98.533573750000073, 3.598040420000074 ], [ 98.533596623000051, 3.597880288000055 ], [ 98.533733492000067, 3.597628705000033 ], [ 98.533824826000057, 3.597285586000055 ], [ 98.533984544000077, 3.596919624000066 ], [ 98.534107072570222, 3.59663303099103 ], [ 98.534098683119083, 3.59662905705855 ], [ 98.53409227152008, 3.596626020057281 ], [ 98.534008528120097, 3.596586352706819 ], [ 98.533918373130447, 3.596543648244873 ], [ 98.533900849240311, 3.596535347487408 ], [ 98.533828218150276, 3.596500943417021 ], [ 98.533738048347772, 3.596487429779838 ], [ 98.533691005136603, 3.596535239869159 ], [ 98.533647835813611, 3.596558009669065 ], [ 98.53358076449949, 3.596625757747904 ], [ 98.533557614425717, 3.596645981270391 ], [ 98.533487950923103, 3.59671628455423 ], [ 98.533467391454693, 3.596737032834965 ], [ 98.533398246516114, 3.596806812944533 ], [ 98.533377168465648, 3.596828084562621 ], [ 98.533308541916995, 3.596897341323399 ], [ 98.533286945458784, 3.59691913610292 ], [ 98.533218837300169, 3.596987869690916 ], [ 98.533196722433971, 3.597010187687991 ], [ 98.533129132722308, 3.597078398047114 ], [ 98.533106499391266, 3.597101239206648 ], [ 98.533039428071348, 3.597168926391934 ], [ 98.533016276330642, 3.597192290713825 ], [ 98.532949723402695, 3.597259454725406 ], [ 98.532926053252112, 3.59728334220952 ], [ 98.53286001871632, 3.597349983047526 ], [ 98.532835830155648, 3.597374393693732 ], [ 98.532753514829082, 3.597440502721586 ], [ 98.532745616960369, 3.597445969485826 ], [ 98.532732559284099, 3.597440491947596 ], [ 98.532679184784456, 3.597349890081988 ], [ 98.53271371023736, 3.597259333411756 ], [ 98.532745072820703, 3.597168775113133 ], [ 98.532745758958868, 3.597167150123664 ], [ 98.532778025527776, 3.59707821762984 ], [ 98.532810630430831, 3.596987659965555 ], [ 98.532836059007209, 3.596924928640779 ], [ 98.532845854131011, 3.596897103645003 ], [ 98.532877681692639, 3.596806545576742 ], [ 98.532909531763821, 3.596715987517933 ], [ 98.532926366424263, 3.596668122615633 ], [ 98.532941382170875, 3.596625429457183 ], [ 98.532972446405068, 3.596534870990418 ], [ 98.533003506482856, 3.596444312519478 ], [ 98.533016677154095, 3.596404690997485 ], [ 98.533033609371529, 3.596353753554829 ], [ 98.533063711781992, 3.596263194587985 ], [ 98.53309384462942, 3.59617263563482 ], [ 98.533106991909605, 3.596133227191552 ], [ 98.533124061953416, 3.596082076723084 ], [ 98.533154323629176, 3.595991517832159 ], [ 98.533181433808011, 3.59590095732119 ], [ 98.533197330036941, 3.595815685475404 ], [ 98.533198299461773, 3.595810391549023 ], [ 98.533197334217988, 3.595807464477393 ], [ 98.533133717120663, 3.59571978395919 ], [ 98.533107220457737, 3.595683941921068 ], [ 98.533067593319458, 3.595629175574682 ], [ 98.533017106599971, 3.595560656803698 ], [ 98.533001162722258, 3.595538567029323 ], [ 98.532938492421948, 3.595447960412079 ], [ 98.532926995873709, 3.595431262855386 ], [ 98.532870825389139, 3.595357351225148 ], [ 98.532836879320186, 3.59531336710746 ], [ 98.532795521133778, 3.595266738111011 ], [ 98.532746754511592, 3.595211733946088 ], [ 98.532715172789793, 3.595176122400535 ], [ 98.53265662937541, 3.59511078290725 ], [ 98.532633990886652, 3.595085506256469 ], [ 98.53256650404407, 3.595010253505911 ], [ 98.532552725912907, 3.594994890064371 ], [ 98.532476378714762, 3.594909758353368 ], [ 98.532471460158021, 3.594904273866522 ], [ 98.532390194418966, 3.594813657663337 ], [ 98.532386253404923, 3.594809263194259 ], [ 98.532308752057176, 3.594723041363983 ], [ 98.532296128027212, 3.594708939459975 ], [ 98.532227585408833, 3.594632425201055 ], [ 98.532206002913199, 3.594608136272513 ], [ 98.532147017691543, 3.594541809340877 ], [ 98.532115878109778, 3.594506761860442 ], [ 98.532047635905968, 3.594451183796284 ], [ 98.532025737704089, 3.59443603905408 ], [ 98.532008589562764, 3.594451163707073 ], [ 98.531935520962023, 3.594515093905883 ], [ 98.531905262259968, 3.594541684954883 ], [ 98.531845304191933, 3.594594173771175 ], [ 98.531801960303198, 3.594632206201157 ], [ 98.53175508653257, 3.594674967381833 ], [ 98.531699617221761, 3.594722727926579 ], [ 98.531664871390106, 3.594750796214849 ], [ 98.531585016739498, 3.59481324332475 ], [ 98.531574658927909, 3.594821343232461 ], [ 98.531484446452311, 3.594891890239194 ], [ 98.531469270320898, 3.594903758114987 ], [ 98.531394233963624, 3.594962436597686 ], [ 98.531353522624329, 3.594994272886666 ], [ 98.531304021461381, 3.595032983236855 ], [ 98.531237776161589, 3.595084787641083 ], [ 98.531213808128726, 3.595105129853002 ], [ 98.531123611346359, 3.595144845439561 ], [ 98.531092043852809, 3.595084712510823 ], [ 98.531065686031482, 3.594994124514388 ], [ 98.531036627243552, 3.594903535124941 ], [ 98.531033576540651, 3.594867460064703 ], [ 98.531028072447469, 3.594812956308204 ], [ 98.531033609934511, 3.594802084310259 ], [ 98.531090137648619, 3.594722413903483 ], [ 98.531123846810544, 3.594683794720896 ], [ 98.531180172070876, 3.594631885910039 ], [ 98.531123917434996, 3.594545496901021 ], [ 98.531121384286479, 3.594541281198556 ], [ 98.531037351527388, 3.594450663469009 ], [ 98.531033791368728, 3.594446866503234 ], [ 98.530951854826, 3.59436004497879 ], [ 98.53094366380391, 3.594351207134577 ], [ 98.530868416064536, 3.594269427543939 ], [ 98.53085353742793, 3.594253257370709 ], [ 98.530785036415324, 3.594178810133906 ], [ 98.530763411070993, 3.594155307600233 ], [ 98.530701656782398, 3.594088192718217 ], [ 98.530673284821845, 3.594057184094041 ], [ 98.530618409937773, 3.593997575365379 ], [ 98.530583158230144, 3.593959768059137 ], [ 98.530533779977119, 3.593906957293126 ], [ 98.530493030776626, 3.593864074733057 ], [ 98.530447490666063, 3.593816338358549 ], [ 98.530402902914204, 3.593769217559101 ], [ 98.530312734041445, 3.593754585072465 ], [ 98.5302982666649, 3.593816261325272 ], [ 98.530276748305681, 3.593906824612574 ], [ 98.530257479693049, 3.593997389060354 ], [ 98.530236422593461, 3.59408795258345 ], [ 98.530222357426652, 3.594146059321288 ], [ 98.530214501128427, 3.594178515658931 ], [ 98.530193577526873, 3.594269079248523 ], [ 98.530174046410721, 3.594359643556165 ], [ 98.530151976378249, 3.594450206551204 ], [ 98.530131984613874, 3.594529913123239 ], [ 98.530129263271888, 3.594540769212749 ], [ 98.53010591120821, 3.59463133154285 ], [ 98.530082616204908, 3.594721893901051 ], [ 98.530061534099431, 3.594812457401303 ], [ 98.530041618952922, 3.594899609161908 ], [ 98.530040839239817, 3.59490302110045 ], [ 98.530029642048504, 3.594993589706585 ], [ 98.530018670832519, 3.595084158428895 ], [ 98.530000436799185, 3.595174723397002 ], [ 98.529992728151157, 3.595265293804207 ], [ 98.529976886795708, 3.595355860007361 ], [ 98.529970024082914, 3.595446430850771 ], [ 98.529951726980642, 3.595536995783009 ], [ 98.529951112323104, 3.595544425131873 ], [ 98.529944462038429, 3.595627566417434 ], [ 98.529925434472958, 3.595718130970353 ], [ 98.529906552615572, 3.595808695597539 ], [ 98.5298982568914, 3.595899265697237 ], [ 98.529889841224971, 3.595989835734448 ], [ 98.529860668570464, 3.596066135334307 ], [ 98.529855233950684, 3.596080392227393 ], [ 98.529820047301882, 3.596170948418307 ], [ 98.529784860822062, 3.596261504606859 ], [ 98.52977037279031, 3.596298791107442 ], [ 98.529751447214949, 3.596352061710015 ], [ 98.529717610761267, 3.596442618592152 ], [ 98.52968009394732, 3.596498297526856 ], [ 98.529656473994692, 3.596533161347145 ], [ 98.529650963670207, 3.596623732880259 ], [ 98.52959459380007, 3.596714278094826 ], [ 98.529589799747086, 3.596727675751028 ], [ 98.529563622625744, 3.596804836449532 ], [ 98.52953164416121, 3.596895394280836 ], [ 98.529499508073755, 3.596952025698287 ], [ 98.529481876512378, 3.596985942901451 ], [ 98.529462735902825, 3.597076507373792 ], [ 98.529415105762908, 3.597167057094808 ], [ 98.5294092129039, 3.597183094967475 ], [ 98.529386989516183, 3.597257616916461 ], [ 98.52931897472034, 3.597302984588225 ], [ 98.529228778246519, 3.597341541465626 ], [ 98.529213432490735, 3.597348101408747 ], [ 98.529138581766105, 3.597380098295792 ], [ 98.52904838527904, 3.597418655132414 ], [ 98.529001807153151, 3.597438566135027 ], [ 98.528958188785381, 3.597457211941566 ], [ 98.528867992285072, 3.597495768773611 ], [ 98.528798749966015, 3.597529035248885 ], [ 98.528791353584666, 3.597619605784983 ], [ 98.528777743052615, 3.597636974352378 ], [ 98.528687535335933, 3.597697316457677 ], [ 98.528677495323691, 3.597710121110662 ], [ 98.528611654676951, 3.597800661328542 ], [ 98.528597265335804, 3.597878839022667 ], [ 98.528595544144878, 3.597891227339316 ], [ 98.528584498065868, 3.597981795976605 ], [ 98.528528910325903, 3.598072341503352 ], [ 98.528506974095436, 3.598101607347268 ], [ 98.528461046645589, 3.598162880654546 ], [ 98.528416735442107, 3.598221997716881 ], [ 98.528393183028257, 3.598253419798762 ], [ 98.528326496764222, 3.59834238805058 ], [ 98.528325319304983, 3.598343958935913 ], [ 98.528257455643157, 3.598434498066083 ], [ 98.528236250765588, 3.598476963085861 ], [ 98.528204194694311, 3.598525044772337 ], [ 98.528192320770501, 3.598615612967618 ], [ 98.528185135935146, 3.598706183597462 ], [ 98.528176554163053, 3.59879675350138 ], [ 98.52819032185198, 3.598887335012345 ], [ 98.528236015003927, 3.598935285823503 ], [ 98.528276674455086, 3.598977954217415 ], [ 98.528326143193894, 3.599029867149897 ], [ 98.528363027115873, 3.599068573416371 ], [ 98.528393709879978, 3.59915916370886 ], [ 98.528390786252515, 3.599249736553643 ], [ 98.528386133182536, 3.599340308500234 ], [ 98.528379722624294, 3.599430879533975 ], [ 98.52837357964799, 3.599521450706265 ], [ 98.528368641540467, 3.599612022503816 ], [ 98.528364526905847, 3.599702594728645 ], [ 98.52835810615845, 3.599793165755612 ], [ 98.528325721201114, 3.599850213234351 ], [ 98.528295466281165, 3.599883707584827 ], [ 98.528235492873705, 3.599950102476762 ], [ 98.528213690347343, 3.599974239467255 ], [ 98.528145264526316, 3.600049991840351 ], [ 98.528131914455372, 3.600064771340037 ], [ 98.528093785749675, 3.600155325885077 ], [ 98.528095994457857, 3.600245901389651 ], [ 98.528092336176712, 3.600336473845227 ], [ 98.52809369515127, 3.600427048907895 ], [ 98.528090901057439, 3.600517621812093 ], [ 98.528089433037692, 3.600608195405207 ], [ 98.528087408310185, 3.600698768708766 ], [ 98.528087056396842, 3.600789342881518 ], [ 98.52809135483011, 3.600879919471103 ], [ 98.528085422026905, 3.600970490742792 ], [ 98.528080915489127, 3.601061062755464 ], [ 98.528074260099729, 3.601151633650833 ], [ 98.528067627050376, 3.601242204557415 ], [ 98.528060637318262, 3.601332775278176 ], [ 98.528054389923085, 3.601404962239061 ], [ 98.528052799221342, 3.601423345557485 ], [ 98.528045056977504, 3.601513915886176 ], [ 98.528037148258107, 3.601604486127867 ], [ 98.528029445295658, 3.601695056476087 ], [ 98.528021730928586, 3.601785626817931 ], [ 98.52801413922775, 3.601876197223113 ], [ 98.528006930645915, 3.601966767827075 ], [ 98.527999331845137, 3.602057338227694 ], [ 98.527992764938119, 3.602147909164495 ], [ 98.527985127043294, 3.602238479543924 ], [ 98.527977493399803, 3.602329049925121 ], [ 98.527963699293963, 3.602401849114313 ], [ 98.527960373038596, 3.602419615371758 ], [ 98.527877842090902, 3.602510146792087 ], [ 98.527873463835903, 3.602514949474728 ], [ 98.527795311203775, 3.602600678202616 ], [ 98.527783235635965, 3.602613924370585 ], [ 98.527712780300135, 3.602691209603304 ], [ 98.527693006906659, 3.602713887772163 ], [ 98.527660492200184, 3.602781756735915 ], [ 98.527681870229642, 3.602872342209101 ], [ 98.527692918028464, 3.60288627238355 ], [ 98.527753732956697, 3.602962953956763 ], [ 98.527783036670442, 3.602999903025919 ], [ 98.52782559568135, 3.603053565700424 ], [ 98.527873155334063, 3.603113533677397 ], [ 98.527897458423666, 3.603144177440095 ], [ 98.527890861700584, 3.603234748356149 ], [ 98.527873076873888, 3.603265753526589 ], [ 98.52778601293079, 3.603325268143262 ], [ 98.527782866060335, 3.603330841069446 ], [ 98.527692660571773, 3.603385578417145 ], [ 98.527660729383669, 3.60341577727751 ], [ 98.527612309764649, 3.603506326413712 ], [ 98.527602412782073, 3.60352231060199 ], [ 98.527556246618047, 3.603596871565724 ], [ 98.527512160305008, 3.603668073437289 ], [ 98.527500183459622, 3.603687416712629 ], [ 98.527444120289417, 3.603777961854425 ], [ 98.527421907797333, 3.603813836259346 ], [ 98.527358739406253, 3.603868491717511 ], [ 98.527331691136638, 3.603890087307557 ], [ 98.527241515178687, 3.603887464613813 ], [ 98.527151326480919, 3.603909518979537 ], [ 98.527061151196875, 3.603905593159655 ], [ 98.526970972390174, 3.603908491001187 ], [ 98.526880786303408, 3.603925481510475 ], [ 98.526790610350389, 3.603922856344262 ], [ 98.526700423348416, 3.603941612895547 ], [ 98.526610246891167, 3.603939965653769 ], [ 98.526520069192372, 3.603940722603711 ], [ 98.526429887318542, 3.603949555128401 ], [ 98.526393080545105, 3.603958562437498 ], [ 98.526339697512967, 3.603973721690718 ], [ 98.52626311143878, 3.604049068901687 ], [ 98.526249474285407, 3.60406248545707 ], [ 98.526171096705298, 3.604139595169295 ], [ 98.526159251040426, 3.604151249211959 ], [ 98.526079081820384, 3.604230121424908 ], [ 98.526069027778064, 3.60424001280764 ], [ 98.52598706703391, 3.604320647668656 ], [ 98.525978804771924, 3.604328247743366 ], [ 98.525888600138273, 3.604380966085068 ], [ 98.525865586975513, 3.60441115849921 ], [ 98.525798366395307, 3.604489873525942 ], [ 98.525756227327548, 3.604501675647285 ], [ 98.525708176710069, 3.604513685101541 ], [ 98.52561798708291, 3.604537377611199 ], [ 98.525527797475476, 3.604561025149267 ], [ 98.525437609105865, 3.604582277587872 ], [ 98.525397988333026, 3.604592062587046 ], [ 98.525347420205975, 3.604604546991911 ], [ 98.525257231114097, 3.604627180366819 ], [ 98.525167045975408, 3.60464218448428 ], [ 98.525076861921633, 3.60465509354057 ], [ 98.524986677866423, 3.604668002655405 ], [ 98.524896493809862, 3.604680911685969 ], [ 98.524886312782456, 3.60468236901443 ], [ 98.524806309444955, 3.604694412184914 ], [ 98.52471612124765, 3.604715292455519 ], [ 98.524625932721506, 3.604736800252122 ], [ 98.524535744532855, 3.604757652150513 ], [ 98.524466596525428, 3.604772723358833 ], [ 98.524445556961922, 3.604777309052258 ], [ 98.524355369225916, 3.604797278389891 ], [ 98.524265182899796, 3.604814528959729 ], [ 98.524174999089908, 3.604826933601117 ], [ 98.524084815278727, 3.604839338277315 ], [ 98.523994631466294, 3.604851742876994 ], [ 98.523912738401449, 3.604863007093026 ], [ 98.523904447606981, 3.604864235127965 ], [ 98.52381425834011, 3.604887121735872 ], [ 98.523724069129102, 3.60490989439174 ], [ 98.523633880750452, 3.604931060828081 ], [ 98.523543692163756, 3.604952621163543 ], [ 98.523540592337199, 3.604953385955054 ], [ 98.523453503188165, 3.604974922586083 ], [ 98.523363315722477, 3.604994317556163 ], [ 98.523273136336428, 3.604998191191767 ], [ 98.523182958375116, 3.604999330078487 ], [ 98.523092780414814, 3.60500046885681 ], [ 98.523002602455506, 3.605001607574541 ], [ 98.522912421091164, 3.605009282221355 ], [ 98.522822232173738, 3.605031447316443 ], [ 98.522778364421058, 3.605043559475567 ], [ 98.522732041785488, 3.605056427541704 ], [ 98.522641851231626, 3.605081718019183 ], [ 98.522551660444066, 3.605107449108013 ], [ 98.522461469553633, 3.6051333697862 ], [ 98.522459115928555, 3.605133965702877 ], [ 98.522371279826416, 3.60515705323424 ], [ 98.522281094638686, 3.605172030699161 ], [ 98.522190916527194, 3.605173446995627 ], [ 98.522100742122248, 3.605167764770949 ], [ 98.522010567719633, 3.60516208245453 ], [ 98.52192039331932, 3.605156400129297 ], [ 98.521830218921309, 3.605150717823047 ], [ 98.521740044525615, 3.605145035471009 ], [ 98.521649870132222, 3.605139353110152 ], [ 98.521559695741118, 3.605133670740476 ], [ 98.521556829654742, 3.605133490137615 ], [ 98.521469521352259, 3.605127988509384 ], [ 98.521462082578267, 3.605133440147483 ], [ 98.521379297192141, 3.605217508744563 ], [ 98.521289116594062, 3.60522369158633 ], [ 98.521284406376509, 3.605223920633656 ], [ 98.521198936904412, 3.605228137460404 ], [ 98.521108756423857, 3.605234095794973 ], [ 98.521018576116163, 3.605239723752447 ], [ 98.520928395751994, 3.605245459807907 ], [ 98.520838215021143, 3.605251896472326 ], [ 98.520748034254154, 3.6052584020161 ], [ 98.520657853441236, 3.605264995060574 ], [ 98.520567681737234, 3.605254195106403 ], [ 98.52054056608354, 3.605223527671704 ], [ 98.520531021103935, 3.60513294837741 ], [ 98.520499560929636, 3.605042357496418 ], [ 98.520477635828669, 3.605003240279397 ], [ 98.52042320288254, 3.604951742874644 ], [ 98.520387503168195, 3.604917968294086 ], [ 98.520327412414474, 3.604861117971062 ], [ 98.520297370524688, 3.604832696213605 ], [ 98.520231621598569, 3.604770493059534 ], [ 98.520207237898049, 3.604747424255533 ], [ 98.520135831168716, 3.604679868140445 ], [ 98.520117105288406, 3.604662152120354 ], [ 98.520040040391038, 3.604589243213412 ], [ 98.520026977486268, 3.604567741275434 ], [ 98.519985713281883, 3.604498640222309 ], [ 98.51996241327376, 3.604408053649803 ], [ 98.519939113269118, 3.604317467077134 ], [ 98.519936935856904, 3.604309001657019 ], [ 98.519915813268, 3.604226880504307 ], [ 98.519892513087711, 3.604136293931224 ], [ 98.519869212915523, 3.604045707357983 ], [ 98.519846942056631, 3.603959121881765 ], [ 98.519845912924879, 3.603955120784679 ], [ 98.51982261293773, 3.603864534211215 ], [ 98.519799312954092, 3.603773947637593 ], [ 98.519776012973935, 3.60368336106381 ], [ 98.519756948309251, 3.603609240704854 ], [ 98.519752712997288, 3.603592774489868 ], [ 98.519729413024137, 3.603502187915768 ], [ 98.519706112897524, 3.603411601341427 ], [ 98.519682812727609, 3.6033210147669 ], [ 98.519666954613314, 3.603259360924853 ], [ 98.519659512764946, 3.603230428192324 ], [ 98.519627503489431, 3.603139837006912 ], [ 98.519576871536145, 3.603080002867123 ], [ 98.519552643355183, 3.603049223133818 ], [ 98.519489368548818, 3.60295861539116 ], [ 98.519576980242832, 3.60287273189423 ], [ 98.519582475288203, 3.602868090449085 ], [ 98.519666506958941, 3.602777560691382 ], [ 98.519667208421239, 3.602775340178865 ], [ 98.519681610354908, 3.602686994444118 ], [ 98.51966941792729, 3.60259641374944 ], [ 98.519667310445669, 3.602580757496628 ], [ 98.519657224898495, 3.602505833054423 ], [ 98.519645031870922, 3.602415252359387 ], [ 98.519632839447027, 3.602324671664648 ], [ 98.519620646421942, 3.602234090969573 ], [ 98.519588100120771, 3.602143499501751 ], [ 98.519628567756655, 3.602052946678316 ], [ 98.519667629032099, 3.60197307612049 ], [ 98.519672643768445, 3.601962395761308 ], [ 98.519667658365151, 3.601917120177568 ], [ 98.51966294516113, 3.60187181638616 ], [ 98.519667718454414, 3.601802490746963 ], [ 98.519669102700263, 3.601781245401501 ], [ 98.519692413869635, 3.601690683492903 ], [ 98.519706250605012, 3.601600116570142 ], [ 98.519700293816385, 3.601509539174444 ], [ 98.519703979593658, 3.601418966880277 ], [ 98.519674978983076, 3.601328377292579 ], [ 98.519667970403404, 3.601321819635599 ], [ 98.519586969016203, 3.601237756480645 ], [ 98.519577850983353, 3.601212058015991 ], [ 98.519554826571266, 3.601147165228547 ], [ 98.519564229825647, 3.601056595961497 ], [ 98.519530715508566, 3.600966003983409 ], [ 98.519529699904155, 3.600875429202957 ], [ 98.519492478410285, 3.600784835262733 ], [ 98.519487904143844, 3.600773151565596 ], [ 98.519457000228428, 3.600694242244405 ], [ 98.519451043196028, 3.60060366484924 ], [ 98.519434101312143, 3.600513081640571 ], [ 98.519397906034783, 3.600432148025417 ], [ 98.519393584922014, 3.600422485955094 ], [ 98.519377920813568, 3.60033190342249 ], [ 98.519379602223196, 3.600241330070129 ], [ 98.519381284077951, 3.600150756717778 ], [ 98.519373407350457, 3.600060178306559 ], [ 98.519307966451976, 3.599979621370187 ], [ 98.519297898148679, 3.599969564099942 ], [ 98.519217836453294, 3.599890334416025 ], [ 98.51920622644694, 3.599878941332779 ], [ 98.519127707413475, 3.599799252851764 ], [ 98.519117668968718, 3.599788320207514 ], [ 98.519037581796411, 3.599701680586913 ], [ 98.519034027700485, 3.599697701679179 ], [ 98.518951048472914, 3.599607083495817 ], [ 98.518947456693766, 3.599603164050935 ], [ 98.518868082544046, 3.599516465313939 ], [ 98.518857331605091, 3.599504657355471 ], [ 98.518785718555876, 3.599425847445402 ], [ 98.518767206760316, 3.599405722418049 ], [ 98.51870246513657, 3.599335229100127 ], [ 98.518677081812584, 3.599307020230941 ], [ 98.51862117750936, 3.599244611791003 ], [ 98.518586958020663, 3.599206153022752 ], [ 98.518540591491103, 3.599153994848447 ], [ 98.518496834651572, 3.59910451772648 ], [ 98.51846045140789, 3.599063378137086 ], [ 98.518406711511616, 3.599002483567549 ], [ 98.518380464001339, 3.598972761501547 ], [ 98.518316588322236, 3.598900581080005 ], [ 98.51830027283647, 3.598882144752868 ], [ 98.518226465131818, 3.598798718093276 ], [ 98.518138090382536, 3.598882058742875 ], [ 98.518136243835002, 3.598883610248118 ], [ 98.518126703959894, 3.598972626931582 ], [ 98.51811699825943, 3.599063196011233 ], [ 98.518107292881027, 3.599153765090516 ], [ 98.518097600633922, 3.599244334176223 ], [ 98.518087913421198, 3.599334903264063 ], [ 98.518078472417329, 3.599425472481992 ], [ 98.51806919972509, 3.599516041788699 ], [ 98.518059926978921, 3.599606611094855 ], [ 98.518050312876113, 3.599697180219358 ], [ 98.518045616669681, 3.599740659892151 ], [ 98.518040530516899, 3.599787749254036 ], [ 98.518030756810916, 3.599878318292765 ], [ 98.518021000852656, 3.599968887340366 ], [ 98.518011398959132, 3.600059456469192 ], [ 98.517990729885611, 3.600150019723467 ], [ 98.51797614984298, 3.600240586208594 ], [ 98.51795514130734, 3.600308514343634 ], [ 98.517941394106828, 3.60033114198294 ], [ 98.517902066457594, 3.600421695327619 ], [ 98.517864862599836, 3.600502200546493 ], [ 98.517859040271361, 3.600512246705589 ], [ 98.517816473862382, 3.600602798324353 ], [ 98.517783253845337, 3.600693354903485 ], [ 98.517774578998569, 3.600705108027167 ], [ 98.517684369044389, 3.600767975321671 ], [ 98.517668218402974, 3.600783868022511 ], [ 98.517594145438693, 3.600856757961818 ], [ 98.517576223730927, 3.600874393366245 ], [ 98.517503921815631, 3.600945540513395 ], [ 98.517484229106188, 3.600964918698059 ], [ 98.517413698175091, 3.601034323123611 ], [ 98.517392234463316, 3.601055444017917 ], [ 98.517323474517113, 3.601123105722329 ], [ 98.517300239802324, 3.601145969325816 ], [ 98.517233250841713, 3.601211888309543 ], [ 98.5172082451232, 3.60123649462176 ], [ 98.517143027149004, 3.601300670630017 ], [ 98.517116250168939, 3.601327019905607 ], [ 98.51705280343873, 3.601389453201159 ], [ 98.517024255345106, 3.601417545177577 ], [ 98.516962579711091, 3.60147823564214 ], [ 98.516932260611625, 3.601508070437644 ], [ 98.516872355965958, 3.601567018183343 ], [ 98.516840265860012, 3.601598595685749 ], [ 98.516782132203389, 3.601655800713043 ], [ 98.516748271090279, 3.601689120921896 ], [ 98.516691908423368, 3.601744583231236 ], [ 98.516656276302399, 3.601779646146082 ], [ 98.516601684626053, 3.601833365524272 ], [ 98.516564281282442, 3.60187017135819 ], [ 98.516511460811159, 3.601922148026385 ], [ 98.516472286306808, 3.601960696558366 ], [ 98.516421236978928, 3.602010930356745 ], [ 98.516380291464557, 3.602051221746664 ], [ 98.516331013129175, 3.602099712828911 ], [ 98.516288296604188, 3.602141746922994 ], [ 98.516240789262, 3.602188495289568 ], [ 98.516150598145529, 3.602215228567601 ], [ 98.516097830249294, 3.602232219591942 ], [ 98.516060405805703, 3.60224427004167 ], [ 98.515970213460989, 3.602273311979445 ], [ 98.515880032252397, 3.602281270028511 ], [ 98.515789846442402, 3.602297933907429 ], [ 98.515699662737774, 3.602310610854002 ], [ 98.515633228781425, 3.602322545956016 ], [ 98.515609477113955, 3.602326915290575 ], [ 98.515519282394479, 3.602360416286587 ], [ 98.515429096873888, 3.602376514524396 ], [ 98.515338901909701, 3.602410460454393 ], [ 98.515326809898838, 3.602412956558226 ], [ 98.515248715008781, 3.602429156478884 ], [ 98.515158528157613, 3.602447753733796 ], [ 98.515068331681832, 3.602484529359359 ], [ 98.514986932979795, 3.602503349168555 ], [ 98.514978143596437, 3.602505444901581 ], [ 98.514887952494234, 3.60253205208397 ], [ 98.51479775870412, 3.602563726569771 ], [ 98.514707569967896, 3.602585850704471 ], [ 98.514689640273986, 3.602593764415758 ], [ 98.514617371857369, 3.602625661853209 ], [ 98.514527181718634, 3.602650416991867 ], [ 98.514453759274502, 3.602684212416951 ], [ 98.514436982691521, 3.602691934465277 ], [ 98.514346790373665, 3.602720782635927 ], [ 98.514256590348083, 3.602764158392803 ], [ 98.514224074495985, 3.602774663667213 ], [ 98.51416639742736, 3.602794123162634 ], [ 98.514076196027673, 3.602840063282891 ], [ 98.514019583417351, 3.602865128345613 ], [ 98.513985997489627, 3.602880594367524 ], [ 98.513895795422783, 3.602927762053708 ], [ 98.51383837859548, 3.602955605448269 ], [ 98.51380559341527, 3.602974802079961 ], [ 98.513715385189869, 3.603033538890251 ], [ 98.513696905155214, 3.603046103803535 ], [ 98.513625163265303, 3.603118054824964 ], [ 98.513606642264605, 3.603136629584903 ], [ 98.513534938288672, 3.603208286436286 ], [ 98.513515968439378, 3.603227155134372 ], [ 98.513444713926049, 3.603297328690445 ], [ 98.513423921788046, 3.603317679935974 ], [ 98.513354489742895, 3.603386000241722 ], [ 98.513333221685599, 3.603408205447851 ], [ 98.513292646096147, 3.603498757837998 ], [ 98.513264236138852, 3.603530000114543 ], [ 98.51317405373355, 3.603539997604639 ], [ 98.513083871327439, 3.603549995148585 ], [ 98.512993688920503, 3.603559992779293 ], [ 98.512903506512927, 3.603569990145687 ], [ 98.512813324104357, 3.603579987917007 ], [ 98.512731749196831, 3.603589030926831 ], [ 98.512723141695304, 3.603589985113443 ], [ 98.512632959285156, 3.603599982930645 ], [ 98.512542776874227, 3.603609980746204 ], [ 98.512452594462914, 3.603619977835399 ], [ 98.512362412050436, 3.603629975632487 ], [ 98.512272229637347, 3.603639973108504 ], [ 98.512182043991743, 3.603656038014481 ], [ 98.512091905198091, 3.603679261200487 ], [ 98.512091854523391, 3.603679274768784 ], [ 98.512001668352255, 3.603696317071405 ], [ 98.511911484469124, 3.603709062144495 ], [ 98.51182130880359, 3.603706388344526 ], [ 98.511731126290883, 3.603716560852858 ], [ 98.511651176514363, 3.60367902407585 ], [ 98.51164097462636, 3.60366888111813 ], [ 98.511561030269746, 3.603588401416962 ], [ 98.511550846052415, 3.603577924799021 ], [ 98.511472811194139, 3.603497779789034 ], [ 98.511460718365299, 3.603485339445995 ], [ 98.511384572993791, 3.603407158144425 ], [ 98.511370590693744, 3.603392758940975 ], [ 98.511297833599286, 3.603316537300701 ], [ 98.511280464023415, 3.603298336050648 ], [ 98.51121141521827, 3.603225916623769 ], [ 98.511190337440723, 3.603203783540685 ], [ 98.511125038362906, 3.603135295963127 ], [ 98.511100210877274, 3.603109229637737 ], [ 98.511038664530119, 3.603044675298041 ], [ 98.511010083874964, 3.603015532466742 ], [ 98.510950037673524, 3.602954053412648 ], [ 98.51091995576823, 3.602923938231985 ], [ 98.510859714661123, 3.602863430606543 ], [ 98.51082982725751, 3.602833134234658 ], [ 98.51077018495711, 3.602772808221383 ], [ 98.510739699243345, 3.602741433944601 ], [ 98.510682011509388, 3.60268218656091 ], [ 98.5106495717542, 3.602648784459281 ], [ 98.510594498231683, 3.60259156525008 ], [ 98.510559444560371, 3.602555616234722 ], [ 98.510505494997034, 3.602500943129374 ], [ 98.510469316953305, 3.602463255569133 ], [ 98.510419271440085, 3.602410322501635 ], [ 98.510379190751536, 3.602368299229312 ], [ 98.510332919469775, 3.60231970179857 ], [ 98.510289064175453, 3.602274077865145 ], [ 98.510244476815757, 3.602229079961298 ], [ 98.510198935720155, 3.602183406296485 ], [ 98.510154116979152, 3.602138457082929 ], [ 98.510108807132639, 3.602093015328032 ], [ 98.510063757160424, 3.602047834197837 ], [ 98.510018678562929, 3.60200262435289 ], [ 98.509973397359587, 3.601957211306018 ], [ 98.509928550011011, 3.601912233371057 ], [ 98.509883037576614, 3.601866588407475 ], [ 98.509838421476573, 3.601821842927518 ], [ 98.509792676709779, 3.601775965501613 ], [ 98.509748292959912, 3.601731452491077 ], [ 98.509702316962574, 3.601685342589625 ], [ 98.509658164461356, 3.601641061489179 ], [ 98.509611957233247, 3.601594719670913 ], [ 98.509568035980578, 3.601550670480591 ], [ 98.509521597521783, 3.601504096745481 ], [ 98.509477907517578, 3.601460279465317 ], [ 98.509431237828196, 3.601413473813328 ], [ 98.509387779072085, 3.601369888974205 ], [ 98.509340877050761, 3.601322850873859 ], [ 98.509297650644356, 3.601279498518467 ], [ 98.509250517392928, 3.601232227928266 ], [ 98.509207522234703, 3.601189107483139 ], [ 98.509160157752987, 3.601141604975955 ], [ 98.509117394211543, 3.601098028051318 ], [ 98.509071233284388, 3.601050982792947 ], [ 98.509027266492524, 3.60100641430446 ], [ 98.508981834292229, 3.600960360346829 ], [ 98.508937138656222, 3.600915053027503 ], [ 98.508892435317719, 3.600869737894161 ], [ 98.508847010837556, 3.600823692310655 ], [ 98.508803035259291, 3.600779115434345 ], [ 98.508756883036838, 3.600732331569072 ], [ 98.50871363632011, 3.600688492968572 ], [ 98.508666755254367, 3.600640970272138 ], [ 98.508624237398564, 3.60059787049625 ], [ 98.508576627489845, 3.60054960896855 ], [ 98.508534838494697, 3.600507248017376 ], [ 98.50848649974327, 3.600458247658304 ], [ 98.508445439608479, 3.600416625531955 ], [ 98.508396372017586, 3.600366880830703 ], [ 98.50835621507818, 3.600326003134372 ], [ 98.508306244697735, 3.60027479081573 ], [ 98.508267663493385, 3.600235381094652 ], [ 98.508216117099579, 3.600183253285646 ], [ 98.508177916822206, 3.600144758401294 ], [ 98.508125989176747, 3.60009235435942 ], [ 98.508088125824202, 3.600054135677311 ], [ 98.508035861189299, 3.600001609163352 ], [ 98.507997868581867, 3.599963512694123 ], [ 98.507945732966263, 3.599911336099093 ], [ 98.507907261805443, 3.599872889514845 ], [ 98.507855604701888, 3.599821173157 ], [ 98.507816560991444, 3.599782266277845 ], [ 98.507765476370835, 3.599731167430605 ], [ 98.507726554586, 3.59969164341044 ], [ 98.507675348941802, 3.599639514806423 ], [ 98.507638241793885, 3.599601021454461 ], [ 98.507585222519637, 3.599546020865214 ], [ 98.50755088485802, 3.599510400010347 ], [ 98.507495096785661, 3.599451279739105 ], [ 98.507465367440162, 3.599419779557499 ], [ 98.507404971676692, 3.599355409666162 ], [ 98.507380342044641, 3.599329159365579 ], [ 98.507314846686441, 3.599259353416621 ], [ 98.50729531750919, 3.599238539168296 ], [ 98.507224720876039, 3.599164858215951 ], [ 98.50720846005251, 3.599147917970847 ], [ 98.507134594399233, 3.599071637256748 ], [ 98.507120707463713, 3.599057296281599 ], [ 98.507044467861277, 3.598978563980107 ], [ 98.507032964667317, 3.598966674591395 ], [ 98.506954342275804, 3.598883753013658 ], [ 98.506947055302547, 3.598876053889991 ], [ 98.506864216929728, 3.598788531273092 ], [ 98.506861284721936, 3.598785433257955 ], [ 98.506775515234011, 3.598694812620565 ], [ 98.506774091602793, 3.598693308468123 ], [ 98.506689677240246, 3.598604191940035 ], [ 98.506683966236295, 3.598598193795258 ], [ 98.506603360787437, 3.598513570993718 ], [ 98.506593840620795, 3.598503576467968 ], [ 98.506503706713431, 3.598424404290346 ], [ 98.506500931263474, 3.598422941289545 ], [ 98.506413543447337, 3.598399816783482 ], [ 98.506323379795134, 3.598375957727809 ], [ 98.506233216148544, 3.598352099040743 ], [ 98.506157944768049, 3.598332180859971 ], [ 98.506143052507952, 3.598328240074423 ], [ 98.506052888873228, 3.598304380993814 ], [ 98.505962725244345, 3.598280521904896 ], [ 98.505872561621288, 3.598256662807667 ], [ 98.505814960185887, 3.598241420311119 ], [ 98.505782398004058, 3.598232803747971 ], [ 98.505692234392598, 3.598208944761064 ], [ 98.505602070786878, 3.598185085949011 ], [ 98.505511907187156, 3.59816122681854 ], [ 98.505471973859258, 3.598150659641017 ], [ 98.505421743593274, 3.598137367679759 ], [ 98.505331580005233, 3.598113508532669 ], [ 98.505241416423019, 3.598089649377269 ], [ 98.505151252846389, 3.598065790665107 ], [ 98.50512898761707, 3.598059898850663 ], [ 98.505061089275827, 3.598041931524435 ], [ 98.50497092571112, 3.598018072344108 ], [ 98.50488076215224, 3.597994213155471 ], [ 98.504790598599186, 3.597970353958527 ], [ 98.50478600328816, 3.597969137941067 ], [ 98.504700435051916, 3.597946494873746 ], [ 98.504610271510472, 3.597922635787127 ], [ 98.504520107974813, 3.597898776800736 ], [ 98.504443017214811, 3.597878376910244 ], [ 98.504429944445107, 3.597874917570559 ], [ 98.504339780921228, 3.597851058332072 ], [ 98.504249617403204, 3.597827199085279 ], [ 98.504159453891006, 3.597803339830179 ], [ 98.504100031849475, 3.597787615759542 ], [ 98.504069290384393, 3.597779481049665 ], [ 98.503979126883863, 3.597755621777949 ], [ 98.503888963389187, 3.597731762497927 ], [ 98.503798799900324, 3.597707903209599 ], [ 98.503757047150344, 3.597696854488948 ], [ 98.503708636417286, 3.597684043981122 ], [ 98.503618472940047, 3.597660184803123 ], [ 98.503528309468535, 3.597636325777669 ], [ 98.503438146003049, 3.597612466456115 ], [ 98.503414061330375, 3.597606093097495 ], [ 98.503347982543389, 3.597588607126256 ], [ 98.503257819089569, 3.597564747788092 ], [ 98.503167656510271, 3.597539284383704 ], [ 98.503115526200503, 3.597515355890238 ], [ 98.503077502564608, 3.597497892916763 ], [ 98.502987346528755, 3.597460376504708 ], [ 98.502904653833696, 3.597424666545759 ], [ 98.502897191268644, 3.597421443916102 ], [ 98.502807036017188, 3.597382511319583 ], [ 98.502716880774386, 3.597343578715153 ], [ 98.502694647794215, 3.597333977631991 ], [ 98.502626725540324, 3.597304645948663 ], [ 98.502536534957301, 3.597330923147717 ], [ 98.50252901790698, 3.597333886986853 ], [ 98.502446339334639, 3.597366485670545 ], [ 98.50235614370601, 3.597402048183418 ], [ 98.502299617583887, 3.597424335409648 ], [ 98.50226594807144, 3.597437610686335 ], [ 98.502175752430929, 3.597473173179297 ], [ 98.502085556784465, 3.597508735662304 ], [ 98.502070217222325, 3.597514783768048 ], [ 98.50199536113206, 3.597544298135357 ], [ 98.501954965851141, 3.597514720614674 ], [ 98.501919509801567, 3.597424127170793 ], [ 98.501905279045133, 3.59737067691778 ], [ 98.501897595159406, 3.597333541147943 ], [ 98.501889236258521, 3.597242962554403 ], [ 98.501880877358047, 3.597152383960835 ], [ 98.501872518458001, 3.597061805367243 ], [ 98.50186415955838, 3.596971226773624 ], [ 98.50185580093698, 3.596880648180133 ], [ 98.501847442085165, 3.596790069586488 ], [ 98.501839083233762, 3.596699490992816 ], [ 98.501836363111039, 3.596608915489267 ], [ 98.501849359055512, 3.596518348597997 ], [ 98.501850290024308, 3.596427775094771 ], [ 98.501851221104744, 3.596337201591401 ], [ 98.501861862245889, 3.596246633408367 ], [ 98.501884399807906, 3.59615607174283 ], [ 98.501905972099223, 3.596093896647226 ], [ 98.501916744275562, 3.596065515448682 ], [ 98.501955487149232, 3.595974962657333 ], [ 98.501995499075278, 3.595884410558195 ], [ 98.501996262897947, 3.595882708604341 ], [ 98.502039782899047, 3.595793860795625 ], [ 98.502083370914889, 3.595703310648473 ], [ 98.502086539733128, 3.595697175060256 ], [ 98.502134402165396, 3.595612764573355 ], [ 98.502176802453818, 3.595537592293465 ], [ 98.502186750949249, 3.595522219215105 ], [ 98.502250638306649, 3.595431680168336 ], [ 98.502267046096833, 3.59541313136539 ], [ 98.502347439829833, 3.595341159128496 ], [ 98.502357267472618, 3.595329698632084 ], [ 98.502425203286862, 3.595250627658749 ], [ 98.502447500685818, 3.59522439560587 ], [ 98.502502446752018, 3.595160095895572 ], [ 98.502537735376961, 3.595116326136625 ], [ 98.502578100899669, 3.59506956325423 ], [ 98.50262796627861, 3.59501521119148 ], [ 98.502664008099146, 3.594979036211399 ], [ 98.502718191803751, 3.594923985069336 ], [ 98.502753206890816, 3.594888510957603 ], [ 98.502808422728265, 3.594822755414557 ], [ 98.502829401455813, 3.59479797858374 ], [ 98.502808462319393, 3.594749646475573 ], [ 98.502790149018182, 3.594707383095788 ], [ 98.502750866225924, 3.594616787590444 ], [ 98.502718398806195, 3.59454179814446 ], [ 98.502711677570971, 3.59452619213577 ], [ 98.502672328896253, 3.59443559659281 ], [ 98.502633082614196, 3.594345001105035 ], [ 98.502628335305673, 3.594333991949247 ], [ 98.50259400245001, 3.594254405707301 ], [ 98.502554494817602, 3.594163810075018 ], [ 98.502538271827731, 3.594126209610823 ], [ 98.502515514455155, 3.594073214730281 ], [ 98.502448168702998, 3.593991668470705 ], [ 98.502422233040619, 3.593982589684984 ], [ 98.502358007293637, 3.593964730494004 ], [ 98.502267844848021, 3.593939716262253 ], [ 98.502177682446558, 3.593914631730348 ], [ 98.502097943926842, 3.593891838226861 ], [ 98.502087520519339, 3.593888683682196 ], [ 98.501997359388895, 3.593861277796868 ], [ 98.501947987137356, 3.593891756140258 ], [ 98.501907157521202, 3.593908992355211 ], [ 98.501816954084589, 3.59395958331398 ], [ 98.501772623198548, 3.593982234131706 ], [ 98.501726746900118, 3.59401706479784 ], [ 98.501653173227396, 3.594072742717739 ], [ 98.5016365344419, 3.594084244300913 ], [ 98.501546324588304, 3.594146602151234 ], [ 98.501522247922182, 3.594163244996293 ], [ 98.501456114723567, 3.594208959149855 ], [ 98.501391321200444, 3.594253747251453 ], [ 98.501365904847219, 3.59427131613773 ], [ 98.50127569495929, 3.594333673114861 ], [ 98.501260394690377, 3.594344249484107 ], [ 98.50118548505921, 3.594396031044633 ], [ 98.501129469075735, 3.59443475169463 ], [ 98.501095275148074, 3.594458388000271 ], [ 98.501005065225343, 3.594520744945162 ], [ 98.500998542280698, 3.594525253881882 ], [ 98.500914849143243, 3.594594411840043 ], [ 98.500894296486351, 3.594615770688162 ], [ 98.500824621559275, 3.594689208491178 ], [ 98.500808465596663, 3.594706297586851 ], [ 98.500734392742785, 3.594786237130728 ], [ 98.500724734531516, 3.594796825627634 ], [ 98.500644188616207, 3.594837836564408 ], [ 98.500553987164324, 3.594884502244826 ], [ 98.500548553307965, 3.594887302891719 ], [ 98.500463787424223, 3.594928006690176 ], [ 98.50037358798609, 3.59497094233279 ], [ 98.500359510420736, 3.594977773050599 ], [ 98.500283387924327, 3.595015009937044 ], [ 98.50019318766968, 3.595059417652432 ], [ 98.50017559851139, 3.595068245984858 ], [ 98.500102986612603, 3.595105284677096 ], [ 98.500012785120575, 3.595151935435741 ], [ 98.499998002519916, 3.595158722349323 ], [ 98.499922587460716, 3.595191536201816 ], [ 98.499832397427681, 3.595217126334334 ], [ 98.499742208247056, 3.595241145155605 ], [ 98.499652053452735, 3.595202068146729 ], [ 98.499607551841478, 3.595158507587721 ], [ 98.499561925457357, 3.595113846034828 ], [ 98.499514969129649, 3.595067882655452 ], [ 98.499471797479373, 3.595025623916257 ], [ 98.499434756935869, 3.594977264525101 ], [ 98.499438498851816, 3.594886692601453 ], [ 98.499390414062688, 3.594796092151834 ], [ 98.499381755467823, 3.594779777976802 ], [ 98.499342328971466, 3.594705491700655 ], [ 98.499294243957721, 3.594614891248122 ], [ 98.499291671989496, 3.594610045191885 ], [ 98.499246159194385, 3.594524290794336 ], [ 98.499201588541283, 3.594440312513306 ], [ 98.499198073908701, 3.594433690338867 ], [ 98.499149989141003, 3.594343089882292 ], [ 98.499111505123722, 3.594270578942208 ], [ 98.499101904403474, 3.594252489424339 ], [ 98.499053819122039, 3.594161888964693 ], [ 98.499021421735833, 3.594100846329871 ], [ 98.499005734401692, 3.594071288503966 ], [ 98.498957649689942, 3.593980688041847 ], [ 98.498931338378355, 3.593931113241903 ], [ 98.498907723466601, 3.593890086563988 ], [ 98.498845375150722, 3.593799478241581 ], [ 98.498841237495526, 3.593793550659288 ], [ 98.498782127100753, 3.59370886942075 ], [ 98.498751132010909, 3.593664466012256 ], [ 98.498718879062622, 3.593618260597096 ], [ 98.498661026550351, 3.593535381359496 ], [ 98.498655631036343, 3.59352765177062 ], [ 98.498592383021915, 3.593437042941324 ], [ 98.498570921113824, 3.593406296701011 ], [ 98.498529135019339, 3.593346434109206 ], [ 98.498480824505506, 3.593261087775498 ], [ 98.498477956192005, 3.593255831926892 ], [ 98.498471386883935, 3.593165254332578 ], [ 98.498467145349665, 3.593074678021261 ], [ 98.498462904210683, 3.592984101710078 ], [ 98.498458663158374, 3.592893525398863 ], [ 98.498454422105667, 3.592802949087567 ], [ 98.498450181052561, 3.592712372776189 ], [ 98.498445939651845, 3.592621796464539 ], [ 98.49842222207576, 3.592531209418676 ], [ 98.498391064262037, 3.592499926884627 ], [ 98.498335816570219, 3.592440587819142 ], [ 98.498300939985313, 3.592405568177205 ], [ 98.498245563053288, 3.592349964092142 ], [ 98.498210813617348, 3.592315072111268 ], [ 98.498155309352256, 3.592259340358408 ], [ 98.498120687267019, 3.592224576241427 ], [ 98.498065055870498, 3.592168716618163 ], [ 98.498030560934566, 3.592134080162745 ], [ 98.497974802406546, 3.592078092871295 ], [ 98.497940434619878, 3.59204358407746 ], [ 98.497884548960371, 3.591987469117808 ], [ 98.497850308322853, 3.591953088110335 ], [ 98.497794295407928, 3.591896845357632 ], [ 98.497760182043663, 3.591862592011384 ], [ 98.497704041997849, 3.591806221590906 ], [ 98.497670055782237, 3.591772095905834 ], [ 98.497628878637997, 3.591715606145866 ], [ 98.497623006436001, 3.591625028940407 ], [ 98.497632663894237, 3.591534460305344 ], [ 98.497604250365853, 3.591443870659721 ], [ 98.497580069895946, 3.591424881805106 ], [ 98.497489898584064, 3.59141687816983 ], [ 98.497399727274981, 3.591408874525842 ], [ 98.497309555968712, 3.591400870873144 ], [ 98.497219384665257, 3.591392867211731 ], [ 98.497129213364602, 3.591384863541609 ], [ 98.497039046557731, 3.591368654174441 ], [ 98.4970200370214, 3.591352974096886 ], [ 98.497006853146218, 3.591262392855775 ], [ 98.496993669686546, 3.591171811614891 ], [ 98.496980486228267, 3.591081230374003 ], [ 98.496967302771367, 3.590990649133113 ], [ 98.496954118924606, 3.590900067892003 ], [ 98.496949146068445, 3.590865900413186 ], [ 98.49694093544754, 3.590809486651094 ], [ 98.496927751994775, 3.590718905410195 ], [ 98.496914568383957, 3.590628324169205 ], [ 98.496901384679191, 3.590537742928158 ], [ 98.496888201230547, 3.59044716168725 ], [ 98.496875017783267, 3.590356580446339 ], [ 98.496861833934858, 3.590265999205202 ], [ 98.496859308310007, 3.590248646140326 ], [ 98.496848650478697, 3.590175417964279 ], [ 98.496835467035567, 3.59008483672336 ], [ 98.496822283593787, 3.589994255482437 ], [ 98.496803932858995, 3.58990367138645 ], [ 98.49677467655431, 3.589813081264651 ], [ 98.496769378364334, 3.58979993668441 ], [ 98.49671801130016, 3.589722475996907 ], [ 98.496679274935303, 3.589668253243544 ], [ 98.496654126961545, 3.589631866737425 ], [ 98.496595762624452, 3.589541260525984 ], [ 98.496589174562189, 3.589531032903291 ], [ 98.496537399177058, 3.589450654312738 ], [ 98.496499075667359, 3.589391159048985 ], [ 98.496479761703114, 3.58936004849851 ], [ 98.496420769212961, 3.589269441932936 ], [ 98.496408976360129, 3.589252085094846 ], [ 98.496353538482879, 3.589178830810015 ], [ 98.496318866819948, 3.58913173997772 ], [ 98.496288354855537, 3.589088220815808 ], [ 98.496228762603067, 3.5890017189435 ], [ 98.496225933515646, 3.588997612346185 ], [ 98.496163512187422, 3.588907003873846 ], [ 98.496138660675115, 3.588867564272662 ], [ 98.496106589251085, 3.588816398440112 ], [ 98.496048557984196, 3.588734847185892 ], [ 98.496042112122851, 3.588725788825396 ], [ 98.495977635203872, 3.588635179207845 ], [ 98.495958448718568, 3.588614171458425 ], [ 98.495900959386489, 3.588544562837632 ], [ 98.495868327392898, 3.588515539092665 ], [ 98.495799061849596, 3.588453932505328 ], [ 98.495778195962316, 3.588435373836551 ], [ 98.495697163580132, 3.588363302163877 ], [ 98.495688064547295, 3.588355209317722 ], [ 98.495597933148659, 3.588275044047945 ], [ 98.495595265974771, 3.588272671814052 ], [ 98.495507801765612, 3.588194879515456 ], [ 98.495493367686393, 3.588182041455106 ], [ 98.49541767039895, 3.588114714232021 ], [ 98.495391470474686, 3.588091411088017 ], [ 98.495327539048418, 3.588034548664505 ], [ 98.495289572796466, 3.588000780711929 ], [ 98.495237407713361, 3.587954384025601 ], [ 98.495187674544582, 3.587910150326787 ], [ 98.495147276394292, 3.587874219379868 ], [ 98.495085776313132, 3.587819519932915 ], [ 98.495057145091309, 3.587794054518226 ], [ 98.494983879620492, 3.587728889531162 ], [ 98.494967013804953, 3.587713888456535 ], [ 98.494881982424175, 3.587638259120392 ], [ 98.49487688203557, 3.587634631217509 ], [ 98.494786717958235, 3.587614233467392 ], [ 98.494696569324006, 3.587565729245626 ], [ 98.494677903985007, 3.587547572047036 ], [ 98.494606448961662, 3.587465779705824 ], [ 98.49460171998625, 3.587456955868938 ], [ 98.494576951310137, 3.587366368201969 ], [ 98.494552182637719, 3.58727578053484 ], [ 98.494527414031324, 3.587185192867586 ], [ 98.494516449893979, 3.587145093413517 ], [ 98.494502645304038, 3.587094605200104 ], [ 98.494477876934923, 3.58700401753266 ], [ 98.494453108496515, 3.586913429865016 ], [ 98.494428339842699, 3.586822842197091 ], [ 98.494426455520937, 3.586815950569916 ], [ 98.494403571192578, 3.586732254529008 ], [ 98.49437880254618, 3.586641666860764 ], [ 98.49435403390352, 3.586551079192363 ], [ 98.494336461195928, 3.586486809590064 ], [ 98.494329265264554, 3.586460491523803 ], [ 98.494304496629297, 3.586369903855084 ], [ 98.49427972818674, 3.586279316186312 ], [ 98.494252187029659, 3.586188726979195 ], [ 98.494246458533482, 3.586172929610463 ], [ 98.494189519215013, 3.586098118283761 ], [ 98.49415634847864, 3.586054535971399 ], [ 98.49412052380535, 3.586007506074584 ], [ 98.494066238398631, 3.585936228693356 ], [ 98.494051525158497, 3.585916893860134 ], [ 98.493982571951065, 3.585826281667428 ], [ 98.493976128488285, 3.58581765334509 ], [ 98.493916442419973, 3.585735671038559 ], [ 98.493886020669763, 3.585695314240421 ], [ 98.493848229019179, 3.585645059249769 ], [ 98.493795910878717, 3.585576603622023 ], [ 98.493778494549986, 3.585554446613132 ], [ 98.493707268612695, 3.585463833144803 ], [ 98.493705798655569, 3.585462355525406 ], [ 98.493616664817552, 3.585373208911812 ], [ 98.493615673159397, 3.585372275128232 ], [ 98.493525544754476, 3.585287513685355 ], [ 98.493520300307992, 3.585282581472558 ], [ 98.49343541636739, 3.58520275025276 ], [ 98.493423899596138, 3.585191954005523 ], [ 98.493345287803336, 3.585118338794705 ], [ 98.493327178895129, 3.585101326353022 ], [ 98.493255159399013, 3.585033667517618 ], [ 98.493230409058555, 3.585010698665482 ], [ 98.493165030436828, 3.584950039908864 ], [ 98.49313251915909, 3.584920070347678 ], [ 98.493074901191335, 3.584866956918814 ], [ 98.493034204927028, 3.584829441786043 ], [ 98.492984771962895, 3.584783872874806 ], [ 98.492935891441576, 3.584738813216794 ], [ 98.492894642750912, 3.584700788824062 ], [ 98.492837577255671, 3.584648184639128 ], [ 98.492804513554844, 3.584617705813797 ], [ 98.492739263392195, 3.584557556053613 ], [ 98.492714384375788, 3.584534621749578 ], [ 98.492640949038901, 3.584466927459799 ], [ 98.492624255212633, 3.58445153872584 ], [ 98.492542635421188, 3.584376298858368 ], [ 98.492534126066516, 3.584368454648148 ], [ 98.492444320900518, 3.584285670248411 ], [ 98.492443996936288, 3.584285371610938 ], [ 98.492353867823113, 3.584202287519777 ], [ 98.492346007528539, 3.584195041631069 ], [ 98.492263738726393, 3.584119203421881 ], [ 98.492247693977788, 3.584104413005602 ], [ 98.492173609810322, 3.584035821562082 ], [ 98.492149965403101, 3.584013784697788 ], [ 98.492083481281981, 3.583951766700514 ], [ 98.492052810216748, 3.583923156701335 ], [ 98.491993352778962, 3.583867696027892 ], [ 98.491915359997861, 3.583923080155758 ], [ 98.491903142117835, 3.583932566133464 ], [ 98.491812924228469, 3.584010512531152 ], [ 98.491809356409405, 3.584013595007331 ], [ 98.491722706324808, 3.584088457766681 ], [ 98.491704588989577, 3.584104110532271 ], [ 98.491632488406182, 3.584166402990972 ], [ 98.491599822031404, 3.584194626042325 ], [ 98.491542270471982, 3.584244349354942 ], [ 98.491495055420117, 3.584285141537424 ], [ 98.491452052119911, 3.584323025283397 ], [ 98.491392521636286, 3.584375658262436 ], [ 98.491361833437566, 3.584402271727127 ], [ 98.491288147264967, 3.584466173946298 ], [ 98.491271615112154, 3.584480844583876 ], [ 98.491185968604597, 3.584556690840034 ], [ 98.49118139610276, 3.584560627827878 ], [ 98.491091178292507, 3.584638213822264 ], [ 98.491080708809989, 3.584647206000014 ], [ 98.491000959564062, 3.584717433752712 ], [ 98.490977818687455, 3.584737722467296 ], [ 98.490910742279127, 3.584794015566845 ], [ 98.490869931455691, 3.584828236130241 ], [ 98.490820524544887, 3.584871383286772 ], [ 98.49076600055966, 3.584918751986391 ], [ 98.490730306946645, 3.584948478370175 ], [ 98.490656945105172, 3.585009264965447 ], [ 98.490640090373489, 3.585023694009897 ], [ 98.490551205706524, 3.585099779780744 ], [ 98.490549872690138, 3.585100889901982 ], [ 98.49045965633286, 3.585175663253816 ], [ 98.490441906244243, 3.585190292591335 ], [ 98.490369439574266, 3.585251135779607 ], [ 98.490334119508162, 3.585280806231064 ], [ 98.490279223182696, 3.585325919443525 ], [ 98.490223924017243, 3.585371318508236 ], [ 98.490189007234733, 3.585399876360241 ], [ 98.490113289798316, 3.585461830523485 ], [ 98.490098791364119, 3.585473668229797 ], [ 98.490008575552764, 3.585547327776355 ], [ 98.490002352241305, 3.585552342352361 ], [ 98.489918360069609, 3.585620369819704 ], [ 98.489828198722407, 3.585595713935232 ], [ 98.489742330928237, 3.585552196879627 ], [ 98.4897380486142, 3.58555079442301 ], [ 98.489647889981427, 3.585521267808967 ], [ 98.489557731355546, 3.585491741194273 ], [ 98.489467572736842, 3.585462214089358 ], [ 98.489465294402862, 3.585461467943058 ], [ 98.489377414124803, 3.585432687458456 ], [ 98.489287255519685, 3.585403160819451 ], [ 98.489197096921743, 3.585373633690226 ], [ 98.489188257872769, 3.585370738929935 ], [ 98.489106938330451, 3.585344107035014 ], [ 98.48901677974608, 3.585314580371701 ], [ 98.488926621168645, 3.585285053673482 ], [ 98.488911220185017, 3.585280009839618 ], [ 98.488836462598371, 3.585255526538648 ], [ 98.488746304034734, 3.585225999851027 ], [ 98.488656140107622, 3.585206141555034 ], [ 98.488565972650562, 3.5851926462612 ], [ 98.488543144075109, 3.585189229616954 ], [ 98.488475805197183, 3.585179151324155 ], [ 98.488385637747882, 3.585165656046127 ], [ 98.488295470302489, 3.585152160709807 ], [ 98.48820530286099, 3.585138665364946 ], [ 98.488115135423371, 3.585125170011548 ], [ 98.488024967989645, 3.585111674649609 ], [ 98.487935706568479, 3.585098314881608 ], [ 98.487934800559799, 3.58509817927913 ], [ 98.487844633133633, 3.585084684281641 ], [ 98.487754465711532, 3.585071188961375 ], [ 98.487664298293353, 3.585057693565279 ], [ 98.487574130879054, 3.585044198160646 ], [ 98.487483965477253, 3.585027094754815 ], [ 98.487431939095856, 3.585007458032906 ], [ 98.487393819583289, 3.584974964019823 ], [ 98.487325613688341, 3.584916824432104 ], [ 98.48730368745494, 3.584898134224495 ], [ 98.487219288946633, 3.584826190822108 ], [ 98.487213555342592, 3.584821303353772 ], [ 98.487123423245649, 3.58474447247618 ], [ 98.487033249463863, 3.584742487481032 ], [ 98.486943073478344, 3.584744460072365 ], [ 98.486929164932931, 3.584735453821998 ], [ 98.486858890860788, 3.584644840457867 ], [ 98.486852961346457, 3.584631866035251 ], [ 98.486786170530806, 3.58455422571364 ], [ 98.486762842556473, 3.584531254892521 ], [ 98.486672986792399, 3.584463588193442 ], [ 98.486672705572786, 3.584463313036666 ], [ 98.486582549366744, 3.584429869897005 ], [ 98.486492390767779, 3.584400731277825 ], [ 98.486405540635118, 3.584372863812774 ], [ 98.486402232075292, 3.584371772552705 ], [ 98.486312070718625, 3.584347601641619 ], [ 98.486221904376592, 3.584332376164433 ], [ 98.48613172912512, 3.584333123021244 ], [ 98.486080915152925, 3.584372680964029 ], [ 98.486041512058506, 3.584408786177143 ], [ 98.485993763507821, 3.584463205671239 ], [ 98.485951279250031, 3.584512619950502 ], [ 98.485877702297103, 3.584553714071908 ], [ 98.485861078973969, 3.584558156805496 ], [ 98.485851077787459, 3.58455369906356 ], [ 98.485770926564129, 3.584517973950215 ], [ 98.485680774163171, 3.584477791087127 ], [ 98.485647613207021, 3.584463010533156 ], [ 98.485590621771109, 3.58443760821623 ], [ 98.485500469387944, 3.584397425337525 ], [ 98.485444148671874, 3.584372321962982 ], [ 98.485410317013717, 3.584357242357341 ], [ 98.485320164648485, 3.584317059213408 ], [ 98.485240685447863, 3.584281633353755 ], [ 98.485230012292135, 3.584276876091222 ], [ 98.485139859944539, 3.584236693181289 ], [ 98.485049707605839, 3.584196510263549 ], [ 98.485037221003338, 3.58419094470405 ], [ 98.484959555276049, 3.584156327338003 ], [ 98.484869402955155, 3.58411614440465 ], [ 98.484833756604132, 3.584100256014583 ], [ 98.484779250643157, 3.584075961463494 ], [ 98.484689098340041, 3.58403577851453 ], [ 98.48463029225023, 3.584009567285359 ], [ 98.484598946045821, 3.583995595557764 ], [ 98.484508793760511, 3.58395541259319 ], [ 98.484426827941647, 3.58391887851638 ], [ 98.484418641484083, 3.583915229620814 ], [ 98.484328489216551, 3.583875046640633 ], [ 98.48423833695793, 3.583834863652648 ], [ 98.484223363678367, 3.583828189707652 ], [ 98.484148184708189, 3.583794680656862 ], [ 98.48405803246736, 3.583754497653271 ], [ 98.484019899460407, 3.583737500859177 ], [ 98.483967880235426, 3.583714314641877 ], [ 98.483877728012374, 3.583674131622681 ], [ 98.483841288657629, 3.583646826032839 ], [ 98.483787609901171, 3.583573104890351 ], [ 98.483776526700765, 3.583556215603415 ], [ 98.483715762997775, 3.583465607433639 ], [ 98.483697510124415, 3.583439406390252 ], [ 98.483652640178093, 3.583374997926239 ], [ 98.483607407927025, 3.583310069382638 ], [ 98.483589391002781, 3.583284388344576 ], [ 98.483522913018092, 3.583193776932461 ], [ 98.483517301705049, 3.583187952539179 ], [ 98.483427172730245, 3.58310644774685 ], [ 98.483422995491225, 3.583103146585928 ], [ 98.483337036801032, 3.583037370449533 ], [ 98.483304542386392, 3.583012505735188 ], [ 98.483246900826828, 3.58296839842895 ], [ 98.483186088535675, 3.582921864871845 ], [ 98.483156764866649, 3.582899426401323 ], [ 98.483066602509552, 3.582877518812437 ], [ 98.483012513496874, 3.58292176654515 ], [ 98.482976385909595, 3.582952263799734 ], [ 98.48288617971933, 3.583008440628323 ], [ 98.482880582869697, 3.583012265561659 ], [ 98.482795976729236, 3.583058899866328 ], [ 98.482720134078576, 3.583102748387983 ], [ 98.48270577182214, 3.583112756539921 ], [ 98.482626205422989, 3.583193268903389 ], [ 98.482615544552814, 3.583206407033264 ], [ 98.482542687717171, 3.583283795310863 ], [ 98.482525314769291, 3.583304499769589 ], [ 98.48246208026913, 3.583374323358979 ], [ 98.482435083203328, 3.583405729884158 ], [ 98.482381135944706, 3.583464851206368 ], [ 98.482344851780894, 3.58350666872659 ], [ 98.482306696865834, 3.583555382735498 ], [ 98.482254616688834, 3.583614099464066 ], [ 98.482202935611014, 3.583645897614165 ], [ 98.482164416080408, 3.583660163321051 ], [ 98.482074235999022, 3.583669712143796 ], [ 98.481984059304594, 3.583673238296211 ], [ 98.481893892523203, 3.583659144431885 ], [ 98.481803719984725, 3.583655289574881 ], [ 98.481765599375834, 3.583645649287821 ], [ 98.481713557509408, 3.583633556518869 ], [ 98.481663034701526, 3.583645591019649 ], [ 98.481623364205092, 3.58366660556889 ], [ 98.481533162600556, 3.583714388838525 ], [ 98.481492237991588, 3.583736067715834 ], [ 98.481442960988161, 3.583762171079379 ], [ 98.48135275936734, 3.583809953309899 ], [ 98.481321439331467, 3.583826544373875 ], [ 98.481262557738077, 3.583857735530083 ], [ 98.481172356100402, 3.583905517739931 ], [ 98.481150641103326, 3.583917020995124 ], [ 98.48108215445373, 3.583953300957893 ], [ 98.480991988314557, 3.583938067280982 ], [ 98.480967725954073, 3.583916916939723 ], [ 98.480901857864524, 3.583859526535465 ], [ 98.480864177042491, 3.583826284273321 ], [ 98.480811727958297, 3.583780049009627 ], [ 98.480760699206897, 3.583735651638404 ], [ 98.480721597470335, 3.583701631316666 ], [ 98.480657179295363, 3.583645018970583 ], [ 98.480631467427813, 3.583622451539404 ], [ 98.480553130471563, 3.583554385992652 ], [ 98.480541336912012, 3.583544138896063 ], [ 98.480451206723245, 3.583465274223212 ], [ 98.480449453831028, 3.583463753217604 ], [ 98.480361076179392, 3.583387066858848 ], [ 98.480345089958121, 3.583373120042138 ], [ 98.48027094584404, 3.583308517681636 ], [ 98.480240906525054, 3.583282486960339 ], [ 98.480180815272305, 3.583230415150663 ], [ 98.480136665286821, 3.583191853836512 ], [ 98.480090684966697, 3.583151868840402 ], [ 98.480031968654373, 3.583101220444072 ], [ 98.480000554711793, 3.583073260450073 ], [ 98.479930361833212, 3.583010588803534 ], [ 98.479910425889699, 3.582992142200787 ], [ 98.479832395220669, 3.582919959229562 ], [ 98.479820298357154, 3.582908768915852 ], [ 98.47973461401466, 3.582829329753412 ], [ 98.479730170945828, 3.582825210232455 ], [ 98.479640043575131, 3.582741608888062 ], [ 98.479636908948933, 3.582738700312828 ], [ 98.479549916242362, 3.582657969689298 ], [ 98.479539245565022, 3.582648070888182 ], [ 98.479459788908471, 3.582574361814374 ], [ 98.479441550526332, 3.582557441437648 ], [ 98.479369661596451, 3.582490744470956 ], [ 98.479343881134227, 3.582466811993914 ], [ 98.479279534330914, 3.582407074176889 ], [ 98.479246253853134, 3.582376182566382 ], [ 98.479189407075651, 3.582323415001672 ], [ 98.479148619315083, 3.582285553126889 ], [ 98.479099279840668, 3.582239749239161 ], [ 98.479050479534919, 3.582194923391183 ], [ 98.479009152123808, 3.582156964919585 ], [ 98.478951487752596, 3.58210429316116 ], [ 98.478919024163389, 3.582074640283375 ], [ 98.478852266800018, 3.582013662792212 ], [ 98.478828896219454, 3.581992315391255 ], [ 98.47875304605094, 3.581923032415268 ], [ 98.478738768291635, 3.58190999083864 ], [ 98.478653825020942, 3.581832402030048 ], [ 98.478648640380158, 3.581827666279339 ], [ 98.478558512485606, 3.581745340655275 ], [ 98.478554605170444, 3.58174177163739 ], [ 98.478468385149839, 3.581662056579181 ], [ 98.478456514144568, 3.581651141881594 ], [ 98.478378256916756, 3.581580386838038 ], [ 98.478356185273398, 3.581560510839059 ], [ 98.47828812841243, 3.58149922484741 ], [ 98.478255541119097, 3.581469879608001 ], [ 98.478197999924106, 3.581418063081029 ], [ 98.478154896984904, 3.581379248368576 ], [ 98.478107871451911, 3.58133690130794 ], [ 98.47805425356735, 3.581288617121181 ], [ 98.478017742996443, 3.581255738475005 ], [ 98.478004409536425, 3.581288588621528 ], [ 98.477986909041064, 3.581379152322224 ], [ 98.477966459573949, 3.581469714335468 ], [ 98.477936381024534, 3.581560270840459 ], [ 98.477927373435904, 3.581600199450856 ], [ 98.47790741642244, 3.581650827980555 ], [ 98.477837138258167, 3.581707369920636 ], [ 98.477789823883086, 3.581741334418012 ], [ 98.477746924554936, 3.58177661337933 ], [ 98.477656725268119, 3.581820402560886 ], [ 98.477626108854537, 3.581831814441804 ], [ 98.477566532922225, 3.581851936417599 ], [ 98.477476328638218, 3.581904513244323 ], [ 98.477443631167276, 3.581922283689555 ], [ 98.477391825877348, 3.582012827726477 ], [ 98.477424842665556, 3.582103420329173 ], [ 98.477421493145684, 3.582193992109317 ], [ 98.477408206017685, 3.5822845581988 ], [ 98.477393442421388, 3.582375123442035 ], [ 98.477385869227675, 3.582406852512804 ], [ 98.477372161981833, 3.582465684952363 ], [ 98.477356177146135, 3.582556249494294 ], [ 98.477330567212775, 3.582646808522505 ], [ 98.477313430663713, 3.582737372402601 ], [ 98.477295472384625, 3.582798685449868 ], [ 98.477287357906761, 3.582827931162783 ], [ 98.477269066556488, 3.582918494379047 ], [ 98.477248308278575, 3.583009056180926 ], [ 98.477205134043842, 3.583087268223512 ], [ 98.47719705935117, 3.583099600511642 ], [ 98.47712973847095, 3.583190135627698 ], [ 98.477114894226091, 3.58320218155179 ], [ 98.477033016089365, 3.583280653884642 ], [ 98.477024670877313, 3.583288048766784 ], [ 98.476934460441811, 3.583351148096301 ], [ 98.476905401430429, 3.58337115441713 ], [ 98.476844237688837, 3.583435912081307 ], [ 98.476821878027195, 3.583461680212902 ], [ 98.4767540039973, 3.583539900834489 ], [ 98.476742501979686, 3.583552208377153 ], [ 98.47666378458031, 3.583618732376941 ], [ 98.476617372194298, 3.583642710284337 ], [ 98.476573583017142, 3.583666123702468 ], [ 98.476483381230167, 3.58371389404906 ], [ 98.476446763923235, 3.583733186071613 ], [ 98.47639317940525, 3.583761716323305 ], [ 98.476302979338897, 3.583806431290975 ], [ 98.476261561355955, 3.583823653443164 ], [ 98.476212783746092, 3.583843267203517 ], [ 98.47612258359166, 3.583888111082257 ], [ 98.476082222767502, 3.58391412413946 ], [ 98.476032377056072, 3.583944156444558 ], [ 98.475942168117413, 3.584004406619818 ], [ 98.475941920762224, 3.584004617222354 ], [ 98.475851951796557, 3.584077606895749 ], [ 98.475828257930388, 3.584095125587646 ], [ 98.47576173742037, 3.584147366908851 ], [ 98.475721164304346, 3.584185637711101 ], [ 98.475685206345901, 3.584276190711773 ], [ 98.47567148165858, 3.584289784452376 ], [ 98.475593812953989, 3.584366711839678 ], [ 98.475581256009036, 3.584379278409925 ], [ 98.475504418347839, 3.584457234105006 ], [ 98.475491028762761, 3.584471544614166 ], [ 98.47541971893402, 3.584547759059291 ], [ 98.475400799122909, 3.584567980002663 ], [ 98.475338793967623, 3.584638286174374 ], [ 98.475310564088261, 3.584673848540493 ], [ 98.475266596812205, 3.584728818301368 ], [ 98.475220325130167, 3.58478656317842 ], [ 98.475194052465142, 3.584819350220591 ], [ 98.47513008620669, 3.584899177068402 ], [ 98.475121508103356, 3.584909882131759 ], [ 98.475083741537205, 3.585000434053514 ], [ 98.475056957153058, 3.585090992294285 ], [ 98.475039768958723, 3.585149105719645 ], [ 98.475030172762459, 3.585181550533313 ], [ 98.475008252365953, 3.585272111570925 ], [ 98.474971739789552, 3.585362664205474 ], [ 98.474949451598363, 3.585399130291903 ], [ 98.474916400346871, 3.585453205996028 ], [ 98.474880850446041, 3.585543759178567 ], [ 98.474862990113877, 3.58563432254681 ], [ 98.474870699216126, 3.585724900640971 ], [ 98.474878479098635, 3.58581547877588 ], [ 98.474886258575282, 3.585906056910534 ], [ 98.474894038458274, 3.585996635045404 ], [ 98.474901818128743, 3.586087213180133 ], [ 98.474898285886923, 3.586177784799388 ], [ 98.474884519546421, 3.58626835052339 ], [ 98.474870675110822, 3.58635891620162 ], [ 98.474858685498972, 3.586435507927555 ], [ 98.474856433306925, 3.586449481650146 ], [ 98.474793648045505, 3.586540019130332 ], [ 98.474768437156641, 3.586564220612755 ], [ 98.474699353296899, 3.586630538446506 ], [ 98.474678212822312, 3.586650832481306 ], [ 98.47460505852986, 3.586721057750009 ], [ 98.474587988471129, 3.586737444338253 ], [ 98.474497814255045, 3.586736239010937 ], [ 98.474431752313166, 3.586720957840473 ], [ 98.474407651430113, 3.586715093287444 ], [ 98.47431749492452, 3.586682895238127 ], [ 98.474227340761857, 3.58664660963033 ], [ 98.47418547697464, 3.586630242165853 ], [ 98.474137186014332, 3.586611361869682 ], [ 98.474047018676785, 3.586598155776601 ], [ 98.473956866193092, 3.586558972253788 ], [ 98.473866688310693, 3.586564227289102 ], [ 98.473776509916561, 3.586570377693714 ], [ 98.473711412526939, 3.58653939494661 ], [ 98.473686365557057, 3.586517020913745 ], [ 98.473615161805327, 3.586448765736976 ], [ 98.473596240106588, 3.586430627371257 ], [ 98.473520618706544, 3.586358137505995 ], [ 98.473506114673, 3.586344234092742 ], [ 98.473426075386215, 3.586267509267648 ], [ 98.473415989256551, 3.586257840690743 ], [ 98.473331533229185, 3.586176881022734 ], [ 98.47332586385761, 3.586171446420098 ], [ 98.473235696724544, 3.586157997572715 ], [ 98.473217195625864, 3.586176814962007 ], [ 98.473145469409985, 3.586249681298558 ], [ 98.473128076148271, 3.586267337089478 ], [ 98.473055241552601, 3.586342281545426 ], [ 98.473040384984273, 3.586357860031117 ], [ 98.472965012288057, 3.586437307029164 ], [ 98.47295450337144, 3.586448384007812 ], [ 98.47287478295884, 3.586532412660146 ], [ 98.47286862074003, 3.586538907973155 ], [ 98.472784553610254, 3.586627519274806 ], [ 98.472782739019735, 3.586629431928261 ], [ 98.472696857325673, 3.586719955872617 ], [ 98.472694324242909, 3.586722625877575 ], [ 98.472610974599959, 3.58681047980561 ], [ 98.472604094857346, 3.58681773142494 ], [ 98.472525092902046, 3.586901003728434 ], [ 98.47251386545247, 3.586912837913047 ], [ 98.472439211001543, 3.586991527640372 ], [ 98.472423636028751, 3.587007944480132 ], [ 98.472353328380166, 3.587082051541126 ], [ 98.472333406586756, 3.587103050164079 ], [ 98.472267446631193, 3.587172575431617 ], [ 98.472243177125605, 3.58719815644423 ], [ 98.472182962675532, 3.58726310012086 ], [ 98.472152946384057, 3.587295461719942 ], [ 98.472100347929768, 3.587353625882371 ], [ 98.472062714203361, 3.58739524129544 ], [ 98.472018483116997, 3.587444152068283 ], [ 98.471972482003224, 3.587495020130311 ], [ 98.471936618287899, 3.587534678244273 ], [ 98.471882249783221, 3.587594798953127 ], [ 98.47185475313033, 3.587625204410158 ], [ 98.471792017543549, 3.58769457749892 ], [ 98.471772888363532, 3.587715730566356 ], [ 98.471701785283784, 3.587794356413522 ], [ 98.471691023702547, 3.587806256712697 ], [ 98.471611554250515, 3.587891965575508 ], [ 98.471607093232166, 3.587896781651216 ], [ 98.471521422070168, 3.587987305569811 ], [ 98.471521324442492, 3.587987408345481 ], [ 98.471435933190705, 3.588077829583419 ], [ 98.471431094556962, 3.588082953175614 ], [ 98.471349202049495, 3.588168352865577 ], [ 98.471340865505638, 3.588177013728186 ], [ 98.471262205248578, 3.588258875982609 ], [ 98.471250636526932, 3.588270915626434 ], [ 98.471175222869917, 3.588349399096992 ], [ 98.471160407529709, 3.588364817512818 ], [ 98.471088240474018, 3.588439922200348 ], [ 98.471070178513983, 3.588458719387336 ], [ 98.471008634040217, 3.588530449575445 ], [ 98.470979942755761, 3.588564310929211 ], [ 98.470931949883493, 3.588620978638152 ], [ 98.470889706426789, 3.588670857700901 ], [ 98.470855279574025, 3.588711507700034 ], [ 98.470799470075775, 3.588777405552257 ], [ 98.470778609467999, 3.588802036753167 ], [ 98.470709233703417, 3.588883953287434 ], [ 98.470701939698912, 3.58889256579763 ], [ 98.470625268990659, 3.588983094832678 ], [ 98.470618997310083, 3.588990500215449 ], [ 98.470548599190664, 3.589073623859388 ], [ 98.470528760894894, 3.589097047940594 ], [ 98.470471929033252, 3.58916415287702 ], [ 98.470438524458217, 3.589203595742766 ], [ 98.47039525862057, 3.589254681885636 ], [ 98.470348288000778, 3.589310142440683 ], [ 98.470318588154512, 3.589345210885349 ], [ 98.470258051521284, 3.589416690218258 ], [ 98.470241917988659, 3.58943573987637 ], [ 98.470167815020403, 3.589523237946975 ], [ 98.470165248111357, 3.589526268858688 ], [ 98.470082552033745, 3.589616794325961 ], [ 98.470077583562414, 3.589620998871681 ], [ 98.469987375865571, 3.589677507599914 ], [ 98.469937096664509, 3.589707283259431 ], [ 98.469897170747927, 3.589729525120827 ], [ 98.469806968170431, 3.589777121678001 ], [ 98.469767858487543, 3.589797758319212 ], [ 98.46971676558465, 3.58982471803005 ], [ 98.469626562990484, 3.589872314371723 ], [ 98.469596396471943, 3.589888232047254 ], [ 98.469536358957143, 3.58992239045064 ], [ 98.469447305807549, 3.589978718771222 ], [ 98.469446150879406, 3.589979459177663 ], [ 98.469355942351129, 3.590037290450995 ], [ 98.469306152258071, 3.590069210091639 ], [ 98.469265732064088, 3.59009814985026 ], [ 98.469205003837232, 3.590159724704786 ], [ 98.469175504582267, 3.590188768069063 ], [ 98.469127842545348, 3.590250253287788 ], [ 98.469104433509798, 3.590340813201824 ], [ 98.469085209687748, 3.590396077001321 ], [ 98.469073297378657, 3.59043136860903 ], [ 98.46902768041204, 3.590521915569996 ], [ 98.46899492301867, 3.590589067296888 ], [ 98.468983640152956, 3.590612463446689 ], [ 98.468980345443356, 3.590703035083937 ], [ 98.468967461841245, 3.590793601128328 ], [ 98.468936513497283, 3.590884156635213 ], [ 98.468905564079435, 3.590974712139333 ], [ 98.468904523224552, 3.590977757628274 ], [ 98.468874614870316, 3.59106526764144 ], [ 98.468843665867766, 3.591155823141531 ], [ 98.468814195230735, 3.591242054485381 ], [ 98.468812717396858, 3.591246378639797 ], [ 98.468781768918674, 3.591336934135922 ], [ 98.46875082011033, 3.591427489629717 ], [ 98.468732065029272, 3.5915180522379 ], [ 98.468723846146119, 3.591542724985651 ], [ 98.468701899329687, 3.591608608185088 ], [ 98.468688172144397, 3.591699173725402 ], [ 98.468663898825795, 3.591789733108854 ], [ 98.468639625806134, 3.591880292490944 ], [ 98.468633462354333, 3.591903287210561 ], [ 98.468615352475524, 3.591970851871317 ], [ 98.46859107944384, 3.592061411250327 ], [ 98.468566806406159, 3.592151970627798 ], [ 98.468543109612824, 3.592210014302879 ], [ 98.468529012500113, 3.592242522108248 ], [ 98.46847213207964, 3.592333062438901 ], [ 98.46845284530761, 3.592363762437825 ], [ 98.468415251461678, 3.592423602764037 ], [ 98.468362586801959, 3.592507432169149 ], [ 98.468358370777622, 3.592514143083736 ], [ 98.468301490375225, 3.592604683398198 ], [ 98.468272328265783, 3.592651102403152 ], [ 98.468244609652032, 3.592695223707073 ], [ 98.46818772922046, 3.592785764010719 ], [ 98.468182069699367, 3.59279477262354 ], [ 98.468130848493558, 3.592876304308789 ], [ 98.468091811103022, 3.592938442314016 ], [ 98.468073967798375, 3.59296684460148 ], [ 98.468018051657353, 3.593057385452692 ], [ 98.468001550747999, 3.593085096308928 ], [ 98.467964236902219, 3.593147927527382 ], [ 98.467911287270681, 3.593237086640128 ], [ 98.467910465947682, 3.593238469622748 ], [ 98.467856695300597, 3.593329011713359 ], [ 98.467821023760791, 3.593389077478672 ], [ 98.467802924642044, 3.593419553799032 ], [ 98.467749153653145, 3.593510095879578 ], [ 98.467730760218956, 3.593541067773819 ], [ 98.467695382971684, 3.593600637955371 ], [ 98.467641612278783, 3.593691180026223 ], [ 98.46764049664452, 3.593693058581578 ], [ 98.467587841255522, 3.593781722091947 ], [ 98.467550233038125, 3.593845048860037 ], [ 98.467534070539713, 3.593872264152918 ], [ 98.467480299812451, 3.593962806208947 ], [ 98.46745996939913, 3.593997039651105 ], [ 98.467426529073734, 3.594053348260036 ], [ 98.467372758004643, 3.594143890305995 ], [ 98.467369705728174, 3.594149029890562 ], [ 98.467318987243019, 3.594234432347199 ], [ 98.467279442024633, 3.594301020653779 ], [ 98.467265216469926, 3.594324974383461 ], [ 98.467211445366488, 3.594415516414594 ], [ 98.467189178289118, 3.59445301086538 ], [ 98.467157674570501, 3.594506058440972 ], [ 98.467103903763032, 3.594596600462405 ], [ 98.467098914521046, 3.594605001550852 ], [ 98.467050132625218, 3.594687142478711 ], [ 98.467008650720942, 3.594756991784487 ], [ 98.466996361794855, 3.594777684490258 ], [ 98.466942590953025, 3.594868226496863 ], [ 98.466918386888253, 3.594908982491988 ], [ 98.46688882009974, 3.594958768498522 ], [ 98.466835048916096, 3.595049310495052 ], [ 98.466828123023603, 3.59506097264787 ], [ 98.466781278039903, 3.595139852486824 ], [ 98.46673785912634, 3.595212963327506 ], [ 98.466727507152228, 3.595230394473651 ], [ 98.466673735934222, 3.595320936455347 ], [ 98.466647595197102, 3.595364953455521 ], [ 98.466619965023639, 3.595411478432284 ], [ 98.466566194101603, 3.595502020404276 ], [ 98.466557331235308, 3.595516944018663 ], [ 98.466493944663668, 3.595592551529519 ], [ 98.466467095153916, 3.59562091356503 ], [ 98.466376885960827, 3.595678597122458 ], [ 98.466369918750019, 3.595683052261284 ], [ 98.466286676757107, 3.595736280818353 ], [ 98.466228403420075, 3.595773542705194 ], [ 98.466196467543327, 3.595793963658665 ], [ 98.466106253470613, 3.595859981516199 ], [ 98.466100813238214, 3.595864041299855 ], [ 98.466016038626037, 3.595927304838137 ], [ 98.465979538068638, 3.595954543581886 ], [ 98.465925823768785, 3.595994628170504 ], [ 98.465858262396679, 3.596045045843697 ], [ 98.465835608899226, 3.596061950924018 ], [ 98.46574539411138, 3.596129111618717 ], [ 98.465736746124222, 3.596135547944192 ], [ 98.465655179321217, 3.596196254603755 ], [ 98.465615145311702, 3.596226049974998 ], [ 98.46556496451872, 3.596263397099277 ], [ 98.465474767204654, 3.5963004923573 ], [ 98.465428605254203, 3.596316513802213 ], [ 98.465384573258319, 3.596331796000192 ], [ 98.465294379306826, 3.596363099874927 ], [ 98.465204185350373, 3.596394403754947 ], [ 98.46516808223565, 3.596406934062388 ], [ 98.465113991389074, 3.59642570736816 ], [ 98.465023797422788, 3.596457010971478 ], [ 98.464933603451527, 3.596488314564905 ], [ 98.464907557741512, 3.596497354239176 ], [ 98.464843409475264, 3.596519618148438 ], [ 98.464753215494042, 3.596550921722076 ], [ 98.464663021507832, 3.596582225285822 ], [ 98.464647033205793, 3.59658777433342 ], [ 98.464572827516619, 3.596613528839671 ], [ 98.464482633520348, 3.59664483256761 ], [ 98.464392439519003, 3.596676136416338 ], [ 98.464386510062525, 3.596678194345953 ], [ 98.464302245512854, 3.596707439940503 ], [ 98.464212051501733, 3.596738743454772 ], [ 98.464125985443658, 3.596768614275084 ], [ 98.464121857485623, 3.596770046959148 ], [ 98.464031661007667, 3.59680555669521 ], [ 98.463941454135352, 3.596858848596507 ], [ 98.463941144501248, 3.596859078759238 ], [ 98.4639122396121, 3.596949635184017 ], [ 98.463878322227046, 3.597040188650247 ], [ 98.463851133061709, 3.597107563013882 ], [ 98.463841779676684, 3.59713074056544 ], [ 98.463805236147337, 3.59722129247733 ], [ 98.463760842600379, 3.597303803714921 ], [ 98.463755575896357, 3.597311836647358 ], [ 98.463682753934336, 3.597402367145076 ], [ 98.463670588308133, 3.597438100556778 ], [ 98.463653716057394, 3.597492923475702 ], [ 98.463670522872548, 3.59755003122129 ], [ 98.46368144497437, 3.597583513307256 ], [ 98.463760658568845, 3.597618654135097 ], [ 98.463850811011383, 3.597658647656523 ], [ 98.463885885894911, 3.597674207405843 ], [ 98.463940963463074, 3.597698640786715 ], [ 98.464031124069194, 3.597724692221793 ], [ 98.464121286184806, 3.597748170476836 ], [ 98.464185752487325, 3.597764957734967 ], [ 98.464211448306088, 3.597771649017631 ], [ 98.464301610433438, 3.597795127197378 ], [ 98.464391772566344, 3.5978186058583 ], [ 98.46448193470539, 3.597842084062036 ], [ 98.46453436354237, 3.59785573669825 ], [ 98.464572096850063, 3.59786556262696 ], [ 98.464662259000349, 3.597889041597618 ], [ 98.464752421156888, 3.597912519890944 ], [ 98.464842586295617, 3.597930896465375 ], [ 98.464932753491311, 3.597945755048293 ], [ 98.464933581767042, 3.597946545338573 ], [ 98.465001955525608, 3.598037159082661 ], [ 98.465022854492076, 3.598074120054128 ], [ 98.465053186001484, 3.598127762730797 ], [ 98.465104416588076, 3.598218366377441 ], [ 98.465112937467609, 3.598233435942745 ], [ 98.465155646976484, 3.598308970022412 ], [ 98.465203020471208, 3.598392752599143 ], [ 98.465206877351463, 3.598399573665817 ], [ 98.46525810796571, 3.598490177307807 ], [ 98.465293103503754, 3.598552068478164 ], [ 98.465309338510352, 3.598580780948197 ], [ 98.465360568894269, 3.598671384586937 ], [ 98.465383186564367, 3.598711385124967 ], [ 98.465411799426349, 3.598761988224206 ], [ 98.465463030077501, 3.598852591859985 ], [ 98.46547326965397, 3.598870700994388 ], [ 98.465514260538811, 3.598943195494095 ], [ 98.465563352771639, 3.599030017631589 ], [ 98.465565490970022, 3.599033799126629 ], [ 98.465616721648843, 3.59912440275775 ], [ 98.46565343591827, 3.599189333491407 ], [ 98.465667952266386, 3.599215006387276 ], [ 98.465719182596715, 3.599305610015074 ], [ 98.465743519092982, 3.599348650119001 ], [ 98.46577041330319, 3.599396213641534 ], [ 98.465821643639543, 3.599486817266217 ], [ 98.465833602296215, 3.59950796674179 ], [ 98.465872874306427, 3.599577420889533 ], [ 98.465923685528423, 3.599667282587192 ], [ 98.4659241050406, 3.599668024511329 ], [ 98.465975335533187, 3.599758628131423 ], [ 98.466013768788727, 3.599826599200366 ], [ 98.466026566099188, 3.599849231749999 ], [ 98.466077796861043, 3.599939835367131 ], [ 98.466103852077993, 3.599985915036152 ], [ 98.466129027509865, 3.600030438982633 ], [ 98.466180258041419, 3.600121042596506 ], [ 98.466193935395367, 3.600145231639708 ], [ 98.466231488764535, 3.600211646208931 ], [ 98.46628271956331, 3.600302249819839 ], [ 98.466284018741703, 3.600304547465873 ], [ 98.466333950128856, 3.600392853429045 ], [ 98.466374102116148, 3.600463864059805 ], [ 98.466385180751104, 3.600483457036726 ], [ 98.466436411577561, 3.600574060642963 ], [ 98.466433482645655, 3.600664632423616 ], [ 98.466404028556241, 3.600755188616283 ], [ 98.466374574601915, 3.600845744807028 ], [ 98.466373878549263, 3.600847884800113 ], [ 98.466345120355896, 3.600936300995602 ], [ 98.466315666102872, 3.60102685718217 ], [ 98.466286211842828, 3.601117413366735 ], [ 98.466283537032609, 3.601131824836691 ], [ 98.466269638007475, 3.601207977121711 ], [ 98.466242632469289, 3.60129853474258 ], [ 98.466228593531639, 3.601389099985721 ], [ 98.466228602087725, 3.601479673487851 ], [ 98.466233536937835, 3.601570249886438 ], [ 98.466283272313191, 3.601586367099191 ], [ 98.466373434051036, 3.601611276858459 ], [ 98.466463595896414, 3.601636012445665 ], [ 98.466553757747803, 3.60166074815015 ], [ 98.46655472016019, 3.601661012184463 ], [ 98.466643919605374, 3.601685483720872 ], [ 98.466734081468957, 3.601710219408871 ], [ 98.466824243338678, 3.601734954986373 ], [ 98.46686392255576, 3.601751767341526 ], [ 98.466914394841027, 3.601777521647422 ], [ 98.46699388808058, 3.601842417172169 ], [ 98.467004528345399, 3.601851045956833 ], [ 98.467094661607831, 3.601925011934104 ], [ 98.467104523027757, 3.601933055639226 ], [ 98.467184795232896, 3.601998380075755 ], [ 98.467215955978205, 3.602023694564286 ], [ 98.467274929169392, 3.602071238172599 ], [ 98.467327833830325, 3.602114333739859 ], [ 98.467365060629334, 3.602148381845838 ], [ 98.467437535174199, 3.602204971627644 ], [ 98.467455190980189, 3.602227460359455 ], [ 98.467545332121929, 3.602287998371013 ], [ 98.467555599355222, 3.602295614411338 ], [ 98.467635457291138, 3.602376046143847 ], [ 98.467649861582544, 3.602386243221895 ], [ 98.467696481917926, 3.602476844083215 ], [ 98.467717537502182, 3.602567429949473 ], [ 98.46772550388755, 3.602599360375006 ], [ 98.467740005460172, 3.602658016644055 ], [ 98.467762630451901, 3.60274860343066 ], [ 98.467782600198476, 3.602839188659912 ], [ 98.467800464189139, 3.602929772654135 ], [ 98.467815442223468, 3.603009084098612 ], [ 98.467817573082968, 3.603020356205505 ], [ 98.467834596640458, 3.603110939706824 ], [ 98.467850744808288, 3.603201522694751 ], [ 98.467865994244278, 3.603292105155605 ], [ 98.46788066958193, 3.603382687279778 ], [ 98.467876284240901, 3.603473258225255 ], [ 98.467831865654603, 3.603563805689609 ], [ 98.467815100056029, 3.603597982618203 ], [ 98.467787447312602, 3.603654353150451 ], [ 98.467743028801806, 3.603744900607538 ], [ 98.467724816629115, 3.603782026045256 ], [ 98.467698609810938, 3.603835448060685 ], [ 98.467654191439593, 3.603925995510541 ], [ 98.467634533161913, 3.603966069167523 ], [ 98.46760977305847, 3.604016542956733 ], [ 98.467570258646518, 3.604107093277571 ], [ 98.467544232259883, 3.604180027133916 ], [ 98.467537944267335, 3.604197647821663 ], [ 98.467505629091889, 3.604288202363008 ], [ 98.467473313845105, 3.604378756902034 ], [ 98.467453908539923, 3.604433134890048 ], [ 98.467440998590774, 3.604469311438775 ], [ 98.467408684245228, 3.604559865973774 ], [ 98.467376368975806, 3.60465042050595 ], [ 98.467363584759809, 3.604686244700233 ], [ 98.467344053698852, 3.604740975035843 ], [ 98.467311739330668, 3.60483152956399 ], [ 98.467279424038622, 3.604922084089318 ], [ 98.467273260920777, 3.604939354492579 ], [ 98.467247108739031, 3.605012638612362 ], [ 98.467214793431893, 3.605103193133121 ], [ 98.467182937022798, 3.605192464230628 ], [ 98.467182125060347, 3.605193747444164 ], [ 98.467092713462449, 3.605273116122755 ], [ 98.467078761243073, 3.605284260210518 ], [ 98.467002497070155, 3.60534143012568 ], [ 98.466979765006798, 3.605374775529094 ], [ 98.466965260231447, 3.605465340503315 ], [ 98.466949984870354, 3.605555905023709 ], [ 98.466933907655786, 3.605646469071823 ], [ 98.46691984163779, 3.605737034301411 ], [ 98.466912058458576, 3.605791287986177 ], [ 98.466906816109784, 3.605827600141936 ], [ 98.466892899935772, 3.605918165458038 ], [ 98.466878869131676, 3.606008730705936 ], [ 98.466911892469582, 3.606076276130973 ], [ 98.466926138885455, 3.606099331997618 ], [ 98.467002023685581, 3.606154368490811 ], [ 98.467052238036771, 3.606189979630507 ], [ 98.467092163166441, 3.606218294131609 ], [ 98.46717002001887, 3.606280622361219 ], [ 98.467182297692176, 3.606290753543389 ], [ 98.467272433770333, 3.606360571456978 ], [ 98.467285857116551, 3.606371263937075 ], [ 98.467362567813538, 3.606433910209947 ], [ 98.467395151424171, 3.606461901657454 ], [ 98.467452699497457, 3.606511328678285 ], [ 98.467503791377013, 3.606552538983316 ], [ 98.467542833496381, 3.606584795327457 ], [ 98.467604706498662, 3.606643171762382 ], [ 98.467632960709906, 3.606669950964793 ], [ 98.467705305666783, 3.606733804347464 ], [ 98.467723091027196, 3.606749799916087 ], [ 98.467803465164607, 3.606824435491793 ], [ 98.467813219019618, 3.606833673734265 ], [ 98.467894260361987, 3.606915062305173 ], [ 98.467903343150411, 3.606924216916541 ], [ 98.467984947604606, 3.607005689048579 ], [ 98.467993466447339, 3.607016224910998 ], [ 98.468057159300884, 3.607096304942691 ], [ 98.468083577722368, 3.607128943139235 ], [ 98.468130030970514, 3.60718692122027 ], [ 98.468173689500617, 3.607240832629312 ], [ 98.468203306066428, 3.607277537730656 ], [ 98.468263801452437, 3.607352460193569 ], [ 98.468276473399811, 3.607368154173864 ], [ 98.468349609570879, 3.607458770594852 ], [ 98.468353913435422, 3.607464070776154 ], [ 98.468419959634545, 3.60754938537771 ], [ 98.468444022683002, 3.607580425847873 ], [ 98.46848994057305, 3.607639999940504 ], [ 98.468534131500903, 3.607697558488666 ], [ 98.468559405836984, 3.607730614197359 ], [ 98.468624242188682, 3.607811510263929 ], [ 98.468632032580359, 3.607821230304519 ], [ 98.46870465833004, 3.607911846407223 ], [ 98.468714353780058, 3.607923943546086 ], [ 98.468777586719582, 3.608002462683471 ], [ 98.468804465674779, 3.608035891386816 ], [ 98.468850731135035, 3.608093079082431 ], [ 98.468894576272788, 3.6081501092728 ], [ 98.468920396266711, 3.608183693438244 ], [ 98.468984685131417, 3.60826736066967 ], [ 98.4689896362284, 3.608274307541395 ], [ 98.469052641770958, 3.608364917987854 ], [ 98.46907478687271, 3.608396911536521 ], [ 98.469156940750793, 3.608455552625693 ], [ 98.469164928573633, 3.608457654689779 ], [ 98.469255097844822, 3.608470908930633 ], [ 98.469345267119621, 3.608484163660969 ], [ 98.469435436398612, 3.608497417884642 ], [ 98.469525590947129, 3.608536076041075 ], [ 98.469557378980753, 3.608546360679439 ], [ 98.469615753980023, 3.608560118745939 ], [ 98.469705915998361, 3.608585921512909 ], [ 98.469796081499439, 3.608605727513499 ], [ 98.469857708675676, 3.608637109995796 ], [ 98.469886232203351, 3.608651071156339 ], [ 98.469976408237656, 3.608652723790773 ], [ 98.470066568036714, 3.608682398342565 ], [ 98.470155864958016, 3.608727857950132 ], [ 98.470156718447441, 3.608728290057211 ], [ 98.47024687040674, 3.608771525717687 ], [ 98.470337021404632, 3.608816437830266 ], [ 98.470341371053891, 3.608818539962638 ], [ 98.470427167722335, 3.608869449148757 ], [ 98.470464321393152, 3.608909185379847 ], [ 98.470517277436599, 3.608985699676339 ], [ 98.470527033303696, 3.608999795578876 ], [ 98.470589745300003, 3.609090405775264 ], [ 98.470607379106326, 3.609115884176248 ], [ 98.470652457349004, 3.609181015968992 ], [ 98.470697466829606, 3.609270204334959 ], [ 98.470698171022974, 3.6092716162278 ], [ 98.470720038279339, 3.609362202552198 ], [ 98.470738477520015, 3.609452786873547 ], [ 98.470760511447381, 3.609543373295226 ], [ 98.47077670953604, 3.60963395630705 ], [ 98.470787400516713, 3.609690707590153 ], [ 98.470793776273894, 3.609724539826416 ], [ 98.470809733526991, 3.609815122697531 ], [ 98.470825740263351, 3.609905705597562 ], [ 98.470842630870948, 3.60999628901402 ], [ 98.470858563444878, 3.610086871870728 ], [ 98.470875233143389, 3.610177455158117 ], [ 98.47087728910077, 3.610189234021042 ], [ 98.470891043981837, 3.610268037943707 ], [ 98.47087983357693, 3.610358604941505 ], [ 98.470892559569023, 3.610449185924748 ], [ 98.470890210839485, 3.610539758099877 ], [ 98.470897638874533, 3.610630335987491 ], [ 98.470908461492797, 3.610720915858594 ], [ 98.470922168111699, 3.610811497414873 ], [ 98.470904762877836, 3.610902060791536 ], [ 98.470896517566104, 3.610992629520026 ], [ 98.470960109768214, 3.611083240226716 ], [ 98.470966943144475, 3.611093076243386 ], [ 98.471023920354838, 3.611173851058211 ], [ 98.47105704789503, 3.611218342530244 ], [ 98.471099567544726, 3.611264468801808 ], [ 98.471147169546782, 3.611314443042144 ], [ 98.471183957214677, 3.611355091647749 ], [ 98.471237290975594, 3.61141096131493 ], [ 98.471268891516431, 3.611445714806187 ], [ 98.471327408761624, 3.611513808965098 ], [ 98.471345022463368, 3.611536332818152 ], [ 98.471413972707467, 3.611626946632952 ], [ 98.47141751806781, 3.611631351077766 ], [ 98.471483128280369, 3.611717560564208 ], [ 98.471507627147048, 3.611749324113264 ], [ 98.471597798097449, 3.611760341478904 ], [ 98.47165374107027, 3.611717660158836 ], [ 98.471688015215705, 3.611691510922915 ], [ 98.47177236626186, 3.611627155828943 ], [ 98.471778232323103, 3.611622676554079 ], [ 98.4718684494635, 3.611553762542524 ], [ 98.471890840984059, 3.611536651392094 ], [ 98.471958666643332, 3.61148475765282 ], [ 98.472009131383757, 3.611446146828614 ], [ 98.472048883782293, 3.611415800881642 ], [ 98.472128948982231, 3.611355643136523 ], [ 98.472139100204359, 3.611348062673833 ], [ 98.472229316400657, 3.611280693215838 ], [ 98.472250288350949, 3.61126514031198 ], [ 98.472319532357901, 3.611213715768054 ], [ 98.472371457233479, 3.611174637368113 ], [ 98.472409748744852, 3.611145972055881 ], [ 98.472499940116933, 3.611121547176652 ], [ 98.472556073662346, 3.611174744938626 ], [ 98.47259006432374, 3.611213505347482 ], [ 98.472627574563305, 3.611265360161287 ], [ 98.472680168840355, 3.611339619821199 ], [ 98.47269157619138, 3.611355971012297 ], [ 98.472754691029849, 3.611446581344004 ], [ 98.472770271539218, 3.611468926031344 ], [ 98.472817991755278, 3.611537191781214 ], [ 98.472860374526988, 3.611597773240606 ], [ 98.472881818923284, 3.611627802522195 ], [ 98.472946871513415, 3.611718413973824 ], [ 98.472950479676115, 3.611722914832697 ], [ 98.473019051925306, 3.611809029572039 ], [ 98.473040591999165, 3.611835657353778 ], [ 98.473092354919288, 3.611899645819862 ], [ 98.473130705119573, 3.611947054343107 ], [ 98.473165675020354, 3.611990262073654 ], [ 98.473220818268373, 3.612058439060383 ], [ 98.473238975355386, 3.612080878311955 ], [ 98.473310931423669, 3.612169849399466 ], [ 98.473312262253287, 3.612171494538449 ], [ 98.473385585388428, 3.612262110782042 ], [ 98.473401044624538, 3.612281217680047 ], [ 98.473458916396197, 3.612352727026222 ], [ 98.473491157843341, 3.612392591779204 ], [ 98.473532225132743, 3.612443343253456 ], [ 98.473581271075957, 3.612503978847019 ], [ 98.473605529140983, 3.612533959473949 ], [ 98.473671384338985, 3.612615350130385 ], [ 98.473679486815755, 3.612624576070598 ], [ 98.473761508503486, 3.612707833583467 ], [ 98.473851684435687, 3.612710466270304 ], [ 98.473941860368825, 3.612713100519473 ], [ 98.474018746812831, 3.612715346895565 ], [ 98.47403203630347, 3.612715735296511 ], [ 98.474122212239408, 3.612718371005486 ], [ 98.47421238817698, 3.612721007015667 ], [ 98.474302564116144, 3.61272364343083 ], [ 98.474392740068183, 3.612726260617095 ], [ 98.474482916023234, 3.612728875749069 ], [ 98.474573082727247, 3.61274757840589 ], [ 98.474663253473864, 3.612759259781639 ], [ 98.474753432682789, 3.612756229392525 ], [ 98.474843618435997, 3.612741816142868 ], [ 98.474933804187629, 3.612727402883802 ], [ 98.47500565446235, 3.612715919947436 ], [ 98.475023989937682, 3.612712989615326 ], [ 98.475114175686173, 3.61269857633744 ], [ 98.475204361433086, 3.612684163050147 ], [ 98.475294547178621, 3.612669749402718 ], [ 98.475384732922436, 3.612655335987117 ], [ 98.475474918664688, 3.612640922562106 ], [ 98.475565067823396, 3.612690234283278 ], [ 98.475637664143562, 3.612716286361106 ], [ 98.475655226826447, 3.612722413258828 ], [ 98.47571682326101, 3.612806905836296 ], [ 98.475745333050654, 3.612846573123402 ], [ 98.475781947715092, 3.61289751717678 ], [ 98.47583543860442, 3.612971942064872 ], [ 98.47584707218148, 3.612988128514288 ], [ 98.475912196129102, 3.61307873984851 ], [ 98.475925544181308, 3.613097311738635 ], [ 98.475977320620075, 3.61316935118006 ], [ 98.476015649782155, 3.613222680668702 ], [ 98.476042445123355, 3.613259962508635 ], [ 98.47610575540655, 3.61334804959307 ], [ 98.476107569638927, 3.613350573834227 ], [ 98.476172694030254, 3.613441185156764 ], [ 98.476195861054336, 3.613473418774263 ], [ 98.47624739245137, 3.613531802018448 ], [ 98.47628263644107, 3.613622396038921 ], [ 98.476285949459267, 3.613628899142147 ], [ 98.476323165788472, 3.613712993118099 ], [ 98.476333902889266, 3.613803572952766 ], [ 98.476345407535462, 3.613894153231704 ], [ 98.476359395927943, 3.613984734948281 ], [ 98.476373451667286, 3.614075316703847 ], [ 98.47637586216905, 3.61409085173248 ], [ 98.476397772308204, 3.614165904400819 ], [ 98.476445900136667, 3.614256505876682 ], [ 98.476465931531862, 3.614279683114069 ], [ 98.476496609815982, 3.614256535224126 ], [ 98.476556147385082, 3.614213024281014 ], [ 98.476622941116247, 3.614166034700811 ], [ 98.476646361728271, 3.61414897830225 ], [ 98.476736577230341, 3.614082888879496 ], [ 98.476746584282992, 3.614075532601216 ], [ 98.476826792604484, 3.614017001043576 ], [ 98.47687070973754, 3.613985030759859 ], [ 98.47691700794654, 3.613951147534611 ], [ 98.476994600889356, 3.613894528762266 ], [ 98.477007223143318, 3.613885526046059 ], [ 98.477097437503986, 3.613821343280956 ], [ 98.477121842635583, 3.613804028680417 ], [ 98.477187652122112, 3.613756689765397 ], [ 98.477247494690459, 3.613713527658319 ], [ 98.47727786685347, 3.61369181714573 ], [ 98.477368081580011, 3.613626931668856 ], [ 98.477373484354857, 3.61362302680999 ], [ 98.477458296265638, 3.613562096417218 ], [ 98.477499385145805, 3.613532525888985 ], [ 98.477548511261887, 3.613496696799427 ], [ 98.477623378725625, 3.613442023845567 ], [ 98.477638726521093, 3.613430815913582 ], [ 98.477728941767324, 3.613364935997239 ], [ 98.477747331049741, 3.613351521757594 ], [ 98.477819156779617, 3.613299443603943 ], [ 98.477871933294452, 3.613261020023919 ], [ 98.477909371883072, 3.613233770151573 ], [ 98.477996402790097, 3.613170518192741 ], [ 98.477999586896914, 3.613168231863406 ], [ 98.478089802197417, 3.613102170268256 ], [ 98.478119338297375, 3.613080015455995 ], [ 98.478180018413852, 3.613034483519232 ], [ 98.478239936947546, 3.612989511351453 ], [ 98.478270234679371, 3.612966688423042 ], [ 98.47835981267184, 3.612899006810478 ], [ 98.478360451143189, 3.612898523610574 ], [ 98.478450667657881, 3.612830247065766 ], [ 98.478479400161675, 3.61280850208389 ], [ 98.478540884159671, 3.612761970509901 ], [ 98.4785989876288, 3.612717997337872 ], [ 98.478631100648357, 3.612693694206902 ], [ 98.478718575112637, 3.612627492572447 ], [ 98.4787213171264, 3.612625413911208 ], [ 98.478811536890191, 3.612551351434742 ], [ 98.478827532892993, 3.612536981666479 ], [ 98.478882262352997, 3.612446439522005 ], [ 98.478901792664502, 3.612414128885592 ], [ 98.478936972090182, 3.612355897361117 ], [ 98.478991651359948, 3.612265355177633 ], [ 98.478992055378598, 3.612264686030995 ], [ 98.479046358146078, 3.612174813004934 ], [ 98.479082318029626, 3.612115298095875 ], [ 98.479101049035208, 3.612084270818032 ], [ 98.479155670525373, 3.611993728586141 ], [ 98.479172580766146, 3.611965704496011 ], [ 98.47921040467368, 3.611903186414024 ], [ 98.479262843288154, 3.611816431511136 ], [ 98.47926512701585, 3.611812644230058 ], [ 98.47931974654405, 3.611722101981894 ], [ 98.479353105960797, 3.611666838460474 ], [ 98.479374412556581, 3.611631559755422 ], [ 98.479429037158397, 3.61154101750009 ], [ 98.479443368605274, 3.611517239053436 ], [ 98.479483632929785, 3.611450475223138 ], [ 98.479533631222296, 3.611367632027605 ], [ 98.479538270486174, 3.611359932965172 ], [ 98.479592787308746, 3.611269390632761 ], [ 98.479623893974761, 3.611217731317205 ], [ 98.47964735392415, 3.611178848323943 ], [ 98.479701955814662, 3.611088306030363 ], [ 98.479714156561087, 3.611068066446786 ], [ 98.47975646427669, 3.610997763678064 ], [ 98.479804419300478, 3.610918076754579 ], [ 98.479810957831631, 3.610907221312178 ], [ 98.479865471257213, 3.610816678952683 ], [ 98.479894681987929, 3.610768122348857 ], [ 98.479919930935566, 3.610726136557295 ], [ 98.479984909115686, 3.610680617669009 ], [ 98.480070035534595, 3.610635649079662 ], [ 98.480075112921412, 3.610634085051388 ], [ 98.480165306270834, 3.610605924331862 ], [ 98.480255499492301, 3.610577980937449 ], [ 98.480345693104951, 3.610549341803117 ], [ 98.48035885365816, 3.610545241184061 ], [ 98.480435886408245, 3.610521238999632 ], [ 98.480526080284406, 3.610492120430992 ], [ 98.48061627367241, 3.610463852895243 ], [ 98.480643856708127, 3.610454830999878 ], [ 98.480706467807224, 3.610434263008504 ], [ 98.480796661281317, 3.610405828142659 ], [ 98.480886855677312, 3.610375761998508 ], [ 98.480922655497622, 3.610364417161407 ], [ 98.480977049225814, 3.61034718007068 ], [ 98.481067243819723, 3.610316748673507 ], [ 98.481157438273598, 3.610286555427042 ], [ 98.481194831043211, 3.610273999434625 ], [ 98.481247632779002, 3.610256262859084 ], [ 98.481337827503211, 3.610225576135813 ], [ 98.481428022071768, 3.610195155126127 ], [ 98.481461981962354, 3.610183578741122 ], [ 98.481518216819751, 3.610164409171646 ], [ 98.481608411438899, 3.610133881724952 ], [ 98.481698606199444, 3.610103096270267 ], [ 98.481727868188813, 3.610093157237262 ], [ 98.481788800879855, 3.610072443435236 ], [ 98.481878995655123, 3.610041614547881 ], [ 98.481969189952665, 3.610011620061761 ], [ 98.481996228541576, 3.610002737062663 ], [ 98.48205937878619, 3.609991261841721 ], [ 98.482149564123532, 3.609977071057017 ], [ 98.482239747596225, 3.609966170011804 ], [ 98.482329934766099, 3.609948737924947 ], [ 98.482381520752995, 3.60991238363676 ], [ 98.482420144559228, 3.609891340134741 ], [ 98.482510348577918, 3.60984412566255 ], [ 98.482547587965414, 3.609821904814903 ], [ 98.482600554775146, 3.609793046762345 ], [ 98.482690759869897, 3.609743900060487 ], [ 98.482713655070427, 3.609731425957619 ], [ 98.482780964955936, 3.60969475324897 ], [ 98.482871170033164, 3.609645606458609 ], [ 98.482879721995062, 3.609640947064871 ], [ 98.482961375101553, 3.609596459725438 ], [ 98.483045789118108, 3.609550468136879 ], [ 98.48305158016116, 3.609547312981831 ], [ 98.483141785211984, 3.609498166227785 ], [ 98.483211856211369, 3.609459989173513 ], [ 98.483231990253998, 3.609449019463302 ], [ 98.483322195287272, 3.609399872632394 ], [ 98.483377923085882, 3.609369510174669 ], [ 98.483412400311749, 3.609350725770821 ], [ 98.483502597155763, 3.609316046064985 ], [ 98.483547244635901, 3.609279032996066 ], [ 98.483592825091563, 3.609226300742804 ], [ 98.483683012711865, 3.60920792639466 ], [ 98.483721972095495, 3.609188558861784 ], [ 98.483773215271228, 3.609163084792244 ], [ 98.483863405012244, 3.609140939840426 ], [ 98.483953568616855, 3.609165103779368 ], [ 98.48403716130062, 3.609188738440479 ], [ 98.484043730977177, 3.609191483534979 ], [ 98.484133886047005, 3.609230797792383 ], [ 98.484215990961061, 3.609279414021527 ], [ 98.484224031766374, 3.609286704977832 ], [ 98.484314176043611, 3.609345190245985 ], [ 98.484357040816263, 3.609370068066801 ], [ 98.484404317966124, 3.609407873295039 ], [ 98.484494465748227, 3.609460186079771 ], [ 98.484495242129839, 3.609460720472808 ], [ 98.484584604065645, 3.609529309168538 ], [ 98.484640860594297, 3.609551377081608 ], [ 98.484674738460228, 3.609605417587679 ], [ 98.4847342973856, 3.609642003987539 ], [ 98.484742618637114, 3.609732582469661 ], [ 98.48475124230778, 3.609823161123806 ], [ 98.48476474644383, 3.609905869512713 ], [ 98.484766218439802, 3.609913743391767 ], [ 98.484785284886897, 3.610004327986623 ], [ 98.484803984769741, 3.610094912372912 ], [ 98.484822997412834, 3.610185496937084 ], [ 98.484842009838047, 3.610276081501094 ], [ 98.484854681143005, 3.610336452301881 ], [ 98.484861022749087, 3.610366666065341 ], [ 98.484880035126878, 3.610457250629246 ], [ 98.484899047832656, 3.6105478351933 ], [ 98.484918060531015, 3.61063841975731 ], [ 98.484943758971184, 3.610729008124259 ], [ 98.484944636082133, 3.610731217652526 ], [ 98.484979721930998, 3.610819602329442 ], [ 98.485008671641324, 3.610910192545124 ], [ 98.48502949571872, 3.611000778138998 ], [ 98.485034650045705, 3.611021323570558 ], [ 98.48505222175072, 3.611091364814548 ], [ 98.48507494820565, 3.611181951490235 ], [ 98.485097674109795, 3.611272538165501 ], [ 98.485120400017223, 3.611363124840667 ], [ 98.485124625441017, 3.611379967603066 ], [ 98.485143125927962, 3.611453711515728 ], [ 98.485165851842012, 3.611544298190687 ], [ 98.485188578447975, 3.611634884865933 ], [ 98.485211304368647, 3.611725471540687 ], [ 98.48521460088817, 3.611738611633958 ], [ 98.485234030292617, 3.611816058215336 ], [ 98.485256756219911, 3.611906644889881 ], [ 98.485279482150503, 3.611997231564324 ], [ 98.485230014441527, 3.612087777184148 ], [ 98.485214389509267, 3.612113808800607 ], [ 98.485175667993701, 3.612178320024741 ], [ 98.485124127215045, 3.612264188512422 ], [ 98.485121321534294, 3.61226886286034 ], [ 98.485066975063305, 3.612359405690951 ], [ 98.485033864888877, 3.612414568210471 ], [ 98.485012628580733, 3.61244994851657 ], [ 98.484958282086566, 3.612540491337196 ], [ 98.484943602530748, 3.612564947894751 ], [ 98.484903935580832, 3.61263103415283 ], [ 98.484856995790935, 3.612721581179586 ], [ 98.48485330196722, 3.612783022409264 ], [ 98.484851238424085, 3.612812151646183 ], [ 98.484853283086025, 3.612816504847594 ], [ 98.484904926215577, 3.612902755950474 ], [ 98.484919997040464, 3.612993338273105 ], [ 98.484858347473576, 3.613083876923696 ], [ 98.484853128682104, 3.613090301218375 ], [ 98.48478480367595, 3.613174408795966 ], [ 98.484762888379606, 3.613201385914852 ], [ 98.484711259345573, 3.613264940659688 ], [ 98.484672648054442, 3.613312470704719 ], [ 98.484638146451502, 3.613355472760898 ], [ 98.484654442545434, 3.613446055782225 ], [ 98.484672532107851, 3.61351797430486 ], [ 98.484677215790072, 3.613536642492626 ], [ 98.484699846001945, 3.613627229121458 ], [ 98.484722315275903, 3.613717815658528 ], [ 98.484744627378177, 3.613808402105987 ], [ 98.4847625047381, 3.613881446779634 ], [ 98.484766840843861, 3.613898988497174 ], [ 98.484789112179556, 3.613989574921227 ], [ 98.484811184029638, 3.614080161231579 ], [ 98.484833045865201, 3.61417074742224 ], [ 98.484852473521471, 3.614251830943656 ], [ 98.48485476068376, 3.614261333529094 ], [ 98.484876482855256, 3.614351919640049 ], [ 98.484929533424321, 3.61444252359026 ], [ 98.484942532908946, 3.614461688297964 ], [ 98.484991153809389, 3.614533132418029 ], [ 98.485032636352969, 3.614593495201561 ], [ 98.485053224469056, 3.614623741499515 ], [ 98.485114846592239, 3.614714350322992 ], [ 98.48512273950827, 3.614725857681471 ], [ 98.485179894779776, 3.614804961093938 ], [ 98.485212847247439, 3.614850134191067 ], [ 98.485245993518816, 3.614895572459777 ], [ 98.485302955434236, 3.614973658178475 ], [ 98.48531209253278, 3.614986183822639 ], [ 98.485378191924426, 3.61507679518258 ], [ 98.485393063403734, 3.615097608989069 ], [ 98.485442362939565, 3.61516740544222 ], [ 98.485483169083466, 3.615225663935536 ], [ 98.485508226722715, 3.615258016661965 ], [ 98.485573283099086, 3.615338969042798 ], [ 98.48558126226952, 3.615348631958174 ], [ 98.485655458969546, 3.615439247910802 ], [ 98.485663399291369, 3.61544844939536 ], [ 98.485733665655403, 3.61552986613973 ], [ 98.485753518332004, 3.615552911049474 ], [ 98.485811731893136, 3.61562048428407 ], [ 98.48584363731014, 3.615657519501966 ], [ 98.485889797821827, 3.615711102423526 ], [ 98.485933756847928, 3.615761170159528 ], [ 98.485969197140179, 3.615801721316277 ], [ 98.486023877744699, 3.615862443105469 ], [ 98.48605074352254, 3.615892341424519 ], [ 98.486113999306411, 3.615962569988278 ], [ 98.486132366273353, 3.615982961570942 ], [ 98.486204120927596, 3.61606262582706 ], [ 98.486213989040152, 3.616073581712133 ], [ 98.486294241862495, 3.616163935584867 ], [ 98.486294480796261, 3.616164201205481 ], [ 98.486373527244268, 3.616254819872686 ], [ 98.486384361784175, 3.616267080682118 ], [ 98.486453529313508, 3.616345439077853 ], [ 98.486474482366233, 3.616369087684287 ], [ 98.486533598263321, 3.616436058316012 ], [ 98.486564606624455, 3.616464595821383 ], [ 98.486654792869786, 3.616449941560086 ], [ 98.486744978611142, 3.616436180450433 ], [ 98.486744983016834, 3.616436178347481 ], [ 98.486835178749203, 3.616396813740697 ], [ 98.486925377188555, 3.616360456579901 ], [ 98.486953958330105, 3.616345723195755 ], [ 98.487015588061496, 3.61630196838635 ], [ 98.487077862003432, 3.616255219730738 ], [ 98.487105804114051, 3.616234244215814 ], [ 98.48719602015322, 3.616166521067318 ], [ 98.487198426906559, 3.616164714351404 ], [ 98.487286236179969, 3.61609879715412 ], [ 98.487376426352299, 3.616077082754225 ], [ 98.487395222606168, 3.616074252174019 ], [ 98.487466611954318, 3.616063501449513 ], [ 98.48755679755449, 3.616049920841141 ], [ 98.487646983153397, 3.616036339926874 ], [ 98.487737178141018, 3.61600602839923 ], [ 98.487788074704497, 3.615983901033872 ], [ 98.487827378119732, 3.615966813806093 ], [ 98.487917578092095, 3.615927598565686 ], [ 98.488007761041999, 3.615918717496046 ], [ 98.488097918635617, 3.615955046160444 ], [ 98.488133673548276, 3.615984096747109 ], [ 98.488188055541727, 3.616028281334448 ], [ 98.48825655023137, 3.616074740086118 ], [ 98.488278199019504, 3.616089822107191 ], [ 98.488368334708184, 3.616165280334911 ], [ 98.488368569562411, 3.616165377267833 ], [ 98.488458491219518, 3.616203615529948 ], [ 98.488548649709514, 3.616238435345334 ], [ 98.488593803970275, 3.616256078485171 ], [ 98.488638806159543, 3.616276910163796 ], [ 98.488717530986975, 3.616346722253675 ], [ 98.488728937069482, 3.616360989778239 ], [ 98.488786397211442, 3.616437334988676 ], [ 98.488819048028589, 3.616480716940848 ], [ 98.48885459495294, 3.616527947342235 ], [ 98.488909159009651, 3.616600445370041 ], [ 98.488922792360029, 3.6166185596922 ], [ 98.48899602078167, 3.616709174882657 ], [ 98.488999274001756, 3.616713051542433 ], [ 98.48907164981226, 3.616799791425893 ], [ 98.489089391672948, 3.616820911286811 ], [ 98.489147442743757, 3.616890408057374 ], [ 98.489179509378147, 3.616928747338961 ], [ 98.489223185558984, 3.616981024656138 ], [ 98.489269627088575, 3.61703661119998 ], [ 98.489298894035414, 3.617071641231104 ], [ 98.489359744820121, 3.617144474403175 ], [ 98.48936634015817, 3.617162253134067 ], [ 98.489399280584948, 3.617252845541833 ], [ 98.489428082438906, 3.617343435611314 ], [ 98.489449773963628, 3.617410685333823 ], [ 98.489456629302353, 3.617434025536472 ], [ 98.489478524997566, 3.617524611704381 ], [ 98.489504172096176, 3.617615199991178 ], [ 98.489529819532848, 3.617705788277979 ], [ 98.489539763188802, 3.617748313566642 ], [ 98.489551588015743, 3.617796374373675 ], [ 98.489571744407129, 3.61788695955875 ], [ 98.489592107146635, 3.617977544860308 ], [ 98.489629791237036, 3.618016642611107 ], [ 98.489662928349276, 3.618068158659263 ], [ 98.489719912337378, 3.618118712814906 ], [ 98.489765086995561, 3.618158790149515 ], [ 98.489810045822594, 3.618198675910124 ], [ 98.489867245895965, 3.618249421631057 ], [ 98.489900179323925, 3.618278638973667 ], [ 98.489969404583562, 3.618340053103622 ], [ 98.489990312841286, 3.618358602103817 ], [ 98.490071563525291, 3.618430684567472 ], [ 98.490080446374805, 3.618438565104884 ], [ 98.49017057992431, 3.618518528263601 ], [ 98.490173722254212, 3.618521316022342 ], [ 98.490260713490002, 3.618598491239268 ], [ 98.490275881237267, 3.618611947468497 ], [ 98.490350847071781, 3.618678454201684 ], [ 98.490378040240955, 3.618702578905802 ], [ 98.490440980669575, 3.61875841728467 ], [ 98.490480199031879, 3.618793210334126 ], [ 98.490531114283471, 3.618838380312726 ], [ 98.490582358076907, 3.618883841753731 ], [ 98.490621247913452, 3.618918343333228 ], [ 98.49068451690917, 3.618974473164353 ], [ 98.490711381559507, 3.618998306396207 ], [ 98.490786675995523, 3.619065104566255 ], [ 98.490801515221705, 3.619078269324176 ], [ 98.490888834876387, 3.619155735959174 ], [ 98.490891648899876, 3.619158232452124 ], [ 98.490981782594261, 3.619238195366307 ], [ 98.490990993996789, 3.619246367343363 ], [ 98.491071916304719, 3.619318158273598 ], [ 98.491093153090134, 3.619336998718672 ], [ 98.491162058844182, 3.61938232812574 ], [ 98.491252225645795, 3.619403036005644 ], [ 98.491280334277974, 3.619427677970434 ], [ 98.491268366056644, 3.619518245051367 ], [ 98.491252128148076, 3.619577781228428 ], [ 98.49124407755582, 3.619608805192541 ], [ 98.491216190057443, 3.619699363304979 ], [ 98.491195452906368, 3.619789925443509 ], [ 98.491186975398961, 3.619880494487191 ], [ 98.49118813980725, 3.619971068962197 ], [ 98.49116171556139, 3.619997450978357 ], [ 98.491071528337699, 3.620013231537233 ], [ 98.490981331921176, 3.62004547376319 ], [ 98.490956581006202, 3.620061512299617 ], [ 98.49089112086051, 3.620103930248216 ], [ 98.490816927516406, 3.620152007390828 ], [ 98.490800909788959, 3.620162386845482 ], [ 98.490710698706636, 3.620220843282565 ], [ 98.490677273937465, 3.620242502456296 ], [ 98.490620487613427, 3.620279299858375 ], [ 98.490537620562904, 3.620332997496183 ], [ 98.490530276509375, 3.620337756415598 ], [ 98.490440065394566, 3.620396212828359 ], [ 98.490397966932036, 3.620423492510233 ], [ 98.490349854268842, 3.620454669371985 ], [ 98.49025964313239, 3.620513125755429 ], [ 98.490258313275206, 3.62051398749857 ], [ 98.490169431985009, 3.620571582277596 ], [ 98.490118659693138, 3.620604482461251 ], [ 98.490079220826885, 3.62063003863958 ], [ 98.489989009657862, 3.620688495140286 ], [ 98.489979006114041, 3.620694977398233 ], [ 98.489898798478038, 3.620746951544428 ], [ 98.489839352379363, 3.620785472309423 ], [ 98.489808587287371, 3.620805407960056 ], [ 98.489718376085847, 3.620863864428569 ], [ 98.489699698801374, 3.620875967194999 ], [ 98.489628164369876, 3.620923220275907 ], [ 98.489560715032752, 3.620966462433517 ], [ 98.489569522597634, 3.621057041206611 ], [ 98.489579838070142, 3.621147620832126 ], [ 98.489590153526692, 3.621238200457624 ], [ 98.489600468944985, 3.621328780083093 ], [ 98.489610784504947, 3.621419359708637 ], [ 98.489621100047572, 3.621509939334161 ], [ 98.489627823880355, 3.621531245181799 ], [ 98.489652072383336, 3.621600530637266 ], [ 98.489699558046453, 3.621691131274552 ], [ 98.489717890205284, 3.621731655911838 ], [ 98.48974054145971, 3.621781728235233 ], [ 98.489785242841009, 3.621872327296419 ], [ 98.489807967766694, 3.621912059944078 ], [ 98.489835872176442, 3.621962929706706 ], [ 98.489862715187058, 3.622053518673101 ], [ 98.489896471235596, 3.622144111545975 ], [ 98.489898014541183, 3.622147513835303 ], [ 98.489937360315949, 3.622234708449157 ], [ 98.48997802164655, 3.622325305222766 ], [ 98.489988081046874, 3.622347789321973 ], [ 98.490018392270201, 3.62241590183125 ], [ 98.490048223495251, 3.622506492484129 ], [ 98.490078123922302, 3.622590345758362 ], [ 98.490080604118447, 3.622597084577054 ], [ 98.490121607128785, 3.622687681540821 ], [ 98.490162610402834, 3.622778278503846 ], [ 98.490168187183485, 3.622796547729687 ], [ 98.490193493026368, 3.622868869748879 ], [ 98.490168116188755, 3.622923402680212 ], [ 98.490151355687317, 3.622959419743073 ], [ 98.490109218338887, 3.62304996973393 ], [ 98.490077828890151, 3.623117423281908 ], [ 98.490067080981092, 3.623140519721451 ], [ 98.490024943492145, 3.623231069705565 ], [ 98.489987541548871, 3.623311443306642 ], [ 98.489982805958832, 3.623321619686322 ], [ 98.489940668710162, 3.62341216966391 ], [ 98.489898531162254, 3.623502719637996 ], [ 98.489897254164305, 3.623505463806586 ], [ 98.489856393757634, 3.62359326960883 ], [ 98.489814256343649, 3.623683819576329 ], [ 98.48980696673668, 3.62369948436232 ], [ 98.489772118920285, 3.623774369540487 ], [ 98.489729981487557, 3.623864919501309 ], [ 98.489716679266067, 3.623893504902732 ], [ 98.489674232282056, 3.623955461759478 ], [ 98.489626440617243, 3.62400033396084 ], [ 98.489553075174499, 3.624045967007518 ], [ 98.48953622916062, 3.624058613326615 ], [ 98.489463857998857, 3.62413649031125 ], [ 98.489445998288431, 3.624151504271921 ], [ 98.489376185928037, 3.624227014478028 ], [ 98.489355765017123, 3.624248640616186 ], [ 98.489276188612351, 3.624317531655887 ], [ 98.489265541909646, 3.62432762081922 ], [ 98.489175329534788, 3.624387441819988 ], [ 98.48914216267147, 3.62440802954975 ], [ 98.489085118259226, 3.624445283699783 ], [ 98.489009064520587, 3.62449852794531 ], [ 98.488994904101645, 3.624508242010421 ], [ 98.488904689582668, 3.624571823089685 ], [ 98.488879629982236, 3.624589028393199 ], [ 98.48881447596014, 3.624633786116922 ], [ 98.488749396595082, 3.624679528365919 ], [ 98.488724261701222, 3.624696861776847 ], [ 98.488634049104149, 3.624756957397078 ], [ 98.488614320620641, 3.624770025570517 ], [ 98.488543836543627, 3.624816968004554 ], [ 98.488476262908648, 3.624860521059921 ], [ 98.488453625329797, 3.624874561802144 ], [ 98.488363415561082, 3.62492956502065 ], [ 98.488330865798432, 3.624951012360599 ], [ 98.488273203829465, 3.624988042608649 ], [ 98.488184187490717, 3.625041502906527 ], [ 98.488182994476077, 3.625042270472113 ], [ 98.48809277885907, 3.625107620318904 ], [ 98.488057049602574, 3.62513200451603 ], [ 98.488002565356609, 3.625169188286835 ], [ 98.487924445425378, 3.625222503000206 ], [ 98.487912351842468, 3.625230756538053 ], [ 98.487822138317043, 3.625292324375813 ], [ 98.487791840989942, 3.625313001460817 ], [ 98.487731924779851, 3.62535389260534 ], [ 98.487659236644078, 3.625403499898058 ], [ 98.487641711231348, 3.625415460474618 ], [ 98.487551497671177, 3.625477028629241 ], [ 98.487526632471216, 3.625493998311977 ], [ 98.487461284099567, 3.625538596622026 ], [ 98.487394028273457, 3.62558449670246 ], [ 98.487371070516431, 3.625600164609753 ], [ 98.4872808569217, 3.625661732726043 ], [ 98.487261424050828, 3.625674995069506 ], [ 98.4871906433156, 3.625723300546874 ], [ 98.48712881961788, 3.625765493413005 ], [ 98.487100429697819, 3.625784868700467 ], [ 98.487010215170173, 3.625848030777718 ], [ 98.486999357653445, 3.625855993520853 ], [ 98.486919997696702, 3.625916397759931 ], [ 98.486894084764288, 3.62594650737107 ], [ 98.486849411858259, 3.626037055695354 ], [ 98.486829728233417, 3.626076952878363 ], [ 98.486804739148923, 3.626127604016092 ], [ 98.486760066509603, 3.626218152333214 ], [ 98.486739446080534, 3.626259948150755 ], [ 98.486715393494165, 3.626308700646462 ], [ 98.486670720835136, 3.62639924895626 ], [ 98.486649163887449, 3.626442943351066 ], [ 98.486626048166272, 3.626489797262393 ], [ 98.486581375121276, 3.626580345564656 ], [ 98.486558881654318, 3.626625938193254 ], [ 98.486536702432701, 3.626670893863463 ], [ 98.486492029734265, 3.626761442158607 ], [ 98.486468599380757, 3.626808933374001 ], [ 98.486447356659724, 3.626851990449879 ], [ 98.486402683941577, 3.626942538737697 ], [ 98.486378317066951, 3.62699192857619 ], [ 98.48635801113123, 3.627033087021803 ], [ 98.486313338109511, 3.62712363530213 ], [ 98.486288034713112, 3.627174923373488 ], [ 98.48626866536182, 3.627214183578956 ], [ 98.486223992344449, 3.62730473185197 ], [ 98.486197753749337, 3.6273553853376 ], [ 98.486176448929896, 3.627395278485034 ], [ 98.486121205357023, 3.627485820723968 ], [ 98.486107488086901, 3.627508687455631 ], [ 98.486066890825853, 3.627576363487521 ], [ 98.486017223991382, 3.627659157996433 ], [ 98.486012575964821, 3.627666906245895 ], [ 98.485958261467431, 3.627757448999486 ], [ 98.485926959863676, 3.627809628681611 ], [ 98.485903946583178, 3.627847991747865 ], [ 98.485849632062525, 3.627938534491458 ], [ 98.485836695703853, 3.627960099352986 ], [ 98.485795317155009, 3.628029077229836 ], [ 98.48574643151197, 3.628110569947951 ], [ 98.485741002588554, 3.628119619963419 ], [ 98.485686687680356, 3.628210162691813 ], [ 98.485656162802456, 3.628268973160213 ], [ 98.485640747352647, 3.628300710195423 ], [ 98.485597160239138, 3.628391259038561 ], [ 98.485565877730323, 3.628456246964491 ], [ 98.485553468253997, 3.628481807818302 ], [ 98.485499338448051, 3.628572350634628 ], [ 98.485475617575887, 3.628599400459164 ], [ 98.485409375962334, 3.628662872982348 ], [ 98.485385389471389, 3.628685856884641 ], [ 98.485314907594784, 3.628753392744481 ], [ 98.485295161349654, 3.628772313628712 ], [ 98.485220439208561, 3.628843912493843 ], [ 98.485204933210937, 3.628858770283824 ], [ 98.485125970312694, 3.628934432230149 ], [ 98.485114705055366, 3.62894522661092 ], [ 98.485031501889111, 3.629024951953956 ], [ 98.485024476882529, 3.629031683285006 ], [ 98.484937032955884, 3.629115471664708 ], [ 98.484934248692895, 3.629118139546508 ], [ 98.484844020485966, 3.629204596232305 ], [ 98.484842479200793, 3.629205991314189 ], [ 98.484753802148646, 3.629273603875193 ], [ 98.484695818678276, 3.629296481147324 ], [ 98.484663602487245, 3.629309633225427 ], [ 98.484573395436385, 3.629358688731477 ], [ 98.484496844171886, 3.629386941017871 ], [ 98.484483197590421, 3.629391491949362 ], [ 98.484393011338099, 3.629403838970103 ], [ 98.484302825084384, 3.629416186356451 ], [ 98.484212638829476, 3.629428533733413 ], [ 98.484122452573587, 3.629440880726006 ], [ 98.484032266316305, 3.629453228084202 ], [ 98.483942080057815, 3.629465575433017 ], [ 98.483857545441552, 3.62947714865861 ], [ 98.483851893798359, 3.629477922397457 ], [ 98.483761707537496, 3.629490269727502 ], [ 98.48367152127544, 3.629502617048165 ], [ 98.483581335012417, 3.629514963984454 ], [ 98.483491148747973, 3.629527311286346 ], [ 98.483400962482492, 3.629539658318971 ], [ 98.483310776921684, 3.629550763153414 ], [ 98.483220610666081, 3.629527897954363 ], [ 98.483130432765662, 3.629525528994249 ], [ 98.48304025863014, 3.629516540886116 ], [ 98.482950084497645, 3.629507552815987 ], [ 98.48285991036829, 3.629498564613269 ], [ 98.482769736241849, 3.629489576602634 ], [ 98.482679562118648, 3.629480588287592 ], [ 98.482638034510998, 3.629476449103659 ], [ 98.482589387998274, 3.62947160035419 ], [ 98.482499213881169, 3.629462612021603 ], [ 98.482409039766907, 3.629453624070655 ], [ 98.482318865655927, 3.629444635720525 ], [ 98.482228691547775, 3.629435647752032 ], [ 98.482138517442905, 3.629426659384357 ], [ 98.482048343341006, 3.629417671146424 ], [ 98.481958169242105, 3.629408683013099 ], [ 98.481867995146359, 3.629399694680581 ], [ 98.481777821053527, 3.629390706606754 ], [ 98.481724082968583, 3.629385350079991 ], [ 98.481687646963934, 3.629381718195216 ], [ 98.481597472877183, 3.629372730165322 ], [ 98.481507298793716, 3.629363741736241 ], [ 98.481417124713062, 3.629354753688801 ], [ 98.481326950635705, 3.629345765242177 ], [ 98.48123677656119, 3.629336777177194 ], [ 98.481146591061076, 3.629347819044479 ], [ 98.481112150992701, 3.629384997819885 ], [ 98.481064058357603, 3.629475543774437 ], [ 98.481056333224217, 3.629485612369824 ], [ 98.480980280806776, 3.629566069165104 ], [ 98.480966099535777, 3.629581049866517 ], [ 98.480896031643439, 3.629656594273625 ], [ 98.480875864985649, 3.62967796318192 ], [ 98.480791712350879, 3.62974710780338 ], [ 98.480785643809014, 3.629751423012604 ], [ 98.480695428106742, 3.629815273307638 ], [ 98.480660221289014, 3.629837605651999 ], [ 98.480605214685255, 3.62987510993444 ], [ 98.480515007457981, 3.629924086028704 ], [ 98.480506640776269, 3.629928090737663 ], [ 98.480424804988431, 3.629964721267926 ], [ 98.480334602660335, 3.630005096733905 ], [ 98.480307601601368, 3.630018549564728 ], [ 98.480244398699838, 3.630048315429407 ], [ 98.480154199228778, 3.630083669273116 ], [ 98.480105634815231, 3.630109006652048 ], [ 98.480063990879401, 3.630134537192086 ], [ 98.479977322126956, 3.630199506217576 ], [ 98.479973772987549, 3.630202071560814 ], [ 98.479883556412716, 3.630267281478351 ], [ 98.479852115348663, 3.630290007554744 ], [ 98.479793339825548, 3.630332491384888 ], [ 98.479726907828649, 3.630380508870309 ], [ 98.479703123226514, 3.630397700534957 ], [ 98.479612906614705, 3.630462910419493 ], [ 98.479601700643911, 3.630471010164889 ], [ 98.479522689991015, 3.630528119547558 ], [ 98.479495633180349, 3.630561522500734 ], [ 98.479439953833079, 3.630652063949076 ], [ 98.479432430966554, 3.630667348008709 ], [ 98.479405262693675, 3.630742617525764 ], [ 98.479378806773468, 3.630833175861133 ], [ 98.479358006133381, 3.63092373746459 ], [ 98.479342060805266, 3.631000545533855 ], [ 98.479339134080334, 3.631014300181937 ], [ 98.479317599882322, 3.631104861358768 ], [ 98.479291169789676, 3.631195419703 ], [ 98.479257954443113, 3.631285974121282 ], [ 98.479251709468215, 3.631300745601079 ], [ 98.479207127325537, 3.631376518350336 ], [ 98.479161442179233, 3.631454165770158 ], [ 98.479153854961694, 3.631467061160324 ], [ 98.479100583196526, 3.631557603965792 ], [ 98.47907117485677, 3.631607586963638 ], [ 98.479047310809747, 3.631648146766043 ], [ 98.478994038411528, 3.631738689561423 ], [ 98.478980907501992, 3.631761007104763 ], [ 98.478942622899737, 3.631829233426688 ], [ 98.478923905212156, 3.631919796214205 ], [ 98.478917322509687, 3.632010366024971 ], [ 98.478909790891578, 3.632100935286022 ], [ 98.478900119785976, 3.632191503308081 ], [ 98.478890472345029, 3.632206968166503 ], [ 98.478808231537769, 3.632282023728875 ], [ 98.478800240511447, 3.632298287250971 ], [ 98.478780444817019, 3.632372581258009 ], [ 98.478772956978148, 3.632463150540148 ], [ 98.478765469573787, 3.63255371982208 ], [ 98.478757982370595, 3.632644289103672 ], [ 98.478750494756738, 3.632734858384568 ], [ 98.478743007344036, 3.632825427665122 ], [ 98.478735519491295, 3.632915996944965 ], [ 98.478728032073036, 3.633006566224602 ], [ 98.478720666592054, 3.633097135574409 ], [ 98.478717827656283, 3.633187707545793 ], [ 98.478715559002268, 3.633278279847253 ], [ 98.478713321027783, 3.633368852166234 ], [ 98.478711082647578, 3.633459424484727 ], [ 98.478709354641992, 3.633529344745484 ], [ 98.478708844250221, 3.633549996802963 ], [ 98.478706605858832, 3.633640569120951 ], [ 98.478704367877384, 3.633731141438927 ], [ 98.478702129829756, 3.633821713756614 ], [ 98.478709166171853, 3.633857719616294 ], [ 98.47873160537462, 3.63391230444796 ], [ 98.478769840875941, 3.634002900213906 ], [ 98.478799226376637, 3.634065788525792 ], [ 98.478812635137771, 3.634093498620009 ], [ 98.478859547528231, 3.634184099410576 ], [ 98.478889301618651, 3.634247715117262 ], [ 98.478902594794221, 3.634274697961111 ], [ 98.478965907042351, 3.634365308247619 ], [ 98.478979403170896, 3.634383842250413 ], [ 98.479034326838629, 3.634455921489116 ], [ 98.479069510791604, 3.63450943551035 ], [ 98.47909345704511, 3.634546529348096 ], [ 98.479157991492798, 3.634637140333743 ], [ 98.479159615851742, 3.634639534153292 ], [ 98.479217679463076, 3.634727748510617 ], [ 98.479249719872527, 3.634771487678715 ], [ 98.479282377068799, 3.634818359585074 ], [ 98.479339825388095, 3.634900877611767 ], [ 98.479346356078267, 3.634908970240615 ], [ 98.479417024096719, 3.634999584764633 ], [ 98.47942993763742, 3.635018565749951 ], [ 98.479476939209263, 3.63509019306219 ], [ 98.47952003866196, 3.635155872826874 ], [ 98.479536396581693, 3.635180801092416 ], [ 98.479595853409634, 3.635271409119923 ], [ 98.479610139711738, 3.63529318049545 ], [ 98.479655310090351, 3.635362017144939 ], [ 98.479700240787452, 3.635430487520463 ], [ 98.479714767513912, 3.635452625167979 ], [ 98.479774224357541, 3.635543233188277 ], [ 98.479790341888375, 3.635567795218909 ], [ 98.479833681071668, 3.635633841206093 ], [ 98.479880443015261, 3.635705102192004 ], [ 98.479893138546373, 3.635724449221943 ], [ 98.479952595405692, 3.635815057235027 ], [ 98.479970544167315, 3.635842409920318 ], [ 98.480012052153256, 3.635905665245642 ], [ 98.480060645345404, 3.635979716841491 ], [ 98.480071509679092, 3.635996273254297 ], [ 98.480130966554114, 3.636086881260168 ], [ 98.480150746548588, 3.636117024599669 ], [ 98.480190423335088, 3.636177489263575 ], [ 98.480240847777878, 3.636254331468918 ], [ 98.480249880912098, 3.636268097265035 ], [ 98.480309337802808, 3.636358705263687 ], [ 98.480330949032208, 3.636391639256956 ], [ 98.480368794617206, 3.636449313259887 ], [ 98.480421050312685, 3.636528946074274 ], [ 98.480428252245375, 3.636539921254147 ], [ 98.480487709151788, 3.636630529245581 ], [ 98.480511151618188, 3.636666253892166 ], [ 98.48054716599961, 3.636721137234571 ], [ 98.480601252949867, 3.636803560657551 ], [ 98.480606623678938, 3.636811745221628 ], [ 98.480666080601054, 3.636902353205838 ], [ 98.480691354306842, 3.636940867940909 ], [ 98.480725538023691, 3.636992961187926 ], [ 98.480781455689424, 3.637078175218741 ], [ 98.480784995212801, 3.637083569167469 ], [ 98.48084445215062, 3.637174177144454 ], [ 98.480871557097586, 3.637215482491051 ], [ 98.480903909624431, 3.637264785119335 ], [ 98.480961658531356, 3.637352789757835 ], [ 98.480963366846964, 3.637355393091658 ], [ 98.481022823800501, 3.637446001061415 ], [ 98.481051759990706, 3.637490097019094 ], [ 98.481082281325484, 3.637536609029088 ], [ 98.481141738580263, 3.637627216994193 ], [ 98.481141861476985, 3.637627401970859 ], [ 98.481226832378667, 3.637717839754141 ], [ 98.481231986698219, 3.63772324315122 ], [ 98.481313277386207, 3.637808463288067 ], [ 98.481316460242908, 3.637899038768524 ], [ 98.481322034805146, 3.637953995745717 ], [ 98.481326136789221, 3.637989617996492 ], [ 98.481337465395953, 3.638080198177879 ], [ 98.481348803676795, 3.63817077836485 ], [ 98.481360436314588, 3.6382613587217 ], [ 98.481372068953419, 3.638351939078552 ], [ 98.481383701593316, 3.638442519435405 ], [ 98.481396720061625, 3.638533100592049 ], [ 98.481411859469134, 3.638575648301168 ], [ 98.481426770856885, 3.638623691578215 ], [ 98.481433321981498, 3.638714269002535 ], [ 98.481447075274914, 3.638804850583256 ], [ 98.48144628774449, 3.638895423772282 ], [ 98.481452689666497, 3.638986001110367 ], [ 98.481436987348459, 3.639076565690994 ], [ 98.481426164538959, 3.639167133087116 ], [ 98.48142030232556, 3.639257703345925 ], [ 98.481414422164761, 3.639348273593989 ], [ 98.481411391059524, 3.639394823459405 ], [ 98.48140844223235, 3.639438843784072 ], [ 98.481401841472461, 3.639529413615378 ], [ 98.481395070808915, 3.639619983348181 ], [ 98.481388198735445, 3.639710553022014 ], [ 98.481380790255571, 3.639801122385731 ], [ 98.481375758156673, 3.639891693121017 ], [ 98.481374073779534, 3.639982265788842 ], [ 98.481372752145489, 3.640072838665878 ], [ 98.481371430509896, 3.640163411542694 ], [ 98.481370370185886, 3.640253984570173 ], [ 98.481370963114529, 3.640344558552088 ], [ 98.481372622406028, 3.640435133149605 ], [ 98.481378032277021, 3.640525709912785 ], [ 98.481382928403079, 3.640616286379233 ], [ 98.481379978487595, 3.640706858314712 ], [ 98.481378606953129, 3.640797431161428 ], [ 98.48137839886661, 3.640888004679825 ], [ 98.481377446888857, 3.64097857776842 ], [ 98.481376104816874, 3.64106915063151 ], [ 98.481374268423082, 3.641159723208879 ], [ 98.48137192794951, 3.641250295494868 ], [ 98.481369411615447, 3.641340867679027 ], [ 98.481366914689374, 3.641431439874136 ], [ 98.481365027724493, 3.641522012421315 ], [ 98.481363735852625, 3.641612585312007 ], [ 98.481360975019541, 3.641703157353922 ], [ 98.481354147757699, 3.641793727046478 ], [ 98.481340070006524, 3.641884292549951 ], [ 98.481323987816978, 3.641974856894568 ], [ 98.481319711614489, 3.642015063817412 ], [ 98.481314540106382, 3.642065425071472 ], [ 98.481319663013053, 3.642099973165314 ], [ 98.481337185871737, 3.642156011790634 ], [ 98.481409770849979, 3.642226886263991 ], [ 98.481429921205333, 3.642246639000934 ], [ 98.481499900777948, 3.642315236524801 ], [ 98.481518973028045, 3.642337264076596 ], [ 98.481564675958438, 3.642427864110832 ], [ 98.48158996588154, 3.642516915871646 ], [ 98.481590387635308, 3.642518452598496 ], [ 98.481629157665168, 3.642609048627314 ], [ 98.481667988634342, 3.642699644690575 ], [ 98.481680025795185, 3.642727728137991 ], [ 98.481706820029615, 3.642790240753329 ], [ 98.481745650689078, 3.642880836814907 ], [ 98.481770086142134, 3.642937846229448 ], [ 98.481784482097794, 3.642971432876166 ], [ 98.481823313074386, 3.643062028936424 ], [ 98.481860146525236, 3.64314796431688 ], [ 98.48186214419286, 3.643152624996011 ], [ 98.48188102152551, 3.643243209535296 ], [ 98.481889022084673, 3.643333787795142 ], [ 98.481897022472751, 3.643424366054866 ], [ 98.481906544575693, 3.643514945193111 ], [ 98.481917264207937, 3.643605525022723 ], [ 98.481927369027289, 3.643696104497378 ], [ 98.48193787067602, 3.643786684201134 ], [ 98.481949942076696, 3.643821188648114 ], [ 98.482040111105491, 3.643841511183453 ], [ 98.48213029946838, 3.643828028993869 ], [ 98.482220488541913, 3.643813301190044 ], [ 98.482310676116725, 3.643801192522794 ], [ 98.482400862998304, 3.643790294910328 ], [ 98.482439657795595, 3.643786973765076 ], [ 98.482491048044892, 3.643782607269335 ], [ 98.482581232487973, 3.643775975617187 ], [ 98.482671416931012, 3.643769343955787 ], [ 98.482761601374008, 3.643762712285128 ], [ 98.482851785882715, 3.643755965429574 ], [ 98.482941970918944, 3.643748294381532 ], [ 98.483032156790713, 3.643739159002406 ], [ 98.48312234265434, 3.643730036906402 ], [ 98.483212528572437, 3.643720818392695 ], [ 98.483302716060933, 3.64370884602006 ], [ 98.483381186665099, 3.643696942670191 ], [ 98.483392904535762, 3.643695142337662 ], [ 98.483483092781952, 3.64368183701361 ], [ 98.483573280919458, 3.643668719871325 ], [ 98.483663468949914, 3.643655788112224 ], [ 98.483753657439479, 3.643642048507854 ], [ 98.48384151034773, 3.643606633902634 ], [ 98.48384385912739, 3.643605145254983 ], [ 98.483934043209473, 3.643599132153145 ], [ 98.483978041666418, 3.643606712424384 ], [ 98.484024215648816, 3.643613557567165 ], [ 98.484076759496659, 3.643606769185944 ], [ 98.48411440294457, 3.643601905853888 ], [ 98.484204590239727, 3.643590253309792 ], [ 98.484294769764134, 3.643592247407857 ], [ 98.484384947645282, 3.643597131132623 ], [ 98.484475127704414, 3.643598192091701 ], [ 98.484565307765038, 3.643599253041747 ], [ 98.484655487826714, 3.643600314754908 ], [ 98.484745667890294, 3.643601375749433 ], [ 98.484835847955381, 3.64360243667238 ], [ 98.484926028021974, 3.643603497586294 ], [ 98.485016208090045, 3.643604558491172 ], [ 98.485106388159622, 3.64360561938702 ], [ 98.485196568230677, 3.643606680273835 ], [ 98.485261984213679, 3.643607449827931 ], [ 98.485286748303224, 3.64360774115417 ], [ 98.485376928376795, 3.643608802855058 ], [ 98.485467108452312, 3.643609863714774 ], [ 98.485557288529336, 3.643610924565456 ], [ 98.485647468624322, 3.643611956379146 ], [ 98.485737649000498, 3.643612495540865 ], [ 98.485827829477955, 3.643612858702816 ], [ 98.485918009003456, 3.643614901519514 ], [ 98.48600818935742, 3.643615487345921 ], [ 98.486098369918295, 3.643615710926313 ], [ 98.486188549620422, 3.643617450684346 ], [ 98.486278730363139, 3.643617358573855 ], [ 98.486368911049922, 3.643617367274003 ], [ 98.486459091172947, 3.643618372587101 ], [ 98.486549272060358, 3.64361803204203 ], [ 98.486639452945937, 3.643617696862302 ], [ 98.486729633845528, 3.643617339063234 ], [ 98.486819814738041, 3.643616995885729 ], [ 98.4869099956193, 3.643616674678066 ], [ 98.48700017650981, 3.643616339285253 ], [ 98.487090357383153, 3.643616036320314 ], [ 98.487113735441199, 3.643608510104381 ], [ 98.487170708393904, 3.643517968949945 ], [ 98.487176472492266, 3.643427398528237 ], [ 98.48718068680293, 3.643353353669622 ], [ 98.487181599388208, 3.643336827742031 ], [ 98.487189312924173, 3.643246258433498 ], [ 98.487180784135333, 3.643181422356804 ], [ 98.487177546662835, 3.643155677993823 ], [ 98.487180842262788, 3.64307874013576 ], [ 98.487181426253784, 3.643065106494142 ], [ 98.487183792992425, 3.642974534129752 ], [ 98.487180907347565, 3.642963764307821 ], [ 98.48716077709652, 3.642883947262258 ], [ 98.487152355470243, 3.64279336873361 ], [ 98.487128894135822, 3.642702781611526 ], [ 98.487126022439753, 3.64261220625404 ], [ 98.487090971703608, 3.64253101212896 ], [ 98.487087070724314, 3.642521610280731 ], [ 98.487078265539424, 3.64243103153302 ], [ 98.487039960144287, 3.642340435928382 ], [ 98.487027785119452, 3.642249855255133 ], [ 98.487000977363621, 3.642202040840609 ], [ 98.486977854089787, 3.642159253006103 ], [ 98.486961956704761, 3.642068670205635 ], [ 98.486984083808935, 3.641978109134623 ], [ 98.4870011162418, 3.641956727388241 ], [ 98.487050632418217, 3.641887573443608 ], [ 98.487091364142898, 3.641837708234664 ], [ 98.487121532399883, 3.641797040231362 ], [ 98.48718160847541, 3.641724951916599 ], [ 98.487196616026168, 3.641706509400869 ], [ 98.487271850266467, 3.641616646792427 ], [ 98.487272409379145, 3.641615978967093 ], [ 98.487348202716618, 3.641525448524587 ], [ 98.48736209174281, 3.641508858968313 ], [ 98.487423996163542, 3.641434918073427 ], [ 98.487452333197098, 3.641401071226499 ], [ 98.487499789469965, 3.641344387613465 ], [ 98.487542574629416, 3.641293283434613 ], [ 98.487575582840151, 3.641253857144823 ], [ 98.487632816039778, 3.641185495574485 ], [ 98.487651376135574, 3.641163326667419 ], [ 98.487723057428155, 3.641077707701986 ], [ 98.487727169426847, 3.641072796181293 ], [ 98.487802962790511, 3.640982265686492 ], [ 98.487813298794464, 3.640969919946178 ], [ 98.487878756019384, 3.640891735182898 ], [ 98.487903540138845, 3.640862132069317 ], [ 98.48795454935771, 3.640801204670651 ], [ 98.487993781461199, 3.640754344231799 ], [ 98.488030342555547, 3.640710674149607 ], [ 98.488084022761569, 3.640646556387176 ], [ 98.48810613583224, 3.640620143619893 ], [ 98.488174264039998, 3.640538768452834 ], [ 98.488181929019063, 3.640529613081412 ], [ 98.488257722181004, 3.640439082534202 ], [ 98.488264505296442, 3.640430980506128 ], [ 98.488333515441781, 3.640348551978335 ], [ 98.488354746530831, 3.640323192654633 ], [ 98.488409308562069, 3.640258021413675 ], [ 98.488444987743279, 3.640215404725057 ], [ 98.488485101791824, 3.640167490840364 ], [ 98.488535228933713, 3.640107616791861 ], [ 98.488560894881104, 3.640076960258261 ], [ 98.488625470102249, 3.639999828767211 ], [ 98.48863668795488, 3.639986429667437 ], [ 98.488712481138123, 3.639895899067963 ], [ 98.488715711248673, 3.639892040879638 ], [ 98.488788274180877, 3.639805368459699 ], [ 98.48875814691695, 3.639714777568606 ], [ 98.488715834260631, 3.639673886697353 ], [ 98.488675994382533, 3.63962415706652 ], [ 98.488625709290844, 3.639575717729802 ], [ 98.488582723139842, 3.639533530229495 ], [ 98.488535578400246, 3.63948808035963 ], [ 98.488491676878624, 3.639442904652061 ], [ 98.488445452674213, 3.639391318795846 ], [ 98.488411756682495, 3.63935228540348 ], [ 98.488355331274661, 3.639286922644034 ], [ 98.48833352905821, 3.639261667113803 ], [ 98.488338576299128, 3.639171096247654 ], [ 98.488355404684313, 3.639156806688108 ], [ 98.488445170776274, 3.639080583203854 ], [ 98.488445628175882, 3.639080194810011 ], [ 98.488535851652586, 3.639003582908825 ], [ 98.488551765200029, 3.638990070144194 ], [ 98.488626075114453, 3.638926970917323 ], [ 98.48865835957578, 3.638899557068674 ], [ 98.488716298561371, 3.638850359028992 ], [ 98.488764953940745, 3.638809043977319 ], [ 98.488806521993453, 3.638773747057529 ], [ 98.488871548384694, 3.638718530870181 ], [ 98.488896745410585, 3.63869713517065 ], [ 98.488986960889051, 3.638634587602755 ], [ 98.489077100356866, 3.638706957202786 ], [ 98.489091343968667, 3.638718655869491 ], [ 98.489167238902596, 3.638780990285656 ], [ 98.489196619937644, 3.638809289475233 ], [ 98.489257363686107, 3.638879488784765 ], [ 98.489277801047635, 3.638899909376096 ], [ 98.489347487859362, 3.638979105442804 ], [ 98.489357801005625, 3.638990528600446 ], [ 98.489437615807134, 3.639072052140181 ], [ 98.489445626775506, 3.639081152266769 ], [ 98.489527743967841, 3.639164653259535 ], [ 98.489534217889755, 3.639171776361637 ], [ 98.489617869969464, 3.639261123278049 ], [ 98.48961911616739, 3.639262398352257 ], [ 98.489692831188847, 3.639353013984886 ], [ 98.489707987981831, 3.639371824734604 ], [ 98.489766031163597, 3.639443629320839 ], [ 98.489798105646514, 3.639483182119116 ], [ 98.489839647192539, 3.639534244888974 ], [ 98.489888223770478, 3.639593761261758 ], [ 98.489912018811097, 3.639624859746375 ], [ 98.489978347719884, 3.63969402148585 ], [ 98.489998393628852, 3.639715482549944 ], [ 98.490068468213138, 3.63980046213896 ], [ 98.490074068509472, 3.639806099273594 ], [ 98.49014291994169, 3.639896712119873 ], [ 98.490158585045137, 3.639913450728332 ], [ 98.490226996231769, 3.63998733360313 ], [ 98.490248708621522, 3.640014482081745 ], [ 98.490310109274191, 3.640077954534116 ], [ 98.490338830125111, 3.640119235950402 ], [ 98.490384003469458, 3.640168570229105 ], [ 98.490428953719345, 3.640220306458276 ], [ 98.490456597236758, 3.640259185182173 ], [ 98.490519074409647, 3.640326579549309 ], [ 98.490537304151047, 3.640349804733276 ], [ 98.49060919748382, 3.640428646790494 ], [ 98.490620684172185, 3.640440425795266 ], [ 98.490683621101141, 3.640531035258763 ], [ 98.490699310605436, 3.640548464837283 ], [ 98.490756753855479, 3.640621650500792 ], [ 98.4907894289843, 3.640658964483959 ], [ 98.490840099457827, 3.640712271528943 ], [ 98.490879546010376, 3.640771910801873 ], [ 98.490906941967978, 3.64080288319628 ], [ 98.490966645150749, 3.640893490813549 ], [ 98.49096965597775, 3.640897465630082 ], [ 98.491044583898727, 3.640984108763747 ], [ 98.491059771417994, 3.641013315604932 ], [ 98.491109496400568, 3.641074719327264 ], [ 98.491149886199509, 3.641130378571873 ], [ 98.491168707798693, 3.641165326657206 ], [ 98.491239998777942, 3.641251406327933 ], [ 98.491243200389533, 3.641255942642908 ], [ 98.491304651230038, 3.641346551235917 ], [ 98.491330106471665, 3.641381178619143 ], [ 98.491359510359487, 3.641437156092207 ], [ 98.491420217035738, 3.641505879482736 ], [ 98.491439270779864, 3.641527775051092 ], [ 98.491496036478154, 3.641618380982019 ], [ 98.491510324286452, 3.641636527865481 ], [ 98.491552601278428, 3.641708986796997 ], [ 98.49160043269579, 3.64176515483401 ], [ 98.491631441743664, 3.641799605223334 ], [ 98.491681044105448, 3.641890207090845 ], [ 98.491690535959137, 3.641902999275691 ], [ 98.491736266703114, 3.641980812138711 ], [ 98.491780642057861, 3.642035834052885 ], [ 98.491811164493043, 3.642071428322417 ], [ 98.491848272825678, 3.642162023111913 ], [ 98.491870733650302, 3.642194582015267 ], [ 98.491904569670339, 3.642252628761637 ], [ 98.491937566075222, 3.642343221222007 ], [ 98.491960809454469, 3.642381539945695 ], [ 98.491995194460102, 3.642433827622149 ], [ 98.492050913289944, 3.642518556637649 ], [ 98.492054779087979, 3.642524435127016 ], [ 98.492114364182441, 3.642615042629677 ], [ 98.492141017151681, 3.642655572205532 ], [ 98.492173949018962, 3.642705650129725 ], [ 98.492180578080038, 3.642796227667731 ], [ 98.492178471960614, 3.642886800263435 ], [ 98.492176365839526, 3.64297737285889 ], [ 98.492174259241409, 3.643067945453834 ], [ 98.492172153099702, 3.643158518048788 ], [ 98.492170046956332, 3.643249090643498 ], [ 98.492167940811285, 3.643339663237963 ], [ 98.492167277145612, 3.643430236648467 ], [ 98.492224182536759, 3.643520842635483 ], [ 98.492230711452464, 3.643523313921984 ], [ 98.492320892281413, 3.643523201158671 ], [ 98.492411072255791, 3.643524615620936 ], [ 98.492501252213756, 3.643526062079926 ], [ 98.4925914323277, 3.643527232862676 ], [ 98.492681612758233, 3.643527841051579 ], [ 98.492771793190556, 3.643528448488634 ], [ 98.492861973624215, 3.643529055985762 ], [ 98.492952154058912, 3.643529664132826 ], [ 98.493042334349511, 3.643530532168719 ], [ 98.493132514015471, 3.643532519019976 ], [ 98.493222693143579, 3.643535470153382 ], [ 98.493312872896595, 3.643537307443291 ], [ 98.493403051977609, 3.643540349159202 ], [ 98.493493231110946, 3.643543300611691 ], [ 98.493583410252796, 3.643546240140827 ], [ 98.49367358910358, 3.643549703674688 ], [ 98.493763767985442, 3.643553115052903 ], [ 98.493853946847594, 3.643556565177622 ], [ 98.493944126119629, 3.643559285114881 ], [ 98.494034305399509, 3.643561994209581 ], [ 98.494124484686708, 3.643564693415618 ], [ 98.494214663945229, 3.643567447157642 ], [ 98.494304843193248, 3.643570222959713 ], [ 98.494395022443072, 3.643572998752798 ], [ 98.494485201694687, 3.643575774536901 ], [ 98.494575380948291, 3.643578550018005 ], [ 98.494665560203515, 3.643581325807562 ], [ 98.494755739460558, 3.643584101588138 ], [ 98.494845918719705, 3.643586876804658 ], [ 98.494936097980371, 3.643589652543829 ], [ 98.495026277759067, 3.643591502301501 ], [ 98.495116459447715, 3.643589928417966 ], [ 98.495206641724764, 3.643587300438087 ], [ 98.495296824019661, 3.643584641707024 ], [ 98.495387006331754, 3.643581953396074 ], [ 98.495477188662264, 3.643579233306025 ], [ 98.495567371010523, 3.643576482603963 ], [ 98.49565755343707, 3.643573592552485 ], [ 98.495747735889324, 3.64357065753955 ], [ 98.495837918316028, 3.643567769612164 ], [ 98.495928100703594, 3.64356495321191 ], [ 98.496018283091871, 3.643562136802515 ], [ 98.496108463001462, 3.643563777244649 ], [ 98.496198638792947, 3.643572824499771 ], [ 98.496288814497348, 3.643582033799916 ], [ 98.496378990021555, 3.643591572673756 ], [ 98.496469167786913, 3.643597085689771 ], [ 98.496559344503225, 3.643604490350256 ], [ 98.496649520791863, 3.643612669491571 ], [ 98.496662515771547, 3.643613916894144 ], [ 98.496739696933176, 3.643621118907117 ], [ 98.49682987485204, 3.643626373776597 ], [ 98.496920053846708, 3.643629695834111 ], [ 98.497010232850897, 3.643633004149509 ], [ 98.497100412293975, 3.643635525415206 ], [ 98.497190591739368, 3.643638045666863 ], [ 98.497280771186269, 3.643640566331742 ], [ 98.497370950423758, 3.643643467530859 ], [ 98.497406196860837, 3.643614333722643 ], [ 98.497461174336152, 3.643565849743396 ], [ 98.497496966906098, 3.6435238106966 ], [ 98.497551414973159, 3.643458053665046 ], [ 98.497572411595655, 3.643433279078664 ], [ 98.497641649913021, 3.643360490856115 ], [ 98.497660806091247, 3.643342754700912 ], [ 98.497731876553857, 3.643277860257207 ], [ 98.497759939120414, 3.643252236321494 ], [ 98.497822103042751, 3.643195474421244 ], [ 98.49785907165591, 3.643161717927926 ], [ 98.497912330782995, 3.643110801586435 ], [ 98.497953845479188, 3.643071197082293 ], [ 98.498002559687734, 3.643023997106937 ], [ 98.498047271128627, 3.642980675469859 ], [ 98.498092791166172, 3.64293251604571 ], [ 98.498136656945917, 3.642890151586055 ], [ 98.4981830275363, 3.642832170672037 ], [ 98.498209571991083, 3.642799618482703 ], [ 98.498273263180636, 3.64273309926711 ], [ 98.498294744109714, 3.642709092222416 ], [ 98.498363493408746, 3.64264377419419 ], [ 98.498390019937261, 3.642618571597835 ], [ 98.498453721626205, 3.642558049233855 ], [ 98.498485295745894, 3.642528050960314 ], [ 98.498543953644315, 3.642465426407319 ], [ 98.498573523946718, 3.64243752637311 ], [ 98.498634182173973, 3.642379074562188 ], [ 98.498664314311867, 3.642347003205548 ], [ 98.498724411459548, 3.642291325446904 ], [ 98.498762018541527, 3.642256483886575 ], [ 98.498814640187291, 3.642204553403005 ], [ 98.498856519580144, 3.642165962765938 ], [ 98.498904864674259, 3.642125419040109 ], [ 98.498959673284276, 3.642075446461774 ], [ 98.498995089662841, 3.642045349408318 ], [ 98.49906291532649, 3.641984930192019 ], [ 98.499085316051847, 3.641962717964913 ], [ 98.499150121555147, 3.641894404961547 ], [ 98.49917554931541, 3.641867618062004 ], [ 98.499236347517723, 3.641803879173258 ], [ 98.499265782277632, 3.64177302897653 ], [ 98.499322705921628, 3.641713353447987 ], [ 98.49935601521932, 3.641678442767189 ], [ 98.499409065551831, 3.641622827712528 ], [ 98.499446248141552, 3.641583857463337 ], [ 98.499495427248064, 3.64153230196735 ], [ 98.499536481043066, 3.64148927537392 ], [ 98.499581792926463, 3.641441776213525 ], [ 98.499626713923547, 3.641394697004238 ], [ 98.499668162717569, 3.641351250451123 ], [ 98.499716946785284, 3.641300118327264 ], [ 98.499754529128367, 3.641260724675967 ], [ 98.499807179629713, 3.641205536636349 ], [ 98.499840892547709, 3.641170198888276 ], [ 98.499897412455198, 3.641110954933561 ], [ 98.4999272559497, 3.641079673089708 ], [ 98.499987645261754, 3.641016373218899 ], [ 98.500013619334354, 3.640989147280265 ], [ 98.50007787935327, 3.64091942726681 ], [ 98.500097057055768, 3.640898619831339 ], [ 98.500168115957237, 3.640817889532158 ], [ 98.500176807816771, 3.640808090320157 ], [ 98.500257587215827, 3.640717561371912 ], [ 98.500258352346492, 3.640716703952891 ], [ 98.500337785306783, 3.640627032090582 ], [ 98.500348589056017, 3.64061490021531 ], [ 98.500419025631388, 3.640536503379449 ], [ 98.500438824289091, 3.640515738409837 ], [ 98.500505503826318, 3.640445977571575 ], [ 98.500511487553993, 3.640355406991556 ], [ 98.500529142950569, 3.640265108826299 ], [ 98.50052920225319, 3.640264842934707 ], [ 98.500535887989329, 3.640174272744045 ], [ 98.500532343041471, 3.640083696864165 ], [ 98.500529285932629, 3.640005566357225 ], [ 98.500528798962335, 3.639993120984668 ], [ 98.500525254018214, 3.639902545104594 ], [ 98.500521709068778, 3.63981196922442 ], [ 98.50051816499284, 3.639721393344633 ], [ 98.50052948797223, 3.63963879024231 ], [ 98.500531457853214, 3.639630826826096 ], [ 98.50061970034524, 3.639580903916589 ], [ 98.500691398125326, 3.639540341825319 ], [ 98.500709908934766, 3.639529869469246 ], [ 98.500800117515368, 3.639478834323528 ], [ 98.500851338333732, 3.639449856791453 ], [ 98.500890326086335, 3.639427799740554 ], [ 98.500980534648249, 3.639376764688386 ], [ 98.501011277974413, 3.639359371724218 ], [ 98.501070743200984, 3.639325729407525 ], [ 98.501160951743927, 3.639274695011169 ], [ 98.501171218482966, 3.639268886624413 ], [ 98.501251160278045, 3.639223659709268 ], [ 98.501331158783429, 3.639178401491442 ], [ 98.501341368802386, 3.639172625234741 ], [ 98.501431577317859, 3.63912158996894 ], [ 98.501521755224374, 3.639126226003246 ], [ 98.501611917136202, 3.63915997071612 ], [ 98.50166165237431, 3.639178584865267 ], [ 98.501702079055988, 3.639193715038775 ], [ 98.501792240983633, 3.6392274592203 ], [ 98.501882402918696, 3.639261204041713 ], [ 98.501904016536102, 3.639269293192654 ], [ 98.50197256456768, 3.639295483925562 ], [ 98.502062716941083, 3.639346670858874 ], [ 98.502152904729769, 3.639333368299386 ], [ 98.502243093352888, 3.639318542910897 ], [ 98.502333281974259, 3.639303717512944 ], [ 98.502423470593811, 3.639288892225496 ], [ 98.502513659211743, 3.639274066716198 ], [ 98.50254055272309, 3.639269645868178 ], [ 98.502603847827885, 3.63925924126229 ], [ 98.502694036442264, 3.639244415826476 ], [ 98.502784225054896, 3.639229590381197 ], [ 98.502874413665666, 3.639214765147048 ], [ 98.502964602274858, 3.639199939590423 ], [ 98.503054790882302, 3.639185114024334 ], [ 98.503144969319166, 3.639188849087819 ], [ 98.503164412005574, 3.639179417135846 ], [ 98.503235173638203, 3.639145337650128 ], [ 98.503305180126361, 3.639179494968442 ], [ 98.503325330148485, 3.639189107490743 ], [ 98.5033524422184, 3.639179521095348 ], [ 98.503415527711397, 3.639157923216021 ], [ 98.503505726674476, 3.63912417202879 ], [ 98.503595925631842, 3.639090420946872 ], [ 98.50359949941793, 3.63908908367759 ], [ 98.503686124583723, 3.639056669539943 ], [ 98.503776323529891, 3.639022918261161 ], [ 98.503841197927883, 3.63899864322585 ], [ 98.503866522470304, 3.638989167156844 ], [ 98.503956721405203, 3.638955415773832 ], [ 98.504046920334446, 3.638921664403499 ], [ 98.504082896342823, 3.638908202702252 ], [ 98.504137119257905, 3.638887913269174 ], [ 98.504227318175808, 3.638854161917693 ], [ 98.504317517088126, 3.638820410455814 ], [ 98.50432459471719, 3.638817762106831 ], [ 98.504407715994631, 3.638786659291482 ], [ 98.504497914895538, 3.638752907971533 ], [ 98.504566293383178, 3.638727321439777 ], [ 98.504588113790916, 3.638719156464577 ], [ 98.504678312680468, 3.638685405223773 ], [ 98.504768511564407, 3.638651653935361 ], [ 98.504807992116312, 3.638636880700967 ], [ 98.504858710442804, 3.638617902398401 ], [ 98.504948909315445, 3.638584151066057 ], [ 98.505039108182373, 3.638550399809181 ], [ 98.50504969080886, 3.63854643989035 ], [ 98.505129307043816, 3.638516648242221 ], [ 98.505219487481924, 3.638516660786952 ], [ 98.505309651643287, 3.638546520007534 ], [ 98.505309842292519, 3.638546583143632 ], [ 98.505399815811813, 3.638576378981697 ], [ 98.50548997998736, 3.638606237947358 ], [ 98.50558014416994, 3.638636096909521 ], [ 98.505583800974023, 3.638637307899353 ], [ 98.505670308359569, 3.638665955853922 ], [ 98.50576047255602, 3.638695815150928 ], [ 98.505850636759689, 3.638725674083573 ], [ 98.505853283719986, 3.63872803011739 ], [ 98.505925153693042, 3.638818643623209 ], [ 98.505940751565163, 3.638846229595488 ], [ 98.505976382661345, 3.638909245776427 ], [ 98.506027611945143, 3.638999847928111 ], [ 98.506030845271113, 3.639005566264125 ], [ 98.506078841238335, 3.639090450078094 ], [ 98.506120939006124, 3.63916490299574 ], [ 98.506130070234875, 3.639181052226206 ], [ 98.506181299546881, 3.639271654372784 ], [ 98.50620965867661, 3.639362243947813 ], [ 98.506185204602076, 3.639452804494228 ], [ 98.506160750222179, 3.639543365038964 ], [ 98.506137192530403, 3.639633926075144 ], [ 98.506123516259279, 3.639724492542547 ], [ 98.506120623804492, 3.639743646917025 ], [ 98.50610984003923, 3.639815059009214 ], [ 98.506096163815229, 3.639905625475122 ], [ 98.506082487587321, 3.639996191940264 ], [ 98.506068811183482, 3.640086758404546 ], [ 98.506050862899613, 3.64017732251885 ], [ 98.506030163333719, 3.640257386403946 ], [ 98.506027449409927, 3.640267883626449 ], [ 98.506004035691433, 3.640358444732494 ], [ 98.505980622256359, 3.640449005837266 ], [ 98.50595720852624, 3.640539566940449 ], [ 98.505939792210569, 3.640606931682207 ], [ 98.505933795060315, 3.640630128042347 ], [ 98.505910381337728, 3.640720689142676 ], [ 98.50588696771031, 3.640811250241628 ], [ 98.505863554216432, 3.640901811339225 ], [ 98.505849420999937, 3.640956478292873 ], [ 98.505840141175042, 3.640992372435642 ], [ 98.505816727758628, 3.641082933530424 ], [ 98.505793314276985, 3.641173494623742 ], [ 98.505777350022058, 3.64126405981569 ], [ 98.505793882547394, 3.641354642893298 ], [ 98.505758984541686, 3.641425516769629 ], [ 98.505747869134225, 3.641445191544207 ], [ 98.505708939239511, 3.641535744090925 ], [ 98.505668716925143, 3.641584792559517 ], [ 98.505630398906021, 3.641626274825487 ], [ 98.505578482876004, 3.64168247799695 ], [ 98.505546776386012, 3.641716802752005 ], [ 98.505488248807239, 3.641780163422439 ], [ 98.505463153849135, 3.641807330668265 ], [ 98.505398014718821, 3.641877848835985 ], [ 98.505379531295361, 3.641897858574269 ], [ 98.505307780047247, 3.641976566452517 ], [ 98.505297081155845, 3.641988387116069 ], [ 98.505217545825488, 3.642074423836174 ], [ 98.505213315873164, 3.642078914923034 ], [ 98.505127313344971, 3.64216905680053 ], [ 98.505126946512675, 3.642169441284205 ], [ 98.505040576147721, 3.642259967633978 ], [ 98.505037080877571, 3.642263631089551 ], [ 98.504954205765401, 3.642350493972891 ], [ 98.504946848391214, 3.642358205366724 ], [ 98.504867836272609, 3.642441020301451 ], [ 98.504856615885402, 3.642452780577559 ], [ 98.504781465811249, 3.642531546618629 ], [ 98.504766383361087, 3.642547354972203 ], [ 98.504695095549963, 3.642622072925069 ], [ 98.504676150817872, 3.642641929213826 ], [ 98.504608725098223, 3.642712599220556 ], [ 98.504585918255728, 3.642736503443596 ], [ 98.50452235535866, 3.642803125505583 ], [ 98.504495685674243, 3.642831078412651 ], [ 98.504435984827865, 3.642893651779329 ], [ 98.504405453074014, 3.642925652954264 ], [ 98.504349614674453, 3.642984178042429 ], [ 98.504315220455027, 3.64302022714848 ], [ 98.504263244153265, 3.643074704294474 ], [ 98.504224987817082, 3.643114801330837 ], [ 98.50417687416693, 3.643165230535963 ], [ 98.504134755159896, 3.643209376058097 ], [ 98.504090503566701, 3.643255756766264 ], [ 98.504044522483767, 3.643303950746672 ], [ 98.504003760171216, 3.643346282779668 ], [ 98.503954290536441, 3.643397159968034 ], [ 98.503914897848716, 3.643436807610802 ], [ 98.503864059882019, 3.643487974599565 ], [ 98.503824955259915, 3.643527331833233 ], [ 98.503773829210118, 3.643578788143194 ], [ 98.503735012051351, 3.643617856043664 ], [ 98.503683598519771, 3.643669602290251 ], [ 98.503645069436814, 3.643708380242772 ], [ 98.503593367811675, 3.643760415813843 ], [ 98.503555126648365, 3.643798904430127 ], [ 98.503503137085204, 3.643851229779808 ], [ 98.503464782951582, 3.643889428383975 ], [ 98.503498664045694, 3.643980021073818 ], [ 98.503503064058393, 3.643984444021181 ], [ 98.50358881796312, 3.644070644898282 ], [ 98.50359319536615, 3.644075045116913 ], [ 98.503678970822079, 3.644161268715389 ], [ 98.503683326691288, 3.64416564734168 ], [ 98.503769124720904, 3.644251892526297 ], [ 98.503773458035099, 3.644256248423892 ], [ 98.503859277615419, 3.644342516329874 ], [ 98.503863589396317, 3.644346850635138 ], [ 98.503949430473568, 3.644433140126658 ], [ 98.503953720775598, 3.64443745278557 ], [ 98.504039584480907, 3.644523763917298 ], [ 98.504043852173481, 3.644528053901546 ], [ 98.504129738453031, 3.644614387701145 ], [ 98.504133983589426, 3.64461865495671 ], [ 98.5042198914186, 3.644705011477655 ], [ 98.50422411502278, 3.644709257140903 ], [ 98.50431004542736, 3.644795635247966 ], [ 98.504314246474792, 3.644799858182538 ], [ 98.504400271841632, 3.644886259051499 ], [ 98.504404377984599, 3.644890386585137 ], [ 98.504494512526279, 3.644975407799274 ], [ 98.504496081166721, 3.644976885932166 ], [ 98.504584647132731, 3.645060341799547 ], [ 98.504592257339198, 3.64506751300764 ], [ 98.504674781756151, 3.645145275957641 ], [ 98.504688433552545, 3.645158140075269 ], [ 98.504764916396695, 3.645230210017013 ], [ 98.504784609785318, 3.645248767135041 ], [ 98.504855051053823, 3.645315144919421 ], [ 98.504880785156658, 3.645339394186468 ], [ 98.504945185728531, 3.645400078892091 ], [ 98.504976961076281, 3.64543002123033 ], [ 98.505035320420035, 3.645485013314151 ], [ 98.505073137367333, 3.645520648266525 ], [ 98.50512545512882, 3.64556994734591 ], [ 98.505169313677797, 3.64561127529486 ], [ 98.505215589854345, 3.645654881929131 ], [ 98.505265489457358, 3.64570190231503 ], [ 98.505305724597292, 3.645739815874183 ], [ 98.505361665124155, 3.645792529327264 ], [ 98.505395859356895, 3.645824750560203 ], [ 98.505457841492913, 3.645883156332012 ], [ 98.50548599413392, 3.64590968456434 ], [ 98.505554017881082, 3.645973783328897 ], [ 98.505576128927856, 3.645994618828361 ], [ 98.505650194068892, 3.646064410317797 ], [ 98.505666263739059, 3.646079552745786 ], [ 98.50574636948285, 3.646155037298393 ], [ 98.505756398566746, 3.646164487695752 ], [ 98.505842545929312, 3.646245664271683 ], [ 98.505846533412026, 3.646249421672258 ], [ 98.505936668274373, 3.646334355641854 ], [ 98.5059387223952, 3.646336291237105 ], [ 98.506026803153787, 3.64641928960454 ], [ 98.506034898880515, 3.646426918194659 ], [ 98.506116938049729, 3.646504224550196 ], [ 98.50613107434576, 3.646517545143774 ], [ 98.506207072963306, 3.64658915842616 ], [ 98.506227250676574, 3.646608172085485 ], [ 98.50629720789378, 3.646674092611575 ], [ 98.506323427220181, 3.646698799019432 ], [ 98.50638734284145, 3.646759026546615 ], [ 98.506419603783229, 3.64678942594551 ], [ 98.506477477805817, 3.646843961173043 ], [ 98.506516856905847, 3.646880053456261 ], [ 98.506567615823272, 3.646923327717837 ], [ 98.50663055277424, 3.646970690007569 ], [ 98.506657760142488, 3.646991164515293 ], [ 98.506747904475162, 3.647059002384856 ], [ 98.506757628021063, 3.647061333908467 ], [ 98.506838076562474, 3.647075938767104 ], [ 98.506859306495812, 3.64706138984364 ], [ 98.506928301414519, 3.646996045601802 ], [ 98.507018489882356, 3.646982912730253 ], [ 98.507108651163563, 3.647019691158211 ], [ 98.507198813575187, 3.64705440917188 ], [ 98.507217454163452, 3.647061586775328 ], [ 98.507288976241455, 3.647088674114306 ], [ 98.507379138422721, 3.647123844421965 ], [ 98.507453011984751, 3.647152290210832 ], [ 98.50746930100857, 3.647158286190875 ], [ 98.507559464392557, 3.647191275872458 ], [ 98.507649626808274, 3.647226059116574 ], [ 98.507689209493648, 3.647242993941949 ], [ 98.507739787683875, 3.647263688047516 ], [ 98.507829945396523, 3.647307147734542 ], [ 98.507883426302939, 3.647333674572329 ], [ 98.507920094125737, 3.647367143952583 ], [ 98.507972233482946, 3.647424297315275 ], [ 98.507920038350292, 3.647469703099946 ], [ 98.507865583549517, 3.647514812765669 ], [ 98.507829814483429, 3.647547824231891 ], [ 98.50777226150403, 3.64760533551907 ], [ 98.507739583679779, 3.647638667158767 ], [ 98.507684404839878, 3.647695861261845 ], [ 98.507675519121449, 3.64778643037247 ], [ 98.507661802306089, 3.647876996828931 ], [ 98.507698989466249, 3.647967591245615 ], [ 98.507739357677167, 3.648054036329147 ], [ 98.507741384971609, 3.648058188522164 ], [ 98.507774004167331, 3.648148780428542 ], [ 98.507829438421894, 3.648239103687206 ], [ 98.507829727167248, 3.64823938502231 ], [ 98.507919571848774, 3.648327386008992 ], [ 98.507922225447729, 3.648330009806742 ], [ 98.507994237029649, 3.648420623337013 ], [ 98.508009692045519, 3.648440025887225 ], [ 98.508065697276521, 3.648511236560624 ], [ 98.508099811331974, 3.648554379706468 ], [ 98.508137787704001, 3.648601850126176 ], [ 98.508189931765656, 3.648666664157134 ], [ 98.508210731957575, 3.648692464156281 ], [ 98.508280052676938, 3.648778110031746 ], [ 98.508284095794451, 3.648783078412481 ], [ 98.508370184833637, 3.648868907068244 ], [ 98.5083750322474, 3.648873702305724 ], [ 98.508460317964037, 3.648957945762614 ], [ 98.508466785853358, 3.648964326640272 ], [ 98.508550451121906, 3.649046966591731 ], [ 98.508558541297489, 3.649054950968738 ], [ 98.508640584297069, 3.649135988325817 ], [ 98.508650298450505, 3.649145575291047 ], [ 98.508730717491488, 3.649225007389075 ], [ 98.508742058375262, 3.649236199607784 ], [ 98.508820850705135, 3.649314023774845 ], [ 98.508833821078767, 3.649326823918948 ], [ 98.508910983938534, 3.649403036529447 ], [ 98.508925587525326, 3.649417448225069 ], [ 98.509001117190635, 3.649492047559479 ], [ 98.509017355787535, 3.649508072525087 ], [ 98.509091250462006, 3.649581055892003 ], [ 98.509109127076542, 3.649598696819664 ], [ 98.509181383752733, 3.649670061280359 ], [ 98.509200900966576, 3.649689321108569 ], [ 98.509271517063084, 3.649759063307692 ], [ 98.50929267854788, 3.649779945392393 ], [ 98.509361650392194, 3.649848063506206 ], [ 98.509384458053134, 3.649870569670171 ], [ 98.509451783740573, 3.649937060980107 ], [ 98.509476240386803, 3.649961193942393 ], [ 98.509541917108223, 3.650026055722565 ], [ 98.50956802555605, 3.650051818209065 ], [ 98.509632050495554, 3.650115046935783 ], [ 98.509659814363971, 3.650142442470622 ], [ 98.509722183901715, 3.65020403621457 ], [ 98.509751605205622, 3.650233066726186 ], [ 98.509812317336937, 3.650293004716747 ], [ 98.509843417014181, 3.650323690986114 ], [ 98.509902450807914, 3.650381940035885 ], [ 98.509935262619152, 3.650414315257422 ], [ 98.509992584296896, 3.650470874921476 ], [ 98.510082751038624, 3.650498480502837 ], [ 98.510170461555418, 3.650414443910953 ], [ 98.510172979600483, 3.650411997076371 ], [ 98.510263208806705, 3.650324292418578 ], [ 98.510263591034104, 3.650323920814816 ], [ 98.510353438106748, 3.650236382301089 ], [ 98.51035650153338, 3.650233397586604 ], [ 98.510443667386994, 3.650148476494482 ], [ 98.510449417472898, 3.650142874349037 ], [ 98.510533896649235, 3.650060571651348 ], [ 98.510542334695003, 3.650052351099847 ], [ 98.510624125891738, 3.649972670977244 ], [ 98.510635255893803, 3.649961827840503 ], [ 98.510714355116875, 3.649884770101594 ], [ 98.510728177903218, 3.649871304569279 ], [ 98.510804583862765, 3.649797722765667 ], [ 98.510822659286319, 3.649780782137217 ], [ 98.510894811040956, 3.649713541833158 ], [ 98.510919349853864, 3.649690260898515 ], [ 98.510985039233347, 3.649627454704867 ], [ 98.511013919507107, 3.649599738488984 ], [ 98.511075267681449, 3.649540863024944 ], [ 98.511108243913952, 3.649509215932918 ], [ 98.511165496112383, 3.649454271333435 ], [ 98.511191554084348, 3.64942926364665 ], [ 98.511269522000077, 3.646215423000058 ], [ 98.511276366000061, 3.645933291000063 ] ], [ [ 98.526884255374654, 3.614193717283741 ], [ 98.526875469311918, 3.614202430918455 ], [ 98.526865885544083, 3.614193707676247 ], [ 98.52678533157669, 3.614124107186592 ], [ 98.526764209153924, 3.614103080180469 ], [ 98.526695199683417, 3.614034542206215 ], [ 98.526672991060877, 3.614012458147585 ], [ 98.52660506832602, 3.613943977614334 ], [ 98.526583112791684, 3.61392183680882 ], [ 98.526514937155028, 3.613853087953591 ], [ 98.526493247175509, 3.613831215469914 ], [ 98.526424806001671, 3.613762198827248 ], [ 98.526403381444084, 3.613740594124185 ], [ 98.526334674866192, 3.613671309826968 ], [ 98.526313515730465, 3.613649972771707 ], [ 98.526244543748646, 3.613580420819898 ], [ 98.526223650034666, 3.613559351412477 ], [ 98.526154412649248, 3.613489531381953 ], [ 98.526133784778068, 3.613468730046721 ], [ 98.526064281567557, 3.613398642359679 ], [ 98.526043919242994, 3.61337810867406 ], [ 98.525974150479712, 3.613307799756531 ], [ 98.525953886302759, 3.613287487206938 ], [ 98.525884779332088, 3.613196876697536 ], [ 98.52588403032405, 3.6131959299508 ], [ 98.525829735345738, 3.613106273553636 ], [ 98.52579392697055, 3.613051735628907 ], [ 98.525768169441122, 3.613015666989806 ], [ 98.52570380592195, 3.612941673344694 ], [ 98.525686638798163, 3.612925049959227 ], [ 98.525613667425418, 3.612865250854683 ], [ 98.525577932835162, 3.612834418677225 ], [ 98.525523529644971, 3.612787479339989 ], [ 98.525472892440547, 3.612743789306858 ], [ 98.525433391880057, 3.612709708021295 ], [ 98.525367852067177, 3.612653159926879 ], [ 98.525343254130888, 3.612631936555732 ], [ 98.525276167372311, 3.612562537542906 ], [ 98.525253124230161, 3.612539091897554 ], [ 98.525190164066302, 3.612471918132441 ], [ 98.525162996082969, 3.61244290842342 ], [ 98.525102106729392, 3.612381297638122 ], [ 98.525072865337009, 3.612351760563221 ], [ 98.52501169140055, 3.612290675899916 ], [ 98.524982734012227, 3.612261760578851 ], [ 98.524920937645646, 3.612200053977234 ], [ 98.524892602705407, 3.612171760192274 ], [ 98.524830183908747, 3.612109432047659 ], [ 98.524802471416365, 3.612081759798898 ], [ 98.524739430189882, 3.61201881011119 ], [ 98.524712340145101, 3.611991759398726 ], [ 98.524648676489022, 3.61192818816783 ], [ 98.524622209438732, 3.611900707312064 ], [ 98.52455837927802, 3.611837566457329 ], [ 98.524532078226372, 3.611810662179357 ], [ 98.52446756121239, 3.611746944466396 ], [ 98.524441945597786, 3.611723372515334 ], [ 98.524370016286824, 3.611656318934244 ], [ 98.524351811294494, 3.611639333528536 ], [ 98.524269116893137, 3.611565691631177 ], [ 98.524261675123057, 3.611558915204269 ], [ 98.524171529384688, 3.611496901717988 ], [ 98.524150565338189, 3.611475055041133 ], [ 98.524081400899377, 3.611401782992635 ], [ 98.524064947442824, 3.611384435752442 ], [ 98.523991270313317, 3.611310733339362 ], [ 98.523974198781204, 3.611293813760024 ], [ 98.523901137582783, 3.611223834693951 ], [ 98.523879717192656, 3.61120318979764 ], [ 98.523811004739116, 3.611137186231648 ], [ 98.523786013808675, 3.61111256623701 ], [ 98.523720874899539, 3.611044805950788 ], [ 98.523699165958519, 3.611021946275376 ], [ 98.523630743366837, 3.610955709128067 ], [ 98.52360443099451, 3.61093132215777 ], [ 98.523540608594729, 3.610872860359562 ], [ 98.523505494763867, 3.610840695821682 ], [ 98.523450473690829, 3.610790296090847 ], [ 98.523406558553077, 3.610750069477212 ], [ 98.5233603388034, 3.610707731815172 ], [ 98.52330762236214, 3.610659443124361 ], [ 98.523270203932469, 3.610625167532544 ], [ 98.523208265827549, 3.610568816541797 ], [ 98.523180068791589, 3.610543152338705 ], [ 98.523109011809296, 3.610478190004751 ], [ 98.523089933857051, 3.610460773044743 ], [ 98.52301005183989, 3.610387563614138 ], [ 98.522999799056123, 3.61037816920075 ], [ 98.522911165692946, 3.610296937254023 ], [ 98.522909664273868, 3.610295561212235 ], [ 98.522819529311263, 3.610213330272482 ], [ 98.522811749677075, 3.610206310606334 ], [ 98.522729393935805, 3.610131921606358 ], [ 98.522711452023444, 3.610115683485533 ], [ 98.52263925856812, 3.610050529253958 ], [ 98.522614595589332, 3.610025058169986 ], [ 98.522549125273386, 3.609965198681647 ], [ 98.522519245647572, 3.609934433640673 ], [ 98.522458995360054, 3.609873426759092 ], [ 98.522430222138851, 3.60984381243951 ], [ 98.522368865983054, 3.609780662712783 ], [ 98.522342175247729, 3.609753191746801 ], [ 98.522278736624315, 3.609687898659756 ], [ 98.522249081309027, 3.609662568385573 ], [ 98.522188595978392, 3.60961676849794 ], [ 98.522123271571033, 3.609571927757272 ], [ 98.522098448771061, 3.609558219747546 ], [ 98.522008294717793, 3.609512790118817 ], [ 98.521951523134547, 3.609481262871123 ], [ 98.521918141085067, 3.609466575002252 ], [ 98.52182798367825, 3.609427595960549 ], [ 98.521739589718379, 3.609390576740689 ], [ 98.521737825638539, 3.609389843506329 ], [ 98.521647667871719, 3.609351585491208 ], [ 98.521557509063967, 3.609315333204054 ], [ 98.521521725725549, 3.609299887433509 ], [ 98.521467351658387, 3.609276417097094 ], [ 98.521377193197154, 3.609239534368055 ], [ 98.521308259194114, 3.609209200403268 ], [ 98.521287036204882, 3.609199861389444 ], [ 98.52119687758541, 3.609163312934815 ], [ 98.521106719233202, 3.609126269747814 ], [ 98.521088726272936, 3.609118510121132 ], [ 98.521016561637353, 3.609087798413702 ], [ 98.520926404926797, 3.609047653488767 ], [ 98.520875315118161, 3.609027823029136 ], [ 98.520836245444258, 3.609012815844521 ], [ 98.520746085394009, 3.608979076529455 ], [ 98.520655927978595, 3.608940325020344 ], [ 98.520648452696008, 3.608937128775074 ], [ 98.520565770465709, 3.608901775900578 ], [ 98.520475609503109, 3.608869822198222 ], [ 98.520408153270736, 3.608846427356935 ], [ 98.520385448209623, 3.608838513449881 ], [ 98.520295287220833, 3.608806637573646 ], [ 98.520205129170449, 3.608769174686117 ], [ 98.520166979855986, 3.608755725418342 ], [ 98.520114967964147, 3.608737742261462 ], [ 98.520024807361494, 3.608705173396044 ], [ 98.519934647935031, 3.608670378002082 ], [ 98.519915786762112, 3.60866501811248 ], [ 98.519844483717563, 3.608644723313746 ], [ 98.519754321164129, 3.608615911311222 ], [ 98.519664162332106, 3.608580026318195 ], [ 98.519644201409918, 3.608574299932178 ], [ 98.519573998306143, 3.608554044603871 ], [ 98.519483837406014, 3.608522125009167 ], [ 98.519393673645894, 3.608495662081184 ], [ 98.519355189048085, 3.608483572432931 ], [ 98.51930351088275, 3.608467314199074 ], [ 98.519213346741651, 3.60844160037178 ], [ 98.519123165451475, 3.608448516030379 ], [ 98.519032996409763, 3.608432139044957 ], [ 98.518942810569698, 3.6084477091016 ], [ 98.518852627579804, 3.608457857527688 ], [ 98.518762444589186, 3.608468005768745 ], [ 98.518672261597757, 3.608478154000553 ], [ 98.51862754311891, 3.608483186137653 ], [ 98.51858207860549, 3.608488302223113 ], [ 98.518491895612414, 3.608498450436423 ], [ 98.51840171472584, 3.608504596547847 ], [ 98.518356287247641, 3.60848304198284 ], [ 98.518311567822536, 3.6084462157923 ], [ 98.518246640617122, 3.608392409478633 ], [ 98.518221429489458, 3.608371587779732 ], [ 98.518135169719926, 3.60830177599374 ], [ 98.518131290274681, 3.608298662042597 ], [ 98.518041150948619, 3.608225975561391 ], [ 98.518022798559969, 3.608211142019055 ], [ 98.517951011806446, 3.608152968129525 ], [ 98.51791081911945, 3.608120508241646 ], [ 98.517860891166478, 3.608044885912122 ], [ 98.517853878885063, 3.608029903739717 ], [ 98.517860903558301, 3.608021375620815 ], [ 98.517927760258203, 3.607939368839168 ], [ 98.517951139294524, 3.60791104696289 ], [ 98.518001973623711, 3.607848834107036 ], [ 98.518041374898246, 3.607800927369815 ], [ 98.518077366735767, 3.60775829999405 ], [ 98.518131608712054, 3.607694163602846 ], [ 98.518154056320142, 3.60766776656193 ], [ 98.518221841760791, 3.607588811724367 ], [ 98.518231745314594, 3.607577233652381 ], [ 98.518309137325602, 3.607486700576088 ], [ 98.51831207487858, 3.607483288403998 ], [ 98.518387006448847, 3.607396167744484 ], [ 98.518402307629827, 3.607378421054446 ], [ 98.518492512810766, 3.607325900484755 ], [ 98.518582691987234, 3.607322782611683 ], [ 98.518672868239733, 3.607325223736142 ], [ 98.518763044494008, 3.607327664678704 ], [ 98.518853220749875, 3.607330105791373 ], [ 98.518943397007405, 3.607332546895134 ], [ 98.519033573266626, 3.607334987989986 ], [ 98.519100555605846, 3.607305972412844 ], [ 98.519123771397275, 3.60729581954693 ], [ 98.519213969565712, 3.607256566338979 ], [ 98.519304166408105, 3.607219824211934 ], [ 98.519348018564372, 3.607215529452575 ], [ 98.519394348429202, 3.607211286045132 ], [ 98.519484552697563, 3.60716038579996 ], [ 98.519574738644195, 3.607144361578522 ], [ 98.519614796099333, 3.607125096654883 ], [ 98.519664937249686, 3.607104220237961 ], [ 98.519755127776364, 3.607079457667482 ], [ 98.519845317906459, 3.607055443648834 ], [ 98.519935503900001, 3.607039306810564 ], [ 98.519973748651253, 3.607034712590873 ], [ 98.520025686839602, 3.607028987956463 ], [ 98.520115881143738, 3.606996998694282 ], [ 98.520206066214897, 3.606982607357156 ], [ 98.520296253413363, 3.606964155155079 ], [ 98.520349279681611, 3.606944337147865 ], [ 98.520386448695604, 3.606930275827682 ], [ 98.520476633199166, 3.606916953428595 ], [ 98.520566823165538, 3.606893202193819 ], [ 98.520657011110316, 3.606873303191377 ], [ 98.520747195652788, 3.606859894903115 ], [ 98.520762449579721, 3.606853981439295 ], [ 98.520837390795108, 3.606826241584555 ], [ 98.520927576365196, 3.606810860909262 ], [ 98.521017762437339, 3.606794517534812 ], [ 98.521107948097978, 3.606778956481551 ], [ 98.521171656219366, 3.606763623437821 ], [ 98.521198136715157, 3.606757741383608 ], [ 98.521288325711851, 3.606735794977552 ], [ 98.521378510567075, 3.606721760476243 ], [ 98.521468702896257, 3.606693430740231 ], [ 98.521558886749446, 3.606681303841717 ], [ 98.52161644168747, 3.606673284017105 ], [ 98.52164907076596, 3.606668862106541 ], [ 98.521739263174865, 3.606640360249085 ], [ 98.52182944690324, 3.606628461957113 ], [ 98.521919635744339, 3.606606775050885 ], [ 98.522009822513937, 3.606589047981826 ], [ 98.522051765561869, 3.606582939377868 ], [ 98.522100006771069, 3.606576127395849 ], [ 98.52219019907939, 3.606547784346344 ], [ 98.522280383995351, 3.606533593435768 ], [ 98.522370574749417, 3.606508213729455 ], [ 98.522422105871669, 3.606492560286434 ], [ 98.522460766678719, 3.606480574375487 ], [ 98.522550960846786, 3.606448635546931 ], [ 98.522641154724099, 3.606417244049067 ], [ 98.522684701065543, 3.606402124311856 ], [ 98.522731348555638, 3.606385930427414 ], [ 98.522821542421156, 3.606354541784581 ], [ 98.522911735805977, 3.606324065384255 ], [ 98.522948161602898, 3.606311688709478 ], [ 98.523001929271118, 3.606293425354104 ], [ 98.523092122760332, 3.606262729542264 ], [ 98.523182315801748, 3.606232883617729 ], [ 98.523217368355276, 3.606221256045334 ], [ 98.523272508870221, 3.606202976474444 ], [ 98.523362702163638, 3.60617262807564 ], [ 98.523452895046489, 3.606143058741782 ], [ 98.523489016839676, 3.606130824577328 ], [ 98.523543088446317, 3.606112487142847 ], [ 98.523633281927019, 3.606081750610008 ], [ 98.523723475127923, 3.606051542106962 ], [ 98.523756960692282, 3.606040391074694 ], [ 98.523813668219475, 3.606021534344963 ], [ 98.523903861010083, 3.605992095759115 ], [ 98.523994054160042, 3.60596195709334 ], [ 98.524030041760028, 3.60594996018249 ], [ 98.524084247301829, 3.605931824736 ], [ 98.524174441761602, 3.605899147784683 ], [ 98.524264636137332, 3.605866622043437 ], [ 98.524285115044805, 3.605859519752895 ], [ 98.524354829799847, 3.605835458436959 ], [ 98.524445022919139, 3.605805330522299 ], [ 98.524535215234309, 3.605776741191487 ], [ 98.524558890000435, 3.605769089051015 ], [ 98.524625407799121, 3.605747662359633 ], [ 98.524715600538102, 3.605718239163618 ], [ 98.524805793399935, 3.60568857012566 ], [ 98.52483581160638, 3.60567865990806 ], [ 98.524895986318015, 3.605658783473972 ], [ 98.524986179251698, 3.605628957488965 ], [ 98.525076373008829, 3.60559753507209 ], [ 98.525102808109949, 3.605588225475186 ], [ 98.525166566949977, 3.6055657480149 ], [ 98.525256760951549, 3.605533834339208 ], [ 98.525346954872916, 3.605502065184583 ], [ 98.525358900269552, 3.605497785248996 ], [ 98.5254371490728, 3.605469748710722 ], [ 98.52552734244361, 3.60543902144546 ], [ 98.525617535761356, 3.605408386901232 ], [ 98.525620583344377, 3.605407347868357 ], [ 98.525707729158384, 3.60537758969198 ], [ 98.525797923354887, 3.60534523944057 ], [ 98.525888115230089, 3.605317360863052 ], [ 98.525889336364159, 3.605316914101474 ], [ 98.525978310279314, 3.605283344028487 ], [ 98.526068499077439, 3.605261390766838 ], [ 98.52615869278975, 3.605229937235436 ], [ 98.526172526970925, 3.605226487791325 ], [ 98.526248882344063, 3.605206508432189 ], [ 98.526339072060765, 3.605182758948027 ], [ 98.526429262238452, 3.605158111420034 ], [ 98.526487151020547, 3.605136077797996 ], [ 98.52651945742015, 3.605123781337479 ], [ 98.526609645537661, 3.605103101427403 ], [ 98.526699839826222, 3.605070479349898 ], [ 98.526790028938777, 3.605047860558118 ], [ 98.526796402834449, 3.605045664884051 ], [ 98.526880222415343, 3.605016790781898 ], [ 98.526970413441404, 3.604990453923968 ], [ 98.527060604222797, 3.604964582715184 ], [ 98.527091245270469, 3.60495524434296 ], [ 98.527150796052609, 3.604936673765514 ], [ 98.527240988477203, 3.604907604366256 ], [ 98.52733118155443, 3.604877261816529 ], [ 98.527363269214661, 3.604864811807204 ], [ 98.527421376977443, 3.604842365083482 ], [ 98.52751156953093, 3.604813017328476 ], [ 98.5276017620197, 3.60478378582222 ], [ 98.527630321793879, 3.604774376593447 ], [ 98.52769195514486, 3.604753311548061 ], [ 98.527782150789676, 3.604717942295447 ], [ 98.527872343845573, 3.60468758207523 ], [ 98.527881808712081, 3.604683933191745 ], [ 98.527962539924957, 3.604651347712975 ], [ 98.528052735325659, 3.604616418113261 ], [ 98.528088137537125, 3.604593466219653 ], [ 98.528110453279311, 3.604502903481484 ], [ 98.528052814209744, 3.60446337507384 ], [ 98.527983036199998, 3.604412262837222 ], [ 98.527962670854805, 3.604397378145046 ], [ 98.527872529812555, 3.604326922086648 ], [ 98.527865901108399, 3.604321627529932 ], [ 98.527782387474304, 3.604259006951459 ], [ 98.527779000912616, 3.604231007950373 ], [ 98.527782406705924, 3.604221713940844 ], [ 98.527834272444807, 3.604140462376023 ], [ 98.527856321241728, 3.604049899506118 ], [ 98.527872686267415, 3.604023469064499 ], [ 98.52792337030597, 3.603959360053068 ], [ 98.527962936273212, 3.60388248078754 ], [ 98.527973372604265, 3.603868811723744 ], [ 98.52801321865816, 3.603778258106454 ], [ 98.528016723912643, 3.603687685581228 ], [ 98.528017327183051, 3.603597111546057 ], [ 98.528007840265801, 3.603506532261658 ], [ 98.528014033453715, 3.60341596113411 ], [ 98.528025945690743, 3.60332539298108 ], [ 98.52801873998655, 3.603234814883105 ], [ 98.528030552225161, 3.603144246677273 ], [ 98.528038521454647, 3.60305367647199 ], [ 98.528053549399004, 3.603036719739775 ], [ 98.528120622330832, 3.602963144818831 ], [ 98.528143777620855, 3.602937744859397 ], [ 98.528203153230436, 3.602872613379502 ], [ 98.528234005823009, 3.602838769931556 ], [ 98.528285684136449, 3.602782081930346 ], [ 98.528324234005396, 3.602739795056402 ], [ 98.528368215060155, 3.60269155047137 ], [ 98.528414462168087, 3.602640820128453 ], [ 98.528450745910249, 3.602601019002527 ], [ 98.528504690311053, 3.602541845165334 ], [ 98.528533276756534, 3.602510487523852 ], [ 98.52859491843428, 3.602442870267196 ], [ 98.528615807640961, 3.602419956035367 ], [ 98.528640699958231, 3.602329394604252 ], [ 98.528648313432839, 3.602238824198382 ], [ 98.52865541409723, 3.602148253525764 ], [ 98.528661876504799, 3.60205768252129 ], [ 98.528668802411687, 3.601967111757102 ], [ 98.528676002806122, 3.60187654113503 ], [ 98.528683378946724, 3.601785970603786 ], [ 98.528685445974375, 3.601761776028782 ], [ 98.528695555077149, 3.601695402564276 ], [ 98.528708832355804, 3.601604835095792 ], [ 98.528721749396425, 3.601514267439576 ], [ 98.528734650962292, 3.601423699774629 ], [ 98.528746346456302, 3.601333131482924 ], [ 98.528757202500728, 3.601242562754853 ], [ 98.528768126420431, 3.601151994061423 ], [ 98.528775969884748, 3.601087353200787 ], [ 98.528841236953468, 3.601152032005883 ], [ 98.528866100940476, 3.601176836931216 ], [ 98.528931060232949, 3.601242652981942 ], [ 98.528956233712449, 3.601263015795468 ], [ 98.529046383444538, 3.601316224692037 ], [ 98.529075317178709, 3.601333302189227 ], [ 98.529136533187952, 3.601369433404352 ], [ 98.529226682942635, 3.601422642019126 ], [ 98.52922890953991, 3.601423956218297 ], [ 98.529316828938661, 3.601483190511475 ], [ 98.529363248966419, 3.601514600243942 ], [ 98.529406973129255, 3.601547279193647 ], [ 98.529484514409447, 3.601605237476633 ], [ 98.529497115643693, 3.601614658077712 ], [ 98.529587258149405, 3.601682080813556 ], [ 98.529605690694709, 3.60169587464989 ], [ 98.529677400622205, 3.601749594507213 ], [ 98.529726646188891, 3.601786511695546 ], [ 98.529767543069184, 3.601817185404487 ], [ 98.529833036671462, 3.601877141183887 ], [ 98.529857677953174, 3.601899543387434 ], [ 98.529926402792981, 3.601967763917342 ], [ 98.529947809212302, 3.60198899930004 ], [ 98.530017332600011, 3.602058385381925 ], [ 98.530037940157513, 3.602079101598254 ], [ 98.530108268241051, 3.602149006842593 ], [ 98.53012807148508, 3.60216849290544 ], [ 98.530218218889715, 3.602226563621688 ], [ 98.530252488574178, 3.602239655876022 ], [ 98.530308378740116, 3.602260380649329 ], [ 98.530398538795367, 3.602293812962342 ], [ 98.530488698858235, 3.602327245179084 ], [ 98.530497090348064, 3.6023303568235 ], [ 98.53057885892872, 3.60236067738771 ], [ 98.530669019006766, 3.602394109588217 ], [ 98.530741691983806, 3.602421057711137 ], [ 98.530759179092229, 3.602427542138834 ], [ 98.530849339185437, 3.60246097435069 ], [ 98.530939499286262, 3.602494406526845 ], [ 98.530986294313266, 3.602511758539358 ], [ 98.531029659394662, 3.602527838694883 ], [ 98.53111981951065, 3.602561270854801 ], [ 98.531209979634028, 3.60259470339241 ], [ 98.531230895858556, 3.602602459307392 ], [ 98.531300139765193, 3.602628135536093 ], [ 98.531390299903933, 3.602661567671655 ], [ 98.53147549850182, 3.602693160016207 ], [ 98.531480460050261, 3.602694999799099 ], [ 98.531570620204178, 3.602728431918422 ], [ 98.531660780365641, 3.602761864123191 ], [ 98.531701307310541, 3.602783850966999 ], [ 98.5317509331705, 3.602809703375788 ], [ 98.531841084595669, 3.602860262336312 ], [ 98.531870722175867, 3.602874512777099 ], [ 98.531931239357036, 3.602904313197548 ], [ 98.532021399247412, 3.6029383431125 ], [ 98.532092558939425, 3.602965201591986 ], [ 98.532111559145491, 3.602972373019346 ], [ 98.532201719051258, 3.603006402918085 ], [ 98.532291878964728, 3.603040432808717 ], [ 98.532332857925525, 3.603055899873542 ], [ 98.532382038885885, 3.603074462691242 ], [ 98.532472198814546, 3.603108492942904 ], [ 98.532562358751107, 3.603142522809214 ], [ 98.532573155965252, 3.60314659809699 ], [ 98.532652518695357, 3.603176552667414 ], [ 98.53274267864731, 3.603210582517507 ], [ 98.532813455060705, 3.603237296263357 ], [ 98.53283283860695, 3.603244612359492 ], [ 98.532922998338151, 3.603279105292128 ], [ 98.533000565090347, 3.603327966997846 ], [ 98.533013145023688, 3.603339200829605 ], [ 98.533097502164807, 3.603418591300346 ], [ 98.533103279206159, 3.603423848139367 ], [ 98.533193415686185, 3.60350402054465 ], [ 98.533199377063085, 3.603509218135304 ], [ 98.533283553804992, 3.603581008542598 ], [ 98.533306203793089, 3.603599847508453 ], [ 98.533373692572212, 3.603656754233644 ], [ 98.533413521654893, 3.603690477124175 ], [ 98.533463831558649, 3.603732099582416 ], [ 98.533522210522378, 3.603781107434725 ], [ 98.533553970421181, 3.603807717985589 ], [ 98.533630187401954, 3.603871737368857 ], [ 98.533644109220788, 3.603883489864529 ], [ 98.53373424813509, 3.603959066449868 ], [ 98.533738197587653, 3.60396236730985 ], [ 98.533774849727422, 3.604052960569771 ], [ 98.533734175331972, 3.60410205320112 ], [ 98.533698400264001, 3.604143495697818 ], [ 98.533643946068423, 3.604203861135303 ], [ 98.533617651732598, 3.604234028606978 ], [ 98.533553715184809, 3.604308809431108 ], [ 98.533540059258513, 3.604324563129659 ], [ 98.533479773047461, 3.60441510654456 ], [ 98.533465364938223, 3.604505673551989 ], [ 98.53347301564034, 3.604596251904812 ], [ 98.533506102642264, 3.604686843340452 ], [ 98.533535540407726, 3.604777432898744 ], [ 98.533552148570308, 3.604868015858493 ], [ 98.533553426753016, 3.604874987250278 ], [ 98.533568756671571, 3.604958598818157 ], [ 98.533585364774993, 3.605049181777763 ], [ 98.533601973052882, 3.605139764737402 ], [ 98.533618581307522, 3.605230347696973 ], [ 98.533635189417453, 3.605320930656412 ], [ 98.533643354388019, 3.605365463545923 ], [ 98.53365380222094, 3.605411514646741 ], [ 98.533716440068147, 3.605502121276086 ], [ 98.533733453997769, 3.605518459097457 ], [ 98.53381244804855, 3.605592745059236 ], [ 98.533823588413568, 3.605603167258355 ], [ 98.533909385278818, 3.605683369312163 ], [ 98.533913723082037, 3.6056874122466 ], [ 98.534003857914016, 3.60577136895391 ], [ 98.534005071618424, 3.605773992914169 ], [ 98.534045461774909, 3.605864588093525 ], [ 98.534089242081038, 3.605955185014009 ], [ 98.53409393654276, 3.60596577019355 ], [ 98.534124542594611, 3.606045777576151 ], [ 98.534147679549747, 3.606136363887821 ], [ 98.534122665895396, 3.606226925457785 ], [ 98.534099136585738, 3.606317487789047 ], [ 98.534093748103018, 3.606335936854641 ], [ 98.534065622009081, 3.606408044987028 ], [ 98.534029429497167, 3.606498600806264 ], [ 98.534003458737146, 3.606555348217243 ], [ 98.533971712658499, 3.606589145557963 ], [ 98.533913231994859, 3.606651714114269 ], [ 98.533886861276557, 3.6066796763525 ], [ 98.533823004988861, 3.606748560049017 ], [ 98.533803879095629, 3.606770208098053 ], [ 98.533732772727589, 3.606855681476499 ], [ 98.533728621217989, 3.606860743807014 ], [ 98.533654374377235, 3.606951280027775 ], [ 98.533642538962056, 3.606965711971015 ], [ 98.533580127009657, 3.607041816240095 ], [ 98.533552305174481, 3.607075742027913 ], [ 98.533505879875477, 3.607132352444365 ], [ 98.53346207136471, 3.607185771973153 ], [ 98.533431632741056, 3.607222888640466 ], [ 98.533371837532357, 3.607295802531016 ], [ 98.53335738575808, 3.607313424828475 ], [ 98.533283138412202, 3.607403961008126 ], [ 98.533281603678077, 3.607405832452098 ], [ 98.533208891068668, 3.607494497179607 ], [ 98.533191369801557, 3.607515862361098 ], [ 98.53313457057439, 3.607585033305232 ], [ 98.533101135945699, 3.607625808126794 ], [ 98.533055112425103, 3.60767556677553 ], [ 98.533010908469393, 3.607723213064208 ], [ 98.532970680224025, 3.60776609767326 ], [ 98.532920681596678, 3.607819397816244 ], [ 98.532885846360671, 3.607856628353732 ], [ 98.532830449281605, 3.607926201829363 ], [ 98.532812677244323, 3.607947165037763 ], [ 98.532740220817146, 3.608025425458817 ], [ 98.532729224832863, 3.608037696411225 ], [ 98.532649991477342, 3.608126323574391 ], [ 98.532648444012395, 3.608128229152574 ], [ 98.532575508081436, 3.608218765931304 ], [ 98.532559756355568, 3.608238496350826 ], [ 98.532502244460829, 3.608309302533033 ], [ 98.532469521681236, 3.608349749214059 ], [ 98.532426556233119, 3.608399837875575 ], [ 98.532379289251978, 3.608456566829215 ], [ 98.532353011321248, 3.608490374315911 ], [ 98.532289052769499, 3.608571268332047 ], [ 98.532280894709373, 3.608580911485534 ], [ 98.532209828847982, 3.608671449189905 ], [ 98.532198816251935, 3.608685992779268 ], [ 98.53213486125621, 3.60876198487178 ], [ 98.532108583724394, 3.608792872691221 ], [ 98.53206466133544, 3.608852523007886 ], [ 98.532018343154292, 3.6089154270009 ], [ 98.531997804374441, 3.608943062863519 ], [ 98.531931025579524, 3.609033602752702 ], [ 98.53192810276596, 3.609037577039645 ], [ 98.53186342003707, 3.609124142207824 ], [ 98.531837863004128, 3.609158454346953 ], [ 98.531797031648296, 3.609214682285068 ], [ 98.531747626776081, 3.609272382424332 ], [ 98.531718936508, 3.609305216303794 ], [ 98.531657396834973, 3.609373990596956 ], [ 98.531638033167567, 3.609395748861602 ], [ 98.531567166986292, 3.609475378656478 ], [ 98.531557399134869, 3.609486281549191 ], [ 98.531476937598555, 3.60957582750334 ], [ 98.531476057527769, 3.609576813861344 ], [ 98.531395280943272, 3.609667346456233 ], [ 98.531386707842884, 3.609676954993767 ], [ 98.531310127508675, 3.609757876776779 ], [ 98.531296481125167, 3.609772116929148 ], [ 98.53122812261978, 3.609848408716546 ], [ 98.531206251548397, 3.609872817852477 ], [ 98.531145910075494, 3.609938940539092 ], [ 98.531116022922006, 3.609971626421059 ], [ 98.531063062267563, 3.610029472022947 ], [ 98.531025794441163, 3.61007011277777 ], [ 98.530980628111109, 3.610120003711125 ], [ 98.530935565332513, 3.610169784424181 ], [ 98.530898753193682, 3.610210535679168 ], [ 98.530845336069135, 3.610269718721308 ], [ 98.530811658483827, 3.610301064933173 ], [ 98.530755115207384, 3.610353246731987 ], [ 98.530712807203429, 3.610391588083973 ], [ 98.530664895236413, 3.610435007984028 ], [ 98.530612919083168, 3.610482110683809 ], [ 98.53057467524981, 3.610516768645339 ], [ 98.530513031040641, 3.610572633269906 ], [ 98.530484455247077, 3.610598529709101 ], [ 98.530413142610598, 3.610663155842019 ], [ 98.530394235228542, 3.610680290513685 ], [ 98.530318297253743, 3.610753681016234 ], [ 98.530304012267905, 3.610767745766288 ], [ 98.530217004225946, 3.610844202832653 ], [ 98.530213793417431, 3.610847170756954 ], [ 98.53012357101197, 3.610933480955679 ], [ 98.530122201855349, 3.610934728003281 ], [ 98.530033347825793, 3.611021276493747 ], [ 98.530029232929039, 3.611025254113021 ], [ 98.529943127812004, 3.611102870229306 ], [ 98.529914546606747, 3.611115768935139 ], [ 98.529852921186276, 3.611158407434151 ], [ 98.529828672996345, 3.611206298702811 ], [ 98.529852850438687, 3.611295934572615 ], [ 98.529853153615747, 3.611296885773324 ], [ 98.529852849794267, 3.611297187229597 ], [ 98.529768399510431, 3.611387416113271 ], [ 98.529762622211734, 3.611393404504361 ], [ 98.52967743512194, 3.611477943216574 ], [ 98.529672398104239, 3.611482832483216 ], [ 98.529583915101313, 3.611568468980213 ], [ 98.529582175067745, 3.61157014565661 ], [ 98.529491952207422, 3.611657083356175 ], [ 98.52948996793171, 3.611658994509578 ], [ 98.529401729389761, 3.611743905042735 ], [ 98.529395950300895, 3.611749519989948 ], [ 98.52931150612288, 3.611831565713069 ], [ 98.529302656441473, 3.611840045834283 ], [ 98.529221283489363, 3.611917963574504 ], [ 98.52920810695251, 3.611930571013351 ], [ 98.529131060884083, 3.612004273764611 ], [ 98.529113397255486, 3.612021096096567 ], [ 98.529040838408662, 3.612090299130163 ], [ 98.529018313958716, 3.612111620972841 ], [ 98.528950616220911, 3.612175733800487 ], [ 98.528922837037527, 3.612202145631613 ], [ 98.528860393783503, 3.612261620105246 ], [ 98.528827856361076, 3.612292670535988 ], [ 98.528770171150725, 3.612347852532944 ], [ 98.528733187963937, 3.612383195590353 ], [ 98.52867994851168, 3.612434064304999 ], [ 98.528638313518172, 3.612473720524865 ], [ 98.528589725949459, 3.612520094432372 ], [ 98.528543965147165, 3.612564245720833 ], [ 98.528499502824715, 3.612607181748266 ], [ 98.528450235340159, 3.612654771226632 ], [ 98.528409279646354, 3.612694339776354 ], [ 98.528356297492252, 3.612745296611687 ], [ 98.528319056645131, 3.612781121550519 ], [ 98.528262366537135, 3.612835821987965 ], [ 98.52822883350683, 3.612868135739302 ], [ 98.528168459811511, 3.612926347364504 ], [ 98.528138610365914, 3.612955121860941 ], [ 98.528075062668663, 3.61301687299443 ], [ 98.528048386841647, 3.613042816886198 ], [ 98.527982146413649, 3.613107398862949 ], [ 98.527958163160733, 3.613130781647119 ], [ 98.527889111865136, 3.613197924657612 ], [ 98.527867939495636, 3.613218682336684 ], [ 98.527797014114213, 3.613288450928984 ], [ 98.527777715228524, 3.613307713962956 ], [ 98.527705812150316, 3.613378977655979 ], [ 98.527687490675589, 3.613397264415207 ], [ 98.52761459574954, 3.613469504363692 ], [ 98.527597266112394, 3.6134868005123 ], [ 98.527523365043621, 3.613560031052182 ], [ 98.527507041538883, 3.613576322389434 ], [ 98.527432120193239, 3.613650557721532 ], [ 98.527416816954997, 3.613665830210743 ], [ 98.527340859944616, 3.613741084371082 ], [ 98.527326592368851, 3.613755308262198 ], [ 98.52724957084672, 3.613831610993792 ], [ 98.527236367806879, 3.613844705515011 ], [ 98.527158205677964, 3.613922137564976 ], [ 98.527146143228322, 3.613934100710762 ], [ 98.527066837400398, 3.614012664122747 ], [ 98.527055918633721, 3.614023492854988 ], [ 98.526975517481645, 3.614103190694016 ], [ 98.526965693996544, 3.614112933116068 ], [ 98.526884255374654, 3.614193717283741 ] ], [ [ 98.493881092341084, 3.636819316236912 ], [ 98.493857690919285, 3.636850025459197 ], [ 98.493767520223727, 3.63683312546185 ], [ 98.493761085825341, 3.636819248669836 ], [ 98.49371907762432, 3.636728651193311 ], [ 98.493677448484704, 3.63663887118048 ], [ 98.493677069443237, 3.636638053715826 ], [ 98.493635061083623, 3.636547456237268 ], [ 98.493593052389784, 3.636456858757552 ], [ 98.493587376778834, 3.636444618451658 ], [ 98.493551044032429, 3.636366261277054 ], [ 98.493509035892032, 3.636275663795707 ], [ 98.493497305107624, 3.636250364590678 ], [ 98.493467027537676, 3.636185066313269 ], [ 98.493425019248278, 3.636094468829897 ], [ 98.493407225659666, 3.63607010527711 ], [ 98.49334464602461, 3.636003849730313 ], [ 98.493317093770756, 3.635983848396371 ], [ 98.493226950276352, 3.635918409450674 ], [ 98.493219781819946, 3.635913205553482 ], [ 98.493136806795576, 3.635852970442429 ], [ 98.493094917605248, 3.635822561362613 ], [ 98.493046663328343, 3.635787531537364 ], [ 98.492956496157518, 3.635764552659543 ], [ 98.492866319431997, 3.63575868641242 ], [ 98.492776142708664, 3.635752820570489 ], [ 98.492685965987988, 3.635746954307729 ], [ 98.49259577663328, 3.635763694498223 ], [ 98.492505584781711, 3.635784896898007 ], [ 98.492415392672967, 3.635806553814696 ], [ 98.492385817543052, 3.635822161375771 ], [ 98.492325187974643, 3.635850715191781 ], [ 98.492251379848284, 3.635822085479545 ], [ 98.492246868536, 3.635731509130003 ], [ 98.492240969546003, 3.635640931996897 ], [ 98.492240521105145, 3.635550357941082 ], [ 98.492235184677554, 3.635534810593515 ], [ 98.492201633943679, 3.635459762182656 ], [ 98.492145062585081, 3.635431352625832 ], [ 98.492076315307557, 3.635369117615852 ], [ 98.492054928280893, 3.635349756529234 ], [ 98.491976201435222, 3.635278487271988 ], [ 98.491964793993162, 3.635268160425737 ], [ 98.491876087212106, 3.635187856919404 ], [ 98.491874659721674, 3.635186564656275 ], [ 98.491787554387287, 3.635097233102146 ], [ 98.49178453227303, 3.635092809529153 ], [ 98.491730338573475, 3.635006626975438 ], [ 98.491694418646304, 3.634974398872155 ], [ 98.491645973004708, 3.634916005503141 ], [ 98.491604297342761, 3.634869738952033 ], [ 98.491514131901752, 3.6348439293295 ], [ 98.491423933119094, 3.634877656129665 ], [ 98.491333732025893, 3.634915497122102 ], [ 98.491332942033679, 3.634915828538091 ], [ 98.491243528369466, 3.634957900957111 ], [ 98.491176779175177, 3.635006314003178 ], [ 98.491153311715408, 3.635023482900911 ], [ 98.491063094812873, 3.635089485948694 ], [ 98.491053073210978, 3.635096817802615 ], [ 98.490981422602644, 3.635187351042815 ], [ 98.490972847145613, 3.635210337444595 ], [ 98.490947639685004, 3.635277905708498 ], [ 98.490913856688749, 3.635368460371741 ], [ 98.490882531462276, 3.635452426868523 ], [ 98.490880073627721, 3.63545901503255 ], [ 98.490846290681034, 3.635549569691026 ], [ 98.490834479307708, 3.635640136786973 ], [ 98.490870485893112, 3.63573073095528 ], [ 98.490882366184209, 3.635747124510952 ], [ 98.490925280328312, 3.635821335758879 ], [ 98.490972457918886, 3.635904475982268 ], [ 98.490979161845431, 3.635911940043741 ], [ 98.490985081437685, 3.636002517178819 ], [ 98.490972357656645, 3.636083259884844 ], [ 98.490970809706198, 3.636093082884034 ], [ 98.490972348153534, 3.636100205040329 ], [ 98.490994136161987, 3.636183669872606 ], [ 98.490972270415398, 3.636238818053897 ], [ 98.490958232546831, 3.636274223331164 ], [ 98.490882032429539, 3.636342149660555 ], [ 98.490791846742624, 3.636352229899162 ], [ 98.49070166284487, 3.636359120464213 ], [ 98.49063167997349, 3.636364612179769 ], [ 98.490611478842382, 3.636366197400129 ], [ 98.490521294839752, 3.636373274341685 ], [ 98.490431111388119, 3.636379369608833 ], [ 98.490340928124922, 3.636385129391046 ], [ 98.490250744875667, 3.636390864591373 ], [ 98.490160561608121, 3.636396632517682 ], [ 98.490070378348619, 3.636402386337709 ], [ 98.489980195085394, 3.636408147000295 ], [ 98.48989001165404, 3.636414206975924 ], [ 98.489799828007023, 3.636420650669292 ], [ 98.48970964418757, 3.636427401006427 ], [ 98.489619460367948, 3.636434151493454 ], [ 98.489529276548438, 3.636440901611935 ], [ 98.489439092728702, 3.636447652016679 ], [ 98.489348908908838, 3.636454402475995 ], [ 98.489348168317562, 3.636454457907385 ], [ 98.48925872508913, 3.636461152502955 ], [ 98.489168541269109, 3.636467902943796 ], [ 98.489078357922978, 3.636473811437528 ], [ 98.488988175569162, 3.636477957740918 ], [ 98.488897993294884, 3.636481963610946 ], [ 98.488807811130272, 3.636485775580093 ], [ 98.488717628976104, 3.636489569893281 ], [ 98.48862744575527, 3.636495258188271 ], [ 98.488537261845238, 3.636502169637136 ], [ 98.488447077125002, 3.636510518280283 ], [ 98.48835689229378, 3.636519063049009 ], [ 98.488266708104248, 3.63652646902427 ], [ 98.488176524621494, 3.636532621395139 ], [ 98.48808634113901, 3.636538773358087 ], [ 98.488010429739887, 3.636544270888669 ], [ 98.487996157433017, 3.636545321570596 ], [ 98.48790597341727, 3.636552418612855 ], [ 98.487815790348819, 3.636557836920387 ], [ 98.487725607315923, 3.636563192533836 ], [ 98.487635423917794, 3.636569195457629 ], [ 98.487545241269814, 3.636573870033759 ], [ 98.487455058470786, 3.636578812605772 ], [ 98.487364875881681, 3.636583384067678 ], [ 98.487312045014392, 3.636543872922834 ], [ 98.487281118778853, 3.636453281556262 ], [ 98.487274783677734, 3.636427969799331 ], [ 98.487258446403473, 3.63636269489618 ], [ 98.487235774442865, 3.636272108236225 ], [ 98.487213102346416, 3.636181521576078 ], [ 98.487190430061403, 3.636090934915714 ], [ 98.48718480681238, 3.636068467334903 ], [ 98.487167757779716, 3.636000348255238 ], [ 98.487145085696753, 3.635909761594766 ], [ 98.487122413533271, 3.635819174934136 ], [ 98.487099741373115, 3.635728588273397 ], [ 98.487094829999521, 3.635708964868748 ], [ 98.487077069216284, 3.635638001612548 ], [ 98.487054397062792, 3.635547414951589 ], [ 98.487031724912626, 3.635456828290522 ], [ 98.487009052765799, 3.635366241629345 ], [ 98.487004853239142, 3.63534946240087 ], [ 98.486986380531434, 3.635275654968006 ], [ 98.486963708279745, 3.635185068306548 ], [ 98.486941036160061, 3.635094481645055 ], [ 98.486918364263261, 3.635003894983575 ], [ 98.486914876531387, 3.634989959659888 ], [ 98.48689569233548, 3.634913308321968 ], [ 98.486873020428177, 3.634822721660262 ], [ 98.486850348399031, 3.634732134998376 ], [ 98.486827676167323, 3.634641548336263 ], [ 98.48682489987678, 3.634630455695829 ], [ 98.48680500403681, 3.634550961674096 ], [ 98.486782331947111, 3.634460375011843 ], [ 98.48675972960821, 3.634369788389271 ], [ 98.48673712352759, 3.634279201764456 ], [ 98.486734923643752, 3.634270298662715 ], [ 98.486714742341903, 3.634188615267841 ], [ 98.486693401055319, 3.634098029364416 ], [ 98.48667712196, 3.634007446349085 ], [ 98.486670911412347, 3.633916869078193 ], [ 98.486664701306395, 3.633826291807508 ], [ 98.48665849088222, 3.63373571453659 ], [ 98.486652280854713, 3.633645137265852 ], [ 98.486646070351981, 3.633554559994796 ], [ 98.486645155981506, 3.633541223213298 ], [ 98.486639860369422, 3.633463982723988 ], [ 98.486633649894316, 3.633373405452854 ], [ 98.486627439838983, 3.633282828181907 ], [ 98.486621229442321, 3.633192250910722 ], [ 98.486608623430953, 3.633101669990999 ], [ 98.486606342329864, 3.633011094961275 ], [ 98.48657627619086, 3.632920504081095 ], [ 98.486555373443338, 3.632838579921384 ], [ 98.486553248036429, 3.632829917215707 ], [ 98.486532905789304, 3.632739331882509 ], [ 98.486491324925098, 3.632648734432221 ], [ 98.486465316021494, 3.632622394012929 ], [ 98.486391739021116, 3.632558103883647 ], [ 98.486375193703594, 3.632521069515379 ], [ 98.486363203014577, 3.632467513873722 ], [ 98.486342153660786, 3.632376928135835 ], [ 98.486322552837663, 3.632286343224494 ], [ 98.486304878476204, 3.632195759412469 ], [ 98.48628524744062, 3.632108389633913 ], [ 98.486284488654505, 3.632105174050777 ], [ 98.486268053652637, 3.632014590945962 ], [ 98.486246934393478, 3.631924005167891 ], [ 98.486195220699884, 3.631838146245151 ], [ 98.486192361341864, 3.63183340029711 ], [ 98.486195225941771, 3.63182887539293 ], [ 98.486219710776496, 3.631742842180504 ], [ 98.486285489703732, 3.63167985218688 ], [ 98.486313845676975, 3.631652322170497 ], [ 98.486375718276193, 3.631593035852105 ], [ 98.48640831439063, 3.631561802338225 ], [ 98.486465946628215, 3.631506579265942 ], [ 98.486502783153711, 3.631471282493217 ], [ 98.486556174963269, 3.631420122565728 ], [ 98.486597251986765, 3.631380762635482 ], [ 98.486646403281199, 3.631333665945685 ], [ 98.486691720801133, 3.631290242764974 ], [ 98.48673663158209, 3.631247209313988 ], [ 98.486786189596813, 3.63119972288169 ], [ 98.486826859865985, 3.631160752569257 ], [ 98.486880658274686, 3.631109202985577 ], [ 98.486917088132756, 3.631074295924826 ], [ 98.48697512688662, 3.631018683076663 ], [ 98.487007316382574, 3.630987839113496 ], [ 98.487069595626224, 3.630928163155062 ], [ 98.487097544615253, 3.63090138243519 ], [ 98.487164064347141, 3.630837643220689 ], [ 98.487187772830879, 3.630814925745235 ], [ 98.487258533049356, 3.630747123273543 ], [ 98.487278001029495, 3.630728468995101 ], [ 98.48735300169146, 3.630656603313606 ], [ 98.487368229218774, 3.630641998538556 ], [ 98.487425573488565, 3.630566070878202 ], [ 98.487458488558431, 3.630500249196237 ], [ 98.487470765929217, 3.630475522853454 ], [ 98.487514785399625, 3.630384974157517 ], [ 98.487548772745512, 3.630314366889375 ], [ 98.487558371859961, 3.630294425211629 ], [ 98.487601958618384, 3.63020387626239 ], [ 98.487639057838081, 3.6301268050886 ], [ 98.487645545555367, 3.630113327309737 ], [ 98.487689132554806, 3.630022778353597 ], [ 98.487729342888898, 3.629939243827142 ], [ 98.48773278937422, 3.629932229433644 ], [ 98.487783034491528, 3.629841684256674 ], [ 98.487819611546897, 3.629780710100551 ], [ 98.487837349201072, 3.629751141389216 ], [ 98.487891663825224, 3.629660598516719 ], [ 98.487909875629853, 3.629630239321438 ], [ 98.487945978549661, 3.629570055639294 ], [ 98.488000139680707, 3.629479768529417 ], [ 98.488000293112719, 3.629479512756788 ], [ 98.488054607851765, 3.629388969869396 ], [ 98.488090403699388, 3.629329297828611 ], [ 98.488108922391575, 3.6292984269769 ], [ 98.488163237107372, 3.629207884079519 ], [ 98.488180667685967, 3.629178827114012 ], [ 98.488217551623919, 3.629117341177041 ], [ 98.488270931640443, 3.629028356380233 ], [ 98.488271866316467, 3.629026798269674 ], [ 98.488326180809779, 3.628936255357209 ], [ 98.488361195562874, 3.628877885532167 ], [ 98.488380495479078, 3.628845712439856 ], [ 98.488434809949126, 3.628755169517405 ], [ 98.488451459453202, 3.62872741467031 ], [ 98.488489124595191, 3.628664626590069 ], [ 98.488541723311414, 3.62857694380456 ], [ 98.48854343904199, 3.628574083657636 ], [ 98.488597753664806, 3.628483540720316 ], [ 98.488631987137481, 3.628426473021022 ], [ 98.488652068088371, 3.6283929977779 ], [ 98.488706382654954, 3.628302454830579 ], [ 98.48872225093146, 3.6282760022237 ], [ 98.488760773558411, 3.628211911921582 ], [ 98.488812512867099, 3.628128781161232 ], [ 98.488817145338132, 3.628121370131229 ], [ 98.488867050915729, 3.628030824668151 ], [ 98.488902787790011, 3.627958388596105 ], [ 98.488911723657679, 3.627940276233151 ], [ 98.488956396206618, 3.627849727794389 ], [ 98.488993051938593, 3.627807111421192 ], [ 98.489055948848858, 3.627759210466312 ], [ 98.48908326955447, 3.627738634883575 ], [ 98.489173486857965, 3.627670691448912 ], [ 98.489176124777529, 3.627668704813225 ], [ 98.489263702589568, 3.627605525017966 ], [ 98.489303614984721, 3.62757820328498 ], [ 98.489353916335688, 3.62754387414561 ], [ 98.489431323269088, 3.627487701858469 ], [ 98.48944413237308, 3.62747811959145 ], [ 98.48953434745377, 3.627414048055978 ], [ 98.489562626816323, 3.627397202446101 ], [ 98.489624556605676, 3.627360524209877 ], [ 98.489714765693165, 3.627307097786596 ], [ 98.489715404406297, 3.627306715167848 ], [ 98.48980497516078, 3.627252976015066 ], [ 98.489867108343816, 3.627216227251608 ], [ 98.489895184188185, 3.627199621749183 ], [ 98.489985393205842, 3.62714626747271 ], [ 98.490018009009603, 3.627125738850938 ], [ 98.490075604814848, 3.6270882717572 ], [ 98.490155839688498, 3.627035243028452 ], [ 98.49016581732495, 3.627028648620893 ], [ 98.490256029823968, 3.626969025420007 ], [ 98.490290620627192, 3.626944745456446 ], [ 98.49034624509865, 3.626904426592043 ], [ 98.490414983561138, 3.62685424197137 ], [ 98.49043646106071, 3.626838578462771 ], [ 98.490526676860426, 3.626772998057157 ], [ 98.490541149874829, 3.626763739484596 ], [ 98.49061689052202, 3.626711215242894 ], [ 98.49067523365251, 3.626673241449491 ], [ 98.490707110251705, 3.626638568987506 ], [ 98.490750399645691, 3.626582710112223 ], [ 98.49079735644267, 3.626518605987063 ], [ 98.490815048602329, 3.626492172826724 ], [ 98.490848338457553, 3.626401617825977 ], [ 98.490868787067839, 3.62631105557172 ], [ 98.490887675265228, 3.62626876041323 ], [ 98.490916846882996, 3.626220508906443 ], [ 98.490977916531463, 3.626157487169361 ], [ 98.491009455368214, 3.626129987385942 ], [ 98.4910681395437, 3.626078818651258 ], [ 98.491111260964303, 3.626039471043808 ], [ 98.49115837788986, 3.625972694215762 ], [ 98.491169436529404, 3.625948930067971 ], [ 98.491211574014358, 3.625858380037472 ], [ 98.491248665341743, 3.625778673804091 ], [ 98.491253711507923, 3.625767830003647 ], [ 98.491295848845141, 3.625677279966404 ], [ 98.491337986318399, 3.625586729925908 ], [ 98.491338952750738, 3.625584653136505 ], [ 98.491380123705468, 3.625496179882032 ], [ 98.491422261083173, 3.625405629834821 ], [ 98.491429240116702, 3.625390632468117 ], [ 98.491464398541268, 3.625315079784326 ], [ 98.491506535852778, 3.625224529730418 ], [ 98.491519527439664, 3.625196611777163 ], [ 98.491548673259615, 3.625133979673235 ], [ 98.491590810678247, 3.62504342961273 ], [ 98.491609814719496, 3.625002591244589 ], [ 98.491632947978161, 3.624952879548828 ], [ 98.491675085340376, 3.624862329481634 ], [ 98.491700101956354, 3.624808570665704 ], [ 98.491717222730898, 3.624771779411124 ], [ 98.491759359965059, 3.624681229337201 ], [ 98.491790389150282, 3.624614549928823 ], [ 98.491801497336837, 3.624590679260024 ], [ 98.491843634638954, 3.624500129179481 ], [ 98.491880676301179, 3.624420529214898 ], [ 98.491885771905302, 3.624409579095589 ], [ 98.491927909249, 3.624319029008413 ], [ 98.491970046437814, 3.624228478917821 ], [ 98.49197096340913, 3.624226508409151 ], [ 98.492012183761275, 3.624137928823978 ], [ 98.492054321076864, 3.624047378726804 ], [ 98.49206125047391, 3.624032487890709 ], [ 98.492096458236091, 3.623956828626212 ], [ 98.49213859553295, 3.623866278522371 ], [ 98.492151537495872, 3.623838467047473 ], [ 98.492180732720982, 3.623775728415141 ], [ 98.492222869951576, 3.623685178304611 ], [ 98.49224182447476, 3.623644446331256 ], [ 98.492265007220354, 3.623594628190773 ], [ 98.492307144332756, 3.62350407807352 ], [ 98.492332111410718, 3.623450425502567 ], [ 98.492349281582804, 3.623413527953018 ], [ 98.492391418773039, 3.623322977829157 ], [ 98.492422398303631, 3.623256404742357 ], [ 98.49243355592597, 3.62323242770195 ], [ 98.492428464271484, 3.623141851008066 ], [ 98.492422469492709, 3.623128649346071 ], [ 98.492387317491065, 3.623051254033927 ], [ 98.492346314288056, 3.622960657139648 ], [ 98.492332401504783, 3.62292991692585 ], [ 98.492305310874244, 3.622870060244355 ], [ 98.492264307390414, 3.622779463348128 ], [ 98.49224233370289, 3.622730912594507 ], [ 98.492223303952315, 3.622688866451029 ], [ 98.492182300735152, 3.622598269553161 ], [ 98.492152265936326, 3.622531906863627 ], [ 98.492141297882881, 3.622507672654601 ], [ 98.492100294707186, 3.622417075754967 ], [ 98.492064756743403, 3.622326481929961 ], [ 98.492062214763806, 3.62230319740037 ], [ 98.492054868162327, 3.622235902538661 ], [ 98.492026658688317, 3.622145312837326 ], [ 98.491987612408792, 3.622054717036979 ], [ 98.491972194597494, 3.622018944999825 ], [ 98.49194856546022, 3.621964121235482 ], [ 98.491908887214066, 3.621873525077883 ], [ 98.491882131655956, 3.621811485977919 ], [ 98.491869755845414, 3.621782929227297 ], [ 98.491839386306935, 3.621692338307957 ], [ 98.491813327684369, 3.621601749814932 ], [ 98.491792111864427, 3.621526715360328 ], [ 98.491787714066845, 3.621511161572208 ], [ 98.491762100537812, 3.621420573329346 ], [ 98.491718706926989, 3.621329975076778 ], [ 98.491702057823929, 3.621303433975331 ], [ 98.491663436669086, 3.621239370136459 ], [ 98.491614167923714, 3.621148768573356 ], [ 98.491611967491394, 3.62114528326636 ], [ 98.491560066577989, 3.621058164287511 ], [ 98.491547004066931, 3.620967583109918 ], [ 98.491586763687266, 3.620877031675272 ], [ 98.49161212628411, 3.620860596784549 ], [ 98.491702337390365, 3.620802140170717 ], [ 98.491726417249666, 3.620786536471361 ], [ 98.491792548485762, 3.620743683595118 ], [ 98.491866070807419, 3.62069604124176 ], [ 98.49188275786635, 3.620688283811614 ], [ 98.491947719076848, 3.620605513354183 ], [ 98.491936570470401, 3.620514933253558 ], [ 98.491925102066688, 3.620424352973009 ], [ 98.491924971373308, 3.620333779071005 ], [ 98.491931098316272, 3.620243208689199 ], [ 98.491937467278063, 3.620152638443145 ], [ 98.491946917924523, 3.620062069930214 ], [ 98.491956122755866, 3.619971501278469 ], [ 98.491964282721597, 3.619880932038482 ], [ 98.491973418532098, 3.619823044501484 ], [ 98.491978664256649, 3.619790366297331 ], [ 98.492006551959648, 3.619699808151358 ], [ 98.492034439257196, 3.619609250003335 ], [ 98.492062326579372, 3.619518691853504 ], [ 98.492063769100227, 3.619514007586649 ], [ 98.492090213961575, 3.619428133701887 ], [ 98.492118101384563, 3.61933757554847 ], [ 98.492145988792217, 3.619247017393226 ], [ 98.492154110865783, 3.619220642706011 ], [ 98.492173876124582, 3.619156459236114 ], [ 98.492193243895301, 3.619065896288408 ], [ 98.492208984157159, 3.618975331300674 ], [ 98.49222545998461, 3.618884766725457 ], [ 98.492244514600827, 3.618815847816502 ], [ 98.492250095000173, 3.618794206734733 ], [ 98.492266953349969, 3.618703642372334 ], [ 98.492244599719669, 3.618662959252271 ], [ 98.492188313331084, 3.618613024340855 ], [ 98.492154491578319, 3.618536963296904 ], [ 98.492144803711213, 3.618522426050853 ], [ 98.492154509063667, 3.618505560192486 ], [ 98.492196907082487, 3.618431881498847 ], [ 98.492244774670269, 3.61834869644788 ], [ 98.492249009578771, 3.618341336941707 ], [ 98.492293948353606, 3.618250788354952 ], [ 98.492335047635692, 3.618178550281223 ], [ 98.492345879625489, 3.618160243692852 ], [ 98.492390639969983, 3.618069694998079 ], [ 98.492425308854067, 3.618029449342524 ], [ 98.492468625409117, 3.61797916496028 ], [ 98.492515547858801, 3.617920221696071 ], [ 98.492542334209489, 3.617888632511947 ], [ 98.492605783362436, 3.617817248865904 ], [ 98.492625798792872, 3.617798105532526 ], [ 98.492696016309907, 3.617718835446983 ], [ 98.492708269449679, 3.617707577984978 ], [ 98.492786242660245, 3.617632252510792 ], [ 98.49280069024978, 3.617617056011501 ], [ 98.492876469987408, 3.61754388165275 ], [ 98.492893578265154, 3.617526534287958 ], [ 98.492918502272758, 3.617435974423953 ], [ 98.492923470221427, 3.617345403362799 ], [ 98.492931081528781, 3.61725483378423 ], [ 98.492941415870618, 3.617164265732761 ], [ 98.492966899663401, 3.617091359321741 ], [ 98.492976364891561, 3.61707371148797 ], [ 98.493045532262627, 3.616983176432067 ], [ 98.493057143212908, 3.616973652923249 ], [ 98.493147363294113, 3.616898153146227 ], [ 98.49315388668208, 3.616892663341718 ], [ 98.493237583392798, 3.616822595703327 ], [ 98.49326002006832, 3.616802148990141 ], [ 98.493327809238252, 3.61673666198821 ], [ 98.493352867912222, 3.616711627177172 ], [ 98.493418037403657, 3.616646518751134 ], [ 98.493440804265859, 3.61662110259981 ], [ 98.493508278220673, 3.616533548365746 ], [ 98.493510808217508, 3.616530567964853 ], [ 98.493598505565345, 3.616444815351333 ], [ 98.493602491525181, 3.616440045465907 ], [ 98.493656470737307, 3.616349501839211 ], [ 98.493688764289274, 3.61629948950197 ], [ 98.493714455726391, 3.616258960450771 ], [ 98.493767937203259, 3.616168416535275 ], [ 98.493779025489289, 3.616149644080781 ], [ 98.493821418583707, 3.616077872614893 ], [ 98.49386928830414, 3.615996829208435 ], [ 98.493874899952715, 3.61598732868967 ], [ 98.493928381154703, 3.615896784759516 ], [ 98.49395955108686, 3.615844013567133 ], [ 98.493978305057169, 3.615806238833804 ], [ 98.494012137580484, 3.615715683899693 ], [ 98.494049836608923, 3.615650114679798 ], [ 98.494064196243841, 3.615625139160833 ], [ 98.494099794503683, 3.615534585208837 ], [ 98.494140128199319, 3.615445187833812 ], [ 98.494140769805654, 3.615444034262115 ], [ 98.494158993209751, 3.61535347058624 ], [ 98.494167933122725, 3.615262901716863 ], [ 98.494190748716633, 3.615172340607557 ], [ 98.494230480619208, 3.615130380730609 ], [ 98.494281438193369, 3.615081817452594 ], [ 98.494320716667417, 3.615025540757647 ], [ 98.494345541039536, 3.61499127942197 ], [ 98.494396726660881, 3.614900734163985 ], [ 98.494410980729128, 3.614870075884483 ], [ 98.494438822470215, 3.614810183820734 ], [ 98.494481117905778, 3.614719633585742 ], [ 98.494501266023519, 3.614676200121362 ], [ 98.494523111674312, 3.614629083178833 ], [ 98.494565094861173, 3.61453853276271 ], [ 98.49459155174803, 3.614481469910401 ], [ 98.494607078105489, 3.614447982343321 ], [ 98.49464906122644, 3.614357431920568 ], [ 98.494681837699858, 3.614286251079566 ], [ 98.494690154414471, 3.614266880997405 ], [ 98.494712897981373, 3.614176319821949 ], [ 98.494735641495595, 3.614085758645079 ], [ 98.494758385079834, 3.613995197466862 ], [ 98.494772207077062, 3.613940160339085 ], [ 98.494781128553967, 3.6139046362872 ], [ 98.494803872097137, 3.613814075106192 ], [ 98.494826615589602, 3.613723513923771 ], [ 98.494849359174111, 3.613632952740018 ], [ 98.494856264144559, 3.61354238271232 ], [ 98.494858952367764, 3.613451810330069 ], [ 98.494861640280291, 3.613361237947382 ], [ 98.494862725358047, 3.613324677056373 ], [ 98.494864328342786, 3.613270665564516 ], [ 98.494867016864973, 3.613180093181644 ], [ 98.494862812503456, 3.613167097185277 ], [ 98.494832617060126, 3.613089500094469 ], [ 98.49479197406437, 3.612998903521289 ], [ 98.494811428682027, 3.612908340498854 ], [ 98.49486299691867, 3.61283360733848 ], [ 98.49487390345169, 3.612817801488823 ], [ 98.494936378343922, 3.612727262472631 ], [ 98.494953282041081, 3.612639407012419 ], [ 98.494953706116192, 3.612636698256841 ], [ 98.494953309800849, 3.612589192863274 ], [ 98.494952950947322, 3.612546123949231 ], [ 98.494952026544112, 3.612455549547025 ], [ 98.494946097128263, 3.612364972351781 ], [ 98.494900288075087, 3.61227437290227 ], [ 98.494863346385571, 3.61220155887488 ], [ 98.494854322692191, 3.612183773364292 ], [ 98.494808316517648, 3.612093173802311 ], [ 98.494773266787817, 3.612024149702774 ], [ 98.494762310958166, 3.612002574239436 ], [ 98.494716304866557, 3.611911974675029 ], [ 98.494683187213084, 3.611846755704491 ], [ 98.494670299176931, 3.61182137510961 ], [ 98.494624293242666, 3.611730775542817 ], [ 98.494593107669203, 3.611669362722381 ], [ 98.494573135450679, 3.611640173098414 ], [ 98.494502977985505, 3.611582669840526 ], [ 98.494461569736828, 3.611549536920799 ], [ 98.494412840258761, 3.611510545894918 ], [ 98.494348295075838, 3.611458899777848 ], [ 98.494322702546796, 3.611438421798484 ], [ 98.494235020360335, 3.611368262623672 ], [ 98.494232564849426, 3.611366297838715 ], [ 98.494142427166835, 3.611294173701872 ], [ 98.494121745838058, 3.611277625458408 ], [ 98.494052289498853, 3.61122204969858 ], [ 98.494001545868215, 3.611186984411468 ], [ 98.493962144174773, 3.611163779694455 ], [ 98.493871974795411, 3.61114896984626 ], [ 98.49378180537893, 3.611134234489837 ], [ 98.493691635395649, 3.611120529746766 ], [ 98.493601465723444, 3.611106270676685 ], [ 98.493533876739718, 3.61109614904947 ], [ 98.493511295640573, 3.611092759894588 ], [ 98.493421125424092, 3.611079497204865 ], [ 98.493330955510061, 3.611065695891152 ], [ 98.493240785279681, 3.611052472210216 ], [ 98.493150615383271, 3.611038653236271 ], [ 98.4930604452111, 3.611025338563754 ], [ 98.492970275156495, 3.611011818908541 ], [ 98.492926794574942, 3.611005235392463 ], [ 98.492880105190196, 3.610998147137797 ], [ 98.492789935006741, 3.610984873753965 ], [ 98.492699765222198, 3.610970888550328 ], [ 98.492609590959816, 3.610964976728655 ], [ 98.492519413823601, 3.610964245086844 ], [ 98.49242923776562, 3.610961574406446 ], [ 98.492339061709259, 3.610958904019589 ], [ 98.492248884815183, 3.610957744786378 ], [ 98.492158710326905, 3.610952258376398 ], [ 98.492068538280989, 3.610942381280108 ], [ 98.491978363178802, 3.610938008533183 ], [ 98.491888170916624, 3.610964507002687 ], [ 98.49179798759171, 3.610974924779953 ], [ 98.491710428707464, 3.610913979516206 ], [ 98.491707845445632, 3.610911294836172 ], [ 98.491617716204232, 3.610824487276223 ], [ 98.491616676853482, 3.6108233530388 ], [ 98.491581459516354, 3.610732759422286 ], [ 98.491527628740059, 3.610662609871754 ], [ 98.491503208444556, 3.610642141640314 ], [ 98.491437505772424, 3.610564599273565 ], [ 98.491426427497245, 3.610551524679262 ], [ 98.491349959769806, 3.610460907889605 ], [ 98.491356164465955, 3.610370337534496 ], [ 98.491367638918547, 3.61027977013877 ], [ 98.4913791133676, 3.610189202742399 ], [ 98.49142271651948, 3.610098653388216 ], [ 98.491437773333658, 3.610083652919772 ], [ 98.491527989036825, 3.610014857413107 ], [ 98.491536793250972, 3.610008143598714 ], [ 98.491618204727004, 3.609946061780463 ], [ 98.491651481237284, 3.609917634134555 ], [ 98.491618232569834, 3.609895990375936 ], [ 98.491528065232714, 3.609877855129868 ], [ 98.491437912665717, 3.609833175357344 ], [ 98.491434735037359, 3.609826938610516 ], [ 98.491347782018948, 3.60974911197762 ], [ 98.491336191371659, 3.609736309430967 ], [ 98.491289680689391, 3.609645709468532 ], [ 98.491257673851266, 3.609624678794529 ], [ 98.491199628896155, 3.609555085047772 ], [ 98.491167556961969, 3.609515960189735 ], [ 98.491120757491174, 3.609464466901588 ], [ 98.49107744412224, 3.609400003163865 ], [ 98.491061484028961, 3.609373859761865 ], [ 98.490987325939429, 3.609293684310413 ], [ 98.490980903531906, 3.609283240647066 ], [ 98.490897203726433, 3.609194641135229 ], [ 98.490895535244476, 3.609192618836435 ], [ 98.490835067452295, 3.609102011015811 ], [ 98.490807091820315, 3.609077122383267 ], [ 98.490733948202859, 3.609011380341184 ], [ 98.490716959528896, 3.60899624841807 ], [ 98.490630531887874, 3.608920748366396 ], [ 98.490626826050999, 3.608917533694116 ], [ 98.490536692302655, 3.608839332881031 ], [ 98.490526086560948, 3.608830115803857 ], [ 98.490446558717778, 3.608760866879425 ], [ 98.490421968552582, 3.608739483416133 ], [ 98.490356425038499, 3.608682598601722 ], [ 98.490317746660736, 3.608648850960749 ], [ 98.490266291487245, 3.608604128872693 ], [ 98.490213616132209, 3.608558218547529 ], [ 98.490176158003706, 3.608525565973232 ], [ 98.490109694860706, 3.60846758624285 ], [ 98.490086024569052, 3.608446943693983 ], [ 98.49000587290881, 3.608376953984897 ], [ 98.489995891186993, 3.608368255466275 ], [ 98.489905754209829, 3.608296042064767 ], [ 98.489815744716083, 3.608286273126695 ], [ 98.489815582431405, 3.608286247904575 ], [ 98.489815493075895, 3.608286272985007 ], [ 98.489725391047003, 3.608311603138488 ], [ 98.489635199677366, 3.608336924999023 ], [ 98.489545008329813, 3.60836220041239 ], [ 98.48949342113265, 3.608376665401535 ], [ 98.489454817251186, 3.608386987235733 ], [ 98.489364634427901, 3.608396980592292 ], [ 98.489274459716739, 3.608392444976 ], [ 98.489184285087575, 3.608387766381526 ], [ 98.489094110359304, 3.608383269140976 ], [ 98.489003910361006, 3.608424006904576 ], [ 98.488913710322748, 3.608464803574458 ], [ 98.488909053537512, 3.608466909775458 ], [ 98.488823511868461, 3.608502753590464 ], [ 98.488733313201351, 3.608541072767086 ], [ 98.488695352602647, 3.608557363011553 ], [ 98.48864310051367, 3.608604456863623 ], [ 98.488552918892424, 3.608612266256856 ], [ 98.48846274864492, 3.60859973983774 ], [ 98.488372556522705, 3.608626323357345 ], [ 98.48830383299196, 3.608647715779989 ], [ 98.488282363561623, 3.608654398805258 ], [ 98.488192170596363, 3.608682473917229 ], [ 98.488101979140154, 3.608707845059927 ], [ 98.488011785476075, 3.608737153255886 ], [ 98.488006388571236, 3.608738121536939 ], [ 98.487921599812623, 3.608752164386089 ], [ 98.48783141283748, 3.608769514639239 ], [ 98.487741226458013, 3.608785797486902 ], [ 98.487651044771397, 3.608793700104631 ], [ 98.487560867421081, 3.608793863296633 ], [ 98.487470690698927, 3.608792907830373 ], [ 98.487380511815942, 3.608795809978363 ], [ 98.487290359384332, 3.608751530842503 ], [ 98.487264747819594, 3.608737702115281 ], [ 98.487200208955258, 3.608703697570924 ], [ 98.487110056809513, 3.608658943823068 ], [ 98.48705976541676, 3.60864701230087 ], [ 98.487019891801665, 3.608637139124619 ], [ 98.486929737614673, 3.608596055223088 ], [ 98.48683956044944, 3.608595941146646 ], [ 98.486749384604977, 3.608593475845849 ], [ 98.48665919955431, 3.608607415780483 ], [ 98.486569017021623, 3.608616867708626 ], [ 98.486478838003023, 3.608620059979403 ], [ 98.486394966586374, 3.60864663567878 ], [ 98.486388644728379, 3.608648638837559 ], [ 98.486298456379032, 3.608668440964739 ], [ 98.486208264911014, 3.608693789611145 ], [ 98.486118063632091, 3.60873659189731 ], [ 98.48611710182881, 3.608737051888038 ], [ 98.486027880391262, 3.608747284513086 ], [ 98.485937703740973, 3.608746250587185 ], [ 98.485847528306323, 3.608743056973525 ], [ 98.485776039564314, 3.608736858370562 ], [ 98.485757356026454, 3.608734256149404 ], [ 98.485667182561357, 3.608727568145118 ], [ 98.485577020151183, 3.608701230883269 ], [ 98.485486855065972, 3.608679659913843 ], [ 98.485396687124151, 3.608663175503802 ], [ 98.485319044201589, 3.608646025113252 ], [ 98.485306524123985, 3.608637918080217 ], [ 98.48521637313732, 3.60859132787464 ], [ 98.485126214641383, 3.60855809477158 ], [ 98.485117189534193, 3.608555336666358 ], [ 98.48503606281065, 3.608513037466244 ], [ 98.484945912086161, 3.608466033170123 ], [ 98.484943286254421, 3.608464664069753 ], [ 98.48485576137189, 3.608419028866316 ], [ 98.484765600944726, 3.60838928494683 ], [ 98.484675425114418, 3.608386892390228 ], [ 98.484585237374404, 3.60840563754154 ], [ 98.484495049316649, 3.608424942049411 ], [ 98.484404872702356, 3.608423942062287 ], [ 98.484314703145827, 3.608410426826024 ], [ 98.484224522584768, 3.608416433103844 ], [ 98.484151071167204, 3.608464213379949 ], [ 98.484134317236581, 3.608466387028268 ], [ 98.484044136135196, 3.608473343676482 ], [ 98.483973448097217, 3.608464112235429 ], [ 98.483953972114435, 3.60845002708243 ], [ 98.483863831729153, 3.608384836640903 ], [ 98.483848110720146, 3.608373467104982 ], [ 98.483773691357044, 3.608319646731933 ], [ 98.483722772961087, 3.608282821960367 ], [ 98.483683550998748, 3.608254456180884 ], [ 98.483593400678799, 3.608206934158896 ], [ 98.483556177253902, 3.608192153287801 ], [ 98.48350324375015, 3.608171134173632 ], [ 98.483413086829614, 3.608135334180385 ], [ 98.483322914289801, 3.608127200566636 ], [ 98.483250465893605, 3.608101405266023 ], [ 98.483232755427522, 3.608094861866717 ], [ 98.483153528865301, 3.608101349980322 ], [ 98.483142574190055, 3.608102135407487 ], [ 98.483052393553308, 3.608108345677754 ], [ 98.482962203529311, 3.608131163350126 ], [ 98.482872024891563, 3.60813383502235 ], [ 98.482822942305887, 3.608101161360246 ], [ 98.482872065060619, 3.608062782515297 ], [ 98.482902817155349, 3.608010633219383 ], [ 98.482919592856945, 3.607920069066272 ], [ 98.482915262217233, 3.60782949286917 ], [ 98.482920700954807, 3.607738922246248 ], [ 98.482933414738724, 3.607648355773773 ], [ 98.482954813477889, 3.607557794255505 ], [ 98.482962545209958, 3.607526635097992 ], [ 98.482977905634996, 3.607467233701994 ], [ 98.483000215320317, 3.607376672700707 ], [ 98.483032339790554, 3.607286117296316 ], [ 98.483052901320733, 3.607209764363708 ], [ 98.483056727158711, 3.607195557476917 ], [ 98.483052920055911, 3.607176604919644 ], [ 98.483036356959204, 3.607104972129523 ], [ 98.483012850007356, 3.607014384992988 ], [ 98.482989343058961, 3.606923797856336 ], [ 98.482965836576724, 3.606833210719831 ], [ 98.482962943363844, 3.606822061279229 ], [ 98.482932461831567, 3.606742617954308 ], [ 98.482872834238108, 3.606701961021728 ], [ 98.482782677342499, 3.606666418034656 ], [ 98.482748540437342, 3.606651939299165 ], [ 98.482692522478317, 3.606627295858345 ], [ 98.482602366644869, 3.60658990347737 ], [ 98.482517888079414, 3.606561233937144 ], [ 98.482512207181685, 3.606558944683909 ], [ 98.482422051149399, 3.606521932615379 ], [ 98.482331895417431, 3.606484404407301 ], [ 98.482292807235112, 3.606470531704592 ], [ 98.482241737953601, 3.606449952216163 ], [ 98.482208838575119, 3.606470483748511 ], [ 98.482155770761892, 3.606561027154322 ], [ 98.482151489540797, 3.606576235608689 ], [ 98.482130303553504, 3.606651586323433 ], [ 98.482107695815571, 3.606742147124599 ], [ 98.482091073065646, 3.606832711343931 ], [ 98.482071513969586, 3.606923273884518 ], [ 98.482061235372612, 3.607013841726996 ], [ 98.482061064039684, 3.607015330533114 ], [ 98.482050700397693, 3.607104409422381 ], [ 98.482035238962879, 3.607194974301847 ], [ 98.481970780604897, 3.607203312466038 ], [ 98.481959258658094, 3.607194930878138 ], [ 98.481880641508326, 3.607136340038247 ], [ 98.48183022094473, 3.607104283404907 ], [ 98.481790499773226, 3.607074050670113 ], [ 98.481700350165283, 3.607025682616578 ], [ 98.481669938983359, 3.607013618050472 ], [ 98.481610200776132, 3.606976946804332 ], [ 98.48152004864852, 3.606933062395639 ], [ 98.481484539151069, 3.606922938304132 ], [ 98.481429893046879, 3.606895324915246 ], [ 98.481339747641485, 3.606839613960361 ], [ 98.481309813222779, 3.606832264632808 ], [ 98.481249585886474, 3.606812763557758 ], [ 98.481159417434313, 3.6067977359145 ], [ 98.481069238886093, 3.606800518377622 ], [ 98.480979067323261, 3.60679098674686 ], [ 98.48088889576357, 3.606781455107398 ], [ 98.480798724207048, 3.606771923459235 ], [ 98.480708551106417, 3.606765118264209 ], [ 98.480618360684986, 3.606788833652205 ], [ 98.480558895295246, 3.606831834636063 ], [ 98.480528148742678, 3.606850451381405 ], [ 98.480437950394034, 3.606888108663672 ], [ 98.480353991413921, 3.60692229088568 ], [ 98.480347752507583, 3.606924940866606 ], [ 98.480257552980916, 3.606964649802884 ], [ 98.480167352942914, 3.607005246792812 ], [ 98.480151310979039, 3.607012748358124 ], [ 98.480077151669661, 3.607048005362117 ], [ 98.479986949449156, 3.607092417544591 ], [ 98.479964878494442, 3.607103215101522 ], [ 98.479896747382043, 3.607136546212773 ], [ 98.479806546471764, 3.607178626595999 ], [ 98.47974748996802, 3.607103090350825 ], [ 98.479743153890553, 3.607012514179723 ], [ 98.479739045690408, 3.606921938139341 ], [ 98.479736305486654, 3.606831362884039 ], [ 98.47972822184272, 3.606740784561808 ], [ 98.479722433978068, 3.606650207557192 ], [ 98.479729878387829, 3.606559638146807 ], [ 98.47972274539778, 3.60646906037001 ], [ 98.479716784826692, 3.606448146838698 ], [ 98.479700689206211, 3.606378474028618 ], [ 98.479688450513123, 3.606287893321623 ], [ 98.479670790862528, 3.606197309503444 ], [ 98.47966247376867, 3.606106731047146 ], [ 98.479642056394908, 3.60601614564626 ], [ 98.479626892455229, 3.605947710063496 ], [ 98.479622519879229, 3.605925560750875 ], [ 98.479591614862201, 3.605834969330551 ], [ 98.479576132868772, 3.605744386762124 ], [ 98.479536878825741, 3.605660641036371 ], [ 98.479532995136523, 3.605653788320069 ], [ 98.479446745207213, 3.605584648782758 ], [ 98.479412899735209, 3.605563145698447 ], [ 98.479356600956038, 3.605527377322893 ], [ 98.479270209456658, 3.605472490089384 ], [ 98.479266456716928, 3.605470105855636 ], [ 98.479176312489827, 3.605412834456698 ], [ 98.479086141117293, 3.605403287150839 ], [ 98.478995934198835, 3.605456198945772 ], [ 98.478968455539047, 3.605472316757371 ], [ 98.478905726373668, 3.60551068665885 ], [ 98.478839336694207, 3.605562816231221 ], [ 98.478815511377476, 3.60557775144406 ], [ 98.478725313824526, 3.605614164181995 ], [ 98.478635119617437, 3.605644692095488 ], [ 98.478610679867302, 3.605653258453446 ], [ 98.478544924741087, 3.605676386205893 ], [ 98.47845473009184, 3.605707672766353 ], [ 98.478364536595009, 3.605736928351553 ], [ 98.478274364402481, 3.605728799715359 ], [ 98.478184197136727, 3.605712034017686 ], [ 98.478094009830826, 3.605730422831852 ], [ 98.478045848243113, 3.605743507157232 ], [ 98.478003819035834, 3.605754925520261 ], [ 98.477913628237175, 3.605779428265345 ], [ 98.477823437434807, 3.605803931152685 ], [ 98.477733246628972, 3.605828433754112 ], [ 98.477712564193936, 3.605833888899273 ], [ 98.477643056750864, 3.605851304390623 ], [ 98.477552864559399, 3.605878222061178 ], [ 98.477462667432363, 3.605913777576828 ], [ 98.47744055436236, 3.605924305825793 ], [ 98.477372467055559, 3.605955013959874 ], [ 98.477282296206383, 3.60594453633114 ], [ 98.477192129988737, 3.605925956236563 ], [ 98.477183988571298, 3.605924157920781 ], [ 98.477101964867657, 3.605905465314744 ], [ 98.477011800377994, 3.605883878580016 ], [ 98.476921635893717, 3.605862291991379 ], [ 98.4768314713682, 3.605840787100294 ], [ 98.476795454946355, 3.605833360158536 ], [ 98.476741305071059, 3.605822390744079 ], [ 98.476651138774884, 3.605804001199244 ], [ 98.476560972620945, 3.605785371451861 ], [ 98.476470807339254, 3.605765225289542 ], [ 98.476380640887612, 3.605747133357719 ], [ 98.476353933772018, 3.605742531641646 ], [ 98.476290474097979, 3.605729640553584 ], [ 98.476200310994557, 3.60570571441863 ], [ 98.476110146255209, 3.605684656900569 ], [ 98.476019979315822, 3.605667451972634 ], [ 98.475957200081737, 3.605651728807517 ], [ 98.475929816163472, 3.605643640705704 ], [ 98.475839653450777, 3.605619072010637 ], [ 98.475764779456455, 3.605561043953371 ], [ 98.47576574567465, 3.605470470883896 ], [ 98.475749608129959, 3.605389539530249 ], [ 98.475748012584802, 3.605379887003992 ], [ 98.475703541925682, 3.605289287666063 ], [ 98.475659537451691, 3.605204345648153 ], [ 98.47565573289873, 3.605198686396852 ], [ 98.475584480861272, 3.605108071570578 ], [ 98.475569434019405, 3.605076386334031 ], [ 98.475553280522234, 3.605017479902381 ], [ 98.475569486465702, 3.604984831185335 ], [ 98.475595207184099, 3.604926930519882 ], [ 98.475630398846732, 3.604836377240164 ], [ 98.475659791515582, 3.604760745787801 ], [ 98.475665590608799, 3.604745823957943 ], [ 98.475700782155059, 3.604655270673034 ], [ 98.475735973693247, 3.604564717385562 ], [ 98.475750101264225, 3.604528364947083 ], [ 98.475771165223378, 3.60447416409552 ], [ 98.475806356745437, 3.604383610802916 ], [ 98.475840410959862, 3.604295983958647 ], [ 98.475841548259439, 3.604293057507745 ], [ 98.475876739765383, 3.60420250421001 ], [ 98.475911931327332, 3.604111950909746 ], [ 98.475930720602136, 3.604063603377187 ], [ 98.475947123005128, 3.604021397606987 ], [ 98.475952780942478, 3.603930827241645 ], [ 98.475940625822446, 3.603840246586199 ], [ 98.475942326607381, 3.60374967393465 ], [ 98.475992950215144, 3.603659129540739 ], [ 98.476021157517167, 3.603608678208945 ], [ 98.476040991699179, 3.603568583651171 ], [ 98.476028031688912, 3.603478002530791 ], [ 98.476021246780093, 3.603452653074545 ], [ 98.476003785497866, 3.603387414892511 ], [ 98.475979539326886, 3.603296827254117 ], [ 98.475955292941052, 3.60320623961547 ], [ 98.475931262571891, 3.603116458220982 ], [ 98.475931046777248, 3.603115651976826 ], [ 98.475910219480724, 3.603025066312676 ], [ 98.475904462094064, 3.602934489352315 ], [ 98.475908207033029, 3.6028439178799 ], [ 98.475911952203845, 3.602753346407317 ], [ 98.475931487225694, 3.602723780211888 ], [ 98.475970307517557, 3.60266280647016 ], [ 98.476021742725948, 3.602585651707744 ], [ 98.476030428351763, 3.602572267546727 ], [ 98.476039836615868, 3.602481699340694 ], [ 98.476046833711408, 3.602391129742118 ], [ 98.476052981143795, 3.602300559652603 ], [ 98.476097657277393, 3.602210011803338 ], [ 98.476112153116972, 3.602176595952095 ], [ 98.476132298232173, 3.602119458158406 ], [ 98.476140430521681, 3.602028889211844 ], [ 98.476115698855168, 3.601938301297484 ], [ 98.476112293673765, 3.601930769111708 ], [ 98.476074741269301, 3.601847704017611 ], [ 98.476033783690497, 3.601757106736897 ], [ 98.476022231173829, 3.601731552816279 ], [ 98.47599282611877, 3.601666509455344 ], [ 98.475951868598017, 3.601575912172976 ], [ 98.475932168708198, 3.601532336303586 ], [ 98.475910911149853, 3.601485314889806 ], [ 98.475869953646679, 3.601394717605761 ], [ 98.47584210627673, 3.601333119769972 ], [ 98.475828996074014, 3.601304120320832 ], [ 98.475795321228048, 3.601213527240148 ], [ 98.475775035329164, 3.601122941890016 ], [ 98.475752092922605, 3.601048165109156 ], [ 98.475747245703602, 3.601032352207023 ], [ 98.475718501522863, 3.600941761972603 ], [ 98.475678982116619, 3.600851165515597 ], [ 98.475662051280793, 3.600812736747841 ], [ 98.475639067291652, 3.600760568829478 ], [ 98.475599152532624, 3.600669972142618 ], [ 98.475571994420051, 3.600603976708864 ], [ 98.475561566363567, 3.600579376799876 ], [ 98.47553606552718, 3.600488788436714 ], [ 98.475510677545955, 3.600398200138577 ], [ 98.475485289568553, 3.60030761184029 ], [ 98.475481994448572, 3.600295854332719 ], [ 98.475459901594974, 3.600217023541847 ], [ 98.475434513625203, 3.600126435243254 ], [ 98.47539196035946, 3.600047435536368 ], [ 98.475377259462334, 3.600035828536783 ], [ 98.475301816132628, 3.599991530634441 ], [ 98.475239078833894, 3.599945175071504 ], [ 98.475211678089977, 3.599924842726212 ], [ 98.475121528494299, 3.599878358525499 ], [ 98.475031345031354, 3.5998910382487 ], [ 98.474941148532523, 3.59992647768496 ], [ 98.474850971677824, 3.599927612590379 ], [ 98.474760794824135, 3.59992874765349 ], [ 98.474670617971654, 3.599929882489235 ], [ 98.47458044112021, 3.599931017357073 ], [ 98.474490264269903, 3.599932152171304 ], [ 98.47440008742052, 3.599933287212624 ], [ 98.474309910572345, 3.599934422042882 ], [ 98.474284680355282, 3.599944623107143 ], [ 98.474219698077093, 3.599997715392114 ], [ 98.47418384189136, 3.600035138345998 ], [ 98.474129467553198, 3.600092417773409 ], [ 98.474096331723857, 3.60012566128906 ], [ 98.474039237479673, 3.600186302467016 ], [ 98.474007642252388, 3.60021618353791 ], [ 98.473949011958652, 3.600272221508328 ], [ 98.473908094453918, 3.6003066994848 ], [ 98.473858792968869, 3.600346732031349 ], [ 98.473840759896007, 3.600306660473004 ], [ 98.473776511950106, 3.600216049635198 ], [ 98.473768696562757, 3.600207676468282 ], [ 98.473727857927074, 3.600125447831421 ], [ 98.473678618868405, 3.600036072666958 ], [ 98.473677760454422, 3.600034845189725 ], [ 98.473629584060433, 3.599944243659969 ], [ 98.473588519413397, 3.599902420420539 ], [ 98.473534682185786, 3.599853615044526 ], [ 98.473498393705739, 3.599814526648956 ], [ 98.473450550958589, 3.599762992666112 ], [ 98.473408270325137, 3.599722611447151 ], [ 98.473321381908207, 3.599672344166753 ], [ 98.473318123975645, 3.59967071269815 ], [ 98.47322797410736, 3.599624957883458 ], [ 98.473142251908129, 3.599581666673487 ], [ 98.47313782430102, 3.599579112595261 ], [ 98.473047676908337, 3.599529084928199 ], [ 98.47297719546826, 3.599490997315926 ], [ 98.472957533938384, 3.599471381583748 ], [ 98.472885127900597, 3.599400370292581 ], [ 98.472867408490387, 3.599383220432738 ], [ 98.472792480099486, 3.599309742925631 ], [ 98.472777283185707, 3.5992948402769 ], [ 98.472704175936201, 3.59921911807318 ], [ 98.472687159983863, 3.599202833640522 ], [ 98.472609857667749, 3.599128489722905 ], [ 98.472597033683996, 3.599116244993796 ], [ 98.472513072485683, 3.599037859932945 ], [ 98.47250690629383, 3.599031581532804 ], [ 98.472420977315196, 3.59894723285907 ], [ 98.472416781201645, 3.598942952929471 ], [ 98.472329359451706, 3.598856606055597 ], [ 98.472326656355236, 3.598853927558118 ], [ 98.472238579961186, 3.598765979732405 ], [ 98.472236532157126, 3.598763806127506 ], [ 98.472158238336505, 3.598675359467067 ], [ 98.472146414417935, 3.598662493432655 ], [ 98.472073017822353, 3.598584736361774 ], [ 98.47205629309768, 3.598567435801479 ], [ 98.471985549978399, 3.59849411194473 ], [ 98.471966170847622, 3.598474025365223 ], [ 98.471897681299779, 3.598403487288649 ], [ 98.471958317411236, 3.598312948943989 ], [ 98.47196626870155, 3.598304054189233 ], [ 98.47203994826161, 3.598222422792742 ], [ 98.472056502307481, 3.598203978284312 ], [ 98.47212132954941, 3.598131896486624 ], [ 98.472146736128323, 3.598103494190593 ], [ 98.472201473979865, 3.598041369452242 ], [ 98.47223697186179, 3.59799965094624 ], [ 98.472278094705615, 3.59795084036189 ], [ 98.472296525563436, 3.597860277472658 ], [ 98.472314864162868, 3.597769714528765 ], [ 98.472327315623531, 3.597707968400724 ], [ 98.472333156407004, 3.597679151556874 ], [ 98.47235149492009, 3.597588588610769 ], [ 98.472369792216384, 3.597498025639652 ], [ 98.472388049936583, 3.597407462644481 ], [ 98.472406268680217, 3.597316899625606 ], [ 98.472417749342426, 3.597259730507404 ], [ 98.472424378848729, 3.597226336542634 ], [ 98.472442329916575, 3.597135773366247 ], [ 98.472460240293088, 3.597045210165188 ], [ 98.472478110757152, 3.596954646939912 ], [ 98.472495993903649, 3.596864083720947 ], [ 98.472508188155743, 3.596802423375205 ], [ 98.472513913647163, 3.59677352052217 ], [ 98.472531828484662, 3.596682957319491 ], [ 98.472559150203239, 3.596592399573919 ], [ 98.472598508205834, 3.596551553089814 ], [ 98.472646362806131, 3.596501876572098 ], [ 98.472688737861489, 3.596457899030211 ], [ 98.472733576602892, 3.596411353559888 ], [ 98.472778967497746, 3.596364246499776 ], [ 98.472820791815266, 3.59632083053742 ], [ 98.472869197120701, 3.596270584901479 ], [ 98.47290799775304, 3.596230307498496 ], [ 98.472959426726234, 3.596176921417705 ], [ 98.472995929012399, 3.596139784868944 ], [ 98.473049655402562, 3.596084844064983 ], [ 98.473085139076957, 3.596049262969299 ], [ 98.473139883518286, 3.59599371167128 ], [ 98.473173019702983, 3.595958740287792 ], [ 98.473230114537841, 3.595897488502236 ], [ 98.473258061529123, 3.595868215950435 ], [ 98.473320344032516, 3.595803889454943 ], [ 98.473345708123205, 3.595777693111239 ], [ 98.473410574060196, 3.595709329104391 ], [ 98.473431535524625, 3.595687169207341 ], [ 98.473500804801461, 3.595613492097335 ], [ 98.473516644111939, 3.59559664487647 ], [ 98.473591020002871, 3.595544719386016 ], [ 98.473669635872085, 3.595506159830296 ], [ 98.473681220413113, 3.595501720727793 ], [ 98.473771415979613, 3.595467158346771 ], [ 98.473861611540443, 3.595432595941796 ], [ 98.473905644811481, 3.595415722787586 ], [ 98.473951807095446, 3.595398033811629 ], [ 98.474042002644936, 3.595363471386703 ], [ 98.474132198188741, 3.595328908963212 ], [ 98.474144295076144, 3.595325287204027 ], [ 98.474222390507236, 3.595299967848795 ], [ 98.474289812213655, 3.595234797714888 ], [ 98.474312620739113, 3.595204811639252 ], [ 98.474358675601323, 3.595144263894383 ], [ 98.474402864398343, 3.595086169699863 ], [ 98.474427539293515, 3.595053730066665 ], [ 98.474493108033371, 3.594967527628927 ], [ 98.474496402652946, 3.594963196231368 ], [ 98.474565265998251, 3.594872662388675 ], [ 98.474583351644242, 3.594848885395011 ], [ 98.474634129329431, 3.594782128538589 ], [ 98.474673595230712, 3.594730243388758 ], [ 98.474712529733381, 3.594691600189322 ], [ 98.474763818816484, 3.594646521636534 ], [ 98.474796127437344, 3.594601074832024 ], [ 98.474848514013971, 3.594510531444494 ], [ 98.47485407778062, 3.594500915195721 ], [ 98.474900900579414, 3.594419988052243 ], [ 98.474944342663662, 3.594344904018803 ], [ 98.474953287133658, 3.594329444655277 ], [ 98.475005673676691, 3.594238901253593 ], [ 98.475034617263532, 3.594171838091613 ], [ 98.475044217909272, 3.594148349858894 ], [ 98.475037921832637, 3.594057772585338 ], [ 98.475034708897553, 3.594011548490683 ], [ 98.47503162599709, 3.59396719531188 ], [ 98.475025329928954, 3.593876618038248 ], [ 98.475034802158191, 3.593848406154091 ], [ 98.475081484012904, 3.593786076800577 ], [ 98.475125045781667, 3.593729403640866 ], [ 98.475156563360116, 3.593695546475912 ], [ 98.475215276767841, 3.593632474693005 ], [ 98.475242530326284, 3.5936050224227 ], [ 98.475305504504988, 3.593541199184351 ], [ 98.475395694121516, 3.59351663143757 ], [ 98.475398614128153, 3.593514538791469 ], [ 98.47548591441614, 3.593438338540538 ], [ 98.475505484658669, 3.59342402675973 ], [ 98.475576126639879, 3.593374154619004 ], [ 98.475617545240937, 3.593333517703423 ], [ 98.475666353954423, 3.593283514641892 ], [ 98.475711441183861, 3.593242998163198 ], [ 98.475756576831088, 3.593200618994434 ], [ 98.475800236005753, 3.593152475671598 ], [ 98.475846809413, 3.593100687424127 ], [ 98.475881444322397, 3.59306194879874 ], [ 98.475937043434911, 3.592998196932269 ], [ 98.475960116254853, 3.592971420455392 ], [ 98.476027278110507, 3.592894524494127 ], [ 98.47603901569866, 3.592880892233795 ], [ 98.476117512567626, 3.592791198736133 ], [ 98.4761182327142, 3.592790364185729 ], [ 98.476197051813173, 3.592699835899259 ], [ 98.476207747176019, 3.592687571344637 ], [ 98.476274906051444, 3.592609307048229 ], [ 98.476297982355675, 3.592582905446613 ], [ 98.476353150284808, 3.592518778412519 ], [ 98.476388217225235, 3.592478746771488 ], [ 98.476434883993093, 3.592428251775138 ], [ 98.476478447261968, 3.592383032542562 ], [ 98.4765241240612, 3.592337729445459 ], [ 98.476568673501291, 3.592293950436694 ], [ 98.476616295720973, 3.592247208790151 ], [ 98.476658899502979, 3.592205254863738 ], [ 98.476708384547848, 3.592156688075048 ], [ 98.47674912540522, 3.592116703447492 ], [ 98.476800616887218, 3.592066167430288 ], [ 98.476839351290252, 3.592028151768308 ], [ 98.476892848959352, 3.591975646773192 ], [ 98.476929577157961, 3.591939600077457 ], [ 98.476985081352794, 3.591885126104096 ], [ 98.477019803008133, 3.59185104871298 ], [ 98.477077313400969, 3.591794605422622 ], [ 98.477110028841167, 3.591762497010583 ], [ 98.477169545431025, 3.591704084728951 ], [ 98.477200254656765, 3.591673945477028 ], [ 98.477261777618509, 3.591613564023192 ], [ 98.477290480455139, 3.591585393739506 ], [ 98.477354009600091, 3.591523043305135 ], [ 98.47738070623619, 3.591496841990318 ], [ 98.477446241964316, 3.591432522575116 ], [ 98.47747093199969, 3.591408290626473 ], [ 98.477538473921953, 3.591342001832687 ], [ 98.477561158712149, 3.59131803944793 ], [ 98.477620026266564, 3.591251474950088 ], [ 98.477651392695407, 3.591214964829774 ], [ 98.477698104336369, 3.591160946064444 ], [ 98.477741627426582, 3.591110537753324 ], [ 98.477776243849931, 3.591070417204922 ], [ 98.477831862195643, 3.591006007103303 ], [ 98.477854400153447, 3.590979888345896 ], [ 98.477922096930996, 3.590901498921327 ], [ 98.477932573211874, 3.590889359487341 ], [ 98.478010755196905, 3.590798830624765 ], [ 98.4780123316377, 3.590797004271989 ], [ 98.478088896410213, 3.590708301729677 ], [ 98.478102566348966, 3.590692464700565 ], [ 98.478167037607818, 3.590617772825448 ], [ 98.478192801039285, 3.590587925116952 ], [ 98.478245178789706, 3.590527243912079 ], [ 98.478283035708628, 3.590483385521152 ], [ 98.47832330998051, 3.590436714983855 ], [ 98.478373270362553, 3.590378836178427 ], [ 98.478403942862712, 3.590346187479483 ], [ 98.47846349573355, 3.590290612085258 ], [ 98.478526753220251, 3.59034625781743 ], [ 98.478553626069157, 3.590369896785578 ], [ 98.478629766968055, 3.590436890503525 ], [ 98.478643756408403, 3.59044920298462 ], [ 98.47873215940723, 3.590527522825067 ], [ 98.478733886480967, 3.590529007443123 ], [ 98.47882401789127, 3.590606480648456 ], [ 98.478837595777634, 3.59061815688012 ], [ 98.478914147945375, 3.5906863735275 ], [ 98.478939085849447, 3.59070878866746 ], [ 98.479004278279888, 3.590765799837909 ], [ 98.479042489721706, 3.590799421541255 ], [ 98.479094407995859, 3.590846345552706 ], [ 98.479142643788052, 3.590890052546958 ], [ 98.479184537141577, 3.590927925947591 ], [ 98.4792424528775, 3.590980683347021 ], [ 98.479274666056909, 3.59100994163642 ], [ 98.479341548075382, 3.591071313730562 ], [ 98.479364794375428, 3.591093039693374 ], [ 98.479438519285054, 3.591161942891494 ], [ 98.479454922131112, 3.591177160552522 ], [ 98.479538068671587, 3.591252573518654 ], [ 98.479545051250653, 3.591258902567938 ], [ 98.479635180469828, 3.591340497361616 ], [ 98.479638170709634, 3.591343204453505 ], [ 98.479725309705245, 3.591422092185855 ], [ 98.479738281271153, 3.591433835384912 ], [ 98.47981543875251, 3.591504048058434 ], [ 98.479837834595529, 3.591524465989589 ], [ 98.479905567633395, 3.591586326714885 ], [ 98.479937027018153, 3.591615096379865 ], [ 98.47999569661846, 3.591668450200834 ], [ 98.480036667636782, 3.591705727018017 ], [ 98.480085825526643, 3.591750738432359 ], [ 98.480135591570402, 3.59179635723862 ], [ 98.480175954346279, 3.591833212097828 ], [ 98.480234808059009, 3.591886987618187 ], [ 98.480266083186947, 3.591915677583962 ], [ 98.480333543926065, 3.591977617715196 ], [ 98.480356212197194, 3.59199787220991 ], [ 98.480435167587387, 3.592068249452632 ], [ 98.480446342306777, 3.592078151634345 ], [ 98.480536472678168, 3.592157996343242 ], [ 98.480537444007552, 3.592158881554015 ], [ 98.480626601850076, 3.59223999108578 ], [ 98.480637055317644, 3.592249512125807 ], [ 98.480716731136852, 3.5923218115214 ], [ 98.480736965035234, 3.592340142859629 ], [ 98.480806860410752, 3.592403683533901 ], [ 98.480836685912976, 3.592430773477438 ], [ 98.480896989928723, 3.592485152422448 ], [ 98.480937241119349, 3.592521404562867 ], [ 98.480987119455648, 3.592566634223104 ], [ 98.481037249941039, 3.592612035328299 ], [ 98.481077248899567, 3.592648291681986 ], [ 98.481137238832986, 3.592702666074059 ], [ 98.481167378334405, 3.592729993989387 ], [ 98.481237201506275, 3.592793296796566 ], [ 98.481257507783667, 3.592811699610932 ], [ 98.481337206488575, 3.592883927534887 ], [ 98.48134763726155, 3.592893383314741 ], [ 98.481437189634292, 3.592974558252457 ], [ 98.481437766747604, 3.592975081359965 ], [ 98.481527896262421, 3.593056757281891 ], [ 98.481537174052505, 3.593065188962442 ], [ 98.481618025002959, 3.593139834011411 ], [ 98.481635433744316, 3.59315581868155 ], [ 98.481708152882632, 3.593224465574037 ], [ 98.481731438400601, 3.593246447108194 ], [ 98.481798280525794, 3.593309546080913 ], [ 98.481827443076, 3.593337075527284 ], [ 98.481888408185782, 3.593394626581131 ], [ 98.481922926733816, 3.593427703642127 ], [ 98.481978532667057, 3.593485372818721 ], [ 98.482009762232948, 3.593518326825765 ], [ 98.482068654841413, 3.593580241323259 ], [ 98.482095773029741, 3.593608949533943 ], [ 98.482158777240443, 3.593674744187559 ], [ 98.482248963832959, 3.593655413343809 ], [ 98.482339142550998, 3.593650048395802 ], [ 98.482407264978391, 3.59360912680156 ], [ 98.482429351501835, 3.593591036839523 ], [ 98.482497879362541, 3.593518604601183 ], [ 98.482519582243413, 3.593493331202614 ], [ 98.482575173992245, 3.593428074814067 ], [ 98.482609819157119, 3.593384634359067 ], [ 98.482646882926048, 3.593337541841909 ], [ 98.482700057715647, 3.593272978090995 ], [ 98.482721444667746, 3.593247010483754 ], [ 98.482790295073684, 3.59316341369015 ], [ 98.482796006394324, 3.59315647911718 ], [ 98.482870568105795, 3.593065947742181 ], [ 98.482880532409567, 3.593053849276969 ], [ 98.482945129802175, 3.592975416358761 ], [ 98.482970768737303, 3.592946036725099 ], [ 98.483033385697894, 3.592884892746962 ], [ 98.483060992716617, 3.592860128884779 ], [ 98.483122334494055, 3.592794369517486 ], [ 98.483151224806093, 3.59275977653459 ], [ 98.4831888619089, 3.592703833543338 ], [ 98.48324147626586, 3.592624953344834 ], [ 98.483248362360257, 3.592613293572092 ], [ 98.483273189649907, 3.592522733908381 ], [ 98.483313601758553, 3.592432183091362 ], [ 98.483331778240554, 3.592400257322968 ], [ 98.483366435722104, 3.592341639322785 ], [ 98.483421192556222, 3.592251096640867 ], [ 98.483422038494396, 3.592249674542352 ], [ 98.483499705265189, 3.592160567435508 ], [ 98.483512272251772, 3.592146170402165 ], [ 98.483579856709127, 3.592070039150766 ], [ 98.483602505026411, 3.592044377893978 ], [ 98.483659732625455, 3.591979510700204 ], [ 98.483692738148534, 3.591941930824432 ], [ 98.483739145787851, 3.591888981977712 ], [ 98.483751860608791, 3.591798415419766 ], [ 98.483783031052866, 3.591733033317205 ], [ 98.483794035580516, 3.591707865568369 ], [ 98.483853330730454, 3.591617325421261 ], [ 98.483873292239153, 3.591580525407472 ], [ 98.483902445742416, 3.591526779496848 ], [ 98.48395370601132, 3.591436234784318 ], [ 98.48396355945728, 3.59141721824749 ], [ 98.484006435472622, 3.591345690900015 ], [ 98.484053795193546, 3.591309924712895 ], [ 98.484143969863595, 3.591311384394726 ], [ 98.484234137512473, 3.591325357302941 ], [ 98.48432430516543, 3.591339330068106 ], [ 98.484366668849077, 3.591345895011814 ], [ 98.484414472822252, 3.591353303014684 ], [ 98.484504640483223, 3.591367275707331 ], [ 98.484594808148032, 3.591381248636832 ], [ 98.484684981903953, 3.591384366183154 ], [ 98.484775157767189, 3.591383728349536 ], [ 98.484865331429177, 3.591387019514857 ], [ 98.48495550567803, 3.59138926698609 ], [ 98.485045680283804, 3.591390880534821 ], [ 98.485135852409925, 3.591396922905183 ], [ 98.485226011196517, 3.591426783367528 ], [ 98.48525208563656, 3.591436969883724 ], [ 98.485316170343879, 3.591456012196018 ], [ 98.485406333146003, 3.591478726642271 ], [ 98.485496482859133, 3.591524829326543 ], [ 98.485506667921442, 3.591527687597782 ], [ 98.485586647528748, 3.591544231841108 ], [ 98.485676813158719, 3.59156192747482 ], [ 98.485766978402509, 3.591580321619207 ], [ 98.485857149608336, 3.591588068376685 ], [ 98.485947320816962, 3.59159581512545 ], [ 98.486037492028203, 3.591603562178298 ], [ 98.486127663242399, 3.591611308909633 ], [ 98.486213234821989, 3.591618660471838 ], [ 98.486217834459396, 3.591619055632254 ], [ 98.486308005678993, 3.591626802658958 ], [ 98.48639817690156, 3.591634549364149 ], [ 98.486488348126912, 3.591642296060624 ], [ 98.486578519354879, 3.591650043061185 ], [ 98.486668690585802, 3.59165778974023 ], [ 98.486758861819411, 3.591665536562536 ], [ 98.486849034438265, 3.591670807796197 ], [ 98.486939232701715, 3.591630152548502 ], [ 98.486959984098931, 3.591619081650383 ], [ 98.487029435545523, 3.591581279557044 ], [ 98.487085251524732, 3.591528578425878 ], [ 98.487119654855746, 3.591502887405995 ], [ 98.487178251025071, 3.591528630822078 ], [ 98.487209805521815, 3.591547483665974 ], [ 98.48728726193697, 3.591619266047253 ], [ 98.487299935179536, 3.591629751127632 ], [ 98.487390068514543, 3.591705456025894 ], [ 98.487396954849672, 3.591709901646338 ], [ 98.487480223458022, 3.591742446815731 ], [ 98.487570407116607, 3.591727960564575 ], [ 98.4876605898462, 3.591715137601853 ], [ 98.487750766214816, 3.591713723007241 ], [ 98.487840942584441, 3.591712308403655 ], [ 98.487931118955061, 3.591710893791096 ], [ 98.487973672910158, 3.59171022623662 ], [ 98.488021295326675, 3.591709479169562 ], [ 98.488111474896854, 3.59170232448237 ], [ 98.488201687499114, 3.59163586189017 ], [ 98.488223498660687, 3.591619792897685 ], [ 98.488291900088868, 3.591569399332078 ], [ 98.488346344809287, 3.59152928812055 ], [ 98.488382111761865, 3.591504561058788 ], [ 98.488408555150613, 3.591529323084915 ], [ 98.488472229761001, 3.591607984028688 ], [ 98.488480326265858, 3.591619937254514 ], [ 98.48854224407323, 3.59171054588396 ], [ 98.488562336632896, 3.591731435042945 ], [ 98.488649762712129, 3.591801180129435 ], [ 98.488652472246869, 3.59180327924575 ], [ 98.488742608995807, 3.591873109841806 ], [ 98.488766759516949, 3.591891819688649 ], [ 98.488832745758955, 3.591942940420774 ], [ 98.4888837563457, 3.591982459235957 ], [ 98.488922879341374, 3.592018514940726 ], [ 98.488981257620068, 3.59207308782566 ], [ 98.489013003658982, 3.592110775734394 ], [ 98.489045997648773, 3.592163698015954 ], [ 98.489102484992117, 3.592254303570672 ], [ 98.489103098939097, 3.592255288335465 ], [ 98.489158972604429, 3.592344909123448 ], [ 98.489193197253257, 3.592394391439992 ], [ 98.48922324098784, 3.592435519041091 ], [ 98.48928332458712, 3.592481338792686 ], [ 98.489373484492532, 3.592509716259475 ], [ 98.489439500055695, 3.592526214238744 ], [ 98.489463647652713, 3.592532248993323 ], [ 98.48955381081835, 3.592554781966329 ], [ 98.489643973989615, 3.592577314949999 ], [ 98.489734137166636, 3.592599847639939 ], [ 98.48980273764667, 3.592616991804477 ], [ 98.489824300349113, 3.592622380606985 ], [ 98.489914463537204, 3.592644913565722 ], [ 98.49000462673105, 3.592667446230728 ], [ 98.490094789930367, 3.59268997917284 ], [ 98.490165975925976, 3.592707769235647 ], [ 98.49018495313544, 3.592712511836134 ], [ 98.490275116345984, 3.59273504474671 ], [ 98.490365279562127, 3.592757577663886 ], [ 98.490455442784054, 3.592780110287331 ], [ 98.490529213633451, 3.59279854653154 ], [ 98.490545606011409, 3.592802643187882 ], [ 98.490635769244392, 3.592825176080119 ], [ 98.49072594317883, 3.592828416145818 ], [ 98.49077908444346, 3.592798686391764 ], [ 98.490816149766516, 3.592772749769463 ], [ 98.490837871719719, 3.592798719286805 ], [ 98.49089928835663, 3.592889327517625 ], [ 98.490906255243672, 3.592899511009736 ], [ 98.490961277154511, 3.592979936065926 ], [ 98.490996358503878, 3.593030315683513 ], [ 98.491024254741262, 3.593070545164658 ], [ 98.491086462789312, 3.593159313824569 ], [ 98.491087820490151, 3.593161154589584 ], [ 98.491161811086045, 3.593251769841751 ], [ 98.491176577614439, 3.593269329605134 ], [ 98.49123756649206, 3.593342386076633 ], [ 98.491266693590418, 3.593377305543433 ], [ 98.491315606366442, 3.593433003584407 ], [ 98.491356812967865, 3.59347917679891 ], [ 98.491394779177156, 3.59352362172084 ], [ 98.491446930986896, 3.593583536770472 ], [ 98.491474731221743, 3.593614240287981 ], [ 98.491537051605022, 3.593683238456696 ], [ 98.491555618616061, 3.593704859372907 ], [ 98.491627169385254, 3.59378810163503 ], [ 98.491633514998753, 3.593795476781332 ], [ 98.491717292686019, 3.593883026954281 ], [ 98.491720562278942, 3.593886099297987 ], [ 98.491807421773956, 3.593967528104882 ], [ 98.491817234424317, 3.5939767271854 ], [ 98.491869045470736, 3.594067330007163 ], [ 98.491897503175579, 3.594138242588034 ], [ 98.491903251016026, 3.594157922993556 ], [ 98.491944899366416, 3.594248520136546 ], [ 98.491987580663789, 3.594316085309002 ], [ 98.492003573032562, 3.594339126787164 ], [ 98.492066860637905, 3.594429736012034 ], [ 98.492077685296607, 3.594444914074475 ], [ 98.49215066510682, 3.594520356689949 ], [ 98.492167809921554, 3.594537640030908 ], [ 98.492242176496021, 3.594610981664842 ], [ 98.49225793662562, 3.594626639101885 ], [ 98.492335213674465, 3.594701607484574 ], [ 98.492348064243615, 3.594714016914391 ], [ 98.492428876592101, 3.594792233646429 ], [ 98.492438192180501, 3.594800849117119 ], [ 98.492528323158567, 3.594882210390986 ], [ 98.492529062777649, 3.594882863441033 ], [ 98.492618451871422, 3.594967699742966 ], [ 98.492624608581863, 3.594973490638365 ], [ 98.492708582109714, 3.595050459122458 ], [ 98.492724199030832, 3.595064120084284 ], [ 98.492798715946776, 3.595126734563344 ], [ 98.492832339480429, 3.595154754290277 ], [ 98.492888850441659, 3.595201846946059 ], [ 98.49293650181562, 3.59524538626807 ], [ 98.492978981299729, 3.59528357139899 ], [ 98.493034336321912, 3.595336014708886 ], [ 98.49306910771385, 3.595373372513852 ], [ 98.49311977383833, 3.595426636231414 ], [ 98.493159226205165, 3.595477554567075 ], [ 98.493189940254894, 3.595517249236711 ], [ 98.493249337938281, 3.595594014466005 ], [ 98.493259342301627, 3.595607861812393 ], [ 98.4933239872896, 3.595698471733712 ], [ 98.493339444198583, 3.595720428920362 ], [ 98.493387772675732, 3.595789081173103 ], [ 98.493429549608649, 3.595848426724277 ], [ 98.49345155815621, 3.595879690609674 ], [ 98.493515343648667, 3.595970300043379 ], [ 98.493519655042576, 3.595976424522472 ], [ 98.49357912915309, 3.596060909474218 ], [ 98.493609760500391, 3.596104422314947 ], [ 98.493645515128136, 3.596151520350544 ], [ 98.493699879239188, 3.596208389587448 ], [ 98.493736196632526, 3.596242144753556 ], [ 98.493790009118925, 3.596292195397465 ], [ 98.493837715448322, 3.59633277518389 ], [ 98.493880142921327, 3.59636891870058 ], [ 98.49394256991738, 3.59642340746242 ], [ 98.493970274447705, 3.596449797582038 ], [ 98.494025042911971, 3.596514027274404 ], [ 98.494060369942133, 3.596596059356961 ], [ 98.494063404347699, 3.596604622530958 ], [ 98.49409550560371, 3.596695214302717 ], [ 98.494127607280845, 3.596785806074291 ], [ 98.494114220741778, 3.596876372529882 ], [ 98.494060192032563, 3.596918728779358 ], [ 98.493998768603191, 3.596966882170925 ], [ 98.493969976848732, 3.596989453695003 ], [ 98.493883317262316, 3.597057391794352 ], [ 98.493879761651129, 3.59706017924872 ], [ 98.493789546440453, 3.597130904162916 ], [ 98.493767865113412, 3.597147901399263 ], [ 98.493699331216376, 3.59720162904545 ], [ 98.493652413352692, 3.597238410986327 ], [ 98.493609115978643, 3.597272354335513 ], [ 98.493536961364924, 3.597328920555198 ], [ 98.493518900727665, 3.597343079342366 ], [ 98.49345295440591, 3.597419447632951 ], [ 98.493428671036881, 3.597439931527433 ], [ 98.493358726515467, 3.597509969002466 ], [ 98.493338445561363, 3.597529116328477 ], [ 98.493299536576941, 3.597600509895948 ], [ 98.493303931082053, 3.597691086238894 ], [ 98.493320709020125, 3.597781669486449 ], [ 98.493338281360892, 3.597826421312666 ], [ 98.49337929019535, 3.597872276040975 ], [ 98.493428401972807, 3.597927190800729 ], [ 98.493460333113305, 3.597962895114581 ], [ 98.493518522604035, 3.59802796061232 ], [ 98.493541375721207, 3.598053514182868 ], [ 98.493608643254774, 3.598128730417559 ], [ 98.493622418436289, 3.598144133246072 ], [ 98.493698763924698, 3.598229500806835 ], [ 98.493703460417606, 3.59823475230372 ], [ 98.493785503583567, 3.598325371914024 ], [ 98.493788885263115, 3.598329095238358 ], [ 98.493867808257477, 3.598415991664707 ], [ 98.493879007080722, 3.598427856322568 ], [ 98.493956137175658, 3.598506614765456 ], [ 98.493969134654179, 3.598516219897266 ], [ 98.494059274243753, 3.598582833010623 ], [ 98.494078792614275, 3.598597256975585 ], [ 98.494149404827283, 3.598665799086306 ], [ 98.494172626480861, 3.598687883125876 ], [ 98.494239536165026, 3.598747427488269 ], [ 98.494274377775909, 3.598778513676354 ], [ 98.494329667974824, 3.598828229312337 ], [ 98.494376282611043, 3.59886914430355 ], [ 98.494419798577582, 3.59891124981739 ], [ 98.494469329982039, 3.598959769992974 ], [ 98.494509927991047, 3.598996457833145 ], [ 98.494570911036249, 3.599050400423351 ], [ 98.494600059779202, 3.599077387790199 ], [ 98.494667944446661, 3.599141028315206 ], [ 98.49464693532984, 3.599231590536144 ], [ 98.494599948854628, 3.59927864752782 ], [ 98.494559780872791, 3.599322115952255 ], [ 98.494541231524735, 3.599412679537046 ], [ 98.494522681933816, 3.599503243120629 ], [ 98.494509613444023, 3.599567048400616 ], [ 98.494504132900815, 3.599593806703448 ], [ 98.494485583766973, 3.599684370285136 ], [ 98.49446703425744, 3.59977493386554 ], [ 98.494448484789089, 3.599865497444894 ], [ 98.494429935594596, 3.599956061023327 ], [ 98.494419193559892, 3.600008505824786 ], [ 98.49441138586009, 3.60004662460038 ], [ 98.494392836681541, 3.600137188176672 ], [ 98.494374287168043, 3.600227751751702 ], [ 98.494355737654985, 3.600318315325657 ], [ 98.494337188456527, 3.600408878898713 ], [ 98.494328773560767, 3.600449962078294 ], [ 98.494318638697706, 3.600499442470383 ], [ 98.494300089725556, 3.600590006041415 ], [ 98.494259952223473, 3.600680557587247 ], [ 98.494238465273312, 3.600688756706792 ], [ 98.494222882269682, 3.600680536939259 ], [ 98.494148313872273, 3.600643181952236 ], [ 98.494058164718766, 3.600593553214938 ], [ 98.494049779308313, 3.600589866603518 ], [ 98.493968012255237, 3.600549939614145 ], [ 98.493877829239622, 3.600561676492252 ], [ 98.493787647157291, 3.600571721442915 ], [ 98.493766725458514, 3.600589708842438 ], [ 98.493697425564349, 3.600653295957331 ], [ 98.493607271079185, 3.600613371967472 ], [ 98.493557576953108, 3.600589592216084 ], [ 98.49351711837997, 3.600570231755146 ], [ 98.493426966198143, 3.600526172457977 ], [ 98.493371592846856, 3.600498914578335 ], [ 98.493336814234794, 3.600481735313146 ], [ 98.493246646053933, 3.600466651466204 ], [ 98.493226028044646, 3.600498833351606 ], [ 98.493246609911708, 3.600532028102313 ], [ 98.493282206357122, 3.600589438589195 ], [ 98.493336706116551, 3.600677337752981 ], [ 98.493338383964641, 3.600680043824303 ], [ 98.493394562284223, 3.600770649057724 ], [ 98.493426802348594, 3.600822646294344 ], [ 98.493450740627708, 3.600861254289071 ], [ 98.493506918252677, 3.600951859517932 ], [ 98.4935168986066, 3.600967955969377 ], [ 98.493563096616839, 3.601042464745118 ], [ 98.493606994891323, 3.601113265382425 ], [ 98.493619274262471, 3.601133069969817 ], [ 98.493675452647309, 3.60122367519284 ], [ 98.493697091203003, 3.601258574129298 ], [ 98.493731631042493, 3.601314280413782 ], [ 98.49378718760164, 3.601403773604472 ], [ 98.49378787743224, 3.601404885670551 ], [ 98.493873270672893, 3.601495507175983 ], [ 98.493877311188726, 3.601499793553396 ], [ 98.493958694255866, 3.6015861286925 ], [ 98.493967435022171, 3.601595401248199 ], [ 98.49404411855194, 3.60167675020358 ], [ 98.494057558874616, 3.601691008349642 ], [ 98.494129542168423, 3.601767371708446 ], [ 98.49414768274535, 3.601786616106977 ], [ 98.494214965801703, 3.601857993207485 ], [ 98.494237807108689, 3.60188136521899 ], [ 98.494327971534304, 3.601903554524113 ], [ 98.494418134823448, 3.601927813529899 ], [ 98.494479108925233, 3.601948714253219 ], [ 98.494508294452146, 3.601958718428988 ], [ 98.494598454088091, 3.601989623221053 ], [ 98.494688613731029, 3.602020528344842 ], [ 98.49477881505571, 3.601975852796596 ], [ 98.494823295537756, 3.601948905877151 ], [ 98.494869021910503, 3.601921131598527 ], [ 98.494959228907362, 3.601866134541586 ], [ 98.49497189117227, 3.601858414658997 ], [ 98.495049436724941, 3.601809629926946 ], [ 98.495108700109967, 3.601767916856373 ], [ 98.495139648699762, 3.601745561012942 ], [ 98.495229861376671, 3.601680195754415 ], [ 98.495234101175086, 3.60167741268575 ], [ 98.495320073742107, 3.601615373751641 ], [ 98.495365626259755, 3.601586911898508 ], [ 98.495410286694067, 3.601549464520903 ], [ 98.495455344485435, 3.601496387853552 ], [ 98.495500509235313, 3.601466114217294 ], [ 98.495589620815494, 3.601405888555834 ], [ 98.495590719396944, 3.601405226024507 ], [ 98.495680923489076, 3.601355346631435 ], [ 98.495771121566932, 3.60131638201026 ], [ 98.495772970328971, 3.601315416491469 ], [ 98.49586132411801, 3.601269273583578 ], [ 98.495946215758565, 3.601224938775005 ], [ 98.495951526660733, 3.601222165146577 ], [ 98.496041721682658, 3.601188718515742 ], [ 98.496131914991267, 3.601158378220016 ], [ 98.496210423044587, 3.601134511499924 ], [ 98.496222106689004, 3.601130959630848 ], [ 98.496312298382563, 3.601103540879019 ], [ 98.496402490071858, 3.60107612213499 ], [ 98.496492681756891, 3.601048703358507 ], [ 98.4965078158192, 3.601044102544401 ], [ 98.496582873437589, 3.601021284730388 ], [ 98.496673065114152, 3.60099386584448 ], [ 98.496763235401914, 3.601005393911076 ], [ 98.496788977396633, 3.601044258421877 ], [ 98.496831647129724, 3.601134856005627 ], [ 98.496853315691084, 3.601180863894614 ], [ 98.496874316319904, 3.601225453588077 ], [ 98.496920198668136, 3.601316052950093 ], [ 98.496943412105665, 3.601327014182887 ], [ 98.497033594437497, 3.601316668755522 ], [ 98.49703563198247, 3.601316116909842 ], [ 98.497123803631325, 3.601257367965371 ], [ 98.497213991498441, 3.601236921099577 ], [ 98.497234490995211, 3.601225653119756 ], [ 98.497304195435675, 3.601187171373626 ], [ 98.497394385100876, 3.6011634299715 ], [ 98.497484565075041, 3.601157356680947 ], [ 98.497543573099392, 3.601135250288235 ], [ 98.497574760175013, 3.60112369198209 ], [ 98.497664935345114, 3.601126378696827 ], [ 98.497755124339449, 3.601103842186437 ], [ 98.497845300809658, 3.601104157967204 ], [ 98.497935481342907, 3.601097059226068 ], [ 98.498025663269303, 3.6010874165409 ], [ 98.498115838270294, 3.601090419329172 ], [ 98.498206022078435, 3.601077339602911 ], [ 98.498296196175716, 3.601081997071343 ], [ 98.498386374675491, 3.601078614653728 ], [ 98.498476554011447, 3.601073705174674 ], [ 98.498566727178272, 3.601080072007035 ], [ 98.498656895712202, 3.601094912721397 ], [ 98.498747065044356, 3.601108301478366 ], [ 98.498837233479406, 3.601123337849695 ], [ 98.498920326616741, 3.601136011185522 ], [ 98.49892740261599, 3.601137098684378 ], [ 98.499017571003805, 3.601152236498568 ], [ 98.499107739933379, 3.601166390696573 ], [ 98.499197908308929, 3.601181566069419 ], [ 98.49928807699682, 3.601196177419927 ], [ 98.499378245228741, 3.601211630975261 ], [ 98.49944088831802, 3.601226872313988 ], [ 98.499468409401302, 3.601234524931096 ], [ 98.499558573591813, 3.601257396379408 ], [ 98.49964873792176, 3.601280022798328 ], [ 98.499738901774677, 3.60130353339912 ], [ 98.499790972700026, 3.601317639243642 ], [ 98.499829055250785, 3.601346067539366 ], [ 98.499919214622793, 3.601377814162615 ], [ 98.499951817837484, 3.601408301830346 ], [ 98.500009350575681, 3.601452498294501 ], [ 98.500069957972855, 3.601498940875924 ], [ 98.500099489581501, 3.601521613609727 ], [ 98.500188238240241, 3.601589579986359 ], [ 98.500189628646197, 3.601590646836486 ], [ 98.500279775278472, 3.601645828938634 ], [ 98.500342080808394, 3.601680238659838 ], [ 98.500369924863975, 3.601695616018306 ], [ 98.500460074458545, 3.601745405997811 ], [ 98.500506237691539, 3.601770902986983 ], [ 98.500550224062792, 3.601795197790236 ], [ 98.500640151911739, 3.60186155065181 ], [ 98.500640364567161, 3.60186170707407 ], [ 98.500730503341813, 3.601931415922464 ], [ 98.500757364853669, 3.601952189114548 ], [ 98.500820642125987, 3.602001133366767 ], [ 98.500874550852387, 3.602042827550383 ], [ 98.500910780923618, 3.602070852223962 ], [ 98.500991726844788, 3.602133465968628 ], [ 98.501000919784488, 3.602140481066259 ], [ 98.501091058924914, 3.602209622581408 ], [ 98.501109832216969, 3.602224104885645 ], [ 98.501181197348672, 3.602280106372949 ], [ 98.501225320700087, 3.602314742352237 ], [ 98.501271335691712, 3.60235076482632 ], [ 98.50134073019052, 3.602405379763727 ], [ 98.5013614734074, 3.602422602342226 ], [ 98.501450798621647, 3.602496014229516 ], [ 98.501451609905928, 3.602496703352821 ], [ 98.501541742017451, 3.602578894868036 ], [ 98.501549112081406, 3.602586642228562 ], [ 98.501631867963994, 3.602672448942283 ], [ 98.501636534186602, 3.602677264238463 ], [ 98.501721993510003, 3.602766773058371 ], [ 98.50172306454364, 3.602767885752528 ], [ 98.501810371031027, 3.602858507686632 ], [ 98.501812119506894, 3.602860302071041 ], [ 98.501899655625849, 3.602949130700358 ], [ 98.501902246706678, 3.602951652589756 ], [ 98.501992139730902, 3.603039755463539 ], [ 98.501992375564782, 3.603039985889527 ], [ 98.502082505958242, 3.603125526813329 ], [ 98.502087635567378, 3.603130381872285 ], [ 98.502172636617686, 3.603210609555817 ], [ 98.502183692908389, 3.603221008581484 ], [ 98.502262767692443, 3.603294959088129 ], [ 98.502281805414967, 3.603311636410324 ], [ 98.502352900884702, 3.603375442263061 ], [ 98.502386121843045, 3.603402267633579 ], [ 98.502443038275331, 3.603448226698629 ], [ 98.502498345334033, 3.603492903183255 ], [ 98.502533174035207, 3.603524040676897 ], [ 98.502593474027719, 3.603583529350038 ], [ 98.502623299467402, 3.603618900005241 ], [ 98.502671950272116, 3.603674146381084 ], [ 98.502713425487428, 3.603712710890539 ], [ 98.502762971491222, 3.603764770283071 ], [ 98.502803551004632, 3.603807481788526 ], [ 98.502849144322028, 3.603855391521335 ], [ 98.50289367657642, 3.603902186276308 ], [ 98.502935383852346, 3.603946012790142 ], [ 98.502983802166597, 3.603996891011946 ], [ 98.503021623679217, 3.604036634053097 ], [ 98.503073927775262, 3.604091595812306 ], [ 98.503107863178485, 3.604127255309857 ], [ 98.503164053402614, 3.604186300280411 ], [ 98.503194102831188, 3.604217876560686 ], [ 98.503254179048426, 3.60428100491795 ], [ 98.503280342708948, 3.604308497805621 ], [ 98.50334430471284, 3.604375709346793 ], [ 98.503366582603675, 3.604399119044549 ], [ 98.503434430395572, 3.604470414225468 ], [ 98.503452822075474, 3.604489740277226 ], [ 98.503524556097048, 3.604565118667325 ], [ 98.50353906189136, 3.604580361504076 ], [ 98.503614681817012, 3.604659823174056 ], [ 98.503625301836976, 3.604670982724976 ], [ 98.503704807555266, 3.604754528111461 ], [ 98.503711541288197, 3.604761603939585 ], [ 98.503794933312335, 3.604849232533626 ], [ 98.503797778539564, 3.604852225146972 ], [ 98.503883934991137, 3.604942846304139 ], [ 98.503885059038254, 3.604944028629578 ], [ 98.503969812059538, 3.60503346730249 ], [ 98.503975184614873, 3.605039134488095 ], [ 98.504055751319058, 3.60512408832889 ], [ 98.504065310250922, 3.605134165002155 ], [ 98.504141783037454, 3.605214709399869 ], [ 98.504155435963099, 3.605229089241003 ], [ 98.504227735166992, 3.605305330421348 ], [ 98.504245561634562, 3.605324122946466 ], [ 98.504313781421587, 3.605395951488299 ], [ 98.504335687400726, 3.605419016119881 ], [ 98.504399807420441, 3.605486572538189 ], [ 98.504425813156232, 3.605513963238093 ], [ 98.50448586399132, 3.605577193598794 ], [ 98.504515938962527, 3.605608850827048 ], [ 98.504571973214297, 3.605667814682171 ], [ 98.504606049149956, 3.605732631161938 ], [ 98.504619221788815, 3.605758414529399 ], [ 98.50467008958185, 3.605849016352441 ], [ 98.504696139089745, 3.605893870604853 ], [ 98.504722569355778, 3.605939619054384 ], [ 98.504774693390175, 3.606030221560236 ], [ 98.504786232335803, 3.606049053268239 ], [ 98.504829115916692, 3.606120825319681 ], [ 98.504876329685345, 3.606196703009481 ], [ 98.50488527091909, 3.606211430023287 ], [ 98.504940824677504, 3.606302034396455 ], [ 98.504966427114312, 3.606344255888147 ], [ 98.504995765518075, 3.60639263843289 ], [ 98.505050706368735, 3.606483242467323 ], [ 98.505056525290115, 3.606490477819587 ], [ 98.505146660039841, 3.606569115811095 ], [ 98.505153123747505, 3.606573872417 ], [ 98.505236801262797, 3.606635810421313 ], [ 98.505271813062294, 3.606664511238319 ], [ 98.505326937890345, 3.606711031198135 ], [ 98.505353853345184, 3.606755130049406 ], [ 98.505359701616044, 3.606845707281639 ], [ 98.505353410267759, 3.606936277889263 ], [ 98.505394245129324, 3.607026874213179 ], [ 98.50541691728364, 3.607077174703064 ], [ 98.505435079998023, 3.607117470536193 ], [ 98.505475914873813, 3.607208066858305 ], [ 98.505506986621285, 3.607277002676798 ], [ 98.505516749756723, 3.607298663179515 ], [ 98.505557584430051, 3.607389259499705 ], [ 98.505597055993519, 3.607476830646141 ], [ 98.505598419543873, 3.607479855819229 ], [ 98.505639254185311, 3.607570452137588 ], [ 98.505680089320833, 3.60766104845531 ], [ 98.505687125400243, 3.607676658799841 ], [ 98.505720923969008, 3.607751644771859 ], [ 98.505730081395583, 3.607842223810532 ], [ 98.50570513626289, 3.607932784248058 ], [ 98.505686977217692, 3.607950889687063 ], [ 98.505597883307559, 3.607932725738938 ], [ 98.505596809718895, 3.607932524214508 ], [ 98.505506659122972, 3.607882898853664 ], [ 98.505450698955485, 3.607842071385514 ], [ 98.505416515234515, 3.607820886957902 ], [ 98.50534728083781, 3.607842014940983 ], [ 98.505411538038047, 3.607932624052832 ], [ 98.505416451970873, 3.607937898272314 ], [ 98.50548995246632, 3.608023240887638 ], [ 98.505506573662501, 3.60804099020567 ], [ 98.505570013202998, 3.608113858615912 ], [ 98.505596696375662, 3.608142229093146 ], [ 98.505651396878648, 3.608204477060868 ], [ 98.505686819902593, 3.608241998518585 ], [ 98.505733858082408, 3.60829509608833 ], [ 98.505776944088325, 3.608340584589145 ], [ 98.50581720981809, 3.60838571559606 ], [ 98.505867068816357, 3.608438202404024 ], [ 98.505901304969569, 3.608476335503621 ], [ 98.505957193996281, 3.608535018927308 ], [ 98.505987140365619, 3.608566956354357 ], [ 98.506047320131401, 3.608630101817207 ], [ 98.506073517507104, 3.608657577494462 ], [ 98.506047276531447, 3.608710828755881 ], [ 98.506027995960835, 3.608748126722772 ], [ 98.50595705116929, 3.608799420424655 ], [ 98.50590265815643, 3.608838632420416 ], [ 98.50586683851806, 3.608864454959145 ], [ 98.505779580656309, 3.608929139330202 ], [ 98.505776624852757, 3.608931343306212 ], [ 98.505686411145575, 3.608998285726223 ], [ 98.505658298347001, 3.609019647199339 ], [ 98.505596196443946, 3.609067044123262 ], [ 98.505539202588324, 3.609110156242235 ], [ 98.505505981987426, 3.609135325104512 ], [ 98.505418363395265, 3.609200664314181 ], [ 98.505415768056992, 3.609202609494169 ], [ 98.505325553222633, 3.609271541259739 ], [ 98.505298796576668, 3.609291173061404 ], [ 98.505235339684745, 3.609338052742363 ], [ 98.50517934378027, 3.609381681851692 ], [ 98.505145124072229, 3.609408374486339 ], [ 98.505064948835624, 3.609472193386434 ], [ 98.505054907611679, 3.609480238189748 ], [ 98.504964689768059, 3.609554631069444 ], [ 98.504954787985909, 3.60956270721754 ], [ 98.504874472200299, 3.609628488137963 ], [ 98.504843837713906, 3.609653220600505 ], [ 98.504784255043262, 3.609701560750059 ], [ 98.504732368716873, 3.609743733683026 ], [ 98.504694037655497, 3.609775033453436 ], [ 98.504622220126336, 3.609834247470802 ], [ 98.504603819727791, 3.609849476602822 ], [ 98.504514298890811, 3.609924762460539 ], [ 98.504513601009705, 3.609925351786709 ], [ 98.504423382617261, 3.610000599240955 ], [ 98.50440622035994, 3.610015277348217 ], [ 98.504333163185436, 3.610077737104488 ], [ 98.504300028614281, 3.610105793252591 ], [ 98.504242944030452, 3.610154336961129 ], [ 98.504194156158292, 3.610196309316233 ], [ 98.504152721612783, 3.610236924856843 ], [ 98.504101592056642, 3.61028683265205 ], [ 98.504062494649446, 3.610327862040878 ], [ 98.504014610456466, 3.610377359033248 ], [ 98.503972266594957, 3.610420776956738 ], [ 98.503927514202061, 3.610467885340726 ], [ 98.503882036975909, 3.610516540704989 ], [ 98.50384257771853, 3.610558412820646 ], [ 98.503791807593174, 3.610611834015593 ], [ 98.503756543313486, 3.610648939688408 ], [ 98.503701578382945, 3.610706774710345 ], [ 98.503670421038009, 3.6107394664973 ], [ 98.503611349317524, 3.610801414022888 ], [ 98.503583558536988, 3.610829992889641 ], [ 98.503521121574437, 3.610893584348937 ], [ 98.50349493859396, 3.610920518307392 ], [ 98.503430893440594, 3.610986440265108 ], [ 98.503407088077651, 3.61101104413587 ], [ 98.503340665072002, 3.611079694346811 ], [ 98.50331943347706, 3.611101570060716 ], [ 98.503250436867447, 3.611172612602702 ], [ 98.503231433930367, 3.611192095785231 ], [ 98.503160208899459, 3.611265061821632 ], [ 98.503143005215719, 3.611282621263075 ], [ 98.503069980981167, 3.611357385976121 ], [ 98.503054908077431, 3.611373146911689 ], [ 98.502979751944309, 3.61145173320701 ], [ 98.502968247038311, 3.611463673337586 ], [ 98.50288952309657, 3.611545698334113 ], [ 98.502881447112884, 3.611554199676367 ], [ 98.502799293677313, 3.611640679562362 ], [ 98.502795452604872, 3.611644726446635 ], [ 98.502709070334234, 3.611724460856166 ], [ 98.502697511850229, 3.61173524664349 ], [ 98.502618849330105, 3.611803915009277 ], [ 98.502593977686956, 3.611825763753393 ], [ 98.502528628418887, 3.611883170180119 ], [ 98.50248990162423, 3.611916280550599 ], [ 98.502438408813987, 3.611959998195374 ], [ 98.502382585028414, 3.612006795551332 ], [ 98.502348190000049, 3.612035346704037 ], [ 98.502276518288852, 3.612097311223491 ], [ 98.502257969775499, 3.61211325806272 ], [ 98.502168976297511, 3.61218782606873 ], [ 98.502167750798762, 3.612188851626094 ], [ 98.502077533036186, 3.612262190569164 ], [ 98.502057353804673, 3.612278338653183 ], [ 98.501987316083614, 3.612334017658021 ], [ 98.501943544149128, 3.612368850017061 ], [ 98.501897099212258, 3.612405670608811 ], [ 98.501829368649581, 3.612459361161955 ], [ 98.501806882429008, 3.612477136920309 ], [ 98.501716666077172, 3.612547787154912 ], [ 98.501626488439186, 3.612547445635953 ], [ 98.501621908328971, 3.612549820924639 ], [ 98.501536285001634, 3.612594391723668 ], [ 98.501461287097996, 3.612640306437016 ], [ 98.501446076136006, 3.612651269071815 ], [ 98.501355865288033, 3.612711758954164 ], [ 98.501326590590239, 3.612730806201844 ], [ 98.501265650745168, 3.612778996118408 ], [ 98.501211433016053, 3.612821316712157 ], [ 98.501175430806896, 3.612856090735212 ], [ 98.50115117235066, 3.612821283496499 ], [ 98.50108802373758, 3.612730674714017 ], [ 98.50108532357045, 3.612726800378991 ], [ 98.501024874654647, 3.612640065928428 ], [ 98.50099521635768, 3.612597511046173 ], [ 98.500961725829001, 3.612549457140129 ], [ 98.500905109169693, 3.612468220678375 ], [ 98.500898577251604, 3.61245884834912 ], [ 98.500835428686116, 3.612368239555267 ], [ 98.500815002005922, 3.612338930304791 ], [ 98.500772279792031, 3.612277630758385 ], [ 98.500724894865812, 3.612209640954613 ], [ 98.500718364266831, 3.612187027051967 ], [ 98.500724915718422, 3.612171480463195 ], [ 98.50075349181985, 3.612096472460824 ], [ 98.500790678368134, 3.612005919002728 ], [ 98.500752307199306, 3.611915323872247 ], [ 98.500725072550878, 3.61188446272948 ], [ 98.500675667820687, 3.61182470763281 ], [ 98.500634954661123, 3.611774935402353 ], [ 98.500601656233187, 3.611734092838506 ], [ 98.500544837342844, 3.611664400974993 ], [ 98.500527694545738, 3.611643478067539 ], [ 98.500454708039598, 3.611575829853223 ], [ 98.500429620575488, 3.611552849986647 ], [ 98.500364572927992, 3.611497914491149 ], [ 98.500317715313457, 3.611462214263609 ], [ 98.500274433210947, 3.611428450024645 ], [ 98.500198503207443, 3.61137157449582 ], [ 98.500184293754486, 3.611358535089617 ], [ 98.500113683024722, 3.611280953705423 ], [ 98.500094168139839, 3.611263341168266 ], [ 98.500014092164022, 3.611190324752378 ], [ 98.500004060341752, 3.611135614490537 ], [ 98.499999035875618, 3.61109974247862 ], [ 98.499932513576027, 3.611009131781427 ], [ 98.499913963878896, 3.610987214773635 ], [ 98.499855877003512, 3.610918515494192 ], [ 98.499823844379165, 3.610880962001146 ], [ 98.499778682849268, 3.610827898894366 ], [ 98.499733724959071, 3.610774601126552 ], [ 98.499702273633247, 3.610737282723603 ], [ 98.499643605814853, 3.61066777376872 ], [ 98.499624421399318, 3.610646665750922 ], [ 98.499553484006228, 3.610565850612833 ], [ 98.499543114060884, 3.610556046864009 ], [ 98.499463353131063, 3.610480521508856 ], [ 98.499447014144025, 3.610465419795269 ], [ 98.499373220699297, 3.610398065697198 ], [ 98.499347623838517, 3.610374790899709 ], [ 98.499283086897321, 3.610318141494699 ], [ 98.499242301524291, 3.610284158715682 ], [ 98.499192951762254, 3.610240680005384 ], [ 98.499136922369402, 3.610193526490699 ], [ 98.499102814909833, 3.610166381362663 ], [ 98.499019047899694, 3.610102887344177 ], [ 98.499012674802188, 3.610098050376281 ], [ 98.498922534482404, 3.610030131972366 ], [ 98.498898781710835, 3.610012246862068 ], [ 98.498832392233595, 3.609965757983079 ], [ 98.498767075864052, 3.609921600036207 ], [ 98.498742247689606, 3.609905594508425 ], [ 98.498652076439001, 3.609894156566093 ], [ 98.49861617565189, 3.609921516511633 ], [ 98.498561859145269, 3.609966673586689 ], [ 98.498503676162258, 3.610012028166461 ], [ 98.498471631591116, 3.610057868743015 ], [ 98.498440122518119, 3.610102566912242 ], [ 98.498385106513837, 3.610193110380569 ], [ 98.498381376414585, 3.61019937227551 ], [ 98.49833117128405, 3.61028365444256 ], [ 98.49829111570817, 3.61035089738228 ], [ 98.498277235592369, 3.610374198499414 ], [ 98.498223300359044, 3.610464742551638 ], [ 98.498200855570389, 3.610501328044967 ], [ 98.498168333791199, 3.610555286027433 ], [ 98.498136041706005, 3.610645842065414 ], [ 98.498110551575053, 3.610731575481348 ], [ 98.498109733080426, 3.610736401417677 ], [ 98.498110548293312, 3.610737552199306 ], [ 98.498200692531498, 3.610798316765631 ], [ 98.498241746853594, 3.610827048515457 ], [ 98.498290836323577, 3.610859917141152 ], [ 98.498371861379312, 3.610917694545254 ], [ 98.498380978806438, 3.610923926333287 ], [ 98.498471123246787, 3.610984392392141 ], [ 98.498503278964066, 3.611008341281512 ], [ 98.498561266068435, 3.611047831820133 ], [ 98.498642574986462, 3.61109899236481 ], [ 98.49865141250946, 3.611104697150257 ], [ 98.498741557585674, 3.611164072739339 ], [ 98.498781852012328, 3.61118964341983 ], [ 98.498831703387523, 3.611222147704859 ], [ 98.498921849762908, 3.611279198852607 ], [ 98.498923384002879, 3.611280295705127 ], [ 98.499011992183299, 3.611343486502105 ], [ 98.499049783909626, 3.611370939599059 ], [ 98.499102133189609, 3.611410378376443 ], [ 98.499168542545675, 3.611461579251404 ], [ 98.499192272861322, 3.611479730694233 ], [ 98.499282130183445, 3.611552216031181 ], [ 98.499282410727432, 3.611552404204288 ], [ 98.499372556772329, 3.611610175526832 ], [ 98.499422066225122, 3.61164286736977 ], [ 98.499462704114762, 3.611665600161411 ], [ 98.499552862958112, 3.611700045870073 ], [ 98.49964304179494, 3.611697991982634 ], [ 98.499733220360895, 3.611696434425101 ], [ 98.499775699087238, 3.611733636801801 ], [ 98.499823356633598, 3.61177214584153 ], [ 98.499913520984791, 3.611796579534953 ], [ 98.499981245694883, 3.611824324318356 ], [ 98.5000036722342, 3.611844968257509 ], [ 98.500054625467342, 3.611914938806726 ], [ 98.500093782268834, 3.611968709647281 ], [ 98.5001206092644, 3.612005549206611 ], [ 98.500183892326717, 3.612092451214156 ], [ 98.50018659281946, 3.61209615960319 ], [ 98.500274018790364, 3.612186239880588 ], [ 98.500274541255052, 3.612186782123788 ], [ 98.500364149217319, 3.612272814758779 ], [ 98.500368920157996, 3.612277408187818 ], [ 98.500454280193722, 3.612358416182666 ], [ 98.500464298510138, 3.612368034796047 ], [ 98.500544410062687, 3.612446074447568 ], [ 98.500556728523875, 3.61245865976968 ], [ 98.500634537425469, 3.612538349579486 ], [ 98.500645033887579, 3.612549282460469 ], [ 98.500724663865512, 3.61263234632252 ], [ 98.500731919788635, 3.612639904361819 ], [ 98.500814790318245, 3.612726353643724 ], [ 98.500818795953762, 3.61273052625167 ], [ 98.500904916783909, 3.612820371023936 ], [ 98.500905662754747, 3.612821148130229 ], [ 98.500992524832711, 3.612911770000053 ], [ 98.500995043258897, 3.612914405129918 ], [ 98.50107937088741, 3.613002391854915 ], [ 98.501034090189677, 3.613092940858139 ], [ 98.500994921642331, 3.613137033353218 ], [ 98.500957487867538, 3.613183472584276 ], [ 98.500904682601586, 3.613248980762528 ], [ 98.500884509847083, 3.613274006300803 ], [ 98.500814443537905, 3.613360928442138 ], [ 98.500811532320697, 3.613364540009532 ], [ 98.500738554779403, 3.613455073710177 ], [ 98.500724197369721, 3.613485831083251 ], [ 98.500695372365627, 3.613545623845579 ], [ 98.50072414877377, 3.613574728906146 ], [ 98.500785045985666, 3.613636247292126 ], [ 98.500814276669203, 3.613666242198978 ], [ 98.500873623130673, 3.61372687012717 ], [ 98.50090440445878, 3.613757982196758 ], [ 98.500963479987306, 3.613817493661679 ], [ 98.50099453272739, 3.613848878557248 ], [ 98.501053326314789, 3.613908117183748 ], [ 98.501084661173209, 3.613939483390936 ], [ 98.501143988171776, 3.613998741148885 ], [ 98.501174790029424, 3.614029369613827 ], [ 98.501235116159975, 3.614089365364244 ], [ 98.501264918976162, 3.614119122581103 ], [ 98.501325980537032, 3.614179989427431 ], [ 98.501355047925287, 3.614208903694017 ], [ 98.501445200928472, 3.614254660065462 ], [ 98.501491194802668, 3.614270654459381 ], [ 98.501535359106299, 3.614290955178221 ], [ 98.501566672037825, 3.614361270024208 ], [ 98.501555656660329, 3.614451837928467 ], [ 98.501544641095137, 3.614542405832007 ], [ 98.501579128254107, 3.614632998809656 ], [ 98.501622407440479, 3.61472359663121 ], [ 98.501625297692172, 3.614729585502128 ], [ 98.501665930227105, 3.61481419458592 ], [ 98.501710662854251, 3.614904793206089 ], [ 98.501715374916117, 3.614914311124494 ], [ 98.501755515796802, 3.614995391891376 ], [ 98.501800038158507, 3.615085990393389 ], [ 98.501805442723182, 3.615116352782244 ], [ 98.501818597330868, 3.61517657459274 ], [ 98.501805390861946, 3.615211386685416 ], [ 98.501785732643967, 3.615267130463975 ], [ 98.501787215747228, 3.615357705256283 ], [ 98.501788699127744, 3.615448280048601 ], [ 98.501783299413546, 3.615538851048589 ], [ 98.50172275212077, 3.615629391662097 ], [ 98.501714980270265, 3.615637332605698 ], [ 98.50163236093249, 3.615719915822016 ], [ 98.501624752788771, 3.615727722772236 ], [ 98.501541490462827, 3.615810439706034 ], [ 98.501534525742784, 3.615817282767655 ], [ 98.501449090793912, 3.615900962735089 ], [ 98.501444299382882, 3.615905554359022 ], [ 98.501373077852406, 3.615991494788895 ], [ 98.501354061695793, 3.61601452713286 ], [ 98.501298279016396, 3.616082027503704 ], [ 98.501263826608508, 3.616118701854887 ], [ 98.501211320507224, 3.616172553501984 ], [ 98.501203956094784, 3.616263123404648 ], [ 98.501228238628627, 3.61635371076653 ], [ 98.501252521583083, 3.616444298128478 ], [ 98.501263626039119, 3.616485723205816 ], [ 98.501275831227844, 3.616534884953328 ], [ 98.501296882784089, 3.616625470532369 ], [ 98.501316258915736, 3.616716055187087 ], [ 98.501332392428992, 3.616806638052999 ], [ 98.501349788651041, 3.616897221615437 ], [ 98.501353568741891, 3.616916704225281 ], [ 98.50136744918747, 3.616987805323641 ], [ 98.501385133057127, 3.617078389044676 ], [ 98.501377892388845, 3.617168959016599 ], [ 98.501353383723824, 3.617255255662557 ], [ 98.501352382116124, 3.617259518909224 ], [ 98.50133733484185, 3.617350084572892 ], [ 98.50132496144748, 3.617440651711012 ], [ 98.50131726874217, 3.617531221431092 ], [ 98.501309575762235, 3.617621791150562 ], [ 98.5013018830048, 3.617712360869698 ], [ 98.501294190190436, 3.617802930588347 ], [ 98.501286497202216, 3.617893500306444 ], [ 98.501278804537293, 3.61798407002426 ], [ 98.501271111613875, 3.618074639741481 ], [ 98.501263418617413, 3.618165209458202 ], [ 98.501262703369804, 3.618173630506845 ], [ 98.501255726014506, 3.618255779174683 ], [ 98.501248033012516, 3.618346348890488 ], [ 98.50124034010544, 3.61843691860589 ], [ 98.50123264739662, 3.618527488320943 ], [ 98.501224954386359, 3.618618058035374 ], [ 98.501217261571767, 3.618708627749456 ], [ 98.501209568753907, 3.618799197463078 ], [ 98.501201875735376, 3.618889767176135 ], [ 98.501194183013297, 3.618980336888899 ], [ 98.501187010047317, 3.619070906888183 ], [ 98.501185150490102, 3.619161479820889 ], [ 98.501179558919603, 3.619252050692634 ], [ 98.501174519562142, 3.619342621868941 ], [ 98.501171868874792, 3.619373222417285 ], [ 98.501166672982094, 3.619433191494704 ], [ 98.501160581341864, 3.619523762089152 ], [ 98.501154936148552, 3.619614332929768 ], [ 98.501149317660932, 3.619704903784761 ], [ 98.501139911283289, 3.619795472547327 ], [ 98.501081417953984, 3.619871100057471 ], [ 98.501051093536148, 3.619885997444749 ], [ 98.500991215162841, 3.619915410078335 ], [ 98.500901012411276, 3.619959633468154 ], [ 98.500866764653395, 3.619976469553197 ], [ 98.50081080963065, 3.620003895678398 ], [ 98.500720606848034, 3.620048147268066 ], [ 98.500682179285533, 3.620066941476978 ], [ 98.500630404172639, 3.620092188792902 ], [ 98.500540201417834, 3.620136361083471 ], [ 98.500497116388772, 3.620157413093669 ], [ 98.500449998708703, 3.620180435818315 ], [ 98.500359795990946, 3.620224512068624 ], [ 98.500346763962014, 3.620247903871425 ], [ 98.500313064763745, 3.620338459171803 ], [ 98.500294168861046, 3.620429022661141 ], [ 98.500281565191173, 3.620519589631302 ], [ 98.500273267726342, 3.62061015898377 ], [ 98.500269385632237, 3.620647343319741 ], [ 98.500263812260343, 3.620700727694901 ], [ 98.500254385185116, 3.620791296421206 ], [ 98.500247597558172, 3.620881866607798 ], [ 98.500240435626125, 3.620972436586804 ], [ 98.500233867798656, 3.621063006894209 ], [ 98.500226791247798, 3.621153576919621 ], [ 98.500222022499145, 3.621244148222064 ], [ 98.500216115587165, 3.621334718894129 ], [ 98.500229457449421, 3.621425300221364 ], [ 98.500238396274327, 3.621515879111237 ], [ 98.500268864594219, 3.621597621537111 ], [ 98.500272900720191, 3.621606472153021 ], [ 98.500319536920742, 3.621697071909276 ], [ 98.500327445860819, 3.621787650229281 ], [ 98.500343814109669, 3.621878233231537 ], [ 98.500341178886515, 3.621968805715194 ], [ 98.500343413011819, 3.622059380893933 ], [ 98.500358772847008, 3.622090858381799 ], [ 98.500416384880168, 3.622149995226021 ], [ 98.500448903807921, 3.622178024437718 ], [ 98.500522361662391, 3.62224062781821 ], [ 98.500470348987193, 3.622331172978348 ], [ 98.500448806052447, 3.622356320229737 ], [ 98.500392396411925, 3.622421703775722 ], [ 98.500358569918262, 3.622460911536957 ], [ 98.500314291322624, 3.622512234479601 ], [ 98.50026833386589, 3.622565315140953 ], [ 98.500235921345379, 3.622602765027714 ], [ 98.500178098035207, 3.622669276211526 ], [ 98.500157216312402, 3.622693295381121 ], [ 98.500087862293043, 3.622773037728267 ], [ 98.500084234336171, 3.622783828895489 ], [ 98.500059909766847, 3.622874389357713 ], [ 98.500078529401861, 3.622964973608864 ], [ 98.500087743959455, 3.622988673324877 ], [ 98.500132422091639, 3.623055577398927 ], [ 98.500177853656538, 3.623114678778332 ], [ 98.500208196223994, 3.623146193306266 ], [ 98.500267982064443, 3.623206622353997 ], [ 98.500298751036212, 3.623236817394193 ], [ 98.500358112293895, 3.623295278239826 ], [ 98.50039098521124, 3.623327442405158 ], [ 98.500448244164971, 3.623380973016057 ], [ 98.500487924929971, 3.623418070013946 ], [ 98.500538376837667, 3.623465237050134 ], [ 98.500585453254473, 3.623508697940591 ], [ 98.500628511265859, 3.623546330017834 ], [ 98.500693282766207, 3.623599331559686 ], [ 98.500718649481627, 3.6236205433547 ], [ 98.50079882926056, 3.623689963905556 ], [ 98.500724264095211, 3.623780496591528 ], [ 98.500718558015123, 3.623787392496524 ], [ 98.500645546315013, 3.623871026970771 ], [ 98.500628323383154, 3.623888994055541 ], [ 98.500558389444421, 3.62396155266912 ], [ 98.500538093109967, 3.623982610737212 ], [ 98.500471138382864, 3.624052078304319 ], [ 98.500447862818149, 3.62407622740709 ], [ 98.500383887303883, 3.624142603928489 ], [ 98.50035763210461, 3.624170578697845 ], [ 98.500298273568944, 3.62423313044858 ], [ 98.500267401893069, 3.624263980954846 ], [ 98.50020679756193, 3.624323653710182 ], [ 98.500177174388782, 3.624352417155701 ], [ 98.500113304571698, 3.624414175842114 ], [ 98.500086947658261, 3.624439412130408 ], [ 98.500024682793921, 3.624504700661508 ], [ 98.499996716657819, 3.624534151849542 ], [ 98.499937519643154, 3.624595226278186 ], [ 98.499906488647753, 3.6246234124989 ], [ 98.49983097618842, 3.624685741137747 ], [ 98.499816269436792, 3.624696623461982 ], [ 98.499726054081009, 3.624762792323338 ], [ 98.499707542101859, 3.624776246613414 ], [ 98.499635841654637, 3.624823607933917 ], [ 98.499570536555808, 3.624866744539084 ], [ 98.499545618787963, 3.624903396660536 ], [ 98.499485158204592, 3.624957271090518 ], [ 98.499460081439196, 3.625047831098526 ], [ 98.499455350972298, 3.625064914284725 ], [ 98.499435004667646, 3.625138391104963 ], [ 98.499409928400794, 3.62522895111011 ], [ 98.499384852122319, 3.625319511113682 ], [ 98.499364992494407, 3.625391230340476 ], [ 98.499359775332366, 3.6254100711154 ], [ 98.499334698536273, 3.625500631115546 ], [ 98.499309621734042, 3.625591191114121 ], [ 98.499284544925686, 3.625681751111122 ], [ 98.499274633938882, 3.62571754269828 ], [ 98.499259468111205, 3.62577231110655 ], [ 98.499234391290571, 3.625862871100404 ], [ 98.499209314463798, 3.625953431092687 ], [ 98.499184275303691, 3.626043855035662 ], [ 98.499184237631326, 3.626043991083397 ], [ 98.499149714866334, 3.626134545825626 ], [ 98.499116901326857, 3.626225101514915 ], [ 98.499093966283894, 3.626279875293021 ], [ 98.499079010146602, 3.626315654380906 ], [ 98.499003723588814, 3.626395316686656 ], [ 98.498994260321481, 3.626406181206562 ], [ 98.498913492607926, 3.626489440021682 ], [ 98.498906292651128, 3.626496706233264 ], [ 98.498823263293005, 3.62658050421287 ], [ 98.498816542128026, 3.626587230257669 ], [ 98.498733034383463, 3.62667079963555 ], [ 98.498726149263746, 3.626677753913319 ], [ 98.498642803098889, 3.626765373379147 ], [ 98.498640055610807, 3.626768279948184 ], [ 98.498560195018555, 3.626858809439351 ], [ 98.498552566806822, 3.626868999944246 ], [ 98.498496232067239, 3.626949347765406 ], [ 98.498462316662952, 3.626997719841262 ], [ 98.498432752352642, 3.627039886353852 ], [ 98.498372066491925, 3.627126440397394 ], [ 98.498369272787102, 3.627130424935978 ], [ 98.498305792891799, 3.627220963511513 ], [ 98.498281816294451, 3.627255160268487 ], [ 98.498242313189252, 3.62731150208075 ], [ 98.498191566069792, 3.627383880798695 ], [ 98.498178833532094, 3.627402040643608 ], [ 98.498115353597001, 3.627492579199904 ], [ 98.498101315818715, 3.627512600643863 ], [ 98.498051873906519, 3.62758311774993 ], [ 98.498011065540453, 3.627641321148143 ], [ 98.497986148128774, 3.627673655042482 ], [ 98.497920820907183, 3.627759764620513 ], [ 98.497917227812863, 3.62776419054861 ], [ 98.497843730578737, 3.627854723497204 ], [ 98.497830580271554, 3.627870921873791 ], [ 98.497773815802489, 3.627945258434013 ], [ 98.497740335703597, 3.627989160232743 ], [ 98.497703100717089, 3.628035792917217 ], [ 98.497650098136944, 3.628094676515922 ], [ 98.497621357137888, 3.628126321244719 ], [ 98.497559865765439, 3.628190748573261 ], [ 98.497535226616506, 3.628216847116295 ], [ 98.497469633648663, 3.628286324747458 ], [ 98.497449761923022, 3.628307373348399 ], [ 98.497379401920682, 3.628381162772121 ], [ 98.497363063386274, 3.628397898881614 ], [ 98.497289172035252, 3.628472632748265 ], [ 98.497273705206737, 3.628488422920057 ], [ 98.497198941554558, 3.628565146616414 ], [ 98.49719176100119, 3.628578951084149 ], [ 98.497197900925357, 3.628669528395847 ], [ 98.497187114863607, 3.628760096262082 ], [ 98.497198817599411, 3.628789368593321 ], [ 98.497223322095095, 3.628850690352372 ], [ 98.49723254061351, 3.628941269381955 ], [ 98.497198685736095, 3.629027880288521 ], [ 98.497196624179111, 3.629031823223626 ], [ 98.497149281328092, 3.62912237068512 ], [ 98.497108410864143, 3.629200540020063 ], [ 98.497101939020794, 3.629212918142934 ], [ 98.49705459636516, 3.629303465596578 ], [ 98.497018135954633, 3.629373199737114 ], [ 98.497007253808206, 3.629394013046296 ], [ 98.496959911469901, 3.629484560492155 ], [ 98.496927861006952, 3.629545860525595 ], [ 98.496912569025241, 3.629575107933975 ], [ 98.496865226195311, 3.629665655371596 ], [ 98.496837586022309, 3.629718520213656 ], [ 98.496817969455975, 3.629756202853331 ], [ 98.496771275291763, 3.629846750645394 ], [ 98.496747312910628, 3.62988772816408 ], [ 98.496703596017099, 3.62993728670799 ], [ 98.49665707773292, 3.629988350545997 ], [ 98.496621126741275, 3.630027814497822 ], [ 98.496566843404736, 3.630087402134079 ], [ 98.496562629198792, 3.630118355677016 ], [ 98.49656682436428, 3.630121787505097 ], [ 98.496656991281498, 3.630144503876771 ], [ 98.496702159306281, 3.630209007532515 ], [ 98.496747088634265, 3.630292898413369 ], [ 98.496752988186088, 3.630299609810963 ], [ 98.496807397700096, 3.630390214088358 ], [ 98.496837205130262, 3.630406755793827 ], [ 98.496927382281157, 3.630411047618904 ], [ 98.497013517012064, 3.630390329228257 ], [ 98.497017574328424, 3.630388419807155 ], [ 98.497107800460313, 3.630304169842086 ], [ 98.497112469368275, 3.630299810606158 ], [ 98.497198026848878, 3.630219425826565 ], [ 98.49720866751251, 3.630209290432732 ], [ 98.497288253611856, 3.63013397455642 ], [ 98.497304236963529, 3.630118769895295 ], [ 98.497378480376995, 3.630048488928939 ], [ 98.497399750851756, 3.630028249313886 ], [ 98.497468707152194, 3.62996295462673 ], [ 98.497495210729923, 3.62993772868939 ], [ 98.497558933937384, 3.629877371761906 ], [ 98.49764910906886, 3.629885248348177 ], [ 98.497699067825337, 3.629937842396057 ], [ 98.497739236139907, 3.629980129556842 ], [ 98.497785149009786, 3.630028464287207 ], [ 98.497829363227794, 3.630075014120759 ], [ 98.497871221622603, 3.630119086167551 ], [ 98.497919490329465, 3.63016990752426 ], [ 98.497957291754517, 3.63020970804049 ], [ 98.498009617449853, 3.630264800921164 ], [ 98.498043361691657, 3.630300329907294 ], [ 98.498099744588814, 3.630359694516706 ], [ 98.498129431883129, 3.630390951768218 ], [ 98.498189871746604, 3.630454587872373 ], [ 98.498215502091639, 3.630481573623126 ], [ 98.49827999892284, 3.63054948166732 ], [ 98.498301571886884, 3.630572195471776 ], [ 98.498370126118004, 3.630644375037839 ], [ 98.498387642104049, 3.630662817314635 ], [ 98.498460253331842, 3.63073926840176 ], [ 98.498473712253769, 3.63075343915143 ], [ 98.498550380564353, 3.630834161824077 ], [ 98.498559782530506, 3.630844060982266 ], [ 98.498640507815622, 3.630929055146752 ], [ 98.498645852824282, 3.630934682807083 ], [ 98.498730635085252, 3.631023949048941 ], [ 98.498731922577434, 3.631025304625571 ], [ 98.49881799289723, 3.631115926438344 ], [ 98.49882076237391, 3.631118842367315 ], [ 98.498903426537126, 3.631206547890763 ], [ 98.498910889272437, 3.631214477208356 ], [ 98.498987042321289, 3.631297168325728 ], [ 98.499001014961379, 3.631312340475447 ], [ 98.499070497806201, 3.631387788665871 ], [ 98.499091140669492, 3.631410203788143 ], [ 98.499153953222418, 3.631478409000365 ], [ 98.499181266396803, 3.631508067094304 ], [ 98.499237408997317, 3.631569029329446 ], [ 98.499271392143527, 3.631605930040698 ], [ 98.499320864405803, 3.63165964965271 ], [ 98.499271328771016, 3.631720943869706 ], [ 98.499247643560849, 3.631750182837538 ], [ 98.499181095661683, 3.631817876058594 ], [ 98.499158650901293, 3.631840707239976 ], [ 98.499090865370917, 3.631909659790865 ], [ 98.499069658500659, 3.631931231631124 ], [ 98.499000635062188, 3.632001442950613 ], [ 98.498980665790455, 3.632021756010668 ], [ 98.4989104047349, 3.632093226659357 ], [ 98.4988916733694, 3.632112280378936 ], [ 98.49882017438965, 3.632185009795575 ], [ 98.498802680608563, 3.63220280473558 ], [ 98.498729944026095, 3.632276793022461 ], [ 98.498713687715664, 3.632293329080716 ], [ 98.498639713644081, 3.632368576593472 ], [ 98.49862469535563, 3.632383853414709 ], [ 98.498549483244005, 3.632460359781224 ], [ 98.498535702427176, 3.63247437773695 ], [ 98.498459252825469, 3.632552143344297 ], [ 98.498446710031644, 3.63256490204805 ], [ 98.498369022388871, 3.632643926492913 ], [ 98.498357717136656, 3.632655426347432 ], [ 98.498278791933757, 3.632735710111482 ], [ 98.498268724636588, 3.632745950635596 ], [ 98.49818856146068, 3.632827493157523 ], [ 98.49817973163708, 3.632836474912042 ], [ 98.498098330969341, 3.632919276191794 ], [ 98.498090738666136, 3.632926999177061 ], [ 98.49800810045943, 3.633011059775048 ], [ 98.498001746135415, 3.633017523430886 ], [ 98.49791786993157, 3.633102842785772 ], [ 98.497913382234003, 3.633108048023987 ], [ 98.497835076548512, 3.633198578218432 ], [ 98.497827632472791, 3.633207130068957 ], [ 98.497762926313769, 3.633289111839121 ], [ 98.497737389324669, 3.633321668402081 ], [ 98.497691894807716, 3.633379646076318 ], [ 98.497647146992321, 3.633434689186511 ], [ 98.497618229005823, 3.633470178835056 ], [ 98.497569990333787, 3.633560725783403 ], [ 98.497585918195014, 3.633651308557727 ], [ 98.497557540217201, 3.633741866592664 ], [ 98.497556796823019, 3.633742605358401 ], [ 98.49746656758775, 3.633831831261899 ], [ 98.497465980800641, 3.63383238934003 ], [ 98.497376341823596, 3.633914753217405 ], [ 98.497367466530662, 3.633922908190123 ], [ 98.497286116053644, 3.63399765623722 ], [ 98.497268952241271, 3.634013427026512 ], [ 98.49719589026742, 3.634080559245536 ], [ 98.497170437932496, 3.634103945849194 ], [ 98.497105664651997, 3.634163124416668 ], [ 98.497071270724874, 3.6341944642932 ], [ 98.497015440395217, 3.634243207359366 ], [ 98.496967594067414, 3.634284980201942 ], [ 98.496925216419868, 3.634322754054627 ], [ 98.496865174290946, 3.63437549679862 ], [ 98.496834992878945, 3.634401488695935 ], [ 98.49676672709046, 3.634466015602849 ], [ 98.496744765747223, 3.634486674809305 ], [ 98.496686165274568, 3.634556544400357 ], [ 98.496654526366015, 3.634593928617157 ], [ 98.496609973194609, 3.634647075633519 ], [ 98.496564284607786, 3.634705430325351 ], [ 98.496538975294897, 3.634737609765062 ], [ 98.496474036687331, 3.634828002766676 ], [ 98.496473939619264, 3.634828147226359 ], [ 98.496413767278611, 3.634918687403737 ], [ 98.496384240103524, 3.635009244733989 ], [ 98.496383755373813, 3.635010731344991 ], [ 98.496354712523825, 3.635099802062044 ], [ 98.496304593292024, 3.635190347856704 ], [ 98.496293468298745, 3.635203772109584 ], [ 98.496227544996955, 3.635280878564011 ], [ 98.496203229923964, 3.635308977920143 ], [ 98.496149414453228, 3.635371408656106 ], [ 98.496112991904056, 3.635413505902191 ], [ 98.496071221807682, 3.635461938704268 ], [ 98.496022753774966, 3.635518192392974 ], [ 98.495993196279926, 3.635552468836936 ], [ 98.495932515609397, 3.6356229062689 ], [ 98.49591519152338, 3.635642998972128 ], [ 98.495842277407135, 3.63572764799941 ], [ 98.495837214440769, 3.635733529113724 ], [ 98.495759144528776, 3.635824059194157 ], [ 98.495752039250291, 3.635832269729055 ], [ 98.495680970446571, 3.635914589207045 ], [ 98.495661801126744, 3.635936793312701 ], [ 98.495602813775477, 3.636005119220549 ], [ 98.495571562981809, 3.636041317208841 ], [ 98.495520136215433, 3.636095646688578 ], [ 98.495481335356686, 3.636126877541217 ], [ 98.49544163040504, 3.636095602641243 ], [ 98.495391194783409, 3.636055826552969 ], [ 98.49532671264113, 3.636004964307093 ], [ 98.495301054253446, 3.635984723952112 ], [ 98.495211011720173, 3.635914325521651 ], [ 98.495210913388661, 3.635914249619415 ], [ 98.495120771186137, 3.635846206466719 ], [ 98.495091467618266, 3.635823684566567 ], [ 98.495030629599768, 3.635777080988225 ], [ 98.494973161617338, 3.635733044294033 ], [ 98.494940487980813, 3.6357080396787 ], [ 98.494850321996282, 3.635682809323257 ], [ 98.494760118841896, 3.635724372437677 ], [ 98.494748833900545, 3.635732918288098 ], [ 98.494669896378724, 3.63580060714559 ], [ 98.494652739482589, 3.63582343813022 ], [ 98.494584594886192, 3.635913973668568 ], [ 98.494579649571961, 3.635920534828791 ], [ 98.494515982420154, 3.636004508936668 ], [ 98.494489403306389, 3.636039446302437 ], [ 98.494447233652295, 3.636095044120811 ], [ 98.494399157157019, 3.636158105067332 ], [ 98.494378133568702, 3.636185579100053 ], [ 98.494308913493597, 3.636272258073947 ], [ 98.494305875121114, 3.636276112295604 ], [ 98.494234237030966, 3.636366645832103 ], [ 98.494218669814899, 3.636386396468216 ], [ 98.494163475067367, 3.636457179853621 ], [ 98.494128425224275, 3.636502128806215 ], [ 98.494092879284693, 3.636547713960923 ], [ 98.494038180609849, 3.636617861131631 ], [ 98.494022283574097, 3.636638248060577 ], [ 98.493951688167456, 3.636728782152709 ], [ 98.493947935971249, 3.636733594075896 ], [ 98.493881092341084, 3.636819316236912 ] ] ], [ [ [ 98.495856063697147, 3.61081925732285 ], [ 98.495842850331769, 3.610825716004577 ], [ 98.495842924024103, 3.610916289947578 ], [ 98.495855979334181, 3.610972206180434 ], [ 98.495909992754861, 3.610916327289412 ], [ 98.495868934703012, 3.610825730527795 ], [ 98.495856063697147, 3.61081925732285 ] ] ], [ [ [ 98.491618995046778, 3.608524511434384 ], [ 98.491709183300173, 3.608504782555231 ], [ 98.49177156400998, 3.608559093800739 ], [ 98.491799315298266, 3.608586291068295 ], [ 98.491868862009852, 3.60855914837376 ], [ 98.491889512152767, 3.608551089033409 ], [ 98.491901750914778, 3.608559166818302 ], [ 98.491979647372403, 3.608626838482742 ], [ 98.492069851139959, 3.608579188239755 ], [ 98.492107341996558, 3.6085592820895 ], [ 98.492160055034745, 3.608531293563315 ], [ 98.492250258921004, 3.608483398876506 ], [ 98.49227774710036, 3.60846880374027 ], [ 98.492340462798722, 3.608435504179323 ], [ 98.492430666190018, 3.608388470579697 ], [ 98.492451488891916, 3.608378327223134 ], [ 98.492520889627585, 3.608305291405531 ], [ 98.492526547151115, 3.608287795403943 ], [ 98.492520933541485, 3.60822614158252 ], [ 98.492518338471328, 3.608197216945694 ], [ 98.492520958729457, 3.608180742342117 ], [ 98.492530505943364, 3.608106649898933 ], [ 98.492541686990165, 3.608016082299089 ], [ 98.492541307598501, 3.607925508224939 ], [ 98.492537042350136, 3.607834931974617 ], [ 98.492534668768542, 3.607744356783496 ], [ 98.492539090764851, 3.607653785397481 ], [ 98.492544357510312, 3.607563214484143 ], [ 98.492549624253485, 3.607472643570447 ], [ 98.492554891283476, 3.607382072656554 ], [ 98.492560158192845, 3.607291501742236 ], [ 98.492565424929111, 3.607200930827466 ], [ 98.492570691663076, 3.607110359912339 ], [ 98.492575958394738, 3.607019788996851 ], [ 98.492581225280219, 3.606929218081091 ], [ 98.492586492311133, 3.606838647165057 ], [ 98.492591248060393, 3.606748075962474 ], [ 98.492596068513947, 3.606657504795771 ], [ 98.492601262950117, 3.606566933838052 ], [ 98.492604968347408, 3.60647636204657 ], [ 98.492607290029895, 3.60638578948035 ], [ 98.492609612187266, 3.606295216914148 ], [ 98.492611934945998, 3.60620464434803 ], [ 98.492612238428308, 3.606192783900006 ], [ 98.492614256496864, 3.606114071780988 ], [ 98.492616945869926, 3.606023499419534 ], [ 98.492625690686438, 3.605932930446409 ], [ 98.492634723722475, 3.605842361634055 ], [ 98.492644132927111, 3.605751793031661 ], [ 98.492629956276289, 3.605661211231705 ], [ 98.492612550765543, 3.605629361308683 ], [ 98.492522403144221, 3.605576340699189 ], [ 98.49244353135235, 3.605570533034568 ], [ 98.492432230186736, 3.605569032507677 ], [ 98.492363615065329, 3.605479914434995 ], [ 98.492432314142562, 3.605417621426295 ], [ 98.492463441706903, 3.605389396447838 ], [ 98.492522536489659, 3.605335812132161 ], [ 98.492563268975729, 3.605298878447073 ], [ 98.492612750823653, 3.605268431536434 ], [ 98.492702929205166, 3.605265906165882 ], [ 98.492793095080742, 3.605285953578761 ], [ 98.492870594935781, 3.605208476491223 ], [ 98.49288332199535, 3.605195823394898 ], [ 98.492958668526285, 3.605117951865418 ], [ 98.492973550831096, 3.605102192381033 ], [ 98.493052625077027, 3.605027430516896 ], [ 98.493063775263025, 3.605016480959324 ], [ 98.493136439957155, 3.60493690348798 ], [ 98.493133148341457, 3.604846327772327 ], [ 98.49315388182923, 3.604755765482765 ], [ 98.49315409697607, 3.604755014835308 ], [ 98.493177093718828, 3.604665204576873 ], [ 98.493162653983319, 3.604574622631021 ], [ 98.493154204738786, 3.604560346920072 ], [ 98.493108762227649, 3.604484018638864 ], [ 98.493067317737115, 3.604393421601276 ], [ 98.493064123081496, 3.604388283968393 ], [ 98.49301097819297, 3.604302816237833 ], [ 98.492974031959193, 3.604233370284234 ], [ 98.49296228670552, 3.604212215147233 ], [ 98.492903718682228, 3.604121608534223 ], [ 98.492883935071575, 3.604088918148869 ], [ 98.492847713174996, 3.604031003351474 ], [ 98.492793834545481, 3.603951083119097 ], [ 98.492774796784786, 3.603940388711618 ], [ 98.492703685712158, 3.603900500627307 ], [ 98.492613523102847, 3.603874802246354 ], [ 98.492532596157488, 3.603849679390696 ], [ 98.492523361755602, 3.603846837555035 ], [ 98.492433200137754, 3.603819373108705 ], [ 98.492343042363316, 3.603784986941992 ], [ 98.492283634016616, 3.603758966227773 ], [ 98.492252887942627, 3.603744565779748 ], [ 98.492162734632743, 3.603702157552864 ], [ 98.492091143085062, 3.603668284619387 ], [ 98.492072579869983, 3.603662385859946 ], [ 98.491982416690732, 3.6036378033092 ], [ 98.491892248676962, 3.603621945726548 ], [ 98.491802075947092, 3.603614595205153 ], [ 98.491711908058193, 3.603598526828347 ], [ 98.491621740609745, 3.603581672824189 ], [ 98.491599069436532, 3.603577435150982 ], [ 98.491531573165844, 3.603564818811534 ], [ 98.491441405726476, 3.603547964790384 ], [ 98.491351238291657, 3.603531110760738 ], [ 98.491261070861285, 3.603514256850239 ], [ 98.49117090435108, 3.603495754848038 ], [ 98.491080706634961, 3.603533421785277 ], [ 98.490990507569165, 3.603573505746722 ], [ 98.490984551771774, 3.603577090592422 ], [ 98.490900300423036, 3.603628113612764 ], [ 98.490839656361175, 3.60366758313573 ], [ 98.49081008523315, 3.603697171198857 ], [ 98.490764290031919, 3.603758114681478 ], [ 98.490746493221565, 3.603848678536612 ], [ 98.490719781768107, 3.603924943495972 ], [ 98.490714702574493, 3.603939234534831 ], [ 98.490681989110897, 3.604029790012758 ], [ 98.490649275639726, 3.604120345488402 ], [ 98.490629465754481, 3.604175182017416 ], [ 98.490616562083474, 3.604210900961724 ], [ 98.490583848400661, 3.604301456432697 ], [ 98.490551134710287, 3.60439201190139 ], [ 98.490539149812747, 3.604425187547788 ], [ 98.490518421012339, 3.6044825673678 ], [ 98.490485707306846, 3.604573122831929 ], [ 98.490452993593749, 3.604663678293775 ], [ 98.490448834832975, 3.604673360915451 ], [ 98.490416325511887, 3.604754231531611 ], [ 98.49037282548646, 3.604844780927865 ], [ 98.490358546828304, 3.604872972861037 ], [ 98.49032696467269, 3.604935328993937 ], [ 98.490281103715063, 3.605025877056142 ], [ 98.490268270678115, 3.605051214470484 ], [ 98.490235242245802, 3.605116425114275 ], [ 98.490190160182223, 3.605206973606773 ], [ 98.490177993352546, 3.605231496947629 ], [ 98.490145981286176, 3.605297522603372 ], [ 98.490099689102138, 3.605388070408117 ], [ 98.490087716391329, 3.605411054794908 ], [ 98.490057606268749, 3.605478620576167 ], [ 98.490046218786873, 3.605569188003861 ], [ 98.490042826132921, 3.605659759927218 ], [ 98.49005115509479, 3.605750338442627 ], [ 98.490063934800375, 3.605840919461133 ], [ 98.49007526995922, 3.605931499667222 ], [ 98.490087388988513, 3.605998763231061 ], [ 98.49009145285828, 3.60602208259969 ], [ 98.490104320356821, 3.606112663667572 ], [ 98.490122612032536, 3.606203247785991 ], [ 98.490135740173642, 3.606293829000454 ], [ 98.490151832154524, 3.606384411881753 ], [ 98.490156194363053, 3.606474988166307 ], [ 98.490159206495036, 3.606565563691488 ], [ 98.490159533481943, 3.606656137706383 ], [ 98.49015015457195, 3.606746706262101 ], [ 98.490164383928203, 3.606837288095958 ], [ 98.490160200616458, 3.606927859573526 ], [ 98.490172815123429, 3.607018440499115 ], [ 98.490176973290033, 3.607062670578439 ], [ 98.490181451378206, 3.607109019187067 ], [ 98.490182603321145, 3.607199593665241 ], [ 98.490206090311418, 3.607290180706341 ], [ 98.490229582337278, 3.607380767750143 ], [ 98.490264036003097, 3.607471360959087 ], [ 98.490266918859461, 3.607478292478742 ], [ 98.490305798595656, 3.607561958278097 ], [ 98.49035700412297, 3.607643267284382 ], [ 98.490365394400072, 3.607652565624868 ], [ 98.490445775157937, 3.607743184656331 ], [ 98.490447124732555, 3.607744838541426 ], [ 98.490537262180325, 3.607816210722817 ], [ 98.490556901632175, 3.607833820967504 ], [ 98.490627400421047, 3.607886184989053 ], [ 98.490680268684912, 3.607924464147831 ], [ 98.490717534155536, 3.607964278819597 ], [ 98.490807688525621, 3.608005330232539 ], [ 98.490819353688522, 3.608015116146793 ], [ 98.490897824316932, 3.608079779225638 ], [ 98.490939112278085, 3.608105757270991 ], [ 98.49098795761131, 3.608158742297571 ], [ 98.491078119311894, 3.608186679375954 ], [ 98.491089374788956, 3.608196415515158 ], [ 98.491168250234708, 3.60826995465764 ], [ 98.49120212069991, 3.608287052672689 ], [ 98.491258382336014, 3.608351141074263 ], [ 98.491348550810727, 3.6083669512793 ], [ 98.491360985528502, 3.608377715709858 ], [ 98.491438682032324, 3.608449768119384 ], [ 98.49146988976743, 3.608468350684042 ], [ 98.491528809736053, 3.608538942393982 ], [ 98.491618995046778, 3.608524511434384 ] ] ], [ [ [ 98.505326443140433, 3.607751429527987 ], [ 98.505326375409737, 3.607751383871425 ], [ 98.505326094025818, 3.607751429337421 ], [ 98.505326374989338, 3.60775216131095 ], [ 98.505326443140433, 3.607751429527987 ] ] ] ] } }
]
}
