{
"type": "FeatureCollection",
"name": "sungai_binjai",
"crs": { "type": "name", "properties": { "name": "urn:ogc:def:crs:OGC:1.3:CRS84" } },
"features": [
{ "type": "Feature", "properties": { "Remark": "Sungai" }, "geometry": { "type": "MultiLineString", "coordinates": [ [ [ 98.44527364003595, 3.545203607745163, 0.0 ], [ 98.445364387000041, 3.545112535000044, 0.0 ], [ 98.445547882000085, 3.544983995000052, 0.0 ], [ 98.445914797000057, 3.544838168000069, 0.0 ], [ 98.446143264000057, 3.544737463000047, 0.0 ], [ 98.446330203000059, 3.544630934000054, 0.0 ], [ 98.446426013000064, 3.544533633000071, 0.0 ], [ 98.446468763000041, 3.544408473000033, 0.0 ], [ 98.446502337000084, 3.544211450000034, 0.0 ], [ 98.446512917000064, 3.543877639000073, 0.0 ], [ 98.446526931000051, 3.543595992000064, 0.0 ], [ 98.446538650000036, 3.543283043000031, 0.0 ], [ 98.44654455400007, 3.543059344000028, 0.0 ], [ 98.446587415000067, 3.542749896000032, 0.0 ], [ 98.446660263000069, 3.542459003000033, 0.0 ], [ 98.44669033100007, 3.54236830900004, 0.0 ], [ 98.446804721000035, 3.542023272000051, 0.0 ], [ 98.446896016000039, 3.541747461000057, 0.0 ], [ 98.446979247000058, 3.541455425000038, 0.0 ], [ 98.447084489000076, 3.540996485000051, 0.0 ], [ 98.447123928000053, 3.540625600000055, 0.0 ], [ 98.447112556000036, 3.540353211000024, 0.0 ], [ 98.44705962200004, 3.540131792000068, 0.0 ], [ 98.446967459000064, 3.539925421000021, 0.0 ], [ 98.446846436000044, 3.539758440000071, 0.0 ], [ 98.446559463000085, 3.539316652000025, 0.0 ], [ 98.446416543000055, 3.539104452000061, 0.0 ], [ 98.446294371000079, 3.538930522000044, 0.0 ], [ 98.446198663135021, 3.538821600954514, 0.0 ] ], [ [ 98.445878137336393, 3.549813451306471, 0.0 ], [ 98.44586004100006, 3.54962400900007, 0.0 ], [ 98.44586200100008, 3.549448583000071, 0.0 ], [ 98.445862476000059, 3.54940609800002, 0.0 ], [ 98.445909953000069, 3.549101294000025, 0.0 ], [ 98.445955102000084, 3.548833571000046, 0.0 ], [ 98.44595987200006, 3.548582053000075, 0.0 ], [ 98.445934646000069, 3.548322401000064, 0.0 ], [ 98.445880559000045, 3.548099824000076, 0.0 ], [ 98.445827688000065, 3.547771764000061, 0.0 ], [ 98.44577477200005, 3.54751905400002, 0.0 ], [ 98.445712591000074, 3.547342835000052, 0.0 ], [ 98.445560455000077, 3.547109768000041, 0.0 ], [ 98.445378356000049, 3.546829161000062, 0.0 ], [ 98.445320149795037, 3.546745896836764, 0.0 ] ], [ [ 98.445845049983674, 3.537909761431287, 0.0 ], [ 98.445883239000068, 3.537782776000029, 0.0 ], [ 98.445970992000071, 3.537635623000028, 0.0 ], [ 98.446125649000066, 3.537503582000056, 0.0 ], [ 98.446281425000052, 3.53742717800003, 0.0 ], [ 98.446498333000079, 3.537353126000028, 0.0 ], [ 98.446674889000064, 3.537246591000041, 0.0 ], [ 98.446819158000039, 3.537128448000033, 0.0 ], [ 98.447070780000047, 3.536875919000067, 0.0 ], [ 98.447269317000064, 3.536672038000063, 0.0 ], [ 98.447555584000042, 3.536360412000022, 0.0 ], [ 98.447898428000087, 3.535956100000021, 0.0 ], [ 98.44804384300005, 3.535846072000027, 0.0 ], [ 98.448211161000074, 3.535755761000075, 0.0 ], [ 98.448378472000059, 3.535675889000061, 0.0 ], [ 98.448733866000055, 3.535499920000063, 0.0 ], [ 98.449257734000071, 3.535242911000068, 0.0 ], [ 98.449710039000081, 3.535053085000072, 0.0 ], [ 98.449841552000066, 3.535035776000029, 0.0 ], [ 98.450003055000082, 3.53503355600003, 0.0 ], [ 98.450171467000075, 3.535042929000042, 0.0 ], [ 98.450387166000041, 3.535063918000048, 0.0 ], [ 98.450577498000087, 3.535076788000026, 0.0 ], [ 98.450773602000083, 3.535073422000039, 0.0 ], [ 98.450957026000083, 3.53505962600002, 0.0 ], [ 98.451119700000049, 3.535026106000032, 0.0 ], [ 98.451252391000082, 3.534967074000065, 0.0 ], [ 98.451373567000076, 3.534874419000062, 0.0 ], [ 98.45144975900007, 3.534788694000042, 0.0 ], [ 98.451501735000079, 3.534667021000075, 0.0 ], [ 98.451576931000034, 3.534298472000046, 0.0 ], [ 98.451606096000035, 3.533740969000064, 0.0 ], [ 98.451628448000065, 3.533010753000042, 0.0 ], [ 98.451658801000065, 3.532392972000025, 0.0 ], [ 98.451666991000081, 3.532198250000022, 0.0 ], [ 98.451679750000039, 3.532073081000021, 0.0 ], [ 98.451717785000085, 3.531955733000075, 0.0 ], [ 98.451739848000045, 3.531887662000031, 0.0 ], [ 98.451807995000081, 3.531733540000062, 0.0 ], [ 98.451915378000081, 3.531562063000024, 0.0 ], [ 98.452053914000032, 3.531374366000023, 0.0 ], [ 98.452217824000058, 3.531199448000052, 0.0 ], [ 98.452421007000055, 3.530929492000041, 0.0 ], [ 98.452646117000086, 3.530636382000068, 0.0 ], [ 98.452755793000051, 3.530486925000048, 0.0 ], [ 98.452857384000083, 3.530352526000058, 0.0 ], [ 98.452946329000042, 3.530135832000042, 0.0 ], [ 98.452983348000032, 3.529953873000068, 0.0 ], [ 98.453007699000068, 3.529742931000044, 0.0 ], [ 98.453017085000056, 3.529475195000032, 0.0 ], [ 98.45302199300005, 3.528979102000051, 0.0 ], [ 98.453020411394448, 3.528838417229807, 0.0 ] ], [ [ 98.446228969670116, 3.551131586050037, 0.0 ], [ 98.44623174700007, 3.551124095000034, 0.0 ], [ 98.446286120000082, 3.550867966000055, 0.0 ], [ 98.446282823000047, 3.550597897000046, 0.0 ], [ 98.446225258000084, 3.550396179000074, 0.0 ], [ 98.446112317000086, 3.550216456000044, 0.0 ], [ 98.44598092800004, 3.550021650000076, 0.0 ], [ 98.445881139235226, 3.549831094880801, 0.0 ] ], [ [ 98.445943952259867, 3.560485114639748, 0.0 ], [ 98.445952789000046, 3.56045111100002, 0.0 ], [ 98.446024480000062, 3.560157902000071, 0.0 ], [ 98.446083502000079, 3.559849623000048, 0.0 ], [ 98.446174979000034, 3.559275928000034, 0.0 ], [ 98.446244366000087, 3.558981559000074, 0.0 ], [ 98.446316062000051, 3.558692990000054, 0.0 ], [ 98.44638081100004, 3.558446140000058, 0.0 ], [ 98.446411027000067, 3.558067135000044, 0.0 ], [ 98.446413476000032, 3.557826046000059, 0.0 ], [ 98.446406668000066, 3.557647545000066, 0.0 ], [ 98.446367560000056, 3.55744468000006, 0.0 ], [ 98.446299620000048, 3.557248754000057, 0.0 ], [ 98.446190263000062, 3.556854603000033, 0.0 ], [ 98.446136142000057, 3.556691135000051, 0.0 ], [ 98.446109707000062, 3.556526527000074, 0.0 ], [ 98.446106360000044, 3.556339912000055, 0.0 ], [ 98.446099515000071, 3.556210091000025, 0.0 ], [ 98.446072169763568, 3.556154551880236, 0.0 ] ], [ [ 98.446099515000071, 3.556210091000025, 0.0 ], [ 98.446193595000068, 3.55622162700007, 0.0 ], [ 98.446294068000043, 3.55626257900002, 0.0 ], [ 98.44635717500006, 3.55629099500004, 0.0 ], [ 98.446424433000061, 3.556319406000057, 0.0 ], [ 98.446473421000064, 3.55634864600006, 0.0 ], [ 98.446564715000079, 3.556472214000053, 0.0 ], [ 98.446612825000045, 3.556572388000063, 0.0 ], [ 98.446645972000056, 3.556700091000039, 0.0 ], [ 98.446657525000035, 3.556832793000069, 0.0 ], [ 98.446657445000085, 3.556967152000027, 0.0 ], [ 98.446637444000032, 3.557078973000046, 0.0 ], [ 98.446602488000053, 3.557194114000026, 0.0 ], [ 98.446534310000061, 3.557318428000031, 0.0 ], [ 98.446367560000056, 3.55744468000006, 0.0 ] ], [ [ 98.446668183087709, 3.565658305756898, 0.0 ], [ 98.446661497000036, 3.565560799000025, 0.0 ], [ 98.446647786000085, 3.56533244600007, 0.0 ], [ 98.44663293900004, 3.565092506000042, 0.0 ], [ 98.44662358000005, 3.564983021000046, 0.0 ], [ 98.446614609000051, 3.564878064000027, 0.0 ], [ 98.446532983000054, 3.564412064000066, 0.0 ], [ 98.446508818000041, 3.56429845200006, 0.0 ], [ 98.446436213000084, 3.564183661000072, 0.0 ], [ 98.446365919000073, 3.564066548000028, 0.0 ], [ 98.446340590000034, 3.563980763000075, 0.0 ], [ 98.44630843300007, 3.563733863000039, 0.0 ], [ 98.446306680590027, 3.563579967647447, 0.0 ] ], [ [ 98.446532110992905, 3.563111882552128, 0.0 ], [ 98.446572889000038, 3.563147065000067, 0.0 ], [ 98.446645570000044, 3.563214244000051, 0.0 ], [ 98.446685036000076, 3.563270274000047, 0.0 ], [ 98.446697401000051, 3.563314336000076, 0.0 ], [ 98.446699402000036, 3.563321468000026, 0.0 ], [ 98.44670377500006, 3.563416424000025, 0.0 ], [ 98.446704043000068, 3.563586671000053, 0.0 ], [ 98.446692527000039, 3.563708693000024, 0.0 ], [ 98.446673265000072, 3.563818841000057, 0.0 ], [ 98.446648827000047, 3.563942709000059, 0.0 ], [ 98.44662696100005, 3.564087350000023, 0.0 ], [ 98.446602184000085, 3.564161517000059, 0.0 ], [ 98.446568915000057, 3.564237904000038, 0.0 ], [ 98.446508818000041, 3.56429845200006, 0.0 ] ], [ [ 98.449472390181228, 3.655850154675491, 0.0 ], [ 98.449782903000084, 3.655855590000044, 0.0 ], [ 98.450136181000062, 3.655909589000032, 0.0 ], [ 98.450508160000084, 3.656026790000055, 0.0 ], [ 98.450516701467507, 3.656030801177011, 0.0 ] ], [ [ 98.450608434311519, 3.571269425048664, 0.0 ], [ 98.450641649000033, 3.570942522000053, 0.0 ], [ 98.450641802000064, 3.570684044000075, 0.0 ], [ 98.450596990000065, 3.570382650000056, 0.0 ], [ 98.450479533000077, 3.570039489000067, 0.0 ], [ 98.450385046000065, 3.569847031000052, 0.0 ], [ 98.45028016200007, 3.569697437000059, 0.0 ], [ 98.450116444000059, 3.569536228000061, 0.0 ], [ 98.449880057000087, 3.569377293000059, 0.0 ], [ 98.449682870000061, 3.569236926000031, 0.0 ], [ 98.449530745514181, 3.56914644324851, 0.0 ] ], [ [ 98.451916378407461, 3.577037317016084, 0.0 ], [ 98.451900110000054, 3.576970538000069, 0.0 ], [ 98.451824187000057, 3.576613489000067, 0.0 ], [ 98.451778225000055, 3.57630630400007, 0.0 ], [ 98.45175544600005, 3.575805564000063, 0.0 ], [ 98.451708365000059, 3.575441584000032, 0.0 ], [ 98.451657770000054, 3.575173803000041, 0.0 ], [ 98.451565641000059, 3.574907155000062, 0.0 ], [ 98.451427384000056, 3.574611504000075, 0.0 ], [ 98.451260312000045, 3.574275270000044, 0.0 ], [ 98.451131196000063, 3.574127987000054, 0.0 ], [ 98.451095701903526, 3.574101652167677, 0.0 ] ], [ [ 98.453905715127306, 3.656259528983101, 0.0 ], [ 98.453879216000075, 3.656219781000061, 0.0 ], [ 98.453675957000087, 3.655952088000049, 0.0 ], [ 98.453510150000056, 3.655708626000035, 0.0 ], [ 98.453393900000037, 3.655415448000042, 0.0 ], [ 98.453293773000041, 3.655007994000073, 0.0 ], [ 98.453129458000035, 3.654517127000076, 0.0 ], [ 98.453117629000076, 3.654170231000023, 0.0 ], [ 98.453219493000063, 3.653908106000074, 0.0 ], [ 98.453374871000051, 3.653693075000035, 0.0 ], [ 98.453578343000061, 3.653607149000038, 0.0 ], [ 98.453627652004059, 3.653594082453139, 0.0 ] ], [ [ 98.455437001613092, 3.581857873356301, 0.0 ], [ 98.455699601000049, 3.581711167000037, 0.0 ], [ 98.455905028000075, 3.581566399000053, 0.0 ], [ 98.455943169000079, 3.581519749000051, 0.0 ], [ 98.456015854000043, 3.581430849000071, 0.0 ], [ 98.456071314000042, 3.581284843000049, 0.0 ], [ 98.456086428000049, 3.581092441000067, 0.0 ], [ 98.456056625000087, 3.580773677000025, 0.0 ], [ 98.455988705000038, 3.580520948000071, 0.0 ], [ 98.455927520850054, 3.580362352664067, 0.0 ] ], [ [ 98.45806128245934, 3.589882079076535, 0.0 ], [ 98.458288306000043, 3.589558584000031, 0.0 ], [ 98.458473024000057, 3.589324560000023, 0.0 ], [ 98.458635805000085, 3.589126447000069, 0.0 ], [ 98.458787035000057, 3.588942240000051, 0.0 ], [ 98.459046730000068, 3.588717534000068, 0.0 ], [ 98.459413785000038, 3.588376977000053, 0.0 ], [ 98.459626154000034, 3.588203246000035, 0.0 ], [ 98.459810830000038, 3.588038762000053, 0.0 ], [ 98.459940127000039, 3.587883519000059, 0.0 ], [ 98.460063656000045, 3.587722482000061, 0.0 ], [ 98.460147951000067, 3.587582283000074, 0.0 ], [ 98.460223069000051, 3.587370213000042, 0.0 ], [ 98.460299425000073, 3.586995866000052, 0.0 ], [ 98.460307614000044, 3.586803469000074, 0.0 ], [ 98.460274254000069, 3.586636540000029, 0.0 ], [ 98.460194754000042, 3.586461469000028, 0.0 ], [ 98.460078579505776, 3.586275309929432, 0.0 ] ], [ [ 98.459416739859947, 3.584951602790196, 0.0 ], [ 98.459346688000039, 3.58476173400004, 0.0 ], [ 98.459231496000086, 3.58448001000005, 0.0 ], [ 98.459128932000056, 3.584297969000033, 0.0 ], [ 98.45906517322409, 3.584228575476698, 0.0 ] ], [ [ 98.459859055454103, 3.593762550617218, 0.0 ], [ 98.460035895000033, 3.593753415000037, 0.0 ], [ 98.460303908000071, 3.593750517000046, 0.0 ], [ 98.460561754000082, 3.593764945000032, 0.0 ], [ 98.460711976000084, 3.593810937000057, 0.0 ], [ 98.460824614000046, 3.593890567000074, 0.0 ], [ 98.460865143000035, 3.594024209000054, 0.0 ], [ 98.460886286000061, 3.594328177000023, 0.0 ], [ 98.460844516000066, 3.59457397500006, 0.0 ], [ 98.460773354000082, 3.594748350000032, 0.0 ], [ 98.460684932000049, 3.594923737000045, 0.0 ], [ 98.460605647000079, 3.595085877000031, 0.0 ], [ 98.460467119780674, 3.595319115865258, 0.0 ] ], [ [ 98.468343273478894, 3.65023106922234, 0.0 ], [ 98.468319043000065, 3.650169959000038, 0.0 ], [ 98.468192155000054, 3.649735604000057, 0.0 ], [ 98.468208191355728, 3.649648786256594, 0.0 ] ], [ [ 98.47226538038278, 3.648209390745515, 0.0 ], [ 98.472368669000048, 3.647960578000038, 0.0 ], [ 98.472514807000039, 3.647506210000074, 0.0 ], [ 98.472634202000052, 3.647018209000066, 0.0 ], [ 98.472780253000053, 3.646711743000026, 0.0 ], [ 98.472967777000065, 3.646440258000041, 0.0 ], [ 98.473270359000082, 3.646214551000071, 0.0 ], [ 98.473611731000062, 3.646023824000054, 0.0 ], [ 98.47405088000005, 3.645696008000073, 0.0 ], [ 98.474250353000059, 3.645577805000073, 0.0 ], [ 98.474332063000077, 3.645463568000025, 0.0 ], [ 98.47435088900005, 3.645295511000029, 0.0 ], [ 98.474281423000036, 3.645089752000047, 0.0 ], [ 98.474082122000084, 3.644912159000057, 0.0 ], [ 98.473814538000056, 3.644785613000067, 0.0 ], [ 98.473640575000047, 3.644749208000064, 0.0 ], [ 98.47343182600008, 3.644715477000034, 0.0 ], [ 98.473141442000042, 3.644668246000037, 0.0 ], [ 98.472814940000035, 3.644607551000036, 0.0 ], [ 98.472551338000073, 3.644538823000062, 0.0 ], [ 98.472242316000063, 3.644319479000046, 0.0 ], [ 98.471970850000048, 3.643964359000051, 0.0 ], [ 98.471810437000045, 3.643653679000067, 0.0 ], [ 98.471707550000076, 3.643379326000058, 0.0 ], [ 98.471660880000059, 3.643086190000076, 0.0 ], [ 98.47168653500006, 3.642697628000064, 0.0 ], [ 98.471773623000047, 3.642532299000038, 0.0 ], [ 98.471953015000054, 3.642428876000054, 0.0 ], [ 98.472185870000033, 3.642429012000036, 0.0 ], [ 98.472539114000085, 3.642536784000072, 0.0 ], [ 98.472852214000056, 3.64264991400006, 0.0 ], [ 98.473075670000071, 3.642709201000059, 0.0 ], [ 98.473522599000034, 3.642811653000024, 0.0 ], [ 98.473925394000048, 3.642858949000072, 0.0 ], [ 98.474352291000059, 3.642880712000022, 0.0 ], [ 98.474773866000078, 3.642858099000023, 0.0 ], [ 98.47516599800008, 3.642830094000033, 0.0 ], [ 98.475631756000041, 3.64277792300004, 0.0 ], [ 98.476056046000053, 3.64268271100002, 0.0 ], [ 98.476433502000077, 3.642578054000069, 0.0 ], [ 98.476788219000071, 3.642459941000027, 0.0 ], [ 98.476995674000079, 3.642425107000065, 0.0 ], [ 98.47714957900007, 3.642423848000021, 0.0 ], [ 98.477334232000032, 3.642472363000024, 0.0 ], [ 98.477493449000065, 3.642534308000052, 0.0 ], [ 98.477658030000043, 3.642584151000051, 0.0 ], [ 98.477817301000073, 3.642551974000071, 0.0 ], [ 98.477999369000031, 3.642447203000074, 0.0 ], [ 98.478119892000052, 3.642322231000037, 0.0 ], [ 98.478201600000034, 3.642194550000056, 0.0 ], [ 98.478256575000046, 3.642002307000041, 0.0 ], [ 98.478229957000053, 3.641754895000076, 0.0 ], [ 98.478093580000063, 3.641527592000045, 0.0 ], [ 98.477886277000039, 3.641297554000062, 0.0 ], [ 98.477644179000038, 3.641072868000037, 0.0 ], [ 98.477416834000053, 3.640794417000052, 0.0 ], [ 98.47720423800007, 3.640468916000032, 0.0 ], [ 98.477015695000034, 3.640186444000051, 0.0 ], [ 98.476960377000069, 3.640047886000048, 0.0 ], [ 98.476955560000079, 3.640035820000037, 0.0 ], [ 98.476954315000057, 3.639883891000068, 0.0 ], [ 98.477021328000035, 3.639707793000071, 0.0 ], [ 98.477128483000058, 3.639547858000071, 0.0 ], [ 98.477297192000037, 3.639404089000038, 0.0 ], [ 98.477480579000087, 3.63932083100002, 0.0 ], [ 98.477686695000045, 3.639295404000052, 0.0 ], [ 98.477876710000032, 3.63931971300002, 0.0 ], [ 98.478112183000064, 3.639431449000028, 0.0 ], [ 98.478373051000062, 3.639602364000041, 0.0 ], [ 98.478763687000082, 3.639856709000071, 0.0 ], [ 98.479055363000043, 3.639975198000059, 0.0 ], [ 98.479383203000054, 3.640039927000032, 0.0 ], [ 98.479657562000057, 3.64001857300002, 0.0 ], [ 98.479918634000057, 3.639834518000043, 0.0 ], [ 98.480104787000073, 3.639607393000063, 0.0 ], [ 98.480264189000081, 3.639345306000052, 0.0 ], [ 98.480361998000035, 3.639150401000052, 0.0 ], [ 98.480423749000067, 3.638822362000042, 0.0 ], [ 98.480437362000032, 3.638419010000064, 0.0 ], [ 98.480440273000056, 3.638004887000022, 0.0 ], [ 98.480441893000034, 3.637518164000028, 0.0 ], [ 98.48043823900008, 3.636886223000033, 0.0 ], [ 98.480387564000068, 3.636568884000042, 0.0 ], [ 98.480280685000082, 3.63624881800007, 0.0 ], [ 98.480155112000034, 3.635852107000062, 0.0 ], [ 98.480092435000074, 3.635471563000067, 0.0 ], [ 98.480083540000066, 3.63533835000004, 0.0 ], [ 98.480068552000034, 3.635113902000057, 0.0 ], [ 98.480126336000069, 3.634701158000041, 0.0 ], [ 98.480190675000074, 3.634523711000043, 0.0 ], [ 98.480319246000079, 3.634353030000057, 0.0 ], [ 98.480505325000081, 3.634252296000057, 0.0 ], [ 98.480730171000062, 3.634225540000045, 0.0 ], [ 98.480945598000062, 3.634275411000033, 0.0 ], [ 98.481166328000086, 3.634424779000028, 0.0 ], [ 98.48130941900007, 3.634607720000076, 0.0 ], [ 98.481420318000062, 3.634922406000044, 0.0 ], [ 98.481592687000045, 3.635397134000073, 0.0 ], [ 98.481679519000068, 3.635660711000071, 0.0 ], [ 98.48176370200008, 3.635896061000039, 0.0 ], [ 98.481886660000043, 3.636174450000055, 0.0 ], [ 98.48198685300008, 3.636487791000036, 0.0 ], [ 98.482091074000039, 3.636780960000067, 0.0 ], [ 98.482234081000058, 3.637113142000032, 0.0 ], [ 98.482349022000051, 3.637365988000056, 0.0 ], [ 98.48251749800005, 3.637626925000063, 0.0 ], [ 98.482791672000076, 3.637929610000072, 0.0 ], [ 98.483057878000068, 3.63813413400004, 0.0 ], [ 98.48327992600008, 3.638310399000034, 0.0 ], [ 98.483555576000072, 3.638376434000065, 0.0 ], [ 98.483829940000078, 3.638347018000047, 0.0 ], [ 98.484060205000048, 3.638212691000035, 0.0 ], [ 98.484285157000045, 3.637999041000057, 0.0 ], [ 98.484506096000075, 3.637781344000075, 0.0 ], [ 98.484727026000087, 3.637578447000067, 0.0 ], [ 98.484953412000038, 3.637203451000062, 0.0 ], [ 98.485102132000065, 3.63689697500007, 0.0 ], [ 98.485261606000051, 3.636504463000051, 0.0 ], [ 98.485435847000076, 3.636048760000051, 0.0 ], [ 98.485571195000034, 3.635724798000069, 0.0 ], [ 98.485630195000056, 3.635512390000031, 0.0 ], [ 98.485614282000085, 3.635262297000054, 0.0 ], [ 98.485586370000078, 3.634926147000044, 0.0 ], [ 98.485577145000036, 3.634663953000029, 0.0 ], [ 98.485495701000048, 3.634329110000067, 0.0 ], [ 98.485283137000067, 3.63394310700005, 0.0 ], [ 98.485129373000063, 3.633699657000022, 0.0 ], [ 98.484940847000075, 3.633399717000032, 0.0 ], [ 98.484754998000085, 3.633097085000031, 0.0 ], [ 98.484598598000048, 3.632786408000072, 0.0 ], [ 98.484424883000031, 3.632330505000027, 0.0 ], [ 98.484360791000086, 3.632075002000022, 0.0 ], [ 98.484338148000063, 3.631878687000039, 0.0 ], [ 98.48435833700006, 3.631670292000024, 0.0 ], [ 98.484461516000067, 3.631436398000062, 0.0 ], [ 98.484627586000045, 3.63122405200005, 0.0 ], [ 98.484802991000038, 3.631064155000047, 0.0 ], [ 98.484936878000042, 3.630949946000044, 0.0 ], [ 98.48508017000006, 3.63078061300007, 0.0 ], [ 98.485216961000049, 3.630548239000063, 0.0 ], [ 98.485329613000033, 3.63012087900006, 0.0 ], [ 98.485421904000077, 3.629728554000053, 0.0 ], [ 98.485552913000049, 3.629401486000063, 0.0 ], [ 98.48567812400006, 3.629057869000064, 0.0 ], [ 98.485763637000048, 3.628645095000024, 0.0 ], [ 98.485834624000063, 3.628204079000056, 0.0 ], [ 98.485878472000081, 3.627779592000024, 0.0 ], [ 98.485840864000068, 3.627455350000048, 0.0 ], [ 98.485746037000069, 3.627205068000023, 0.0 ], [ 98.485652142000049, 3.627012240000056, 0.0 ], [ 98.485517597000069, 3.626728833000072, 0.0 ], [ 98.48539469900004, 3.62642401100004, 0.0 ], [ 98.485317373000044, 3.626068590000045, 0.0 ], [ 98.48533694300005, 3.62572782500007, 0.0 ], [ 98.485435920000043, 3.62550102900002, 0.0 ], [ 98.485623997000062, 3.625365800000054, 0.0 ], [ 98.485961251000049, 3.625351382000076, 0.0 ], [ 98.486219930000061, 3.625473233000037, 0.0 ], [ 98.486455300000046, 3.625684650000039, 0.0 ], [ 98.48673913600004, 3.625870773000031, 0.0 ], [ 98.487184755000044, 3.626148522000051, 0.0 ], [ 98.48736499000006, 3.626172960000076, 0.0 ], [ 98.487538499000038, 3.626097113000071, 0.0 ], [ 98.487655861000064, 3.625922905000039, 0.0 ], [ 98.487766522000072, 3.625589981000076, 0.0 ], [ 98.487871400000074, 3.625211297000021, 0.0 ], [ 98.487989832000039, 3.624846243000036, 0.0 ], [ 98.488141135000035, 3.624614610000037, 0.0 ], [ 98.488388351000083, 3.62444825700004, 0.0 ], [ 98.488782851000053, 3.624297565000063, 0.0 ], [ 98.489236435000066, 3.624212142000033, 0.0 ], [ 98.489716171000055, 3.624137444000041, 0.0 ], [ 98.490159093000045, 3.624053959000037, 0.0 ], [ 98.490458595000064, 3.623953847000053, 0.0 ], [ 98.49083373700006, 3.623767120000025, 0.0 ], [ 98.491052855000078, 3.623575429000027, 0.0 ], [ 98.491242947000046, 3.623295127000063, 0.0 ], [ 98.491392358000041, 3.623001179000028, 0.0 ], [ 98.491571867000062, 3.622581636000064, 0.0 ], [ 98.491729099000054, 3.622162090000074, 0.0 ], [ 98.491795126000056, 3.621920664000072, 0.0 ], [ 98.49184082000005, 3.621651961000055, 0.0 ], [ 98.49184094900005, 3.621421209000061, 0.0 ], [ 98.491821710000067, 3.62117194700005, 0.0 ], [ 98.491747304000057, 3.620792192000067, 0.0 ], [ 98.49167476000008, 3.620543867000038, 0.0 ], [ 98.491546989000085, 3.620271176000074, 0.0 ], [ 98.491421158000037, 3.620008220000045, 0.0 ], [ 98.491332137000086, 3.619773529000042, 0.0 ], [ 98.491298438000058, 3.619380155000044, 0.0 ], [ 98.491310192000071, 3.619147465000026, 0.0 ], [ 98.491384964000076, 3.618871966000029, 0.0 ], [ 98.49151207500006, 3.618584817000055, 0.0 ], [ 98.491630486000076, 3.618268451000063, 0.0 ], [ 98.491690720000065, 3.617984177000039, 0.0 ], [ 98.49169478400006, 3.617655092000064, 0.0 ], [ 98.49163969500006, 3.617383410000059, 0.0 ], [ 98.491569037000033, 3.617242198000042, 0.0 ], [ 98.491453774000036, 3.617127241000048, 0.0 ], [ 98.491258090000088, 3.617006405000041, 0.0 ], [ 98.491115738000076, 3.61682133100004, 0.0 ], [ 98.491077092000069, 3.61661100300006, 0.0 ], [ 98.491131489000054, 3.616380282000023, 0.0 ], [ 98.491237260000048, 3.616124268000021, 0.0 ], [ 98.491347880000035, 3.615860478000059, 0.0 ], [ 98.491452659000061, 3.615654120000045, 0.0 ], [ 98.491694161000055, 3.615297911000027, 0.0 ], [ 98.491915315000085, 3.614922203000049, 0.0 ], [ 98.49203469400004, 3.614597081000056, 0.0 ], [ 98.492095962000064, 3.614201815000058, 0.0 ], [ 98.492098146000046, 3.613771470000074, 0.0 ], [ 98.491989842000066, 3.613353718000042, 0.0 ], [ 98.491714888000047, 3.612873551000064, 0.0 ], [ 98.491278149000038, 3.61230762200006, 0.0 ], [ 98.490775490000033, 3.611793258000034, 0.0 ], [ 98.490107174000059, 3.611180464000029, 0.0 ], [ 98.489492050000081, 3.610756582000022, 0.0 ], [ 98.48860174500004, 3.610261476000062, 0.0 ], [ 98.488073778000057, 3.609956425000064, 0.0 ], [ 98.487349137000081, 3.609549036000033, 0.0 ], [ 98.487122455000076, 3.60941064900004, 0.0 ], [ 98.486916106000081, 3.609300516000076, 0.0 ], [ 98.486710710000068, 3.609208875000036, 0.0 ], [ 98.486233030000051, 3.609085924000055, 0.0 ], [ 98.485973340000044, 3.60905656500006, 0.0 ], [ 98.485691348000046, 3.609040827000058, 0.0 ], [ 98.485434563000069, 3.609003690000065, 0.0 ], [ 98.485131301000081, 3.608913938000057, 0.0 ], [ 98.484759226000051, 3.608829023000055, 0.0 ], [ 98.484483063000084, 3.608776287000069, 0.0 ], [ 98.484226277000062, 3.60875569600006, 0.0 ], [ 98.483848365000085, 3.608709714000042, 0.0 ], [ 98.483314440000072, 3.608658785000046, 0.0 ], [ 98.483106090000035, 3.608650877000059, 0.0 ], [ 98.482859954000048, 3.608650736000072, 0.0 ], [ 98.482536288000063, 3.608639840000023, 0.0 ], [ 98.482292089000055, 3.608622177000029, 0.0 ], [ 98.481950022000035, 3.608606404000057, 0.0 ], [ 98.481709721000072, 3.608558555000059, 0.0 ], [ 98.481419036000034, 3.608487319000062, 0.0 ], [ 98.481135134000056, 3.608428733000039, 0.0 ], [ 98.480842513000084, 3.608357486000045, 0.0 ], [ 98.480476238000051, 3.608305674000064, 0.0 ], [ 98.480230113000061, 3.608269510000071, 0.0 ], [ 98.480007243000045, 3.608254781000028, 0.0 ], [ 98.479803726000057, 3.60826537600002, 0.0 ], [ 98.479615702000046, 3.608312970000043, 0.0 ], [ 98.479450920000033, 3.608387845000038, 0.0 ], [ 98.479224097000042, 3.608499683000048, 0.0 ], [ 98.479016642000033, 3.608626144000027, 0.0 ], [ 98.478810176000081, 3.608725330000027, 0.0 ], [ 98.478623109000068, 3.608784613000068, 0.0 ], [ 98.47846902100008, 3.608801080000035, 0.0 ], [ 98.478352738000069, 3.608792246000064, 0.0 ], [ 98.478170595000051, 3.608711337000045, 0.0 ], [ 98.478006889000085, 3.608604141000058, 0.0 ], [ 98.47785097700006, 3.608410291000041, 0.0 ], [ 98.477755180000031, 3.608160984000051, 0.0 ], [ 98.477745660000039, 3.607865970000034, 0.0 ], [ 98.477816588000053, 3.607531079000069, 0.0 ], [ 98.477911756000083, 3.607192313000041, 0.0 ], [ 98.478027244000032, 3.606889572000057, 0.0 ], [ 98.47815726400006, 3.606605350000052, 0.0 ], [ 98.478367738000031, 3.606266640000058, 0.0 ], [ 98.478525785000045, 3.606110949000026, 0.0 ], [ 98.478711919000034, 3.605983508000065, 0.0 ], [ 98.478868007000074, 3.605868715000042, 0.0 ], [ 98.478993102000061, 3.605723707000038, 0.0 ], [ 98.479116312000087, 3.605472582000061, 0.0 ], [ 98.479237638000086, 3.605131875000041, 0.0 ], [ 98.479348389000052, 3.604641226000069, 0.0 ], [ 98.479406711000081, 3.604335539000033, 0.0 ], [ 98.47945825100004, 3.604016215000058, 0.0 ], [ 98.479506002000051, 3.603552795000041, 0.0 ], [ 98.479501295000034, 3.603294774000062, 0.0 ], [ 98.479490748000046, 3.603110752000021, 0.0 ], [ 98.479443357000036, 3.602941309000073, 0.0 ], [ 98.479304958000057, 3.602636487000041, 0.0 ], [ 98.479195560000051, 3.602444609000031, 0.0 ], [ 98.479070643000057, 3.602277076000064, 0.0 ], [ 98.478927312000053, 3.602127056000029, 0.0 ], [ 98.478758771000059, 3.601989677000063, 0.0 ], [ 98.478408103000049, 3.601760670000033, 0.0 ], [ 98.478197906000048, 3.601599900000053, 0.0 ], [ 98.478004197000075, 3.601418685000056, 0.0 ], [ 98.477818237000065, 3.601244296000061, 0.0 ], [ 98.477579022000043, 3.601000751000072, 0.0 ], [ 98.477306875000068, 3.600717264000025, 0.0 ], [ 98.477128676000063, 3.600527301000056, 0.0 ], [ 98.476966943000036, 3.600359747000027, 0.0 ], [ 98.476778092000075, 3.600153222000074, 0.0 ], [ 98.476660915000082, 3.60001003800005, 0.0 ], [ 98.47657478900004, 3.599810385000069, 0.0 ], [ 98.476516780000054, 3.599565976000065, 0.0 ], [ 98.47645489000007, 3.599338103000036, 0.0 ], [ 98.476351276000059, 3.599206605000063, 0.0 ], [ 98.476172050000059, 3.599129588000039, 0.0 ], [ 98.475964676000046, 3.599117780000029, 0.0 ], [ 98.475760168000079, 3.599179975000027, 0.0 ], [ 98.475686163000034, 3.599232331000053, 0.0 ], [ 98.475625413000046, 3.599275311000042, 0.0 ], [ 98.475534222000078, 3.599446618000059, 0.0 ], [ 98.475495315000046, 3.599698769000042, 0.0 ], [ 98.475489381000045, 3.599920760000032, 0.0 ], [ 98.475505696000084, 3.60018754400005, 0.0 ], [ 98.475535574000048, 3.600481602000059, 0.0 ], [ 98.475546071000053, 3.600768828000071, 0.0 ], [ 98.475540111000043, 3.601020021000068, 0.0 ], [ 98.475497333000078, 3.601254646000029, 0.0 ], [ 98.47539056100004, 3.601572961000045, 0.0 ], [ 98.475296460000038, 3.601747189000037, 0.0 ], [ 98.475199462000035, 3.601899025000023, 0.0 ], [ 98.475023977000035, 3.602049838000028, 0.0 ], [ 98.474795231000087, 3.602142198000024, 0.0 ], [ 98.474579117000076, 3.602155706000076, 0.0 ], [ 98.474363047000054, 3.602107869000065, 0.0 ], [ 98.474127667000062, 3.601930529000072, 0.0 ], [ 98.47395236300008, 3.601764911000032, 0.0 ], [ 98.473691921000068, 3.601357782000036, 0.0 ], [ 98.473528299000066, 3.60109188000007, 0.0 ], [ 98.473363711000047, 3.600831823000021, 0.0 ], [ 98.473214597000037, 3.600626298000066, 0.0 ], [ 98.473038351000071, 3.600408101000028, 0.0 ], [ 98.472790480000072, 3.600046745000043, 0.0 ], [ 98.472665563000078, 3.599882124000032, 0.0 ], [ 98.47249507500004, 3.599767134000047, 0.0 ], [ 98.472297446000084, 3.599673550000034, 0.0 ], [ 98.472131345000037, 3.599633974000028, 0.0 ], [ 98.472117228000059, 3.59963061000002, 0.0 ], [ 98.471722834000047, 3.599600192000025, 0.0 ], [ 98.471472815000084, 3.599608813000032, 0.0 ], [ 98.471225683000057, 3.599653458000034, 0.0 ], [ 98.470990181000047, 3.599688368000045, 0.0 ], [ 98.470759494000049, 3.599774890000049, 0.0 ], [ 98.470555925000042, 3.599893553000072, 0.0 ], [ 98.470408512000063, 3.600095984000063, 0.0 ], [ 98.470312432000071, 3.600340312000071, 0.0 ], [ 98.47027352300006, 3.600594407000074, 0.0 ], [ 98.470348948000037, 3.600879726000073, 0.0 ], [ 98.470459309000034, 3.601068673000043, 0.0 ], [ 98.47058617600004, 3.601207006000038, 0.0 ], [ 98.470753753000054, 3.601326863000054, 0.0 ], [ 98.470995945000084, 3.601448707000031, 0.0 ], [ 98.471257544000082, 3.601535516000069, 0.0 ], [ 98.471561786000052, 3.601602873000047, 0.0 ], [ 98.471858251000072, 3.601715015000025, 0.0 ], [ 98.472093664000056, 3.601836855000045, 0.0 ], [ 98.472336802000086, 3.602005435000024, 0.0 ], [ 98.472553754000046, 3.602208078000046, 0.0 ], [ 98.472714536000069, 3.602355187000057, 0.0 ], [ 98.472865606000084, 3.602526635000061, 0.0 ], [ 98.473008865000054, 3.602814915000067, 0.0 ], [ 98.473074647000033, 3.603006767000068, 0.0 ], [ 98.473089079000033, 3.603196628000035, 0.0 ], [ 98.473080224000057, 3.603423484000075, 0.0 ], [ 98.473027768000065, 3.603639602000044, 0.0 ], [ 98.47292979000008, 3.603820640000038, 0.0 ], [ 98.47279988400004, 3.603921823000064, 0.0 ], [ 98.472587621000059, 3.603986934000034, 0.0 ], [ 98.472368608000068, 3.603983884000058, 0.0 ], [ 98.472159349000037, 3.603881528000045, 0.0 ], [ 98.471965631000046, 3.603718821000029, 0.0 ], [ 98.471796156000039, 3.603532761000054, 0.0 ], [ 98.471546328000045, 3.603207419000057, 0.0 ], [ 98.471290684000053, 3.602881104000062, 0.0 ], [ 98.471128929000088, 3.602737884000021, 0.0 ], [ 98.470960372000036, 3.602647239000021, 0.0 ], [ 98.470731696000087, 3.602600371000051, 0.0 ], [ 98.470510755000078, 3.602600242000051, 0.0 ], [ 98.470303365000063, 3.602616668000053, 0.0 ], [ 98.470081403000052, 3.602699295000036, 0.0 ], [ 98.469888476000051, 3.602835497000058, 0.0 ], [ 98.469713957000067, 3.602995067000052, 0.0 ], [ 98.469530681000037, 3.603211110000075, 0.0 ], [ 98.469369692000043, 3.60342326600005, 0.0 ], [ 98.469228115000078, 3.603588708000075, 0.0 ], [ 98.46897799900006, 3.603762835000055, 0.0 ], [ 98.468768620000048, 3.603868847000058, 0.0 ], [ 98.468567982000081, 3.603932986000075, 0.0 ], [ 98.468344119000051, 3.603956223000068, 0.0 ], [ 98.468126078000068, 3.60395415000005, 0.0 ], [ 98.467897399000037, 3.603927726000052, 0.0 ], [ 98.467664851000052, 3.603882801000054, 0.0 ], [ 98.467456507000065, 3.603867100000059, 0.0 ], [ 98.467262713000082, 3.603835830000037, 0.0 ], [ 98.467036971000084, 3.603760728000054, 0.0 ], [ 98.466782188000082, 3.603613554000049, 0.0 ], [ 98.466599149000047, 3.603420673000073, 0.0 ], [ 98.466490706000059, 3.603263850000076, 0.0 ], [ 98.466401655000084, 3.603095360000054, 0.0 ], [ 98.466320389000032, 3.602855795000039, 0.0 ], [ 98.46627501200004, 3.602570495000066, 0.0 ], [ 98.466275177000057, 3.60228814200002, 0.0 ], [ 98.466323817000045, 3.601963951000073, 0.0 ], [ 98.466417032000038, 3.601646599000048, 0.0 ], [ 98.466531511000085, 3.601425649000021, 0.0 ], [ 98.46665567000008, 3.601220284000021, 0.0 ], [ 98.466868993000048, 3.600988681000047, 0.0 ], [ 98.467203509000058, 3.600664658000028, 0.0 ], [ 98.467444936000049, 3.600444760000073, 0.0 ], [ 98.467661136000061, 3.600266715000032, 0.0 ], [ 98.467883181000047, 3.600038039000026, 0.0 ], [ 98.468072299000085, 3.59977916400004, 0.0 ], [ 98.468160611000087, 3.599559168000042, 0.0 ], [ 98.468234391000067, 3.599324570000022, 0.0 ], [ 98.468260723000071, 3.599038334000056, 0.0 ], [ 98.468223080000087, 3.59878516200007, 0.0 ], [ 98.468153417000053, 3.598596238000027, 0.0 ], [ 98.468046912000034, 3.598436504000063, 0.0 ], [ 98.467903598000078, 3.598260192000055, 0.0 ], [ 98.467713748000051, 3.598107212000059, 0.0 ], [ 98.467507420000061, 3.597969810000052, 0.0 ], [ 98.46719257500007, 3.597804109000037, 0.0 ], [ 98.466911617000051, 3.597691007000037, 0.0 ], [ 98.466620944000056, 3.597610024000062, 0.0 ], [ 98.466339929000071, 3.597594280000067, 0.0 ], [ 98.466040454000051, 3.597661284000026, 0.0 ], [ 98.46581363100006, 3.597776042000021, 0.0 ], [ 98.465586759000075, 3.597959925000055, 0.0 ], [ 98.465325939000081, 3.598209023000038, 0.0 ], [ 98.465108746000055, 3.598422122000045, 0.0 ], [ 98.464880891000064, 3.598639106000064, 0.0 ], [ 98.464658861000032, 3.598841492000076, 0.0 ], [ 98.464357326000084, 3.599118798000063, 0.0 ], [ 98.464158585000064, 3.599265697000021, 0.0 ], [ 98.463976320000086, 3.599398981000036, 0.0 ], [ 98.463783414000034, 3.599513758000057, 0.0 ], [ 98.463572130000045, 3.599570103000076, 0.0 ], [ 98.463322134000066, 3.599523220000037, 0.0 ], [ 98.463147766000077, 3.599424781000039, 0.0 ], [ 98.463012158000083, 3.599315654000065, 0.0 ], [ 98.462849469000048, 3.599123752000025, 0.0 ], [ 98.462640286000067, 3.598895800000037, 0.0 ], [ 98.462476151000033, 3.59872223900004, 0.0 ], [ 98.462432073000059, 3.59867562900007, 0.0 ], [ 98.462218041000085, 3.598455462000061, 0.0 ], [ 98.461875225000085, 3.598069704000068, 0.0 ], [ 98.46132121900007, 3.597563086000036, 0.0 ], [ 98.46131057000008, 3.597554217000038, 0.0 ], [ 98.461084891000041, 3.597366264000073, 0.0 ], [ 98.460853387000043, 3.597186977000035, 0.0 ], [ 98.460629654000059, 3.596991150000065, 0.0 ], [ 98.460452427000064, 3.596795341000075, 0.0 ], [ 98.460285879000082, 3.596582992000037, 0.0 ], [ 98.460107734000076, 3.596311236000076, 0.0 ], [ 98.460027370000034, 3.596194352000055, 0.0 ], [ 98.460024769137789, 3.596190689184097, 0.0 ] ], [ [ 98.493612840000083, 3.615758351000068, 0.0 ], [ 98.493374567000046, 3.61594610100002, 0.0 ], [ 98.493323501000077, 3.615986339000074, 0.0 ], [ 98.493225350000046, 3.616063678000046, 0.0 ], [ 98.49308962200007, 3.616092759000026, 0.0 ], [ 98.492893464000076, 3.616144667000071, 0.0 ], [ 98.492714569000043, 3.616207622000047, 0.0 ], [ 98.492516821000038, 3.616300519000049, 0.0 ], [ 98.492283762000056, 3.616419405000045, 0.0 ], [ 98.49210092900006, 3.616505217000054, 0.0 ], [ 98.491943201000083, 3.616590248000023, 0.0 ], [ 98.491823917000033, 3.616662699000074, 0.0 ], [ 98.491695987000071, 3.616773756000043, 0.0 ], [ 98.49164023700007, 3.616862001000072, 0.0 ], [ 98.491588382000032, 3.616992026000048, 0.0 ], [ 98.491583064000054, 3.617039574000046, 0.0 ], [ 98.491574193000076, 3.617118914000059, 0.0 ], [ 98.491569037000033, 3.617242198000042, 0.0 ] ], [ [ 98.535294890000046, 3.60345866800003, 0.0 ], [ 98.535335882000084, 3.603524357000026, 0.0 ], [ 98.535388019000038, 3.60362744300005, 0.0 ], [ 98.535431150000079, 3.603747713000075, 0.0 ], [ 98.535457210550632, 3.603830969285724, 0.0 ] ], [ [ 98.535556387294903, 3.604415453395653, 0.0 ], [ 98.535537885000053, 3.604439404000061, 0.0 ], [ 98.535498256000039, 3.60449815000004, 0.0 ], [ 98.535498214000086, 3.604579525000077, 0.0 ], [ 98.535529675000078, 3.60465006000004, 0.0 ], [ 98.535559356000078, 3.604679006000026, 0.0 ], [ 98.53561873600006, 3.604701635000026, 0.0 ], [ 98.535676324000065, 3.604706187000033, 0.0 ], [ 98.535734815000069, 3.604706218000047, 0.0 ], [ 98.535800493536428, 3.604706251388674, 0.0 ] ] ] } },
{ "type": "Feature", "properties": { "Remark": "Sungai Satu Garis" }, "geometry": { "type": "MultiLineString", "coordinates": [ [ [ 98.44669033100007, 3.54236830900004, 0.0 ], [ 98.446555339000042, 3.542355375000056, 0.0 ], [ 98.446322560000056, 3.54233307100003, 0.0 ], [ 98.446077178191032, 3.542302505994336, 0.0 ] ], [ [ 98.447096255872367, 3.562561564468393, 0.0 ], [ 98.447115671000063, 3.562757043000033, 0.0 ], [ 98.447131079000087, 3.562827506000076, 0.0 ], [ 98.447142893000034, 3.562946928000031, 0.0 ], [ 98.44710241100006, 3.563071095000055, 0.0 ], [ 98.446998962000066, 3.563157011000044, 0.0 ], [ 98.446899090000045, 3.563222628000062, 0.0 ], [ 98.44680517200004, 3.563270338000052, 0.0 ], [ 98.446730496000043, 3.563300825000056, 0.0 ], [ 98.446697401000051, 3.563314336000076, 0.0 ] ], [ [ 98.448164774137155, 3.56204622453998, 0.0 ], [ 98.448224885000059, 3.562143921000029, 0.0 ], [ 98.448337692000052, 3.562311169000054, 0.0 ], [ 98.448461223000038, 3.562428269000065, 0.0 ], [ 98.44864066100007, 3.562466589000053, 0.0 ], [ 98.448722665000048, 3.562466639000036, 0.0 ], [ 98.448831985000083, 3.562500140000054, 0.0 ], [ 98.448943654000061, 3.562580215000025, 0.0 ], [ 98.449077861000035, 3.56273434000002, 0.0 ], [ 98.449223994000079, 3.562816824000038, 0.0 ], [ 98.449357072000055, 3.562869446000036, 0.0 ], [ 98.449499699000057, 3.562854008000045, 0.0 ], [ 98.449575829000082, 3.562740609000059, 0.0 ], [ 98.449648413000034, 3.56259377300006, 0.0 ], [ 98.449725751000074, 3.562448134000022, 0.0 ], [ 98.449813745000085, 3.56236937400007, 0.0 ], [ 98.449961159000054, 3.562296619000051, 0.0 ], [ 98.450050348000048, 3.562207112000067, 0.0 ], [ 98.450153846000035, 3.562038799000049, 0.0 ], [ 98.450268032000054, 3.56188243500003, 0.0 ], [ 98.450362002000077, 3.561747553000032, 0.0 ], [ 98.450420312000062, 3.56162220300007, 0.0 ], [ 98.450593948000062, 3.561421691000021, 0.0 ], [ 98.450799648000043, 3.561264187000063, 0.0 ], [ 98.451050461000079, 3.561189105000039, 0.0 ], [ 98.451411871000062, 3.560997064000048, 0.0 ], [ 98.451679370000079, 3.560840791000032, 0.0 ], [ 98.45190051600008, 3.560689266000054, 0.0 ], [ 98.45209311900004, 3.560571161000041, 0.0 ], [ 98.45235466400004, 3.560435185000074, 0.0 ], [ 98.452594800000043, 3.560327855000025, 0.0 ], [ 98.452853620000042, 3.560268058000077, 0.0 ], [ 98.453121365000072, 3.560206367000035, 0.0 ], [ 98.453350775000047, 3.560149184000068, 0.0 ], [ 98.45351123100005, 3.560130173000061, 0.0 ], [ 98.453720399000076, 3.560135074000073, 0.0 ], [ 98.453922443000067, 3.560130418000028, 0.0 ], [ 98.454129297000065, 3.560029038000039, 0.0 ], [ 98.454208982000068, 3.559932360000062, 0.0 ], [ 98.454356472000086, 3.559729443000037, 0.0 ], [ 98.454476639000063, 3.559506209000062, 0.0 ], [ 98.454558752000082, 3.559322359000021, 0.0 ], [ 98.454659918000061, 3.559074037000073, 0.0 ], [ 98.454767029000038, 3.55882213600006, 0.0 ], [ 98.454814687000066, 3.558619160000035, 0.0 ], [ 98.454801728000064, 3.558425701000033, 0.0 ], [ 98.454748351000035, 3.558248935000051, 0.0 ], [ 98.45467595000008, 3.558085295000069, 0.0 ], [ 98.454690333000087, 3.557877522000069, 0.0 ], [ 98.454773630000034, 3.557700838000073, 0.0 ], [ 98.454874732000064, 3.557562377000067, 0.0 ], [ 98.454928315000075, 3.557389257000068, 0.0 ], [ 98.454947460000085, 3.557169547000058, 0.0 ], [ 98.454953553000053, 3.556912809000039, 0.0 ], [ 98.454970286000048, 3.556751609000059, 0.0 ], [ 98.454968047000079, 3.556517555000028, 0.0 ], [ 98.454955119000033, 3.55626916500006, 0.0 ], [ 98.454957652000076, 3.556005261000053, 0.0 ], [ 98.455027953000069, 3.555694825000046, 0.0 ], [ 98.45513505100007, 3.555464418000042, 0.0 ], [ 98.455226700000082, 3.555230420000044, 0.0 ], [ 98.455208929000037, 3.555134878000047, 0.0 ], [ 98.455292840000084, 3.555017575000022, 0.0 ], [ 98.455303260000051, 3.554935077000039, 0.0 ], [ 98.455304188000071, 3.554825651000044, 0.0 ], [ 98.455300815000044, 3.554682351000054, 0.0 ], [ 98.455312981000077, 3.554572063000023, 0.0 ], [ 98.455385644000046, 3.554470495000032, 0.0 ], [ 98.455465206000042, 3.554397591000054, 0.0 ], [ 98.455559452000045, 3.554342932000054, 0.0 ], [ 98.455634694000082, 3.554267420000031, 0.0 ], [ 98.45573332400005, 3.554105075000052, 0.0 ], [ 98.455818127000043, 3.553939247000073, 0.0 ], [ 98.455834630000084, 3.553801171000032, 0.0 ], [ 98.455833839000036, 3.553674374000025, 0.0 ], [ 98.455830468000045, 3.553528469000071, 0.0 ], [ 98.455853886000057, 3.553389527000036, 0.0 ], [ 98.455931741000086, 3.55328014600002, 0.0 ], [ 98.456045875000086, 3.553209868000067, 0.0 ], [ 98.456152219000046, 3.553156954000031, 0.0 ], [ 98.456252543000062, 3.55305366500005, 0.0 ], [ 98.456274226000062, 3.552927750000038, 0.0 ], [ 98.456265665000046, 3.55278618400007, 0.0 ], [ 98.456263926000076, 3.552761678000024, 0.0 ], [ 98.456256235000069, 3.552653303000056, 0.0 ], [ 98.456299521000062, 3.55253521700007, 0.0 ], [ 98.456325478000053, 3.552490072000069, 0.0 ], [ 98.456481939000071, 3.552463241000055, 0.0 ], [ 98.456679865000069, 3.552476386000023, 0.0 ], [ 98.456886437000037, 3.552483456000061, 0.0 ], [ 98.457085285000062, 3.552398462000042, 0.0 ], [ 98.457291955000073, 3.552239655000051, 0.0 ], [ 98.457585980000033, 3.551983629000063, 0.0 ], [ 98.457794396000054, 3.551794426000072, 0.0 ], [ 98.457997601000045, 3.551646037000069, 0.0 ], [ 98.458178322000037, 3.551519346000021, 0.0 ], [ 98.458289883000077, 3.551413459000059, 0.0 ], [ 98.458403209000039, 3.551246780000042, 0.0 ], [ 98.458432706000053, 3.551059207000037, 0.0 ], [ 98.458454463000066, 3.550803890000054, 0.0 ], [ 98.45849350900005, 3.550544240000022, 0.0 ], [ 98.45851870000007, 3.550330612000039, 0.0 ], [ 98.458555954000076, 3.550179520000029, 0.0 ], [ 98.458641640000053, 3.549979822000068, 0.0 ], [ 98.458696188000033, 3.549816582000062, 0.0 ], [ 98.458761135000032, 3.549606451000045, 0.0 ], [ 98.458780268000055, 3.549404976000062, 0.0 ], [ 98.458767436000073, 3.549176561000024, 0.0 ], [ 98.458633503000044, 3.549110479000035, 0.0 ], [ 98.458539273000042, 3.549139083000057, 0.0 ], [ 98.458406152000066, 3.549160717000063, 0.0 ], [ 98.458249713000043, 3.549152808000031, 0.0 ], [ 98.45813049700007, 3.549045048000039, 0.0 ], [ 98.458045846000061, 3.548952940000049, 0.0 ], [ 98.457948190000081, 3.548928566000029, 0.0 ], [ 98.457761495000057, 3.548925851000035, 0.0 ], [ 98.457598171000086, 3.548864961000049, 0.0 ], [ 98.45756540900004, 3.548723382000048, 0.0 ], [ 98.457631177000053, 3.548589676000063, 0.0 ], [ 98.457815291000031, 3.548570678000033, 0.0 ], [ 98.457995922000066, 3.548595970000065, 0.0 ], [ 98.458083266000074, 3.548516990000053, 0.0 ], [ 98.458060038000042, 3.548329387000024, 0.0 ], [ 98.458022922000055, 3.548244256000032, 0.0 ], [ 98.457955560000073, 3.548147816000039, 0.0 ], [ 98.457886533000078, 3.547941079000054, 0.0 ], [ 98.45786335300005, 3.547671840000021, 0.0 ], [ 98.457855706000032, 3.547446034000075, 0.0 ], [ 98.457864533000077, 3.547130784000046, 0.0 ], [ 98.457881021000048, 3.547017892000042, 0.0 ], [ 98.457996881000042, 3.546950220000042, 0.0 ], [ 98.458201747000032, 3.546917338000071, 0.0 ], [ 98.458378138000057, 3.546802804000038, 0.0 ], [ 98.458471596000038, 3.546614401000056, 0.0 ], [ 98.458453724000037, 3.546352023000054, 0.0 ], [ 98.458390826000084, 3.54619567900005, 0.0 ], [ 98.458179958000073, 3.546115963000034, 0.0 ], [ 98.457919410000045, 3.546123482000041, 0.0 ], [ 98.457734269000071, 3.546113783000067, 0.0 ], [ 98.457679936000034, 3.545999638000069, 0.0 ], [ 98.457686758000079, 3.545757990000027, 0.0 ], [ 98.457694515000071, 3.545547029000033, 0.0 ], [ 98.457797681000045, 3.545385989000067, 0.0 ], [ 98.457908458000077, 3.545266187000038, 0.0 ], [ 98.457966769000052, 3.545103202000064, 0.0 ], [ 98.45794126800007, 3.54464385700004, 0.0 ], [ 98.457896577000042, 3.54436286300006, 0.0 ], [ 98.457887180000057, 3.544110657000033, 0.0 ], [ 98.457872067000039, 3.543841187000055, 0.0 ], [ 98.457764369000074, 3.543590841000025, 0.0 ], [ 98.457662305000042, 3.543500642000026, 0.0 ], [ 98.457518255000082, 3.543397951000031, 0.0 ], [ 98.457469629000059, 3.543318331000023, 0.0 ], [ 98.457469691000085, 3.543212848000053, 0.0 ], [ 98.45755084700005, 3.543152483000028, 0.0 ], [ 98.457678741000052, 3.543136256000025, 0.0 ], [ 98.457907811000041, 3.543097074000059, 0.0 ], [ 98.458148363000078, 3.543007075000048, 0.0 ], [ 98.458389871000065, 3.54291611900004, 0.0 ], [ 98.458551206000038, 3.54283470300004, 0.0 ], [ 98.45870687200005, 3.542654515000038, 0.0 ], [ 98.458865399000047, 3.542477205000068, 0.0 ], [ 98.459153824000055, 3.542119691000039, 0.0 ], [ 98.459285572000056, 3.542042095000056, 0.0 ], [ 98.459448839000061, 3.541919446000065, 0.0 ], [ 98.459494703000075, 3.541826456000024, 0.0 ], [ 98.459496685000033, 3.541699877000042, 0.0 ], [ 98.459419392000086, 3.541681613000037, 0.0 ], [ 98.459296281000036, 3.541678664000074, 0.0 ], [ 98.459233322000046, 3.541628763000062, 0.0 ], [ 98.459228620000033, 3.541507933000048, 0.0 ], [ 98.459251606000066, 3.541367942000022, 0.0 ], [ 98.459318464000035, 3.541276883000023, 0.0 ], [ 98.459403442000053, 3.541208848000053, 0.0 ], [ 98.459539976000087, 3.541105363000042, 0.0 ], [ 98.459683231000042, 3.540931880000073, 0.0 ], [ 98.459776878000071, 3.540725763000069, 0.0 ], [ 98.459818951000045, 3.54058578300004, 0.0 ], [ 98.459896360000073, 3.540403631000061, 0.0 ], [ 98.459986186000037, 3.540204224000036, 0.0 ], [ 98.460075012000061, 3.540082492000067, 0.0 ], [ 98.460241109000037, 3.540016422000065, 0.0 ], [ 98.46043104000006, 3.53999447700005, 0.0 ], [ 98.46067916800007, 3.540004212000042, 0.0 ], [ 98.460980731000063, 3.540031237000051, 0.0 ], [ 98.461188771000081, 3.540049579000026, 0.0 ], [ 98.461405404000061, 3.540062171000045, 0.0 ], [ 98.461603910000065, 3.540063246000045, 0.0 ], [ 98.461769021000066, 3.540053753000052, 0.0 ], [ 98.461880706000045, 3.540009707000024, 0.0 ], [ 98.462030585000036, 3.539934039000059, 0.0 ], [ 98.462140391000048, 3.539839167000025, 0.0 ], [ 98.462166234000051, 3.539709726000069, 0.0 ], [ 98.462190178000071, 3.539563023000028, 0.0 ], [ 98.462300947000074, 3.539452810000057, 0.0 ], [ 98.462426939000068, 3.539424115000031, 0.0 ], [ 98.462563415000034, 3.539420359000076, 0.0 ], [ 98.462653123000052, 3.539423288000023, 0.0 ] ], [ [ 98.453285876000052, 3.545218749000071, 0.0 ], [ 98.45335478700008, 3.545509651000032, 0.0 ], [ 98.453604703000053, 3.546543624000037, 0.0 ], [ 98.45378738900007, 3.54727058800006, 0.0 ], [ 98.453996089000043, 3.548068401000023, 0.0 ], [ 98.454155, 3.548651238000048, 0.0 ], [ 98.454248694000057, 3.54898326600005, 0.0 ], [ 98.454310297000063, 3.54931885700006, 0.0 ], [ 98.454345748000037, 3.549665181000023, 0.0 ], [ 98.454363425000054, 3.549919544000034, 0.0 ], [ 98.454471243000057, 3.550485633000051, 0.0 ], [ 98.454490135000071, 3.550695814000051, 0.0 ], [ 98.454505450000056, 3.550927487000024, 0.0 ], [ 98.454552844000034, 3.551172315000031, 0.0 ], [ 98.454601333000085, 3.551578353000025, 0.0 ], [ 98.454623687000037, 3.551966463000042, 0.0 ], [ 98.454622908000033, 3.552239001000032, 0.0 ], [ 98.454622545000063, 3.552365982000026, 0.0 ], [ 98.454606695000052, 3.552568303000044, 0.0 ], [ 98.454538801000069, 3.552825004000056, 0.0 ], [ 98.454535109000062, 3.553041141000051, 0.0 ], [ 98.454530146000081, 3.553396994000025, 0.0 ], [ 98.454617960000064, 3.553622739000048, 0.0 ], [ 98.454699836000032, 3.553841317000035, 0.0 ], [ 98.454753141000083, 3.554141079000033, 0.0 ], [ 98.454763649000085, 3.554462310000076, 0.0 ], [ 98.454771807000043, 3.554736969000032, 0.0 ], [ 98.454810928000086, 3.55490297800003, 0.0 ], [ 98.454921373000047, 3.555043952000062, 0.0 ], [ 98.455079407000085, 3.555098976000068, 0.0 ], [ 98.455208929000037, 3.555134878000047, 0.0 ] ], [ [ 98.454505450000056, 3.550927487000024, 0.0 ], [ 98.454156294000086, 3.551017646000048, 0.0 ], [ 98.452704260000075, 3.551052536000043, 0.0 ], [ 98.452025474000038, 3.551041132000023, 0.0 ], [ 98.451338460000045, 3.551058598000054, 0.0 ], [ 98.451294716000064, 3.550976068000068, 0.0 ], [ 98.451322597000058, 3.550111162000064, 0.0 ], [ 98.45133648500007, 3.549767401000054, 0.0 ], [ 98.451537877000078, 3.549399, 0.0 ], [ 98.451681739000037, 3.549117196000054, 0.0 ], [ 98.451783324000075, 3.54858372700005, 0.0 ], [ 98.452064631000042, 3.547296823000067, 0.0 ], [ 98.452162060000035, 3.546849981000037, 0.0 ], [ 98.452221076000058, 3.546561250000025, 0.0 ], [ 98.452206156000045, 3.546334354000066, 0.0 ], [ 98.452119246000052, 3.545862180000029, 0.0 ], [ 98.451978341000085, 3.545096650000062, 0.0 ], [ 98.451885753000056, 3.54429492600002, 0.0 ], [ 98.451865628000064, 3.543610126000033, 0.0 ], [ 98.451852350000081, 3.542918455000063, 0.0 ], [ 98.451822419000052, 3.542618671000071, 0.0 ], [ 98.451672270000074, 3.541958545000057, 0.0 ], [ 98.451631558000088, 3.541635875000054, 0.0 ], [ 98.451581005000037, 3.541235200000074, 0.0 ], [ 98.451541701000053, 3.540583391000041, 0.0 ], [ 98.451485794000064, 3.54024096400002, 0.0 ], [ 98.451410710000061, 3.539926027000035, 0.0 ], [ 98.451303095000071, 3.539080291000062, 0.0 ], [ 98.451300515000071, 3.538813525000023, 0.0 ], [ 98.451311572000066, 3.538627896000037, 0.0 ], [ 98.451485502000082, 3.538409362000039, 0.0 ], [ 98.451860915000054, 3.538107905000061, 0.0 ], [ 98.452323431000082, 3.537731947000054, 0.0 ], [ 98.453473511000084, 3.536829202000035, 0.0 ], [ 98.454579773000034, 3.535969057000045, 0.0 ], [ 98.454985605000047, 3.535661599000036, 0.0 ], [ 98.456107705000079, 3.534813518000021, 0.0 ], [ 98.456573210000045, 3.53444939600007, 0.0 ], [ 98.456675975000053, 3.534232194000026, 0.0 ], [ 98.456980447000035, 3.533091059000071, 0.0 ], [ 98.457312878000039, 3.53200629600002, 0.0 ], [ 98.457775778000041, 3.53033999500002, 0.0 ], [ 98.45779916400005, 3.530130996000025, 0.0 ], [ 98.457745956000053, 3.529850450000026, 0.0 ], [ 98.457525863000058, 3.529441923000036, 0.0 ], [ 98.457371420000072, 3.529100813000071, 0.0 ], [ 98.457366007278679, 3.529020812964444, 0.0 ] ], [ [ 98.454824120000069, 3.598789189000058, 0.0 ], [ 98.454803401000049, 3.598987694000073, 0.0 ], [ 98.454794890000073, 3.599128814000039, 0.0 ], [ 98.454794815000071, 3.599254888000075, 0.0 ], [ 98.454817176000063, 3.59944401000007, 0.0 ], [ 98.454829241000084, 3.599625599000035, 0.0 ], [ 98.454824411000061, 3.599875859000065, 0.0 ], [ 98.454784959000051, 3.600079998000069, 0.0 ], [ 98.454716480000059, 3.600284120000026, 0.0 ], [ 98.454670560000068, 3.600344306000068, 0.0 ], [ 98.454613430000052, 3.60035838400006, 0.0 ], [ 98.45449638100007, 3.600352669000074, 0.0 ], [ 98.45437275200004, 3.600391169000034, 0.0 ], [ 98.454280919000041, 3.600498370000025, 0.0 ], [ 98.454165637000074, 3.600672357000064, 0.0 ], [ 98.453524407000032, 3.601881892000051, 0.0 ], [ 98.453519626000059, 3.602048417000049, 0.0 ], [ 98.453522323000072, 3.60223658700005, 0.0 ], [ 98.453968706000069, 3.602720448000071, 0.0 ], [ 98.453925579000042, 3.602806039000029, 0.0 ], [ 98.453837504000035, 3.602893483000059, 0.0 ], [ 98.453616461000081, 3.602974263000021, 0.0 ], [ 98.453427287000068, 3.603003315000024, 0.0 ], [ 98.453195255000082, 3.60327305200002, 0.0 ], [ 98.453224264000085, 3.603546637000022, 0.0 ], [ 98.453329701000087, 3.603876951000075, 0.0 ], [ 98.453432278000037, 3.604417402000024, 0.0 ], [ 98.453517400000067, 3.604812606000053, 0.0 ], [ 98.453552196000032, 3.605318817000068, 0.0 ], [ 98.453554780000047, 3.605544312000063, 0.0 ], [ 98.453545805000033, 3.606100127000047, 0.0 ], [ 98.453544518000058, 3.606445342000029, 0.0 ], [ 98.453556270000036, 3.606667894000054, 0.0 ], [ 98.453560477000053, 3.606861131000073, 0.0 ], [ 98.453653332000044, 3.606973002000075, 0.0 ], [ 98.453800176000072, 3.607143527000062, 0.0 ], [ 98.45391451900008, 3.607460588000038, 0.0 ], [ 98.454021255000043, 3.607850376000044, 0.0 ], [ 98.454108498000039, 3.608312889000047, 0.0 ], [ 98.454235493000056, 3.60879344500006, 0.0 ], [ 98.45438564300008, 3.609219085000063, 0.0 ], [ 98.454539249000049, 3.609648201000027, 0.0 ], [ 98.454830863000041, 3.610570690000031, 0.0 ], [ 98.454827257000034, 3.610819069000058, 0.0 ], [ 98.454728558000056, 3.611084761000029, 0.0 ], [ 98.454636790000052, 3.611324404000072, 0.0 ], [ 98.454577781000069, 3.611709967000024, 0.0 ], [ 98.454586087000052, 3.612276214000076, 0.0 ], [ 98.454620367000075, 3.612771262000024, 0.0 ], [ 98.454658202000076, 3.613103039000066, 0.0 ], [ 98.454823870000041, 3.613598166000031, 0.0 ], [ 98.455101871000068, 3.614159363000056, 0.0 ], [ 98.455144658672339, 3.614441115746472, 0.0 ] ], [ [ 98.45556689595071, 3.653553940444628, 0.0 ], [ 98.455568172000085, 3.653552345000037, 0.0 ], [ 98.455669254000043, 3.653468437000072, 0.0 ], [ 98.455827243000044, 3.653444542000045, 0.0 ], [ 98.455979725000077, 3.653416029000027, 0.0 ], [ 98.456074380000075, 3.653325658000028, 0.0 ], [ 98.456138711000051, 3.65326110500007, 0.0 ], [ 98.456193835000079, 3.653234378000036, 0.0 ], [ 98.456242517000078, 3.653227948000051, 0.0 ], [ 98.456292111000039, 3.653233515000068, 0.0 ], [ 98.456313230000035, 3.653242756000054, 0.0 ], [ 98.456355443000064, 3.653304605000073, 0.0 ], [ 98.456372854000051, 3.653371054000047, 0.0 ], [ 98.45637466800008, 3.653407042000026, 0.0 ], [ 98.456370034000088, 3.653476245000036, 0.0 ], [ 98.456357141000069, 3.653535293000061, 0.0 ], [ 98.456337811000083, 3.653604487000052, 0.0 ], [ 98.456306534000078, 3.653686593000032, 0.0 ], [ 98.456279849000055, 3.653768701000047, 0.0 ], [ 98.456270603000064, 3.65387019700006, 0.0 ], [ 98.456300848000069, 3.65397633200007, 0.0 ], [ 98.456391730000064, 3.65405297500007, 0.0 ], [ 98.456478970000035, 3.654077019000056, 0.0 ], [ 98.456590126000037, 3.65404017700007, 0.0 ], [ 98.456676532000074, 3.653922118000025, 0.0 ], [ 98.456695892000084, 3.653803095000058, 0.0 ], [ 98.456672993000041, 3.653697888000067, 0.0 ], [ 98.456630802000063, 3.65360282000006, 0.0 ], [ 98.456623486000069, 3.653549296000051, 0.0 ], [ 98.456642817000045, 3.653476410000053, 0.0 ], [ 98.456734745000063, 3.653340822000075, 0.0 ], [ 98.45689281500006, 3.65318312900007, 0.0 ], [ 98.45734675500006, 3.652815228000065, 0.0 ], [ 98.457519512000033, 3.652673229000072, 0.0 ], [ 98.457787820000078, 3.652476847000059, 0.0 ], [ 98.458048774000076, 3.652290610000023, 0.0 ], [ 98.458220610000069, 3.652152302000047, 0.0 ], [ 98.458403363000059, 3.652020523000033, 0.0 ], [ 98.45862939400007, 3.651870252000037, 0.0 ], [ 98.458774555000048, 3.651796520000062, 0.0 ], [ 98.458950918000085, 3.651765253000065, 0.0 ], [ 98.459091472000068, 3.651716433000047, 0.0 ], [ 98.459210005000045, 3.651629766000042, 0.0 ], [ 98.459279858000059, 3.651544916000034, 0.0 ], [ 98.459311062476459, 3.651492565214368, 0.0 ] ], [ [ 98.455943169000079, 3.581519749000051, 0.0 ], [ 98.456326795000052, 3.581356201000062, 0.0 ], [ 98.456524946000059, 3.581271725000022, 0.0 ], [ 98.456600687000048, 3.58124028800006, 0.0 ], [ 98.456683201000033, 3.581234040000027, 0.0 ], [ 98.456769355000063, 3.581256654000072, 0.0 ], [ 98.456858122000085, 3.581272972000022, 0.0 ], [ 98.457002770000088, 3.58128565100003, 0.0 ], [ 98.457111916000088, 3.581281518000026, 0.0 ], [ 98.457201753000049, 3.581256911000025, 0.0 ], [ 98.457274365000046, 3.581217602000038, 0.0 ], [ 98.457331829000054, 3.581183530000033, 0.0 ], [ 98.45740078700004, 3.581143169000029, 0.0 ], [ 98.457474974000036, 3.581088120000061, 0.0 ], [ 98.457578948000048, 3.581000557000038, 0.0 ], [ 98.457654729000069, 3.580899859000056, 0.0 ], [ 98.457744091000052, 3.580793399000072, 0.0 ], [ 98.457834505000051, 3.580673820000072, 0.0 ], [ 98.457879999000056, 3.580571006000071, 0.0 ], [ 98.457938038000066, 3.580448260000026, 0.0 ], [ 98.457997145000036, 3.580285639000067, 0.0 ], [ 98.458023338000032, 3.580146084000035, 0.0 ], [ 98.458044327000039, 3.579975569000055, 0.0 ], [ 98.458249126000055, 3.579149749000067, 0.0 ], [ 98.458323881000069, 3.578926886000033, 0.0 ], [ 98.458391594000034, 3.578672609000023, 0.0 ], [ 98.458448179000072, 3.578481145000069, 0.0 ], [ 98.458511759000032, 3.578397087000042, 0.0 ], [ 98.458628778000048, 3.578326231000062, 0.0 ], [ 98.458745788000044, 3.578267534000076, 0.0 ], [ 98.45880130900008, 3.578171311000062, 0.0 ], [ 98.458836670000039, 3.578057852000029, 0.0 ], [ 98.458843788000081, 3.577957548000029, 0.0 ], [ 98.458836829000063, 3.577787324000042, 0.0 ], [ 98.45880767400007, 3.577634311000054, 0.0 ], [ 98.458717052000054, 3.577402231000065, 0.0 ], [ 98.458538742000087, 3.57709410800004, 0.0 ], [ 98.458303009000076, 3.576689697000063, 0.0 ], [ 98.458106621388723, 3.576430396011868, 0.0 ] ], [ [ 98.457499726195891, 3.575663666048579, 0.0 ], [ 98.457365877000086, 3.575498614000026, 0.0 ], [ 98.457266451000066, 3.575448537000057, 0.0 ], [ 98.457172977000084, 3.575397567000039, 0.0 ], [ 98.457078256000045, 3.575354467000068, 0.0 ], [ 98.456996722000042, 3.575317175000066, 0.0 ], [ 98.456922176000035, 3.57529353700005, 0.0 ], [ 98.456720368000049, 3.575244583000028, 0.0 ], [ 98.456659410000043, 3.575232542000037, 0.0 ], [ 98.456593919000056, 3.575213877000067, 0.0 ], [ 98.456535451000036, 3.575179492000075, 0.0 ], [ 98.456490575000032, 3.575135590000059, 0.0 ], [ 98.456452712000043, 3.575078456000028, 0.0 ], [ 98.456427216000066, 3.575012220000076, 0.0 ], [ 98.456402550000064, 3.574927775000049, 0.0 ], [ 98.456372641000087, 3.574649630000067, 0.0 ], [ 98.456359231000079, 3.574335073000043, 0.0 ], [ 98.456352326000058, 3.574167029000023, 0.0 ], [ 98.456347892000053, 3.574005202000023, 0.0 ], [ 98.456340571000055, 3.573853305000057, 0.0 ], [ 98.456332357000065, 3.573343483000031, 0.0 ], [ 98.456329825000068, 3.573201848000053, 0.0 ], [ 98.456315922000044, 3.57303670400006, 0.0 ], [ 98.456315563000032, 3.57294399400007, 0.0 ], [ 98.456320150000067, 3.572845082000072, 0.0 ], [ 98.456337919000077, 3.57276024500004, 0.0 ], [ 98.456400995000081, 3.572659711000028, 0.0 ], [ 98.456434393000052, 3.572608411000033, 0.0 ], [ 98.45647067200008, 3.572557934000031, 0.0 ], [ 98.456496651000066, 3.572506221000026, 0.0 ], [ 98.456506162000039, 3.572455729000069, 0.0 ], [ 98.456509491000077, 3.572398204000024, 0.0 ], [ 98.456504987000073, 3.572340674000031, 0.0 ], [ 98.456491837000044, 3.572287690000053, 0.0 ], [ 98.456467150000037, 3.572239250000052, 0.0 ], [ 98.456438756000068, 3.572201979000056, 0.0 ], [ 98.456405402000087, 3.572178782000037, 0.0 ], [ 98.456372042000055, 3.57216551800002, 0.0 ], [ 98.45633538900006, 3.572148941000023, 0.0 ], [ 98.456310687000041, 3.572125749000065, 0.0 ], [ 98.456292999000084, 3.572088077000046, 0.0 ], [ 98.456285201000071, 3.572043374000032, 0.0 ], [ 98.456286052000053, 3.571990397000036, 0.0 ], [ 98.45629967800005, 3.571937013000024, 0.0 ], [ 98.456329782000068, 3.571883231000072, 0.0 ], [ 98.456352462000041, 3.571837713000036, 0.0 ], [ 98.456367735000072, 3.571789305000038, 0.0 ], [ 98.456375596000044, 3.571726400000045, 0.0 ], [ 98.456374006000033, 3.571627891000048, 0.0 ], [ 98.456356431000074, 3.571397348000062, 0.0 ], [ 98.456352354000046, 3.571317472000032, 0.0 ], [ 98.45634993300007, 3.571240901000067, 0.0 ], [ 98.45634915800008, 3.571149431000038, 0.0 ], [ 98.45635089700005, 3.570994645000042, 0.0 ], [ 98.456357186000048, 3.570819164000056, 0.0 ], [ 98.456386468000062, 3.570508243000063, 0.0 ], [ 98.456470877000072, 3.570280609000065, 0.0 ], [ 98.456515951000085, 3.570064242000058, 0.0 ], [ 98.456486160000054, 3.56976880000002, 0.0 ], [ 98.456430198000078, 3.56939243000005, 0.0 ], [ 98.456413524000084, 3.569085706000067, 0.0 ], [ 98.456413701000088, 3.568784637000022, 0.0 ], [ 98.45644012300005, 3.568438422000042, 0.0 ], [ 98.456470316000036, 3.568048932000067, 0.0 ], [ 98.456528569000056, 3.56771214500003, 0.0 ] ], [ [ 98.459831844000064, 3.614260935000061, 0.0 ], [ 98.459844059000034, 3.614435504000028, 0.0 ], [ 98.459810889000039, 3.614615909000065, 0.0 ], [ 98.459744011000055, 3.614791082000067, 0.0 ], [ 98.459646705000068, 3.614893287000029, 0.0 ], [ 98.459557192000034, 3.614974001000064, 0.0 ], [ 98.459537925508798, 3.615015934940161, 0.0 ] ], [ [ 98.466313423000088, 3.529874706000044, 0.0 ], [ 98.466409297000041, 3.529743087000043, 0.0 ], [ 98.466532509000047, 3.529566713000065, 0.0 ], [ 98.466716820000045, 3.529355853000027, 0.0 ], [ 98.466938343000038, 3.529156522000051, 0.0 ], [ 98.467175138000073, 3.528954322000061, 0.0 ], [ 98.467386137000062, 3.528799095000068, 0.0 ], [ 98.467615236000086, 3.528704292000043, 0.0 ], [ 98.467806109000037, 3.528699607000021, 0.0 ], [ 98.467994115000067, 3.528700674000049, 0.0 ], [ 98.468192620000082, 3.528702706000047, 0.0 ], [ 98.468386353000085, 3.528702818000056, 0.0 ], [ 98.468575317000045, 3.528698131000056, 0.0 ], [ 98.468727066000042, 3.528685752000058, 0.0 ], [ 98.468880743000057, 3.528638852000029, 0.0 ], [ 98.468989582000063, 3.528563158000054, 0.0 ], [ 98.469099398000083, 3.528448148000052, 0.0 ], [ 98.469188232000079, 3.528308195000022, 0.0 ], [ 98.469191985889566, 3.528293613130381, 0.0 ] ], [ [ 98.472955861644294, 3.538207148914972, 0.0 ], [ 98.472950156000081, 3.538105540000061, 0.0 ], [ 98.472940209000058, 3.537263259000042, 0.0 ], [ 98.473019090000037, 3.536145902000044, 0.0 ], [ 98.473528275000035, 3.535015766000072, 0.0 ], [ 98.473727759000042, 3.534750127000052, 0.0 ], [ 98.473798457004349, 3.534716840462951, 0.0 ] ], [ [ 98.473174907358469, 3.539941588382125, 0.0 ], [ 98.47316744204781, 3.539911908166573, 0.0 ] ], [ [ 98.474448511865091, 3.543939961251954, 0.0 ], [ 98.474437318000071, 3.543852556000047, 0.0 ], [ 98.474520045000077, 3.543720703000076, 0.0 ], [ 98.47464362900007, 3.543555655000034, 0.0 ], [ 98.474649580000062, 3.543347551000068, 0.0 ], [ 98.474568005000037, 3.543163823000043, 0.0 ], [ 98.47426087000008, 3.542923298000062, 0.0 ], [ 98.474179579734354, 3.542833926826027, 0.0 ] ], [ [ 98.475214095582729, 3.545454870931728, 0.0 ], [ 98.475136644000031, 3.545243269000025, 0.0 ], [ 98.474923842000067, 3.544980327000076, 0.0 ], [ 98.474830653500717, 3.544777931666287, 0.0 ] ], [ [ 98.475389717733279, 3.554533095082104, 0.0 ], [ 98.475254153000037, 3.554424762000053, 0.0 ], [ 98.475141738000048, 3.554259109000043, 0.0 ], [ 98.475082595967763, 3.554004323115687, 0.0 ] ], [ [ 98.485170822000043, 3.59767054100007, 0.0 ], [ 98.485343918000069, 3.597409881000033, 0.0 ], [ 98.485418047000053, 3.597138018000066, 0.0 ], [ 98.485592435000058, 3.596755193000035, 0.0 ], [ 98.485719948000053, 3.596469247000073, 0.0 ], [ 98.485792181000079, 3.596238782000057, 0.0 ], [ 98.48593383900004, 3.595776906000026, 0.0 ], [ 98.48601164300004, 3.595630178000022, 0.0 ], [ 98.486125092000066, 3.595374333000052, 0.0 ], [ 98.486104633000082, 3.595122174000039, 0.0 ], [ 98.486005492000061, 3.594908547000045, 0.0 ], [ 98.485864233000086, 3.594659142000069, 0.0 ], [ 98.485781049000082, 3.59437966400003, 0.0 ], [ 98.485767172000067, 3.594076704000031, 0.0 ], [ 98.485787017000064, 3.593756828000039, 0.0 ], [ 98.485802160000048, 3.593467997000062, 0.0 ], [ 98.485847239000066, 3.593235633000063, 0.0 ], [ 98.485891295000044, 3.593155686000046, 0.0 ], [ 98.485945685000047, 3.593015531000049, 0.0 ], [ 98.485960812000087, 3.592757748000054, 0.0 ], [ 98.485953495000047, 3.592447264000043, 0.0 ], [ 98.485960154000054, 3.592260040000042, 0.0 ], [ 98.485985545000062, 3.592067181000061, 0.0 ], [ 98.486030577000065, 3.591916671000035, 0.0 ], [ 98.486203921000083, 3.59172389500003, 0.0 ], [ 98.48650174900007, 3.591634684000041, 0.0 ], [ 98.486894127000085, 3.591596330000073, 0.0 ], [ 98.487210710000056, 3.591461026000047, 0.0 ], [ 98.487442080000051, 3.591322853000065, 0.0 ], [ 98.48764288600006, 3.591145010000048, 0.0 ], [ 98.487872553000045, 3.590832489000036, 0.0 ], [ 98.488082710000072, 3.590630361000024, 0.0 ], [ 98.488330774000076, 3.590458543000068, 0.0 ], [ 98.488636213000063, 3.590285780000045, 0.0 ], [ 98.488964928000087, 3.590221480000025, 0.0 ], [ 98.48936466300006, 3.590099575000067, 0.0 ], [ 98.489629250000064, 3.589941445000022, 0.0 ], [ 98.489840355000069, 3.589783283000031, 0.0 ], [ 98.489995054000076, 3.589631930000053, 0.0 ], [ 98.490187681000066, 3.58947571300007, 0.0 ], [ 98.490361799000084, 3.589379084000029, 0.0 ], [ 98.490488258000084, 3.589300015000049, 0.0 ], [ 98.490606943000046, 3.589211172000034, 0.0 ], [ 98.490695493000032, 3.589104724000038, 0.0 ], [ 98.490751973000044, 3.588961132000065, 0.0 ], [ 98.490775405000079, 3.588791141000058, 0.0 ], [ 98.490777442000081, 3.58862504700005, 0.0 ], [ 98.490756583000064, 3.58842327800005, 0.0 ], [ 98.490749162000043, 3.588297345000058, 0.0 ], [ 98.490725611000073, 3.588160692000031, 0.0 ], [ 98.490712676000044, 3.588105103000032, 0.0 ], [ 98.490690241000038, 3.588036191000072, 0.0 ], [ 98.490688553000041, 3.587962659000027, 0.0 ], [ 98.490700110000034, 3.587904768000044, 0.0 ], [ 98.490743358000032, 3.587850657000047, 0.0 ], [ 98.490782273000036, 3.587818256000048, 0.0 ], [ 98.490818316000059, 3.587769641000023, 0.0 ], [ 98.49081863300006, 3.587717822000059, 0.0 ], [ 98.490805397000031, 3.587684524000053, 0.0 ], [ 98.490773724000064, 3.587647451000066, 0.0 ], [ 98.490735419000032, 3.587618770000063, 0.0 ], [ 98.490676379000035, 3.587573576000068, 0.0 ], [ 98.490635774000054, 3.58753418200007, 0.0 ], [ 98.490609284000072, 3.587503482000045, 0.0 ], [ 98.490577895000058, 3.587441505000072, 0.0 ], [ 98.490546437000035, 3.587339260000022, 0.0 ], [ 98.490502347000074, 3.587287669000034, 0.0 ], [ 98.490405129000067, 3.587245096000061, 0.0 ], [ 98.490291682000077, 3.587240510000072, 0.0 ], [ 98.490177323000069, 3.587256730000036, 0.0 ], [ 98.490043144000083, 3.587293745000068, 0.0 ], [ 98.489926994000086, 3.587292776000027, 0.0 ], [ 98.489795593000053, 3.587190476000046, 0.0 ], [ 98.48968313000006, 3.587037526000074, 0.0 ], [ 98.489616562000037, 3.586927119000052, 0.0 ], [ 98.489554485000042, 3.586835714000074, 0.0 ], [ 98.489457264000066, 3.586797664000073, 0.0 ], [ 98.489312295000047, 3.586808439000038, 0.0 ], [ 98.489177234000067, 3.586812887000065, 0.0 ], [ 98.489067398000032, 3.586792923000075, 0.0 ], [ 98.48899900300006, 3.586729557000069, 0.0 ], [ 98.488940546000038, 3.586607396000034, 0.0 ], [ 98.488922624000054, 3.586450880000029, 0.0 ], [ 98.488907428000061, 3.586252750000028, 0.0 ], [ 98.48882743300004, 3.586002115000042, 0.0 ], [ 98.488699712000084, 3.585759594000024, 0.0 ], [ 98.488516172000061, 3.585508901000026, 0.0 ], [ 98.488247134000062, 3.585188501000061, 0.0 ], [ 98.488051893000033, 3.584929658000021, 0.0 ], [ 98.48792235500008, 3.584716086000071, 0.0 ], [ 98.487824308000086, 3.584544145000052, 0.0 ], [ 98.487721786000066, 3.584326969000074, 0.0 ], [ 98.487625573000059, 3.584093513000028, 0.0 ], [ 98.487506845000041, 3.583872709000048, 0.0 ], [ 98.487401611000053, 3.583673625000074, 0.0 ], [ 98.487225274000082, 3.583424745000059, 0.0 ], [ 98.487093925000067, 3.583231073000036, 0.0 ], [ 98.48684380800006, 3.582888067000056, 0.0 ], [ 98.486600854000073, 3.582616532000031, 0.0 ], [ 98.486398404000056, 3.582371256000044, 0.0 ], [ 98.486270670000067, 3.582155875000069, 0.0 ], [ 98.486162765000074, 3.581901604000052, 0.0 ], [ 98.486102592000066, 3.58162836300005, 0.0 ], [ 98.48606587200004, 3.581277335000038, 0.0 ], [ 98.486043581000047, 3.580885605000049, 0.0 ], [ 98.486027621000062, 3.580619219000027, 0.0 ], [ 98.485990909000066, 3.580383625000024, 0.0 ], [ 98.485849246000043, 3.580151337000075, 0.0 ], [ 98.485735456000043, 3.579989737000062, 0.0 ], [ 98.485678629000063, 3.579785541000035, 0.0 ], [ 98.485683215000051, 3.579570162000039, 0.0 ], [ 98.485774895000077, 3.579338006000057, 0.0 ], [ 98.485884396000074, 3.579184385000076, 0.0 ], [ 98.485964854000088, 3.579055425000035, 0.0 ], [ 98.485967170000038, 3.578907352000044, 0.0 ], [ 98.485946027000068, 3.578779457000053, 0.0 ], [ 98.48586236400007, 3.578651527000034, 0.0 ], [ 98.485751874000073, 3.578577428000074, 0.0 ], [ 98.485574405000079, 3.578486464000036, 0.0 ], [ 98.485356755000055, 3.57837528500005, 0.0 ], [ 98.485226202000035, 3.57824172100004, 0.0 ], [ 98.48513474400005, 3.578075646000059, 0.0 ], [ 98.48507677200007, 3.57792192900007, 0.0 ], [ 98.485056779000047, 3.57773794700006, 0.0 ], [ 98.485051315000078, 3.577524805000053, 0.0 ], [ 98.485042449000048, 3.577408135000042, 0.0 ], [ 98.485026951000066, 3.577171432000057, 0.0 ], [ 98.484858494000036, 3.576936885000066, 0.0 ], [ 98.484704518000058, 3.576762923000047, 0.0 ], [ 98.484520427000064, 3.576537342000051, 0.0 ], [ 98.484372086000064, 3.57626803200003, 0.0 ], [ 98.484239401000082, 3.575954981000052, 0.0 ], [ 98.484129048000057, 3.575636333000034, 0.0 ], [ 98.484036536000076, 3.57536032400003, 0.0 ], [ 98.483948438000084, 3.57517518100002, 0.0 ], [ 98.483842453000079, 3.57503265500003, 0.0 ], [ 98.483705198000052, 3.574906939000073, 0.0 ], [ 98.483465304000049, 3.57464318600006, 0.0 ], [ 98.483229823000045, 3.574475908000068, 0.0 ], [ 98.482886036000082, 3.574323152000034, 0.0 ], [ 98.482614796000064, 3.574213065000038, 0.0 ], [ 98.48244068300005, 3.574112006000064, 0.0 ], [ 98.482280019000086, 3.573920092000037, 0.0 ], [ 98.48216627000005, 3.573688941000057, 0.0 ], [ 98.482048051000049, 3.573462275000054, 0.0 ], [ 98.481977818000075, 3.573277142000052, 0.0 ], [ 98.481898655000066, 3.573087516000044, 0.0 ], [ 98.481866370000034, 3.572921475000044, 0.0 ], [ 98.481820692000042, 3.572749817000044, 0.0 ], [ 98.481700173000036, 3.572642059000032, 0.0 ], [ 98.481522704000042, 3.572555581000074, 0.0 ], [ 98.481396596000081, 3.572462402000042, 0.0 ], [ 98.481132120000041, 3.572106612000027, 0.0 ], [ 98.480724092000059, 3.571683001000054, 0.0 ], [ 98.480263529000069, 3.571432474000062, 0.0 ], [ 98.479905899000073, 3.571306199000048, 0.0 ], [ 98.479572692000033, 3.571044454000059, 0.0 ], [ 98.479340608000086, 3.57079593800006, 0.0 ], [ 98.478975615000081, 3.570441973000072, 0.0 ], [ 98.478728540000077, 3.570210385000053, 0.0 ], [ 98.478329846000065, 3.569841347000022, 0.0 ], [ 98.478095848000066, 3.56966621600003, 0.0 ], [ 98.47776826900008, 3.569389421000039, 0.0 ], [ 98.477573599000038, 3.569214312000042, 0.0 ], [ 98.477343386000086, 3.568969562000063, 0.0 ], [ 98.477105707000078, 3.568681527000024, 0.0 ], [ 98.476849307000066, 3.568382192000058, 0.0 ], [ 98.476617247000036, 3.568090398000038, 0.0 ], [ 98.476473189000046, 3.567836288000024, 0.0 ], [ 98.476377850000063, 3.567531399000075, 0.0 ], [ 98.476237587000071, 3.567186970000023, 0.0 ], [ 98.476151581000067, 3.566936656000053, 0.0 ], [ 98.475951639000073, 3.566153759000031, 0.0 ], [ 98.47591252400008, 3.56577551700002, 0.0 ], [ 98.475852837000048, 3.565348339000025, 0.0 ], [ 98.475798774000054, 3.564913638000064, 0.0 ], [ 98.47569038000006, 3.564512776000072, 0.0 ], [ 98.475553843000057, 3.56420410100003, 0.0 ], [ 98.475447249000069, 3.563933077000058, 0.0 ], [ 98.475430492000044, 3.563759952000055, 0.0 ], [ 98.475635755000042, 3.563350847000038, 0.0 ], [ 98.475745268000082, 3.563046800000052, 0.0 ], [ 98.475720035000052, 3.562831838000022, 0.0 ], [ 98.475593418000074, 3.56255950000002, 0.0 ], [ 98.475419247000048, 3.562312610000049, 0.0 ], [ 98.475164234000033, 3.56211184700004, 0.0 ], [ 98.475020142000062, 3.561914332000072, 0.0 ], [ 98.474971211000081, 3.561575165000022, 0.0 ], [ 98.474985825000033, 3.560952624000038, 0.0 ], [ 98.474981237000065, 3.56066124900002, 0.0 ], [ 98.475036901000067, 3.56030462800004, 0.0 ], [ 98.475048116000039, 3.560088096000072, 0.0 ], [ 98.475018213000055, 3.559725057000037, 0.0 ], [ 98.474833359000058, 3.559362175000047, 0.0 ], [ 98.474779541000032, 3.559239608000041, 0.0 ], [ 98.47473754300006, 3.559121318000052, 0.0 ], [ 98.474714050000046, 3.558946470000024, 0.0 ], [ 98.474710291000065, 3.558833015000062, 0.0 ], [ 98.474714636000044, 3.558662987000048, 0.0 ], [ 98.474716880000074, 3.558639090000042, 0.0 ], [ 98.474730335000061, 3.558495815000072, 0.0 ], [ 98.474762651000049, 3.558184208000057, 0.0 ], [ 98.474940208000078, 3.557559622000042, 0.0 ], [ 98.474984777000031, 3.557206180000037, 0.0 ], [ 98.475092808000056, 3.556717437000032, 0.0 ], [ 98.475126721808678, 3.556625726566491, 0.0 ] ], [ [ 98.475306050847621, 3.547028590688085, 0.0 ], [ 98.47530695100005, 3.546716730000071, 0.0 ], [ 98.475294044681988, 3.546463094143264, 0.0 ] ], [ [ 98.485594236064344, 3.663944948882742, 0.0 ], [ 98.48611810500006, 3.663507381000045, 0.0 ], [ 98.486151638000081, 3.663444437000067, 0.0 ], [ 98.48610423100007, 3.663202323000064, 0.0 ], [ 98.485191343000054, 3.660988279000037, 0.0 ], [ 98.484834645000035, 3.659990146000041, 0.0 ], [ 98.484557445000064, 3.659298845000023, 0.0 ], [ 98.484451331000059, 3.659022176000065, 0.0 ], [ 98.484163452000075, 3.657827048000058, 0.0 ], [ 98.483906889000082, 3.656763402000024, 0.0 ], [ 98.483787711000048, 3.656185040000025, 0.0 ], [ 98.483626349000076, 3.655303828000058, 0.0 ], [ 98.483615438000072, 3.65520351300006, 0.0 ], [ 98.483679887000051, 3.654931502000068, 0.0 ], [ 98.483799335000072, 3.654375315000038, 0.0 ], [ 98.483955287000072, 3.653473768000026, 0.0 ], [ 98.483959123000034, 3.653379921000067, 0.0 ], [ 98.483981861000075, 3.653297104000046, 0.0 ], [ 98.484232796000072, 3.652958328000068, 0.0 ], [ 98.484460996000053, 3.652693630000044, 0.0 ], [ 98.484502635000069, 3.652626781000038, 0.0 ], [ 98.484502661000079, 3.652582326000072, 0.0 ], [ 98.484441824000044, 3.652491482000073, 0.0 ], [ 98.484284235000075, 3.652286214000071, 0.0 ], [ 98.483550714000046, 3.651328682000042, 0.0 ], [ 98.482960017000039, 3.650601105000021, 0.0 ], [ 98.482530303000033, 3.650097415000062, 0.0 ], [ 98.482160339000075, 3.649602877000063, 0.0 ], [ 98.481887833000087, 3.649307874000044, 0.0 ], [ 98.481863281000074, 3.649286890000042, 0.0 ], [ 98.481826635000061, 3.649265338000021, 0.0 ], [ 98.481764816000066, 3.649255622000055, 0.0 ], [ 98.481687470000054, 3.649252457000046, 0.0 ], [ 98.481623164000041, 3.649244621000037, 0.0 ], [ 98.481574407000039, 3.649224618000062, 0.0 ], [ 98.481522867000081, 3.649174334000065, 0.0 ], [ 98.481468222000046, 3.64911937200003, 0.0 ], [ 98.481424448000041, 3.649062860000072, 0.0 ], [ 98.481364850000034, 3.64898011300005, 0.0 ], [ 98.481297402000052, 3.648891734000074, 0.0 ] ], [ [ 98.486078427000052, 3.59898806700005, 0.0 ], [ 98.486591227000076, 3.599046074000057, 0.0 ], [ 98.486935823000067, 3.599186889000066, 0.0 ], [ 98.487136284000087, 3.59932447400007, 0.0 ], [ 98.487189475000037, 3.599460928000042, 0.0 ], [ 98.487196686000061, 3.59964037900005, 0.0 ], [ 98.487208096000074, 3.599782056000038, 0.0 ], [ 98.487249748000067, 3.600009800000066, 0.0 ], [ 98.487321660000077, 3.600287932000072, 0.0 ], [ 98.487504252000065, 3.600626994000038, 0.0 ], [ 98.487716097000032, 3.600954528000045, 0.0 ], [ 98.487946773000033, 3.601226453000038, 0.0 ], [ 98.488168075000033, 3.601450102000058, 0.0 ], [ 98.488254675000064, 3.601612808000027, 0.0 ], [ 98.488300528000082, 3.601798579000047, 0.0 ], [ 98.488271135000048, 3.602064062000068, 0.0 ], [ 98.488213621000057, 3.602184711000064, 0.0 ], [ 98.488108065000063, 3.602300085000024, 0.0 ], [ 98.487911623000059, 3.602446892000046, 0.0 ], [ 98.487728764000053, 3.602583211000024, 0.0 ], [ 98.487628437000069, 3.602687046000028, 0.0 ], [ 98.487578212000074, 3.602849675000073, 0.0 ], [ 98.487567674000047, 3.603015475000063, 0.0 ], [ 98.487595783000074, 3.60317814800004, 0.0 ], [ 98.487698029000057, 3.603379692000033, 0.0 ], [ 98.48782010900004, 3.603599087000021, 0.0 ], [ 98.487910874000079, 3.603785932000051, 0.0 ], [ 98.488015206000057, 3.60399377300007, 0.0 ], [ 98.488161279000053, 3.604267750000076, 0.0 ], [ 98.488313609000045, 3.604558521000058, 0.0 ], [ 98.48847640300005, 3.604815717000065, 0.0 ], [ 98.488636060000033, 3.605080258000044, 0.0 ], [ 98.48882702800006, 3.605386792000047, 0.0 ], [ 98.489027418000035, 3.605653453000059, 0.0 ], [ 98.489176683000039, 3.605823541000063, 0.0 ], [ 98.489355174000082, 3.606028275000028, 0.0 ], [ 98.489611965000051, 3.606298117000051, 0.0 ], [ 98.489743473000033, 3.606468195000048, 0.0 ], [ 98.489894797000034, 3.606693902000075, 0.0 ], [ 98.490018942000063, 3.606959471000039, 0.0 ], [ 98.490123241000049, 3.607226079000043, 0.0 ], [ 98.490248436000059, 3.607480105000036, 0.0 ], [ 98.490400837000038, 3.60764599700002, 0.0 ], [ 98.490630541000087, 3.607791993000035, 0.0 ], [ 98.490832067000042, 3.607898096000042, 0.0 ], [ 98.491071179000073, 3.60802835800007, 0.0 ], [ 98.491312396000069, 3.608131335000053, 0.0 ], [ 98.491507655000078, 3.608237434000046, 0.0 ], [ 98.49166006300004, 3.608391782000069, 0.0 ], [ 98.491724757000043, 3.608507253000028, 0.0 ], [ 98.491801961000078, 3.608663658000069, 0.0 ], [ 98.491877037000052, 3.60889037100003, 0.0 ], [ 98.491959634000068, 3.609228281000071, 0.0 ], [ 98.492052139000066, 3.609137903000033, 0.0 ], [ 98.49212811700005, 3.609038903000055, 0.0 ], [ 98.492198561000066, 3.608980502000065, 0.0 ], [ 98.492353513000069, 3.60890123300004, 0.0 ], [ 98.492524355000057, 3.608871799000042, 0.0 ], [ 98.492838450000079, 3.608881818000043, 0.0 ], [ 98.493020884000032, 3.608926828000051, 0.0 ], [ 98.493147002000057, 3.608949044000042, 0.0 ], [ 98.493301883000072, 3.608996499000057, 0.0 ], [ 98.493410233000077, 3.60903839100007, 0.0 ], [ 98.493520433000072, 3.609056908000071, 0.0 ], [ 98.493603094000036, 3.609053878000054, 0.0 ], [ 98.493679648000068, 3.609017010000059, 0.0 ], [ 98.493733577000057, 3.608930302000033, 0.0 ], [ 98.493740971000079, 3.608848489000025, 0.0 ], [ 98.493737349000071, 3.608753751000052, 0.0 ], [ 98.493727599000067, 3.608670698000026, 0.0 ], [ 98.493694579000078, 3.608592553000051, 0.0 ], [ 98.493663990000073, 3.608545783000068, 0.0 ], [ 98.493575257000032, 3.608460225000044, 0.0 ], [ 98.493465085000082, 3.608391879000067, 0.0 ], [ 98.493331030000036, 3.608329672000025, 0.0 ], [ 98.493194519000042, 3.608279152000023, 0.0 ], [ 98.493034770000065, 3.608176945000025, 0.0 ], [ 98.492886037000062, 3.608085201000051, 0.0 ], [ 98.492758119000086, 3.607997775000058, 0.0 ], [ 98.492681631000039, 3.607911610000031, 0.0 ], [ 98.492645570000036, 3.607798398000057, 0.0 ], [ 98.492621746000054, 3.60769872700007, 0.0 ], [ 98.492611467000074, 3.607464958000037, 0.0 ], [ 98.492612158000043, 3.607322854000074, 0.0 ], [ 98.492624485000078, 3.60717706600002, 0.0 ], [ 98.492660171000068, 3.607094203000031, 0.0 ], [ 98.492728004000071, 3.606968545000029, 0.0 ], [ 98.492847598000083, 3.606704108000031, 0.0 ], [ 98.492890547000059, 3.606413356000076, 0.0 ], [ 98.492890619000036, 3.606283194000071, 0.0 ], [ 98.492889503000072, 3.60615303000003, 0.0 ], [ 98.492882438000038, 3.606033014000047, 0.0 ], [ 98.492840913000066, 3.605899843000032, 0.0 ], [ 98.492794032000063, 3.60578040200005, 0.0 ], [ 98.49269780700007, 3.605694966000044, 0.0 ], [ 98.492581345000076, 3.60566803200004, 0.0 ], [ 98.49244821700006, 3.605689453000025, 0.0 ], [ 98.492320401000086, 3.605774763000056, 0.0 ], [ 98.492189, 3.605897090000042, 0.0 ], [ 98.491875650000054, 3.606201423000073, 0.0 ], [ 98.491697309000074, 3.606308796000064, 0.0 ], [ 98.491583189000039, 3.606345751000049, 0.0 ], [ 98.491526733000057, 3.606345720000036, 0.0 ], [ 98.491450075000046, 3.606339706000028, 0.0 ], [ 98.491362136000077, 3.606316371000048, 0.0 ], [ 98.491277772000046, 3.606277513000066, 0.0 ], [ 98.491199378000033, 3.606187908000038, 0.0 ], [ 98.491131085000063, 3.606100100000049, 0.0 ], [ 98.491087751000066, 3.606013500000074, 0.0 ], [ 98.491034321000086, 3.605915549000031, 0.0 ], [ 98.490999314000078, 3.605815818000053, 0.0 ], [ 98.490973820000079, 3.605708927000023, 0.0 ], [ 98.490958436000085, 3.605590101000075, 0.0 ], [ 98.490924637000035, 3.605455739000035, 0.0 ], [ 98.490864100000067, 3.605313004000038, 0.0 ], [ 98.490773845000035, 3.605182194000065, 0.0 ], [ 98.49063252500008, 3.604971944000056, 0.0 ], [ 98.49046031000006, 3.604750930000023, 0.0 ], [ 98.490342103000046, 3.604655928000057, 0.0 ], [ 98.490229831000079, 3.604574662000061, 0.0 ], [ 98.490071209000064, 3.604489192000074, 0.0 ], [ 98.489932177000071, 3.604440154000031, 0.0 ], [ 98.489807992000067, 3.604410230000042, 0.0 ], [ 98.489715303000082, 3.604379130000041, 0.0 ], [ 98.489641636000044, 3.604339681000056, 0.0 ], [ 98.489574505000064, 3.604300237000075, 0.0 ], [ 98.489498477000041, 3.604230336000057, 0.0 ], [ 98.489467009000066, 3.604179567000074, 0.0 ], [ 98.48943138900006, 3.604115660000048, 0.0 ], [ 98.489393999000072, 3.604029063000041, 0.0 ], [ 98.489348306000068, 3.60390962200006, 0.0 ], [ 98.489314475000072, 3.603834371000062, 0.0 ], [ 98.489288964000082, 3.603757334000022, 0.0 ], [ 98.489274752000085, 3.603667168000072, 0.0 ], [ 98.489262349000057, 3.603529834000028, 0.0 ], [ 98.489250555000069, 3.603366228000027, 0.0 ], [ 98.489248274000033, 3.60319247800004, 0.0 ], [ 98.48925014200006, 3.603040822000025, 0.0 ], [ 98.489252001000068, 3.602904093000063, 0.0 ], [ 98.489276460000042, 3.602735134000056, 0.0 ], [ 98.489318714000035, 3.60262708800002, 0.0 ], [ 98.489394214000072, 3.602575782000031, 0.0 ], [ 98.489461369000082, 3.602571640000065, 0.0 ], [ 98.48957011300007, 3.602584240000056, 0.0 ], [ 98.489726961000088, 3.602654185000063, 0.0 ], [ 98.489883802000065, 3.602737268000055, 0.0 ], [ 98.49008875800007, 3.602856200000076, 0.0 ], [ 98.490579515000036, 3.603051123000057, 0.0 ], [ 98.490820728000074, 3.603159925000057, 0.0 ], [ 98.490921719000085, 3.603222079000034, 0.0 ], [ 98.491016182000067, 3.603268703000026, 0.0 ], [ 98.49111718000006, 3.60331831700006, 0.0 ], [ 98.491193825000039, 3.603346422000072, 0.0 ], [ 98.491285334000054, 3.603361998000025, 0.0 ], [ 98.491379238000036, 3.60334533200006, 0.0 ], [ 98.491441675000033, 3.60327551000006, 0.0 ], [ 98.491451837000056, 3.60316804200005, 0.0 ], [ 98.491450115000077, 3.603058776000069, 0.0 ], [ 98.49144423100006, 3.602953090000028, 0.0 ], [ 98.491434789000039, 3.602833669000063, 0.0 ], [ 98.491421802000048, 3.602676632000055, 0.0 ], [ 98.491418311000075, 3.602542288000052, 0.0 ], [ 98.491418970000041, 3.602425858000061, 0.0 ], [ 98.491451110000071, 3.602335121000067, 0.0 ], [ 98.491521855000087, 3.60228739400003, 0.0 ], [ 98.491660324000065, 3.602279113000066, 0.0 ], [ 98.49180354300006, 3.602279193000072, 0.0 ], [ 98.491959238000049, 3.60228405700002, 0.0 ], [ 98.492078087000039, 3.602293080000038, 0.0 ], [ 98.49257902800008, 3.602342917000044, 0.0 ], [ 98.492702036000082, 3.602351942000041, 0.0 ], [ 98.492819105000081, 3.602356187000055, 0.0 ], [ 98.492959944000063, 3.602360445000045, 0.0 ], [ 98.493094843000051, 3.602360521000037, 0.0 ], [ 98.49323034400004, 3.602346864000026, 0.0 ], [ 98.493324865000034, 3.602288403000045, 0.0 ], [ 98.493345122000051, 3.602194076000046, 0.0 ], [ 98.49334753100004, 3.602137952000021, 0.0 ], [ 98.493342807000033, 3.602080630000046, 0.0 ], [ 98.493319663000079, 3.602022701000067, 0.0 ], [ 98.493284626000047, 3.601978498000051, 0.0 ], [ 98.49312364900004, 3.601851828000065, 0.0 ], [ 98.493030378000071, 3.601799233000065, 0.0 ], [ 98.492961467000043, 3.601756802000068, 0.0 ], [ 98.49277199800008, 3.601572200000021, 0.0 ], [ 98.492738171000042, 3.601487994000024, 0.0 ], [ 98.492718610000054, 3.601396033000071, 0.0 ], [ 98.492713921000075, 3.601280795000037, 0.0 ], [ 98.492727638000076, 3.601191838000034, 0.0 ], [ 98.492790060000061, 3.60114948100005, 0.0 ], [ 98.492885153000032, 3.601130427000044, 0.0 ], [ 98.493049175000067, 3.601122160000045, 0.0 ], [ 98.493263110000044, 3.601125265000064, 0.0 ], [ 98.493464559000074, 3.601138513000024, 0.0 ], [ 98.493740865000063, 3.601189418000047, 0.0 ], [ 98.493846641000061, 3.601197837000029, 0.0 ], [ 98.493978563000042, 3.601206866000041, 0.0 ], [ 98.49410514300007, 3.601206340000033, 0.0 ], [ 98.494223408000039, 3.601195062000045, 0.0 ], [ 98.494294145000083, 3.601159873000029, 0.0 ], [ 98.494340529000056, 3.601104968000072, 0.0 ], [ 98.494391091000068, 3.601014837000037, 0.0 ], [ 98.494396474000041, 3.600953342000025, 0.0 ], [ 98.49439770500004, 3.600875723000058, 0.0 ], [ 98.494386461000033, 3.600790334000067, 0.0 ], [ 98.494363330000056, 3.600706731000059, 0.0 ], [ 98.49434732900005, 3.600627311000039, 0.0 ], [ 98.49433964900004, 3.600544910000053, 0.0 ], [ 98.494334351000077, 3.600452361000066, 0.0 ], [ 98.494331447000036, 3.600331750000066, 0.0 ], [ 98.494333887000039, 3.600216515000056, 0.0 ], [ 98.49436365300005, 3.600122194000051, 0.0 ], [ 98.494413016000067, 3.600051170000029, 0.0 ], [ 98.494499813000061, 3.599989122000068, 0.0 ], [ 98.494588364000037, 3.599980215000073, 0.0 ], [ 98.494737529000076, 3.599973730000045, 0.0 ], [ 98.49489561300004, 3.599957697000036, 0.0 ], [ 98.495031703000052, 3.599951802000021, 0.0 ], [ 98.495182657000043, 3.599933974000066, 0.0 ], [ 98.495331845000067, 3.599884499000041, 0.0 ], [ 98.495428142000037, 3.599837981000064, 0.0 ], [ 98.495489975000055, 3.599784278000072, 0.0 ], [ 98.49551437000008, 3.599731152000061, 0.0 ], [ 98.495516808000048, 3.599620098000059, 0.0 ], [ 98.495506747000036, 3.599543069000049, 0.0 ], [ 98.495468771000048, 3.599441545000047, 0.0 ], [ 98.495402268000078, 3.599341199000037, 0.0 ], [ 98.495214005000037, 3.599123162000069, 0.0 ], [ 98.495153416000051, 3.599074765000069, 0.0 ], [ 98.495073227000034, 3.599008445000038, 0.0 ], [ 98.495006715000045, 3.598925415000053, 0.0 ], [ 98.494991896000045, 3.598856742000066, 0.0 ], [ 98.494988385000056, 3.598757626000065, 0.0 ], [ 98.494989025000052, 3.598675827000022, 0.0 ], [ 98.494992049000075, 3.59857910300002, 0.0 ], [ 98.495018267000034, 3.598450746000026, 0.0 ], [ 98.495065874000034, 3.598331954000059, 0.0 ], [ 98.495111691000034, 3.598225700000057, 0.0 ], [ 98.495149192000042, 3.598112276000052, 0.0 ], [ 98.495165907000057, 3.597975555000062, 0.0 ], [ 98.495167156000036, 3.597865097000067, 0.0 ], [ 98.49514832400007, 3.597530127000027, 0.0 ], [ 98.495144801000038, 3.597451311000043, 0.0 ], [ 98.495135964000042, 3.597313382000038, 0.0 ], [ 98.495106917000044, 3.597183203000043, 0.0 ], [ 98.495081418000041, 3.597082880000073, 0.0 ], [ 98.495047019000083, 3.596959266000056, 0.0 ], [ 98.49503935000007, 3.596856565000053, 0.0 ], [ 98.495045367000046, 3.596720434000076, 0.0 ], [ 98.495119139000053, 3.596569416000023, 0.0 ], [ 98.495242239000049, 3.596413050000024, 0.0 ], [ 98.49538431600007, 3.596325359000048, 0.0 ], [ 98.495538263000071, 3.596265736000021, 0.0 ], [ 98.495692187000031, 3.596248507000041, 0.0 ], [ 98.495875227000056, 3.596236069000042, 0.0 ], [ 98.496035089000031, 3.596228993000068, 0.0 ], [ 98.496163451000086, 3.596227273000068, 0.0 ], [ 98.496251395000058, 3.596240458000068, 0.0 ], [ 98.496299494000084, 3.596305565000023, 0.0 ], [ 98.496316096000044, 3.596376030000044, 0.0 ], [ 98.49630772900008, 3.596460213000057, 0.0 ], [ 98.496254190000059, 3.596561089000033, 0.0 ], [ 98.495945612000071, 3.596843335000074, 0.0 ], [ 98.495817764000037, 3.596990145000063, 0.0 ], [ 98.495751731000041, 3.597116091000032, 0.0 ], [ 98.495736832000034, 3.597192508000035, 0.0 ], [ 98.49573321400004, 3.597288039000034, 0.0 ], [ 98.495733763000032, 3.597371630000055, 0.0 ], [ 98.495742046000032, 3.597439104000046, 0.0 ], [ 98.495781237000074, 3.59749286300007, 0.0 ], [ 98.495843023000077, 3.597525139000027, 0.0 ], [ 98.495881050000037, 3.597535310000069, 0.0 ], [ 98.495934531000046, 3.59754190700005, 0.0 ], [ 98.496007629000076, 3.597534783000071, 0.0 ], [ 98.496065884000075, 3.597505559000069, 0.0 ], [ 98.496128909000049, 3.59744588600006, 0.0 ], [ 98.496167565000064, 3.597391574000028, 0.0 ], [ 98.49625083400008, 3.597262055000044, 0.0 ], [ 98.496293644000048, 3.597219686000074, 0.0 ], [ 98.496369151000067, 3.597155840000028, 0.0 ], [ 98.496458309000047, 3.597122454000043, 0.0 ], [ 98.496575386000075, 3.597110577000024, 0.0 ], [ 98.496688888000051, 3.597115417000055, 0.0 ], [ 98.496784532000049, 3.597175177000054, 0.0 ], [ 98.496871243000044, 3.597270757000047, 0.0 ], [ 98.496956744000045, 3.597402758000044, 0.0 ], [ 98.497037484000032, 3.597548490000065, 0.0 ], [ 98.497118232000048, 3.597682279000026, 0.0 ], [ 98.497179393000067, 3.597770083000057, 0.0 ], [ 98.497258384000077, 3.597854912000059, 0.0 ], [ 98.497368292000033, 3.59791169500005, 0.0 ], [ 98.497497243000055, 3.59792012500003, 0.0 ], [ 98.497625016000086, 3.597908852000046, 0.0 ], [ 98.497749833000057, 3.597869513000035, 0.0 ], [ 98.497890718000065, 3.59779018100005, 0.0 ], [ 98.498011993000034, 3.597707850000063, 0.0 ], [ 98.498114260000079, 3.597609987000055, 0.0 ], [ 98.498236147000057, 3.597496012000022, 0.0 ], [ 98.49832654100004, 3.597376050000037, 0.0 ], [ 98.498405652000088, 3.597241752000059, 0.0 ], [ 98.498434843000041, 3.597109217000025, 0.0 ], [ 98.498449763000053, 3.596993392000059, 0.0 ], [ 98.49845459900007, 3.596844126000065, 0.0 ], [ 98.498435056000062, 3.596720520000076, 0.0 ], [ 98.498378682000066, 3.596573011000032, 0.0 ], [ 98.498347257000034, 3.596441637000055, 0.0 ], [ 98.498337227000036, 3.596308484000076, 0.0 ], [ 98.498340850000034, 3.596204594000028, 0.0 ], [ 98.498354561000042, 3.596125191000056, 0.0 ], [ 98.498458099000061, 3.595876267000051, 0.0 ], [ 98.498511043000065, 3.595776584000021, 0.0 ], [ 98.498551491000057, 3.59570734600004, 0.0 ], [ 98.49861571200006, 3.595633941000074, 0.0 ], [ 98.498663879000048, 3.595574857000031, 0.0 ], [ 98.498706106000043, 3.595513381000046, 0.0 ], [ 98.498740015000067, 3.59544831900007, 0.0 ], [ 98.498754904000066, 3.595388022000066, 0.0 ], [ 98.498760289000074, 3.595321153000043, 0.0 ], [ 98.498759133000078, 3.595261444000073, 0.0 ], [ 98.498745511000038, 3.595177249000074, 0.0 ], [ 98.49870218600006, 3.595073931000059, 0.0 ], [ 98.498635682000042, 3.594975974000022, 0.0 ], [ 98.498541249000084, 3.594875613000056, 0.0 ], [ 98.498420083000042, 3.594757922000042, 0.0 ], [ 98.498234743000069, 3.59463004600002, 0.0 ], [ 98.498083239000039, 3.594569060000026, 0.0 ], [ 98.497937690000072, 3.594485390000045, 0.0 ], [ 98.497785621000048, 3.594371264000074, 0.0 ], [ 98.497718539000061, 3.594244049000054, 0.0 ], [ 98.49768412800006, 3.59413954200005, 0.0 ], [ 98.497659351000038, 3.593807554000023, 0.0 ], [ 98.497636255000032, 3.593660661000058, 0.0 ], [ 98.497597700000085, 3.593529283000066, 0.0 ], [ 98.497546077000038, 3.593387150000069, 0.0 ], [ 98.497514067000054, 3.593239654000058, 0.0 ], [ 98.497511743000075, 3.593141732000049, 0.0 ], [ 98.497552815000063, 3.593017563000046, 0.0 ], [ 98.497670533000075, 3.592920305000064, 0.0 ], [ 98.497799505000046, 3.592888732000063, 0.0 ], [ 98.497958193000045, 3.592852994000054, 0.0 ], [ 98.498084203000076, 3.592804104000038, 0.0 ], [ 98.498236380000037, 3.592720597000039, 0.0 ], [ 98.498288124000055, 3.592640617000029, 0.0 ], [ 98.498298290000037, 3.592524789000038, 0.0 ], [ 98.498280543000078, 3.592377302000045, 0.0 ], [ 98.498186730000043, 3.592229175000057, 0.0 ], [ 98.498053708000043, 3.592059532000064, 0.0 ], [ 98.49793076900005, 3.591926914000055, 0.0 ], [ 98.497776914000042, 3.591818758000045, 0.0 ], [ 98.497633731000064, 3.59175538900007, 0.0 ], [ 98.497421037000038, 3.59166093400006, 0.0 ], [ 98.49722852900004, 3.591601119000075, 0.0 ], [ 98.496970634000036, 3.591574706000074, 0.0 ], [ 98.49681971800004, 3.591526260000023, 0.0 ], [ 98.496693168000036, 3.591474841000036, 0.0 ], [ 98.496599315000083, 3.591402542000026, 0.0 ], [ 98.496553009000081, 3.591317135000054, 0.0 ], [ 98.496541764000085, 3.591231747000052, 0.0 ], [ 98.496548364000034, 3.591118904000041, 0.0 ], [ 98.496583459000078, 3.591056827000045, 0.0 ], [ 98.496680360000084, 3.590990604000069, 0.0 ], [ 98.496800417000031, 3.590959027000054, 0.0 ], [ 98.496925816000044, 3.590942377000033, 0.0 ], [ 98.497075001000042, 3.590895291000038, 0.0 ], [ 98.497223016000078, 3.590816559000075, 0.0 ], [ 98.497374013000069, 3.590716333000046, 0.0 ], [ 98.497453700000051, 3.590612485000065, 0.0 ], [ 98.497473360000072, 3.590523533000066, 0.0 ], [ 98.497467466000046, 3.59043456400002, 0.0 ], [ 98.497414032000052, 3.590343182000026, 0.0 ], [ 98.497258979000037, 3.59025413300003, 0.0 ], [ 98.497082530000057, 3.590168653000035, 0.0 ], [ 98.49691499000005, 3.59009213500002, 0.0 ], [ 98.496600701000034, 3.58995582700004, 0.0 ], [ 98.496484279000072, 3.589859037000053, 0.0 ], [ 98.496412412000041, 3.589787946000058, 0.0 ], [ 98.496378597000046, 3.589682841000069, 0.0 ], [ 98.496386406000056, 3.589529397000035, 0.0 ], [ 98.496431054000084, 3.58938672000005, 0.0 ], [ 98.496506, 3.589260778000039, 0.0 ], [ 98.496620759000052, 3.589139039000031, 0.0 ], [ 98.496749751000038, 3.589070446000051, 0.0 ], [ 98.496886438000047, 3.58905678900004, 0.0 ], [ 98.497045110000045, 3.589048518000027, 0.0 ], [ 98.497179411000047, 3.589052174000074, 0.0 ], [ 98.497307763000038, 3.589068366000049, 0.0 ], [ 98.497430156000064, 3.589112617000069, 0.0 ], [ 98.49756026600005, 3.589172994000023, 0.0 ], [ 98.497646392000036, 3.589250064000055, 0.0 ], [ 98.49768673300008, 3.589374278000037, 0.0 ], [ 98.497703296000054, 3.58951460000003, 0.0 ], [ 98.497722839000062, 3.589638206000075, 0.0 ], [ 98.497743558000082, 3.589785695000046, 0.0 ], [ 98.497778589000063, 3.589840048000042, 0.0 ], [ 98.497859383000048, 3.58988845600004, 0.0 ], [ 98.497988336000049, 3.589890318000073, 0.0 ], [ 98.498165445000041, 3.589855189000048, 0.0 ], [ 98.498311666000063, 3.589794964000021, 0.0 ], [ 98.498458479000078, 3.589739517000055, 0.0 ], [ 98.498634390000063, 3.58972170100003, 0.0 ], [ 98.498771672000032, 3.589707447000023, 0.0 ], [ 98.498889942000062, 3.589685420000023, 0.0 ], [ 98.498987421000038, 3.589647858000035, 0.0 ], [ 98.499064110000063, 3.589592970000069, 0.0 ], [ 98.499139636000052, 3.58949270200003, 0.0 ], [ 98.499241926000082, 3.589351251000039, 0.0 ], [ 98.499314494000032, 3.589225905000035, 0.0 ], [ 98.49937516600005, 3.58912145000005, 0.0 ], [ 98.499418598000034, 3.589025942000035, 0.0 ], [ 98.499444872000083, 3.58879369400006, 0.0 ], [ 98.499450895000052, 3.588647413000047, 0.0 ], [ 98.499438493000071, 3.588503510000066, 0.0 ], [ 98.499406485000065, 3.588352432000022, 0.0 ], [ 98.499341205000064, 3.588190590000067, 0.0 ], [ 98.499226017000069, 3.588010806000057, 0.0 ], [ 98.499119735000079, 3.587844163000057, 0.0 ], [ 98.498982579000085, 3.587627349000059, 0.0 ], [ 98.498838879000061, 3.587422473000061, 0.0 ], [ 98.498696946000052, 3.587248049000038, 0.0 ], [ 98.498544306000042, 3.587093321000054, 0.0 ], [ 98.498407685000075, 3.586987564000026, 0.0 ], [ 98.498322143000053, 3.586928406000027, 0.0 ], [ 98.498126704000072, 3.586795748000043, 0.0 ], [ 98.497996029000035, 3.58668282800005, 0.0 ], [ 98.497893872000077, 3.586581866000074, 0.0 ], [ 98.497804801000086, 3.586457028000041, 0.0 ], [ 98.497781693000036, 3.586332227000071, 0.0 ], [ 98.49779602600006, 3.586201474000063, 0.0 ], [ 98.497872173000076, 3.586053442000036, 0.0 ], [ 98.497936423000056, 3.585924508000062, 0.0 ], [ 98.49795907400005, 3.585796150000021, 0.0 ], [ 98.497957366000037, 3.585658821000038, 0.0 ], [ 98.497943182000085, 3.585515515000054, 0.0 ], [ 98.497865424000054, 3.585352470000032, 0.0 ], [ 98.497758537000038, 3.585205531000042, 0.0 ], [ 98.497613004000073, 3.585095589000048, 0.0 ], [ 98.497483482000064, 3.585047751000047, 0.0 ], [ 98.497185835000039, 3.584908468000037, 0.0 ], [ 98.497033172000044, 3.584797925000032, 0.0 ], [ 98.496875762000059, 3.584671855000067, 0.0 ], [ 98.496703495000077, 3.58454936000004, 0.0 ], [ 98.496559732000037, 3.58446151000004, 0.0 ], [ 98.496347643000036, 3.584350337000046, 0.0 ], [ 98.496123091000072, 3.584209900000076, 0.0 ], [ 98.495934770000076, 3.584102919000031, 0.0 ], [ 98.495635363000076, 3.583923034000065, 0.0 ], [ 98.495458338000049, 3.583808297000076, 0.0 ], [ 98.495303875000047, 3.583727010000075, 0.0 ], [ 98.495126215000084, 3.583685713000023, 0.0 ], [ 98.494936086000052, 3.583625900000072, 0.0 ], [ 98.494760226000039, 3.583551765000038, 0.0 ], [ 98.494668153000077, 3.583486035000021, 0.0 ], [ 98.494630761000053, 3.583402424000042, 0.0 ], [ 98.494644495000045, 3.583280628000068, 0.0 ], [ 98.494740250000063, 3.583136786000068, 0.0 ], [ 98.494862136000052, 3.58302042400004, 0.0 ], [ 98.495025045000034, 3.582868260000055, 0.0 ], [ 98.495178451000072, 3.582707133000042, 0.0 ], [ 98.495350906000056, 3.582486908000021, 0.0 ], [ 98.495500163000031, 3.582307868000044, 0.0 ], [ 98.495628009000086, 3.582159864000062, 0.0 ], [ 98.495858146000046, 3.581865632000074, 0.0 ], [ 98.495883746000061, 3.581782056000065, 0.0 ], [ 98.495912328000031, 3.581675792000055, 0.0 ], [ 98.495936187000041, 3.581513997000059, 0.0 ], [ 98.495945787000039, 3.581345030000023, 0.0 ], [ 98.49595716500005, 3.581185020000021, 0.0 ], [ 98.495970930000055, 3.581008292000035, 0.0 ], [ 98.496013205000054, 3.580856659000062, 0.0 ], [ 98.496097094000049, 3.580675791000033, 0.0 ], [ 98.496198784000057, 3.580542102000038, 0.0 ], [ 98.496333113000048, 3.58049261900004, 0.0 ], [ 98.496507238000049, 3.580477788000053, 0.0 ], [ 98.496643327000072, 3.580468310000072, 0.0 ], [ 98.496797237000067, 3.58047317200004, 0.0 ], [ 98.496933915000056, 3.580473246000054, 0.0 ], [ 98.497075944000073, 3.580469145000052, 0.0 ], [ 98.497176388000071, 3.580441735000022, 0.0 ], [ 98.497283977000052, 3.58038805700005, 0.0 ], [ 98.497356512000067, 3.58032182200003, 0.0 ], [ 98.497409448000042, 3.580236469000056, 0.0 ], [ 98.497441579000053, 3.580160658000068, 0.0 ], [ 98.497517771000048, 3.579927840000039, 0.0 ], [ 98.497558828000081, 3.579827554000076, 0.0 ], [ 98.497629010000082, 3.579718327000023, 0.0 ], [ 98.497738972000036, 3.57967181600003, 0.0 ], [ 98.497850099000061, 3.579670683000074, 0.0 ], [ 98.498011704000078, 3.579728689000035, 0.0 ], [ 98.49818219000008, 3.579849391000039, 0.0 ], [ 98.498332480000045, 3.579951574000063, 0.0 ], [ 98.49851188100007, 3.580068700000027, 0.0 ], [ 98.49869069500005, 3.580173884000033, 0.0 ], [ 98.498875454000085, 3.580273697000052, 0.0 ], [ 98.499050731000068, 3.580325739000045, 0.0 ], [ 98.499273564000077, 3.58034914600006, 0.0 ], [ 98.499510665000059, 3.580361218000064, 0.0 ], [ 98.499706875165941, 3.580357523301029, 0.0 ] ], [ [ 98.493323501000077, 3.615986339000074, 0.0 ], [ 98.493409236000048, 3.615948184000047, 0.0 ], [ 98.493516028000045, 3.615900658000044, 0.0 ], [ 98.493579754000052, 3.615813340000045, 0.0 ], [ 98.493612840000083, 3.615758351000068, 0.0 ], [ 98.493638587000078, 3.615715561000059, 0.0 ], [ 98.493717028000049, 3.615593187000059, 0.0 ], [ 98.493780163000054, 3.615466497000057, 0.0 ], [ 98.493846984000072, 3.61531889400004, 0.0 ], [ 98.493915651000066, 3.615155297000058, 0.0 ], [ 98.493995344000041, 3.614982480000037, 0.0 ], [ 98.494083610000075, 3.614805975000024, 0.0 ], [ 98.494136349000087, 3.614658364000036, 0.0 ], [ 98.494225881000034, 3.614408656000023, 0.0 ], [ 98.494246765000071, 3.614289940000049, 0.0 ], [ 98.494279298000038, 3.61414170300003, 0.0 ], [ 98.494319187000087, 3.613976860000037, 0.0 ], [ 98.494335190000072, 3.613827382000068, 0.0 ], [ 98.494337703000042, 3.61371050200006, 0.0 ], [ 98.494339019000051, 3.613546868000071, 0.0 ], [ 98.494339733000061, 3.613361703000066, 0.0 ], [ 98.494334336000065, 3.61315746300005, 0.0 ], [ 98.494329544000038, 3.612964298000065, 0.0 ], [ 98.49430768600007, 3.612632709000025, 0.0 ], [ 98.494292460000054, 3.612486291000039, 0.0 ], [ 98.494280273000072, 3.612378629000034, 0.0 ], [ 98.494248592000076, 3.612094403000071, 0.0 ], [ 98.49423149900008, 3.612003349000076, 0.0 ], [ 98.494177671000045, 3.61190612200005, 0.0 ], [ 98.494125667000048, 3.611834119000036, 0.0 ], [ 98.494040598000083, 3.611765787000024, 0.0 ], [ 98.493916338000076, 3.611704816000042, 0.0 ], [ 98.49378044000008, 3.611653680000074, 0.0 ], [ 98.493592493000051, 3.61160989900003, 0.0 ], [ 98.493367826000053, 3.611537183000053, 0.0 ], [ 98.493167032000088, 3.611473708000062, 0.0 ], [ 98.492830989000083, 3.611293275000037, 0.0 ], [ 98.492635164000035, 3.611103079000031, 0.0 ], [ 98.492479127000081, 3.610931359000062, 0.0 ], [ 98.492307812000035, 3.610709187000054, 0.0 ], [ 98.492173219000051, 3.610512258000028, 0.0 ], [ 98.492094923000082, 3.610375032000036, 0.0 ], [ 98.491998884000054, 3.610215033000031, 0.0 ], [ 98.49193284100005, 3.610064280000074, 0.0 ], [ 98.491893737000055, 3.609917848000066, 0.0 ], [ 98.491878510000049, 3.609774506000065, 0.0 ], [ 98.491874310000071, 3.609619481000038, 0.0 ], [ 98.491874396000071, 3.609463843000071, 0.0 ], [ 98.491913060000059, 3.609302075000073, 0.0 ], [ 98.491959634000068, 3.609228281000071, 0.0 ] ], [ [ 98.495532564130443, 3.556175677651443, 0.0 ], [ 98.495356586000071, 3.556111118000047, 0.0 ], [ 98.495157116000087, 3.556002205000027, 0.0 ], [ 98.494912433000081, 3.555936936000023, 0.0 ], [ 98.494649913000046, 3.555889568000055, 0.0 ], [ 98.494476002924202, 3.55578844322274, 0.0 ] ], [ [ 98.496990977995793, 3.558793188583798, 0.0 ], [ 98.496958509000081, 3.558835915000031, 0.0 ], [ 98.496878767000055, 3.558912306000025, 0.0 ], [ 98.496766437000076, 3.55894743500005, 0.0 ], [ 98.496620310000083, 3.558958275000066, 0.0 ], [ 98.496508015000074, 3.558929092000028, 0.0 ], [ 98.496441625000045, 3.558890228000053, 0.0 ], [ 98.496388511000077, 3.558844088000058, 0.0 ], [ 98.496346281000058, 3.55878218600003, 0.0 ], [ 98.496314921000078, 3.558699664000073, 0.0 ], [ 98.496278746000087, 3.558614705000025, 0.0 ], [ 98.496238979000054, 3.558460583000056, 0.0 ], [ 98.496181812000032, 3.558168527000021, 0.0 ], [ 98.496075013000052, 3.55786396000002, 0.0 ], [ 98.495976300000052, 3.557593592000046, 0.0 ], [ 98.495879211000045, 3.557318341000041, 0.0 ], [ 98.495845270000075, 3.557147341000075, 0.0 ], [ 98.495855101000075, 3.556950312000026, 0.0 ], [ 98.495906858708068, 3.556878764385335, 0.0 ] ], [ [ 98.498459336341071, 3.569217860156783, 0.0 ], [ 98.498335604000033, 3.569181120000053, 0.0 ], [ 98.498122114000068, 3.569168773000058, 0.0 ], [ 98.497630528000059, 3.56913557300004, 0.0 ], [ 98.497299977000068, 3.569143860000054, 0.0 ], [ 98.497035942000082, 3.569094791000055, 0.0 ], [ 98.496741990000032, 3.568957266000041, 0.0 ], [ 98.496643744000039, 3.568819847000043, 0.0 ], [ 98.496612951000031, 3.568622253000058, 0.0 ], [ 98.496636497000054, 3.568372, 0.0 ], [ 98.496695589000069, 3.56818856700005, 0.0 ], [ 98.496770583000057, 3.568036191000033, 0.0 ], [ 98.496807166000053, 3.567919546000041, 0.0 ], [ 98.496831597000039, 3.567762438000045, 0.0 ], [ 98.496838235000041, 3.567610024000032, 0.0 ], [ 98.496833637000066, 3.567454782000027, 0.0 ], [ 98.496796275000065, 3.567283527000029, 0.0 ], [ 98.496690551000086, 3.56712258400006, 0.0 ], [ 98.49656699500008, 3.567035958000076, 0.0 ], [ 98.496422850000044, 3.566927681000038, 0.0 ], [ 98.496350819000043, 3.566795923000029, 0.0 ], [ 98.49634248600006, 3.56662280300003, 0.0 ], [ 98.496374462000063, 3.566368791000059, 0.0 ], [ 98.496416730000078, 3.566128898000045, 0.0 ], [ 98.496471275000033, 3.565698961000066, 0.0 ], [ 98.496489286000042, 3.56557377300004, 0.0 ], [ 98.496505112000079, 3.56546376700004, 0.0 ], [ 98.496563295000044, 3.565230469000028, 0.0 ], [ 98.496674832000053, 3.56503389300002, 0.0 ], [ 98.496821981101419, 3.564958479676862, 0.0 ] ], [ [ 98.497594081255727, 3.559731660327446, 0.0 ], [ 98.497535300000038, 3.559667388000037, 0.0 ], [ 98.497481009000069, 3.559566651000068, 0.0 ], [ 98.49744363700006, 3.559446501000025, 0.0 ], [ 98.497417147000078, 3.559315446000028, 0.0 ], [ 98.497419931483563, 3.55929612763022, 0.0 ] ], [ [ 98.498885949415921, 3.562643040436976, 0.0 ], [ 98.498740115000032, 3.562616556000023, 0.0 ], [ 98.498505840000064, 3.562598226000034, 0.0 ], [ 98.498232921000067, 3.562594441000044, 0.0 ], [ 98.498101306000081, 3.562577379000061, 0.0 ], [ 98.497981770000081, 3.56253362800004, 0.0 ], [ 98.497857436000061, 3.562438923000059, 0.0 ], [ 98.497763316000032, 3.562312679000058, 0.0 ], [ 98.497717451147452, 3.562121327449443, 0.0 ] ], [ [ 98.499986330629881, 3.571419336007605, 0.0 ], [ 98.499928124000064, 3.571374799000068, 0.0 ], [ 98.499516312000083, 3.571059699000045, 0.0 ], [ 98.499272020000035, 3.57086386900005, 0.0 ], [ 98.499079216000041, 3.570692529000041, 0.0 ], [ 98.498936038000068, 3.57052403900002, 0.0 ], [ 98.498833139000055, 3.57033393200004, 0.0 ], [ 98.498792989000037, 3.570123159000048, 0.0 ], [ 98.498781663476208, 3.569918790127283, 0.0 ] ], [ [ 98.499525990528767, 3.57793921195504, 0.0 ], [ 98.499461484000051, 3.577974386000051, 0.0 ], [ 98.499302714000066, 3.578001584000049, 0.0 ], [ 98.499177385000053, 3.57799364400006, 0.0 ], [ 98.499051050000048, 3.577914870000029, 0.0 ], [ 98.49902656200004, 3.577810441000054, 0.0 ], [ 98.499031306000063, 3.577729114000022, 0.0 ], [ 98.499049132000039, 3.577600047000033, 0.0 ], [ 98.49906799300004, 3.577487246000032, 0.0 ], [ 98.499072234000039, 3.577370239000061, 0.0 ], [ 98.499057160000064, 3.577241679000053, 0.0 ], [ 98.499001333000081, 3.577149300000031, 0.0 ], [ 98.498935560000064, 3.577098368000065, 0.0 ], [ 98.498810808000087, 3.576989685000058, 0.0 ], [ 98.498697528000037, 3.576910918000067, 0.0 ], [ 98.498647434000077, 3.576839531000076, 0.0 ], [ 98.498631806000049, 3.576768688000072, 0.0 ], [ 98.498633410000082, 3.576699427000051, 0.0 ], [ 98.49865434700007, 3.576610764000066, 0.0 ], [ 98.498723347000066, 3.576489595000055, 0.0 ], [ 98.498815358000058, 3.576303901000074, 0.0 ], [ 98.498837576590446, 3.57626139255674, 0.0 ] ], [ [ 98.49894740259839, 3.575617821259958, 0.0 ], [ 98.498948918000053, 3.575580407000075, 0.0 ], [ 98.498994433000064, 3.575428793000071, 0.0 ], [ 98.499091121000049, 3.575286127000027, 0.0 ], [ 98.499228002000052, 3.57517811300005, 0.0 ], [ 98.499420205000035, 3.57513152000007, 0.0 ], [ 98.499802157000033, 3.575177359000065, 0.0 ], [ 98.499851611517542, 3.575181923786328, 0.0 ] ], [ [ 98.500056674443442, 3.579515258225818, 0.0 ], [ 98.500049680000075, 3.579486006000025, 0.0 ], [ 98.500077515000044, 3.57926330600003, 0.0 ], [ 98.500160751000067, 3.579120178000039, 0.0 ], [ 98.500163516038469, 3.579116515319051, 0.0 ] ], [ [ 98.536079712932064, 3.592252691412636, 0.0 ], [ 98.536070109000036, 3.592244986000026, 0.0 ], [ 98.536023786000044, 3.592219270000044, 0.0 ], [ 98.535961927000074, 3.592189276000056, 0.0 ], [ 98.535895875000051, 3.592148523000048, 0.0 ], [ 98.535814893000065, 3.592094962000033, 0.0 ], [ 98.535748701000045, 3.592047930000035, 0.0 ], [ 98.535695095000051, 3.592005184000072, 0.0 ], [ 98.535663446000058, 3.591968421000047, 0.0 ], [ 98.535635340000056, 3.591924232000054, 0.0 ], [ 98.535620824000034, 3.591891793000059, 0.0 ], [ 98.535596211000041, 3.59184840100005, 0.0 ], [ 98.535559596000041, 3.591803827000035, 0.0 ], [ 98.535511752000048, 3.591762071000062, 0.0 ], [ 98.53547519500006, 3.59172617300004, 0.0 ], [ 98.535410484000067, 3.591671996000059, 0.0 ], [ 98.535392748000049, 3.591656645000057, 0.0 ], [ 98.53533393400005, 3.591615035000075, 0.0 ], [ 98.535289736000038, 3.591572828000039, 0.0 ], [ 98.535241495000037, 3.59151531200007, 0.0 ], [ 98.535163638000085, 3.591425204000075, 0.0 ], [ 98.535108919000038, 3.591374777000055, 0.0 ], [ 98.535076066000045, 3.591333181000039, 0.0 ], [ 98.535037874000068, 3.591291511000065, 0.0 ], [ 98.534993680000071, 3.591242347000048, 0.0 ], [ 98.534976761000053, 3.591222566000056, 0.0 ], [ 98.534941245000084, 3.591181039000048, 0.0 ], [ 98.534894292000047, 3.591139888000043, 0.0 ], [ 98.534846899000058, 3.591094613000053, 0.0 ], [ 98.534799800000087, 3.591040553000028, 0.0 ], [ 98.534752587000071, 3.590996888000063, 0.0 ], [ 98.534723082000085, 3.590960532000054, 0.0 ], [ 98.534689356000058, 3.590917987000068, 0.0 ], [ 98.534674421000034, 3.590895118000049, 0.0 ], [ 98.534622769000066, 3.590834181000048, 0.0 ], [ 98.534596802000067, 3.590797483000074, 0.0 ], [ 98.534568590000049, 3.590766991000066, 0.0 ], [ 98.534486008000044, 3.590671705000034, 0.0 ], [ 98.534457545000066, 3.590638579000029, 0.0 ], [ 98.534431700000084, 3.590608504000045, 0.0 ], [ 98.534411977000048, 3.590582747000042, 0.0 ], [ 98.534392414000081, 3.59055870100002, 0.0 ], [ 98.534369070000082, 3.590535909000039, 0.0 ], [ 98.534331646000055, 3.59050568300006, 0.0 ], [ 98.534296655000048, 3.590473948000067, 0.0 ], [ 98.534275367000077, 3.590443675000074, 0.0 ], [ 98.534248955000066, 3.590413817000069, 0.0 ], [ 98.534212036000042, 3.590382017000024, 0.0 ], [ 98.534185236000042, 3.590357044000029, 0.0 ], [ 98.534161108000035, 3.590333764000036, 0.0 ], [ 98.534137115000078, 3.59030969600002, 0.0 ], [ 98.534097477000046, 3.590260109000042, 0.0 ], [ 98.534074154000052, 3.590229773000033, 0.0 ], [ 98.533989953000059, 3.590131692000057, 0.0 ], [ 98.533965235000039, 3.590102232000049, 0.0 ], [ 98.533940939000047, 3.590073577000055, 0.0 ], [ 98.533913518000077, 3.590043339000033, 0.0 ], [ 98.533889171000055, 3.590009320000036, 0.0 ], [ 98.533876533000068, 3.589985394000053, 0.0 ], [ 98.53386299500005, 3.589958121000052, 0.0 ], [ 98.533842247000052, 3.589928564000047, 0.0 ], [ 98.533821971000066, 3.589909293000062, 0.0 ], [ 98.533792833000064, 3.589893265000057, 0.0 ], [ 98.533762035000052, 3.589883008000072, 0.0 ], [ 98.533736206000071, 3.589876916000037, 0.0 ], [ 98.533718373000056, 3.589869932000056, 0.0 ], [ 98.533678989000066, 3.589833372000044, 0.0 ], [ 98.533660807000047, 3.589805716000058, 0.0 ], [ 98.53363680800004, 3.589774909000027, 0.0 ], [ 98.533602986000062, 3.589728248000029, 0.0 ], [ 98.533577791000084, 3.589695802000051, 0.0 ], [ 98.533554056000071, 3.589663864000045, 0.0 ], [ 98.533524335000038, 3.589623962000076, 0.0 ], [ 98.533495587000061, 3.589585345000046, 0.0 ], [ 98.533470536000038, 3.58955198700005, 0.0 ], [ 98.533422344000087, 3.589489450000031, 0.0 ], [ 98.533392697000068, 3.589447268000072, 0.0 ], [ 98.533364404000054, 3.589415744000064, 0.0 ], [ 98.53333094900006, 3.589389193000045, 0.0 ], [ 98.533294929000078, 3.58936118400004, 0.0 ], [ 98.533265460000052, 3.589341384000022, 0.0 ], [ 98.533228376000068, 3.589318251000066, 0.0 ], [ 98.533161680000035, 3.589272911000023, 0.0 ], [ 98.533124815000065, 3.589242938000041, 0.0 ], [ 98.533087823000074, 3.589213301000029, 0.0 ], [ 98.533069411000042, 3.589192494000031, 0.0 ], [ 98.533062611000048, 3.589179770000044, 0.0 ], [ 98.533055810000064, 3.589167047000046, 0.0 ], [ 98.533045904000062, 3.589136130000043, 0.0 ], [ 98.533042022000075, 3.589101632000052, 0.0 ], [ 98.533044390000043, 3.58906723900003, 0.0 ], [ 98.533062911000059, 3.588997064000068, 0.0 ], [ 98.533066476000045, 3.588960880000059, 0.0 ], [ 98.533066987000041, 3.588930872000049, 0.0 ], [ 98.533067053000082, 3.588907929000072, 0.0 ], [ 98.533067651000067, 3.588865140000053, 0.0 ], [ 98.533065119000071, 3.588813455000036, 0.0 ], [ 98.533059140000034, 3.588780494000048, 0.0 ], [ 98.533044032000078, 3.58870693700004, 0.0 ], [ 98.533030830000087, 3.588641089000021, 0.0 ], [ 98.533026268000071, 3.588599616000067, 0.0 ], [ 98.533021869000038, 3.588538965000055, 0.0 ], [ 98.533019544000069, 3.588470735000044, 0.0 ], [ 98.533014785000034, 3.58842811300002, 0.0 ], [ 98.533008092000046, 3.588382343000035, 0.0 ], [ 98.533002393000061, 3.588344489000065, 0.0 ], [ 98.532994023000072, 3.588301169000033, 0.0 ], [ 98.532989368000074, 3.588248397000029, 0.0 ], [ 98.532987948000084, 3.588190697000073, 0.0 ], [ 98.532985514000075, 3.588143129000059, 0.0 ], [ 98.532984445000068, 3.588102563000064, 0.0 ], [ 98.532980308000049, 3.588076, 0.0 ], [ 98.53297617000004, 3.588049436000063, 0.0 ], [ 98.532968769000036, 3.588032416000033, 0.0 ], [ 98.53295124300007, 3.587987662000046, 0.0 ], [ 98.532947484000033, 3.587960023000051, 0.0 ], [ 98.532947965000062, 3.587934584000038, 0.0 ], [ 98.532948179000073, 3.587903654000058, 0.0 ], [ 98.532947723000063, 3.587861514000053, 0.0 ], [ 98.53294687600004, 3.58782826700002, 0.0 ], [ 98.532938842000078, 3.587742953000031, 0.0 ], [ 98.532934864000083, 3.587704466000048, 0.0 ], [ 98.532930115000056, 3.587658299000054, 0.0 ], [ 98.532927867000069, 3.58761895300006, 0.0 ], [ 98.532925358000057, 3.587577319000047, 0.0 ], [ 98.532925095000053, 3.587543521000043, 0.0 ], [ 98.532921474000034, 3.587511548000066, 0.0 ], [ 98.532910909000066, 3.587483236000025, 0.0 ], [ 98.532900838000046, 3.587457448000066, 0.0 ], [ 98.532879069000046, 3.58741414800005, 0.0 ], [ 98.532867999000075, 3.587370068000041, 0.0 ], [ 98.532853546000069, 3.587321642000063, 0.0 ], [ 98.532839437000064, 3.587266388000046, 0.0 ], [ 98.532815241000037, 3.587164682000036, 0.0 ], [ 98.532801008000035, 3.587105880000024, 0.0 ], [ 98.53279531700008, 3.587071211000023, 0.0 ], [ 98.532795786000065, 3.587035730000025, 0.0 ], [ 98.532797155000083, 3.587000493000062, 0.0 ], [ 98.532798666000076, 3.586976796000044, 0.0 ], [ 98.53280017600008, 3.586953100000073, 0.0 ], [ 98.532802649000075, 3.58692578900002, 0.0 ], [ 98.532809847000067, 3.586899991000053, 0.0 ], [ 98.532821265000052, 3.58688072800004, 0.0 ], [ 98.532832127000063, 3.586857801000065, 0.0 ], [ 98.532846088000042, 3.586830170000042, 0.0 ], [ 98.532867926000051, 3.586770039000044, 0.0 ], [ 98.53286928700004, 3.586749079000072, 0.0 ], [ 98.532870038000056, 3.586722165000026, 0.0 ], [ 98.532869025000082, 3.586697468000068, 0.0 ], [ 98.532865797000056, 3.586670877000074, 0.0 ], [ 98.53285829400005, 3.586639473000048, 0.0 ], [ 98.532846470000038, 3.586608147000049, 0.0 ], [ 98.532833036000056, 3.586574025000061, 0.0 ], [ 98.532817876000081, 3.586533570000029, 0.0 ], [ 98.532810836000067, 3.586512334000076, 0.0 ], [ 98.532801235000079, 3.586482575000048, 0.0 ], [ 98.532798459000048, 3.586471866000068, 0.0 ], [ 98.532795682000085, 3.58646115800002, 0.0 ], [ 98.53279314200006, 3.586427277000041, 0.0 ], [ 98.532794152000065, 3.586389074000067, 0.0 ], [ 98.532803554000054, 3.586347934000059, 0.0 ], [ 98.532828747000053, 3.586296363000031, 0.0 ], [ 98.532878870000047, 3.586194352000064, 0.0 ], [ 98.532886983000083, 3.586175548000028, 0.0 ], [ 98.532910731000072, 3.58612974700003, 0.0 ], [ 98.532922660000054, 3.58609851600005, 0.0 ], [ 98.532939835000036, 3.586034917000063, 0.0 ], [ 98.532945894000079, 3.586002126000039, 0.0 ], [ 98.532950608000078, 3.585902390000058, 0.0 ], [ 98.532941240000071, 3.585858472000041, 0.0 ], [ 98.532926048000036, 3.585825896000074, 0.0 ], [ 98.532890699000063, 3.585791293000057, 0.0 ], [ 98.532854428000064, 3.585760425000046, 0.0 ], [ 98.532822683000063, 3.585719888000028, 0.0 ], [ 98.532799517000058, 3.585680886000034, 0.0 ], [ 98.532788438000068, 3.585654835000071, 0.0 ], [ 98.532784448000086, 3.585620111000026, 0.0 ], [ 98.532786402000056, 3.58556674600004, 0.0 ], [ 98.53278705200006, 3.585511861000043, 0.0 ], [ 98.532782204000057, 3.585482701000046, 0.0 ], [ 98.532767119000084, 3.585453671000039, 0.0 ], [ 98.532749900000056, 3.585443983000062, 0.0 ], [ 98.532739754000033, 3.585440775000052, 0.0 ], [ 98.532726607000086, 3.585441917000026, 0.0 ], [ 98.532710117000079, 3.585449453000024, 0.0 ], [ 98.532696778000059, 3.585459398000069, 0.0 ], [ 98.532686401000035, 3.585466015000065, 0.0 ], [ 98.532674333000045, 3.585471003000066, 0.0 ], [ 98.532661763000078, 3.585474398000031, 0.0 ], [ 98.53264832800005, 3.585475901000052, 0.0 ], [ 98.532609597000032, 3.585466102000055, 0.0 ], [ 98.532591118000084, 3.585455110000055, 0.0 ], [ 98.532574269000065, 3.585442219000072, 0.0 ], [ 98.532562283000061, 3.58542772900006, 0.0 ], [ 98.532550748000062, 3.585396367000044, 0.0 ], [ 98.532546335000063, 3.585361446000036, 0.0 ], [ 98.532545084000049, 3.58532615300004, 0.0 ], [ 98.532542891000048, 3.585262726000053, 0.0 ], [ 98.532544039000072, 3.585201734000066, 0.0 ], [ 98.532544771000062, 3.585162246000039, 0.0 ], [ 98.532546665000041, 3.585120750000044, 0.0 ], [ 98.532553224000083, 3.585092311000039, 0.0 ], [ 98.53256155300005, 3.585074583000051, 0.0 ], [ 98.532575869000084, 3.585057339000059, 0.0 ], [ 98.532587401000058, 3.585043241000051, 0.0 ], [ 98.53259823500008, 3.585022267000056, 0.0 ], [ 98.532605192000062, 3.584992905000036, 0.0 ], [ 98.532608459000073, 3.584960548000026, 0.0 ], [ 98.532610795000039, 3.584916753000073, 0.0 ], [ 98.532610481000063, 3.58487806100004, 0.0 ], [ 98.53260765400006, 3.584842814000069, 0.0 ], [ 98.532604642000081, 3.584816378000028, 0.0 ], [ 98.532589731000087, 3.584763664000036, 0.0 ], [ 98.532584725000049, 3.584710350000023, 0.0 ], [ 98.532584461000056, 3.584681310000065, 0.0 ], [ 98.532585156000039, 3.584642934000044, 0.0 ], [ 98.53258740800004, 3.584604886000022, 0.0 ], [ 98.532590285000083, 3.584561571000052, 0.0 ], [ 98.532589406000056, 3.584500416000026, 0.0 ], [ 98.532577913000068, 3.584382333000065, 0.0 ], [ 98.532571517000065, 3.584320631000026, 0.0 ], [ 98.532572090000087, 3.584271581000053, 0.0 ], [ 98.532570924000083, 3.584210967000047, 0.0 ], [ 98.532569655000032, 3.584156108000059, 0.0 ], [ 98.532568318000074, 3.584128985000063, 0.0 ], [ 98.532566115000066, 3.584105906000048, 0.0 ], [ 98.532560918000058, 3.584072530000071, 0.0 ], [ 98.532555655000067, 3.584046853000075, 0.0 ], [ 98.532551702000035, 3.584012311000038, 0.0 ], [ 98.532549427000049, 3.583971328000075, 0.0 ], [ 98.532547150000084, 3.583933322000064, 0.0 ], [ 98.532540033000032, 3.583889510000063, 0.0 ], [ 98.532538228000078, 3.583878395000056, 0.0 ], [ 98.532528686000035, 3.583819740000024, 0.0 ], [ 98.532522661000087, 3.583789115000059, 0.0 ], [ 98.532513669000082, 3.583764712000061, 0.0 ], [ 98.532503210000073, 3.583739972000046, 0.0 ], [ 98.532482010000081, 3.583696239000062, 0.0 ], [ 98.532457991000058, 3.583653897000033, 0.0 ], [ 98.532439088000046, 3.583607831000052, 0.0 ], [ 98.532423526000059, 3.583560943000066, 0.0 ], [ 98.532414307000067, 3.583506469000042, 0.0 ], [ 98.532398577000038, 3.583417577000034, 0.0 ], [ 98.532385994000037, 3.583333334000031, 0.0 ], [ 98.532379655000057, 3.583302888000048, 0.0 ], [ 98.532359795000048, 3.583234873000038, 0.0 ], [ 98.532351756000082, 3.583216857000025, 0.0 ], [ 98.532339476000061, 3.583195229000069, 0.0 ], [ 98.532306660000074, 3.583152910000024, 0.0 ], [ 98.532260651000058, 3.583115614000064, 0.0 ], [ 98.53224087500007, 3.583105011000043, 0.0 ], [ 98.532215132000033, 3.583087066000076, 0.0 ], [ 98.532198538000046, 3.583069390000048, 0.0 ], [ 98.532145064000076, 3.58301541700007, 0.0 ], [ 98.532102168000051, 3.582964382000057, 0.0 ], [ 98.532069487000058, 3.582922949000022, 0.0 ], [ 98.532060774000058, 3.582899442000041, 0.0 ], [ 98.532058210000059, 3.582879113000047, 0.0 ], [ 98.532053085000086, 3.582863649000046, 0.0 ], [ 98.53204366500006, 3.582849758000066, 0.0 ], [ 98.532035628000074, 3.582844180000052, 0.0 ], [ 98.532024627000055, 3.582839009000054, 0.0 ], [ 98.532011775000058, 3.582828925000058, 0.0 ], [ 98.531989055000054, 3.582780061000051, 0.0 ], [ 98.53196925900005, 3.582721157000037, 0.0 ], [ 98.531958085000042, 3.582668436000063, 0.0 ], [ 98.531948518000036, 3.58264224200002, 0.0 ], [ 98.531937177000032, 3.582616181000049, 0.0 ], [ 98.531936148000057, 3.582604023000044, 0.0 ], [ 98.531936105000057, 3.582582835000039, 0.0 ], [ 98.531932330000075, 3.582552861000067, 0.0 ], [ 98.531925976000082, 3.582529084000043, 0.0 ], [ 98.531902403000061, 3.582477687000051, 0.0 ], [ 98.531877365000071, 3.58243813100006, 0.0 ], [ 98.531867625000075, 3.582414306000032, 0.0 ], [ 98.531851161000077, 3.582372783000039, 0.0 ], [ 98.531845016000034, 3.582343667000032, 0.0 ], [ 98.531841279000048, 3.582310735000021, 0.0 ], [ 98.531831728000043, 3.582270915000038, 0.0 ], [ 98.53181260100007, 3.582204911000076, 0.0 ], [ 98.53180229600008, 3.58217915900002, 0.0 ], [ 98.531790471000079, 3.582131160000074, 0.0 ], [ 98.531790646000047, 3.582104500000071, 0.0 ], [ 98.531788617000075, 3.582076327000038, 0.0 ], [ 98.531775875000051, 3.582044766000024, 0.0 ], [ 98.531773128000054, 3.582027250000067, 0.0 ], [ 98.531786914000065, 3.582008748000021, 0.0 ], [ 98.531798377000086, 3.58198681600004, 0.0 ], [ 98.531827726000074, 3.581924644000026, 0.0 ], [ 98.531846409000082, 3.581853610000053, 0.0 ], [ 98.531875799000034, 3.581762254000068, 0.0 ], [ 98.531894188000081, 3.581703958000048, 0.0 ], [ 98.531907051000076, 3.581676408000021, 0.0 ], [ 98.531936596000037, 3.581634248000057, 0.0 ], [ 98.532001906000062, 3.581536061000065, 0.0 ], [ 98.532033122000087, 3.581502361000048, 0.0 ], [ 98.532086317000051, 3.581430259000058, 0.0 ], [ 98.532113644000049, 3.581372703000056, 0.0 ], [ 98.532155371000044, 3.581302049000044, 0.0 ], [ 98.532190954000043, 3.581248402000028, 0.0 ], [ 98.532230618000085, 3.581174213000054, 0.0 ], [ 98.532284549000053, 3.581089673000065, 0.0 ], [ 98.532306980000044, 3.581050829000048, 0.0 ], [ 98.532353241000067, 3.580931507000059, 0.0 ], [ 98.532364173000076, 3.580890623000073, 0.0 ], [ 98.532391213000039, 3.580799094000042, 0.0 ], [ 98.532397795000065, 3.580691768000065, 0.0 ], [ 98.532391878000055, 3.580606211000031, 0.0 ], [ 98.532386510000038, 3.580574300000023, 0.0 ], [ 98.532373471000085, 3.580542730000047, 0.0 ], [ 98.532360378000078, 3.580490280000049, 0.0 ], [ 98.532349391000082, 3.580459479000069, 0.0 ], [ 98.532332688000054, 3.580425654000067, 0.0 ], [ 98.532280927000045, 3.58035140000004, 0.0 ], [ 98.532245596000053, 3.580296758000031, 0.0 ], [ 98.532189857000049, 3.58023534900002, 0.0 ], [ 98.53214618800007, 3.580199863000075, 0.0 ], [ 98.532086278000065, 3.580141806000029, 0.0 ], [ 98.532014950000075, 3.580088657000033, 0.0 ], [ 98.531971249000037, 3.580043547000059, 0.0 ], [ 98.531914683000082, 3.580014424000069, 0.0 ], [ 98.531818722000082, 3.579974904000039, 0.0 ], [ 98.53179500400006, 3.579960390000053, 0.0 ], [ 98.531772494000052, 3.579943832000026, 0.0 ], [ 98.531747449000079, 3.579917602000023, 0.0 ], [ 98.53172932800004, 3.579891457000031, 0.0 ], [ 98.531726351000032, 3.579868458000021, 0.0 ], [ 98.531728282000074, 3.579842405000022, 0.0 ], [ 98.531738698000083, 3.579812951000065, 0.0 ], [ 98.531756232000077, 3.579786005000074, 0.0 ], [ 98.53177945300007, 3.579767616000026, 0.0 ], [ 98.531821662000084, 3.57975226700006, 0.0 ], [ 98.531851429000085, 3.579753811000046, 0.0 ], [ 98.531938210000078, 3.579783737000071, 0.0 ], [ 98.53196820800008, 3.57979061900005, 0.0 ], [ 98.531993266000086, 3.579791654000076, 0.0 ], [ 98.532016922000082, 3.579786011000067, 0.0 ], [ 98.532038235000073, 3.579766862000042, 0.0 ], [ 98.532054041000038, 3.579739495000069, 0.0 ], [ 98.532068149000054, 3.579706482000063, 0.0 ], [ 98.532100746000083, 3.579631167000059, 0.0 ], [ 98.532110686000067, 3.579613359000064, 0.0 ], [ 98.532113471000059, 3.579589983000062, 0.0 ], [ 98.532110252000052, 3.579562987000031, 0.0 ], [ 98.532097942000064, 3.579531426000074, 0.0 ], [ 98.53207502500004, 3.579499597000051, 0.0 ], [ 98.532050296000079, 3.579471151000064, 0.0 ], [ 98.531998462000047, 3.579416012000024, 0.0 ], [ 98.531971742000053, 3.579393327000048, 0.0 ], [ 98.531960698000034, 3.579367267000066, 0.0 ], [ 98.531959559000086, 3.57933880500002, 0.0 ], [ 98.531960981000054, 3.579306383000073, 0.0 ], [ 98.531965443000047, 3.579278286000033, 0.0 ], [ 98.531976178000036, 3.579255892000049, 0.0 ], [ 98.531992179000042, 3.579236975000072, 0.0 ], [ 98.532016445000068, 3.579217410000069, 0.0 ], [ 98.532030481000049, 3.579202771000041, 0.0 ], [ 98.532042958000034, 3.579170327000043, 0.0 ], [ 98.532046107000042, 3.579141027000048, 0.0 ], [ 98.532054629000072, 3.579044097000065, 0.0 ], [ 98.532051301000081, 3.579001240000025, 0.0 ], [ 98.532036591000065, 3.578961066000033, 0.0 ], [ 98.532027271000061, 3.578926430000024, 0.0 ], [ 98.532017568000072, 3.578849719000061, 0.0 ], [ 98.53201985700008, 3.578755969000042, 0.0 ], [ 98.532038585000066, 3.578668489000052, 0.0 ], [ 98.532044108000036, 3.578625593000027, 0.0 ], [ 98.532043890000068, 3.578594625000051, 0.0 ], [ 98.532042045000082, 3.578538608000031, 0.0 ], [ 98.532047993000049, 3.578510086000051, 0.0 ], [ 98.532092673000079, 3.578435213000034, 0.0 ], [ 98.532120248000069, 3.578372578000028, 0.0 ], [ 98.532136662000084, 3.578318849000027, 0.0 ], [ 98.532136684000079, 3.578292189000024, 0.0 ], [ 98.532123122000087, 3.578279427000041, 0.0 ], [ 98.532104287000038, 3.578276241000026, 0.0 ], [ 98.532091454000067, 3.578264085000058, 0.0 ], [ 98.532067648000066, 3.578244984000037, 0.0 ], [ 98.532044350000035, 3.578220266000073, 0.0 ], [ 98.532022256000062, 3.578181337000046, 0.0 ], [ 98.532010540000044, 3.578149930000052, 0.0 ], [ 98.532005197000046, 3.578102459000036, 0.0 ], [ 98.531988045000048, 3.577994849000049, 0.0 ], [ 98.531952107000052, 3.577880047000065, 0.0 ], [ 98.531938065000077, 3.577783140000065, 0.0 ], [ 98.531938144000037, 3.577751875000047, 0.0 ], [ 98.531940594000048, 3.577731910000068, 0.0 ], [ 98.531958500000087, 3.577701903000047, 0.0 ], [ 98.53200914100006, 3.577658948000021, 0.0 ], [ 98.53204747400008, 3.577633926000033, 0.0 ], [ 98.532134058000054, 3.577594518000069, 0.0 ], [ 98.532140688000084, 3.577570005000041, 0.0 ], [ 98.532141709000086, 3.57754572500005, 0.0 ], [ 98.532129558000065, 3.577501580000046, 0.0 ], [ 98.532109342000069, 3.577452591000053, 0.0 ], [ 98.532096422000052, 3.577398513000048, 0.0 ], [ 98.532091252000043, 3.577349269000024, 0.0 ], [ 98.532081923000078, 3.577278637000063, 0.0 ], [ 98.53206689700005, 3.577240090000032, 0.0 ], [ 98.532046434000051, 3.577199841000038, 0.0 ], [ 98.532030535000047, 3.57716068700006, 0.0 ], [ 98.531995290000054, 3.577061600000036, 0.0 ], [ 98.531976498000063, 3.576992926000059, 0.0 ], [ 98.531951864000064, 3.576956193000058, 0.0 ], [ 98.531925400000034, 3.576924905000055, 0.0 ], [ 98.531905790000053, 3.576887930000055, 0.0 ], [ 98.531899725000073, 3.576852276000068, 0.0 ], [ 98.531898896000087, 3.57684740600007, 0.0 ], [ 98.531896384000049, 3.576810042000034, 0.0 ], [ 98.531853352000041, 3.576709232000042, 0.0 ], [ 98.531829220000077, 3.576605825000058, 0.0 ], [ 98.531829112000082, 3.576552794000065, 0.0 ], [ 98.531829475000052, 3.576422422000064, 0.0 ], [ 98.531827552000038, 3.57636106700005, 0.0 ], [ 98.531815925000046, 3.576296631000048, 0.0 ], [ 98.53179416100005, 3.576192818000038, 0.0 ], [ 98.531765283000084, 3.576091137000049, 0.0 ], [ 98.531757832000039, 3.576048523000054, 0.0 ], [ 98.531748706000087, 3.576022048000027, 0.0 ], [ 98.531742698000073, 3.575956936000068, 0.0 ], [ 98.531736648000049, 3.57592012300006, 0.0 ], [ 98.53173438400006, 3.575874761000023, 0.0 ], [ 98.531731911000065, 3.575797547000036, 0.0 ], [ 98.531720136000047, 3.575758739000037, 0.0 ], [ 98.531684493000057, 3.575680242000033, 0.0 ], [ 98.531618286000082, 3.575593667000021, 0.0 ], [ 98.53160385800004, 3.575566972000047, 0.0 ], [ 98.531600008000055, 3.575543522000032, 0.0 ], [ 98.531600662000073, 3.575513750000027, 0.0 ], [ 98.531620584000052, 3.575412364000044, 0.0 ], [ 98.53162173000004, 3.575390301000027, 0.0 ], [ 98.531618405000074, 3.575359739000021, 0.0 ], [ 98.53160822500007, 3.575335624000047, 0.0 ], [ 98.531578635000074, 3.575306669000042, 0.0 ], [ 98.53154535300007, 3.575278716000071, 0.0 ], [ 98.531472798000038, 3.575229556000068, 0.0 ], [ 98.531453144000068, 3.575208575000033, 0.0 ], [ 98.531438131000073, 3.575181880000059, 0.0 ], [ 98.531427222000048, 3.575156417000073, 0.0 ], [ 98.53141643500004, 3.575083993000021, 0.0 ], [ 98.531405590000077, 3.575041486000032, 0.0 ], [ 98.531390645000045, 3.575020571000039, 0.0 ], [ 98.531361314000037, 3.574995036000075, 0.0 ], [ 98.531328831000053, 3.574973606000071, 0.0 ], [ 98.531292351000047, 3.574966802000063, 0.0 ], [ 98.531254625000088, 3.574964421000061, 0.0 ], [ 98.531212248000031, 3.574957099000073, 0.0 ], [ 98.531116396000073, 3.574933131000023, 0.0 ], [ 98.531047882000053, 3.574904165000021, 0.0 ], [ 98.531023148000031, 3.574888609000027, 0.0 ], [ 98.530999283000085, 3.574862543000052, 0.0 ], [ 98.530971389000058, 3.57482724700003, 0.0 ], [ 98.530931159000033, 3.574775651000039, 0.0 ], [ 98.530889011000056, 3.574723737000056, 0.0 ], [ 98.530877345000079, 3.574700636000046, 0.0 ], [ 98.53086946500008, 3.57466869700005, 0.0 ], [ 98.530869181000071, 3.574643058000049, 0.0 ], [ 98.530883634000077, 3.574567969000043, 0.0 ], [ 98.530885180000041, 3.574537773000031, 0.0 ], [ 98.530881527000076, 3.574497278000024, 0.0 ], [ 98.530865278000078, 3.574437824000029, 0.0 ], [ 98.530851961000053, 3.574404635000064, 0.0 ], [ 98.530848154000068, 3.574364736000064, 0.0 ], [ 98.530848387000049, 3.574332738000066, 0.0 ], [ 98.530854478000037, 3.574304516000041, 0.0 ], [ 98.530860656000073, 3.574230807000049, 0.0 ], [ 98.530862501000058, 3.574162388000047, 0.0 ], [ 98.530862897000077, 3.574091427000042, 0.0 ], [ 98.530851594000069, 3.574062398000024, 0.0 ], [ 98.530837397000084, 3.574041050000062, 0.0 ], [ 98.53082154100008, 3.574022786000057, 0.0 ], [ 98.530806950000056, 3.573997574000032, 0.0 ], [ 98.530806071000086, 3.57397282200003, 0.0 ], [ 98.530809961000045, 3.573955537000074, 0.0 ], [ 98.530826209000054, 3.573928024000054, 0.0 ], [ 98.530835912000043, 3.573895263000054, 0.0 ], [ 98.53084036100006, 3.573841528000059, 0.0 ], [ 98.530850443000077, 3.57381142600002, 0.0 ], [ 98.530876740000053, 3.573782255000026, 0.0 ], [ 98.530906500000071, 3.573759798000026, 0.0 ], [ 98.530923671000039, 3.573741488000053, 0.0 ], [ 98.530936802000042, 3.573716309000076, 0.0 ], [ 98.530936987000075, 3.573688164000032, 0.0 ], [ 98.530930487000035, 3.57365208300007, 0.0 ], [ 98.530919484000037, 3.573635069000034, 0.0 ], [ 98.530901674000063, 3.57361618300007, 0.0 ], [ 98.530860854000082, 3.573593326000037, 0.0 ], [ 98.530829593000078, 3.573593102000075, 0.0 ], [ 98.530792666000082, 3.573598882000056, 0.0 ], [ 98.530741337000052, 3.573612633000039, 0.0 ], [ 98.53067859500004, 3.573619142000041, 0.0 ], [ 98.530645415000038, 3.573619043000065, 0.0 ], [ 98.530552235000073, 3.573618669000041, 0.0 ], [ 98.530530227000042, 3.573622105000027, 0.0 ], [ 98.530499217000056, 3.573636436000072, 0.0 ], [ 98.530476802000067, 3.573648995000042, 0.0 ], [ 98.530457216000059, 3.573658716000068, 0.0 ], [ 98.530442622000066, 3.573664206000046, 0.0 ], [ 98.530422634000047, 3.573667642000032, 0.0 ], [ 98.53040496300008, 3.573668106000071, 0.0 ], [ 98.530384248000075, 3.573662459000047, 0.0 ], [ 98.530353191000074, 3.573648638000066, 0.0 ], [ 98.530295834000071, 3.573624983000059, 0.0 ], [ 98.530278595000084, 3.573614129000021, 0.0 ], [ 98.530240376000052, 3.573572924000075, 0.0 ], [ 98.530217442000037, 3.573539566000022, 0.0 ], [ 98.530192025000076, 3.573484576000055, 0.0 ], [ 98.530181130000074, 3.57345860700002, 0.0 ], [ 98.530168724000077, 3.573410713000044, 0.0 ], [ 98.530158720000031, 3.57336551100002, 0.0 ], [ 98.530149043000051, 3.573316030000058, 0.0 ], [ 98.530139419000079, 3.573266244000024, 0.0 ], [ 98.530135532000031, 3.573242395000022, 0.0 ], [ 98.530133340000077, 3.573213951000071, 0.0 ], [ 98.53013431100004, 3.573165353000036, 0.0 ], [ 98.530140267000036, 3.573053118000075, 0.0 ], [ 98.530138093000062, 3.573033856000052, 0.0 ], [ 98.530133460000059, 3.57302111000007, 0.0 ], [ 98.530126236000058, 3.573006855000074, 0.0 ], [ 98.530122420000055, 3.572996438000075, 0.0 ], [ 98.530121609000048, 3.572981364000043, 0.0 ], [ 98.530125302000044, 3.572964237000065, 0.0 ], [ 98.530135864000044, 3.572944010000072, 0.0 ], [ 98.530154344000039, 3.572922385000027, 0.0 ], [ 98.530139272000042, 3.572908584000061, 0.0 ], [ 98.530124201000035, 3.572894785000074, 0.0 ], [ 98.530104103000042, 3.572889474000021, 0.0 ], [ 98.530084005000049, 3.572884162000037, 0.0 ], [ 98.530048441000076, 3.572882144000062, 0.0 ], [ 98.530028362000053, 3.57288144100005, 0.0 ], [ 98.530008284000075, 3.572880738000038, 0.0 ], [ 98.529988206000041, 3.572880035000026, 0.0 ], [ 98.529968129000054, 3.572879331000024, 0.0 ], [ 98.529948050000087, 3.572878628000069, 0.0 ], [ 98.529929651000032, 3.572878256000024, 0.0 ], [ 98.529911252000034, 3.572877883000046, 0.0 ], [ 98.529892853000035, 3.572877510000069, 0.0 ], [ 98.529874453000048, 3.572877137000035, 0.0 ], [ 98.529856054000049, 3.572876764000057, 0.0 ], [ 98.529837655000051, 3.572876391000023, 0.0 ], [ 98.529816833000041, 3.572873601000026, 0.0 ], [ 98.529796011000087, 3.57287081100003, 0.0 ], [ 98.529775189000077, 3.572868021000033, 0.0 ], [ 98.529754366000077, 3.572865230000048, 0.0 ], [ 98.52973251800006, 3.572863283000061, 0.0 ], [ 98.529710670000043, 3.572861336000074, 0.0 ], [ 98.529688822000082, 3.57285938900003, 0.0 ], [ 98.529679860000044, 3.572846493000043, 0.0 ], [ 98.529677595000067, 3.572820953000075, 0.0 ], [ 98.529672771000037, 3.572799618000033, 0.0 ], [ 98.529667947000064, 3.572778283000048, 0.0 ], [ 98.529663123000034, 3.572756949000052, 0.0 ], [ 98.529648087000055, 3.572737627000038, 0.0 ], [ 98.529634957000042, 3.572725045000027, 0.0 ], [ 98.529612992000068, 3.572716828000068, 0.0 ], [ 98.529593810000051, 3.572714915000063, 0.0 ], [ 98.529574628000034, 3.572713, 0.0 ], [ 98.529555447000064, 3.572711086000027, 0.0 ], [ 98.529536265000047, 3.572709171000042, 0.0 ], [ 98.529504904000078, 3.572711029000061, 0.0 ], [ 98.529487880000033, 3.572715609000056, 0.0 ], [ 98.529470856000046, 3.572720189000052, 0.0 ], [ 98.529453831000069, 3.572724768000057, 0.0 ], [ 98.529437213000051, 3.572727658000076, 0.0 ], [ 98.529418001000067, 3.572728873000074, 0.0 ], [ 98.529399194000064, 3.572728396000059, 0.0 ], [ 98.529380386000071, 3.572727920000034, 0.0 ], [ 98.529361580000057, 3.572727443000076, 0.0 ], [ 98.529344076000086, 3.572725496000032, 0.0 ], [ 98.52931968200005, 3.572719283000026, 0.0 ], [ 98.529293923000068, 3.572705214000052, 0.0 ], [ 98.529272518000084, 3.572696158000042, 0.0 ], [ 98.529252375000056, 3.572689729000047, 0.0 ], [ 98.529233273000045, 3.572687435000034, 0.0 ], [ 98.529214170000046, 3.572685141000022, 0.0 ], [ 98.529195068000035, 3.572682847000067, 0.0 ], [ 98.529175964000046, 3.572680553000055, 0.0 ], [ 98.529153662000056, 3.572680193000053, 0.0 ], [ 98.529131360000065, 3.572679833000052, 0.0 ], [ 98.529101996000065, 3.572684523000021, 0.0 ], [ 98.529082669000047, 3.572686887000032, 0.0 ], [ 98.529063342000086, 3.572689252000032, 0.0 ], [ 98.529036212000051, 3.572686161000036, 0.0 ], [ 98.529019806000065, 3.572679782000023, 0.0 ], [ 98.529003622000062, 3.572665710000024, 0.0 ], [ 98.528987439000048, 3.572651639000071, 0.0 ], [ 98.528976899000043, 3.572634812000047, 0.0 ], [ 98.528966360000084, 3.572617986000068, 0.0 ], [ 98.528955821000068, 3.572601158000055, 0.0 ], [ 98.528945282000052, 3.57258433100003, 0.0 ], [ 98.528935971000067, 3.572567387000049, 0.0 ], [ 98.528926661000071, 3.572550442000022, 0.0 ], [ 98.528917351000075, 3.572533498000041, 0.0 ], [ 98.528908040000033, 3.572516553000071, 0.0 ], [ 98.528896460000055, 3.572502420000035, 0.0 ], [ 98.528884879000032, 3.572488286000066, 0.0 ], [ 98.528873298000065, 3.57247415300003, 0.0 ], [ 98.52884894400006, 3.572452268000063, 0.0 ], [ 98.528828486000066, 3.572439200000076, 0.0 ], [ 98.528807874000051, 3.572435059000043, 0.0 ], [ 98.528787262000037, 3.572430919000055, 0.0 ], [ 98.528764575000082, 3.572431121000022, 0.0 ], [ 98.528741889000059, 3.572431324000036, 0.0 ], [ 98.528721522000069, 3.572437127000057, 0.0 ], [ 98.528701155000078, 3.572442932000058, 0.0 ], [ 98.528687084000069, 3.572454163000032, 0.0 ], [ 98.528673013000059, 3.572465394000062, 0.0 ], [ 98.52865894200005, 3.572476626000025, 0.0 ], [ 98.528644872000086, 3.572487857000056, 0.0 ], [ 98.528632586000072, 3.572500190000028, 0.0 ], [ 98.528620299000067, 3.572512522000068, 0.0 ], [ 98.528608014000042, 3.57252485500004, 0.0 ], [ 98.528595727000038, 3.572537188000069, 0.0 ], [ 98.52858344100008, 3.572549520000052, 0.0 ], [ 98.528571084000077, 3.572563173000049, 0.0 ], [ 98.528558727000075, 3.572576825000056, 0.0 ], [ 98.528546370000072, 3.572590478000052, 0.0 ], [ 98.528534013000069, 3.572604131000048, 0.0 ], [ 98.528521512000054, 3.572621730000037, 0.0 ], [ 98.528509012000086, 3.572639327000047, 0.0 ], [ 98.528496512000061, 3.572656926000036, 0.0 ], [ 98.528483836000078, 3.572672923000027, 0.0 ], [ 98.528471161000084, 3.572688920000076, 0.0 ], [ 98.528458486000034, 3.572704917000067, 0.0 ], [ 98.528445810000051, 3.572720914000058, 0.0 ], [ 98.528427548000082, 3.572728117000054, 0.0 ], [ 98.528409287000045, 3.57273531900006, 0.0 ], [ 98.528385307000065, 3.572734574000037, 0.0 ], [ 98.528361329000063, 3.572733828000025, 0.0 ], [ 98.528344287000039, 3.572730198000045, 0.0 ], [ 98.52832724600006, 3.572726567000075, 0.0 ], [ 98.528310206000072, 3.572722937000037, 0.0 ], [ 98.528292767000039, 3.572717518000047, 0.0 ], [ 98.528275591000067, 3.572710923000045, 0.0 ], [ 98.528258016000052, 3.572702540000023, 0.0 ], [ 98.528240006000033, 3.572692344000075, 0.0 ], [ 98.528222772000049, 3.572677556000031, 0.0 ], [ 98.528204844000072, 3.572659415000032, 0.0 ], [ 98.528194670000062, 3.572643219000042, 0.0 ], [ 98.528184334000059, 3.572622203000037, 0.0 ], [ 98.528179303000059, 3.572606766000035, 0.0 ], [ 98.528174368000066, 3.572588051000025, 0.0 ], [ 98.528169432000084, 3.572569335000026, 0.0 ], [ 98.528164496000045, 3.572550619000026, 0.0 ], [ 98.528162381000072, 3.57253203700003, 0.0 ], [ 98.528160265000054, 3.572513454000045, 0.0 ], [ 98.528158148000045, 3.572494870000071, 0.0 ], [ 98.528155579000043, 3.572477390000074, 0.0 ], [ 98.528147812000043, 3.572443862000057, 0.0 ], [ 98.528136767000035, 3.572416863000058, 0.0 ], [ 98.528131418000044, 3.572398257000032, 0.0 ], [ 98.528126069000052, 3.572379651000062, 0.0 ], [ 98.528120719000071, 3.572361046000026, 0.0 ], [ 98.52811537000008, 3.572342440000057, 0.0 ], [ 98.528108044000078, 3.572323718000064, 0.0 ], [ 98.528100719000065, 3.57230499700006, 0.0 ], [ 98.528093393000063, 3.572286276000057, 0.0 ], [ 98.528083085000048, 3.572268311000073, 0.0 ], [ 98.528072078000037, 3.57225422800002, 0.0 ], [ 98.528061509000054, 3.572240528000066, 0.0 ], [ 98.528049267000085, 3.572226933000024, 0.0 ], [ 98.528034894000086, 3.572216676000039, 0.0 ], [ 98.528018907000046, 3.57220807300007, 0.0 ], [ 98.528002920000063, 3.572199470000044, 0.0 ], [ 98.527986934000069, 3.572190866000028, 0.0 ], [ 98.527970947000085, 3.572182263000059, 0.0 ], [ 98.527952765000066, 3.572176097000067, 0.0 ], [ 98.527935092000064, 3.572169342000052, 0.0 ], [ 98.527917143000082, 3.572164638000061, 0.0 ], [ 98.527898893000042, 3.57216065700004, 0.0 ], [ 98.527879427000073, 3.572156065000058, 0.0 ], [ 98.527861088000066, 3.572151796000071, 0.0 ], [ 98.527844064000078, 3.572148808000065, 0.0 ], [ 98.52782817800005, 3.572146689000022, 0.0 ], [ 98.527811209000049, 3.572144051000066, 0.0 ], [ 98.527794220000033, 3.572141215000045, 0.0 ], [ 98.527776980000056, 3.572137851000036, 0.0 ], [ 98.527757715000064, 3.572130317000074, 0.0 ], [ 98.527739464000035, 3.572123783000052, 0.0 ], [ 98.527721212000074, 3.57211724900003, 0.0 ], [ 98.527703019000057, 3.572109234000038, 0.0 ], [ 98.527688617000081, 3.572098714000049, 0.0 ], [ 98.527674274000049, 3.572086716000058, 0.0 ], [ 98.527659929000038, 3.572074716000031, 0.0 ], [ 98.527645586000062, 3.572062716000062, 0.0 ], [ 98.527631243000087, 3.572050717000025, 0.0 ], [ 98.527616900000055, 3.572038718000044, 0.0 ], [ 98.527602556000033, 3.572026718000075, 0.0 ], [ 98.527591055000073, 3.572011349000036, 0.0 ], [ 98.527579553000066, 3.571995979000064, 0.0 ], [ 98.527568053000039, 3.571980610000026, 0.0 ], [ 98.527556551000032, 3.571965241000044, 0.0 ], [ 98.527544910000074, 3.571950767000033, 0.0 ], [ 98.52753326800007, 3.571936294000068, 0.0 ], [ 98.527521626000066, 3.571921820000057, 0.0 ], [ 98.527509985000052, 3.571907347000035, 0.0 ], [ 98.527498343000047, 3.571892874000071, 0.0 ], [ 98.527485311000078, 3.571880953000061, 0.0 ], [ 98.52747228000004, 3.571869031000062, 0.0 ], [ 98.527459248000071, 3.571857110000053, 0.0 ], [ 98.527446217000033, 3.571845189000044, 0.0 ], [ 98.527433185000064, 3.571833268000034, 0.0 ], [ 98.527420149000079, 3.571819720000065, 0.0 ], [ 98.527407112000049, 3.571806172000038, 0.0 ], [ 98.527394075000075, 3.571792625000057, 0.0 ], [ 98.527381039000034, 3.571779077000031, 0.0 ], [ 98.52736800200006, 3.57176553000005, 0.0 ], [ 98.527354966000075, 3.571751982000023, 0.0 ], [ 98.527338239000073, 3.571742501000074, 0.0 ], [ 98.527321513000061, 3.571733019000021, 0.0 ], [ 98.527304786000059, 3.571723539000061, 0.0 ], [ 98.527288060000046, 3.571714057000065, 0.0 ], [ 98.527270503000068, 3.571705467000072, 0.0 ], [ 98.527252947000079, 3.571696876000033, 0.0 ], [ 98.527235390000044, 3.57168828500005, 0.0 ], [ 98.527217834000055, 3.571679694000068, 0.0 ], [ 98.527200277000077, 3.571671104000075, 0.0 ], [ 98.527184717000068, 3.571663659000023, 0.0 ], [ 98.52716915600007, 3.571656215000075, 0.0 ], [ 98.527153596000062, 3.571648771000071, 0.0 ], [ 98.527138036000053, 3.571641326000076, 0.0 ], [ 98.527122476000045, 3.571633882000071, 0.0 ], [ 98.527103349000072, 3.571628777000058, 0.0 ], [ 98.527084222000042, 3.571623672000044, 0.0 ], [ 98.527065095000069, 3.57161856700003, 0.0 ], [ 98.527045969000085, 3.571613462000073, 0.0 ], [ 98.527026841000065, 3.571608357000059, 0.0 ], [ 98.527007205000075, 3.57160175000007, 0.0 ], [ 98.526987570000074, 3.571595144000071, 0.0 ], [ 98.526967934000083, 3.571588536000036, 0.0 ], [ 98.526948299000082, 3.571581929000047, 0.0 ], [ 98.526928663000035, 3.571575322000058, 0.0 ], [ 98.526909544000034, 3.57157098700003, 0.0 ], [ 98.526890425000033, 3.571566651000069, 0.0 ], [ 98.526871306000032, 3.57156231600004, 0.0 ], [ 98.526852187000031, 3.571557979000033, 0.0 ], [ 98.526833068000087, 3.571553643000072, 0.0 ], [ 98.526813950000076, 3.571549308000044, 0.0 ], [ 98.52679704500008, 3.571545668000056, 0.0 ], [ 98.526780142000064, 3.571542028000067, 0.0 ], [ 98.526763238000058, 3.571538388000022, 0.0 ], [ 98.526746334000052, 3.571534748000033, 0.0 ], [ 98.526729431000035, 3.571531107000055, 0.0 ], [ 98.526709794000055, 3.571525324000049, 0.0 ], [ 98.526690158000065, 3.571519539000064, 0.0 ], [ 98.526670521000085, 3.571513755000069, 0.0 ], [ 98.526650885000038, 3.571507971000074, 0.0 ], [ 98.526632951000067, 3.571500402000026, 0.0 ], [ 98.526615018000086, 3.571492832000047, 0.0 ], [ 98.526597085000049, 3.571485263000056, 0.0 ], [ 98.526579151000078, 3.571477694000066, 0.0 ], [ 98.526561219000087, 3.571470125000076, 0.0 ], [ 98.526543285000059, 3.571462556000029, 0.0 ], [ 98.526524531000064, 3.57145268000005, 0.0 ], [ 98.526505776000079, 3.57144280600005, 0.0 ], [ 98.526487022000083, 3.571432930000071, 0.0 ], [ 98.526468267000041, 3.571423056000071, 0.0 ], [ 98.526451161000068, 3.571412047000024, 0.0 ], [ 98.526434054000049, 3.571401039000023, 0.0 ], [ 98.526416947000087, 3.571390032000068, 0.0 ], [ 98.526399840000067, 3.571379024000066, 0.0 ], [ 98.526382733000048, 3.571368016000065, 0.0 ], [ 98.526367910000033, 3.571358112000041, 0.0 ], [ 98.526353088000064, 3.571348207000028, 0.0 ], [ 98.52633826400006, 3.571338303000061, 0.0 ], [ 98.526323442000034, 3.571328397000059, 0.0 ], [ 98.526308619000076, 3.571318493000035, 0.0 ], [ 98.526293796000061, 3.571308588000022, 0.0 ], [ 98.526278934000061, 3.571298959000046, 0.0 ], [ 98.526264071000071, 3.57128933100006, 0.0 ], [ 98.526249209000071, 3.571279702000027, 0.0 ], [ 98.526234346000081, 3.571270073000051, 0.0 ], [ 98.52621948400008, 3.571260444000075, 0.0 ], [ 98.526204620000044, 3.571250816000031, 0.0 ], [ 98.526189758000044, 3.571241187000055, 0.0 ], [ 98.526174896000043, 3.571231557000033, 0.0 ], [ 98.526160144000073, 3.571221457000036, 0.0 ], [ 98.526145391000057, 3.571211356000049, 0.0 ], [ 98.526130640000076, 3.571201256000052, 0.0 ], [ 98.52611588700006, 3.571191155000065, 0.0 ], [ 98.526101135000033, 3.571181054000022, 0.0 ], [ 98.526086383000063, 3.571170953000035, 0.0 ], [ 98.52606965800004, 3.571161024000048, 0.0 ], [ 98.526052934000063, 3.571151093000026, 0.0 ], [ 98.52603620800005, 3.57114116300005, 0.0 ], [ 98.526019483000084, 3.571131234000063, 0.0 ], [ 98.52600275900005, 3.571121303000041, 0.0 ], [ 98.525986033000038, 3.571111373000065, 0.0 ], [ 98.52596796000006, 3.571103488000062, 0.0 ], [ 98.525949888000071, 3.57109560300006, 0.0 ], [ 98.525931816000082, 3.571087718000058, 0.0 ], [ 98.525913743000046, 3.571079833000056, 0.0 ], [ 98.525895670000068, 3.571071948000053, 0.0 ], [ 98.525878401000057, 3.571065137000062, 0.0 ], [ 98.525861132000045, 3.57105832700006, 0.0 ], [ 98.525843862000045, 3.571051517000058, 0.0 ], [ 98.525826593000033, 3.571044707000055, 0.0 ], [ 98.525809323000033, 3.571037897000053, 0.0 ], [ 98.525791681000044, 3.57103330800004, 0.0 ], [ 98.525774040000044, 3.571028720000072, 0.0 ], [ 98.525756399000045, 3.571024131000058, 0.0 ], [ 98.525738757000056, 3.571019542000045, 0.0 ], [ 98.525721116000057, 3.57101495400002, 0.0 ], [ 98.52570324800007, 3.571011655000063, 0.0 ], [ 98.525685379000038, 3.571008357000039, 0.0 ], [ 98.525667511000051, 3.571005059000072, 0.0 ], [ 98.525649643000065, 3.571001760000058, 0.0 ], [ 98.525631775000079, 3.570998462000034, 0.0 ], [ 98.525613906000046, 3.570995163000021, 0.0 ], [ 98.52559603800006, 3.570991866000043, 0.0 ], [ 98.525575186000083, 3.57098955400005, 0.0 ], [ 98.525554334000049, 3.570987242000058, 0.0 ], [ 98.525536395000074, 3.570983438000042, 0.0 ], [ 98.525518457000032, 3.570979634000025, 0.0 ], [ 98.525500518000058, 3.570975830000066, 0.0 ], [ 98.525482578000037, 3.570972026000049, 0.0 ], [ 98.525464639000063, 3.570968222000033, 0.0 ], [ 98.525436060000061, 3.570954357000062, 0.0 ], [ 98.525420261000079, 3.570941478000066, 0.0 ], [ 98.525404463000086, 3.570928599000069, 0.0 ], [ 98.525388666000083, 3.570915721000063, 0.0 ], [ 98.525374504000069, 3.570900892000054, 0.0 ], [ 98.525360342000056, 3.570886063000046, 0.0 ], [ 98.525346182000078, 3.570871234000037, 0.0 ], [ 98.525333512000032, 3.570854850000046, 0.0 ], [ 98.525320843000031, 3.570838467000044, 0.0 ], [ 98.525308174000031, 3.570822083000053, 0.0 ], [ 98.525296512000068, 3.570809043000054, 0.0 ], [ 98.525284850000048, 3.570796002000066, 0.0 ], [ 98.525273188000085, 3.570782962000067, 0.0 ], [ 98.525261526000065, 3.570769922000068, 0.0 ], [ 98.525248717000068, 3.570755976000044, 0.0 ], [ 98.52523590800007, 3.570742030000076, 0.0 ], [ 98.525223099000073, 3.570728086000031, 0.0 ], [ 98.525210290000075, 3.570714140000064, 0.0 ], [ 98.525197481000077, 3.57070019400004, 0.0 ], [ 98.525188212000046, 3.570685223000055, 0.0 ], [ 98.525178943000071, 3.57067025200007, 0.0 ], [ 98.52516967300005, 3.570655281000029, 0.0 ], [ 98.525155830000074, 3.570638203000044, 0.0 ], [ 98.525141986000051, 3.570621125000059, 0.0 ], [ 98.525126697000076, 3.570606601000065, 0.0 ], [ 98.525111406000065, 3.570592077000072, 0.0 ], [ 98.525094021000086, 3.570581877000052, 0.0 ], [ 98.525076635000062, 3.570571677000032, 0.0 ], [ 98.525043697000058, 3.570557702000031, 0.0 ], [ 98.525025096000036, 3.570550221000076, 0.0 ], [ 98.525006494000081, 3.570542741000054, 0.0 ], [ 98.524987893000059, 3.570535260000042, 0.0 ], [ 98.524969291000048, 3.57052778000002, 0.0 ], [ 98.524950689000036, 3.570520300000055, 0.0 ], [ 98.52493396300008, 3.570512195000049, 0.0 ], [ 98.524917237000068, 3.570504091000032, 0.0 ], [ 98.524900511000055, 3.570495988000062, 0.0 ], [ 98.524883784000053, 3.570487883000055, 0.0 ], [ 98.524867059000087, 3.570479779000038, 0.0 ], [ 98.524850332000085, 3.570471674000032, 0.0 ], [ 98.524833606000072, 3.570463571000062, 0.0 ], [ 98.524815110000077, 3.570455600000059, 0.0 ], [ 98.524796615000071, 3.570447629000057, 0.0 ], [ 98.524778119000075, 3.570439659000044, 0.0 ], [ 98.52475962300008, 3.570431688000042, 0.0 ], [ 98.524741128000073, 3.57042371700004, 0.0 ], [ 98.524722632000078, 3.570415746000037, 0.0 ], [ 98.524694586000066, 3.570395920000067, 0.0 ], [ 98.52468557900005, 3.570375782000042, 0.0 ], [ 98.524676572000033, 3.570355644000074, 0.0 ], [ 98.524674031000075, 3.570336513000029, 0.0 ], [ 98.52467148900007, 3.570317381000052, 0.0 ], [ 98.524668947000066, 3.570298249000075, 0.0 ], [ 98.524666406000051, 3.57027911800003, 0.0 ], [ 98.524663864000047, 3.570259986000053, 0.0 ], [ 98.524661323000032, 3.570240854000076, 0.0 ], [ 98.524658781000085, 3.570221723000031, 0.0 ], [ 98.52465624000007, 3.570202591000054, 0.0 ], [ 98.524654544000043, 3.570183332000056, 0.0 ], [ 98.524652847000084, 3.570164074000047, 0.0 ], [ 98.524651150000068, 3.570144815000049, 0.0 ], [ 98.524649454000041, 3.57012555600005, 0.0 ], [ 98.524646761000042, 3.570107570000062, 0.0 ], [ 98.524644067000054, 3.570089585000062, 0.0 ], [ 98.524641375000044, 3.570071599000073, 0.0 ], [ 98.524638681000056, 3.570053614000074, 0.0 ], [ 98.524635988000057, 3.570035628000028, 0.0 ], [ 98.524633295000058, 3.570017643000028, 0.0 ], [ 98.524629032000064, 3.569997184000044, 0.0 ], [ 98.524627878418698, 3.569991649027882, 0.0 ] ], [ [ 98.534169051586503, 3.595529123112442, 0.0 ], [ 98.534152241000072, 3.595531274000052, 0.0 ], [ 98.534137627000064, 3.595532470000023, 0.0 ], [ 98.534119195000073, 3.595534722000025, 0.0 ], [ 98.534096577000071, 3.595534765000025, 0.0 ], [ 98.534070566000082, 3.595530943000028, 0.0 ], [ 98.534036751000087, 3.595521500000075, 0.0 ], [ 98.534005467000043, 3.595513332000053, 0.0 ], [ 98.533978025000067, 3.595508922000022, 0.0 ], [ 98.533951850000051, 3.595508238000036, 0.0 ], [ 98.533923640000069, 3.595508966000068, 0.0 ], [ 98.533881516000065, 3.59551549400004, 0.0 ], [ 98.533864684000037, 3.595521918000031, 0.0 ], [ 98.533849696000061, 3.595531391000065, 0.0 ], [ 98.53381508800004, 3.595541415000071, 0.0 ], [ 98.533779593000077, 3.595545042000026, 0.0 ], [ 98.533753841000078, 3.595545816000026, 0.0 ], [ 98.533736895000061, 3.595545961000028, 0.0 ], [ 98.533694037000032, 3.595543741000029, 0.0 ], [ 98.53363932600007, 3.595530794000069, 0.0 ], [ 98.533610993000082, 3.595525921000046, 0.0 ], [ 98.533570911000083, 3.595517931000074, 0.0 ], [ 98.53352050500007, 3.595500581000067, 0.0 ], [ 98.533477509000079, 3.595486944000072, 0.0 ], [ 98.533458084000074, 3.595476412000039, 0.0 ], [ 98.533436608000045, 3.595462035000025, 0.0 ], [ 98.533413521000057, 3.595444156000042, 0.0 ], [ 98.53340042800005, 3.59542859000004, 0.0 ], [ 98.533382891000088, 3.595405547000041, 0.0 ], [ 98.533371239000076, 3.595390117000022, 0.0 ], [ 98.53336076100004, 3.595383661000028, 0.0 ], [ 98.533348146000037, 3.595385003000047, 0.0 ], [ 98.533333688000084, 3.59539627700002, 0.0 ], [ 98.533324604000086, 3.595412013000043, 0.0 ], [ 98.533314252000082, 3.595424149000053, 0.0 ], [ 98.533291116000044, 3.595434260000047, 0.0 ], [ 98.533269651000069, 3.595431869000038, 0.0 ], [ 98.533250587000055, 3.595419882000044, 0.0 ], [ 98.53323855800005, 3.595400633000054, 0.0 ], [ 98.533226767000087, 3.595374229000072, 0.0 ], [ 98.533211812000047, 3.595337013000062, 0.0 ], [ 98.533202816000085, 3.595303608000052, 0.0 ], [ 98.533198681000044, 3.595272630000068, 0.0 ], [ 98.533197073000053, 3.59523106000006, 0.0 ], [ 98.533200837000038, 3.595194522000043, 0.0 ], [ 98.533214722000082, 3.595140240000035, 0.0 ], [ 98.533232731000055, 3.595104624000044, 0.0 ], [ 98.533306371000037, 3.595022852000056, 0.0 ], [ 98.533338312000069, 3.594980984000074, 0.0 ], [ 98.533369804000074, 3.594951987000059, 0.0 ], [ 98.533373284673019, 3.594949987674039, 0.0 ] ], [ [ 98.533582349000085, 3.599336223000023, 0.0 ], [ 98.533588335000047, 3.599287402000073, 0.0 ], [ 98.533589406000033, 3.599251822000042, 0.0 ], [ 98.533587942000054, 3.599227051000071, 0.0 ], [ 98.533583171000032, 3.599207037000042, 0.0 ], [ 98.533567046000087, 3.599186150000037, 0.0 ], [ 98.533546351000041, 3.599158799000065, 0.0 ], [ 98.533530187000054, 3.599127499000076, 0.0 ], [ 98.533517005000078, 3.599091323000039, 0.0 ], [ 98.533513303000063, 3.599067466000065, 0.0 ], [ 98.533509601000048, 3.599043608000045, 0.0 ], [ 98.53350531500007, 3.599008496000067, 0.0 ], [ 98.533491769000079, 3.598980489000041, 0.0 ], [ 98.533473248000064, 3.598962694000022, 0.0 ], [ 98.53343940600007, 3.598935220000044, 0.0 ], [ 98.533416169000077, 3.598913089000064, 0.0 ], [ 98.533403970000052, 3.598891036000055, 0.0 ], [ 98.533403350000071, 3.598837625000044, 0.0 ], [ 98.533415139000056, 3.598813204000066, 0.0 ], [ 98.533429514000034, 3.598787926000057, 0.0 ], [ 98.53345164600006, 3.598752384000022, 0.0 ], [ 98.533473257000082, 3.598714807000022, 0.0 ], [ 98.533491524000056, 3.598683678000043, 0.0 ], [ 98.533503721000045, 3.598655114000053, 0.0 ], [ 98.533527886556016, 3.598593730591082, 0.0 ] ], [ [ 98.533528071372757, 3.598229388213314, 0.0 ], [ 98.53352446100007, 3.598223319000056, 0.0 ], [ 98.533507488000055, 3.598206665000021, 0.0 ], [ 98.533490999000037, 3.598193719000051, 0.0 ], [ 98.533469862000061, 3.598166143000071, 0.0 ], [ 98.533455743000047, 3.598132527000075, 0.0 ], [ 98.533425935000082, 3.598053400000026, 0.0 ], [ 98.533415393000041, 3.598032053000054, 0.0 ], [ 98.533402270000067, 3.598004842000023, 0.0 ], [ 98.533395682000048, 3.59798031400004, 0.0 ], [ 98.533395978000044, 3.597963750000076, 0.0 ], [ 98.533403872000065, 3.597952138000039, 0.0 ], [ 98.53342286600008, 3.597942839000041, 0.0 ], [ 98.533442913000044, 3.597936815000025, 0.0 ], [ 98.533459266000079, 3.597932291000063, 0.0 ], [ 98.533485462000044, 3.597925257000043, 0.0 ], [ 98.533524299000078, 3.597922029000074, 0.0 ], [ 98.533573650000051, 3.597923122000054, 0.0 ], [ 98.533589343000074, 3.597924189000025, 0.0 ], [ 98.533590348333846, 3.597924216424413, 0.0 ] ], [ [ 98.533914635349831, 3.599944013692234, 0.0 ], [ 98.533899405000057, 3.599930543000028, 0.0 ], [ 98.533869879000065, 3.599898449000023, 0.0 ], [ 98.533825702000058, 3.599850524000033, 0.0 ], [ 98.533776304000071, 3.599801954000043, 0.0 ], [ 98.533750044000044, 3.599774502000059, 0.0 ], [ 98.533723947000055, 3.59974403800004, 0.0 ], [ 98.533707591000052, 3.599716871000055, 0.0 ], [ 98.533693423000045, 3.599692555000047, 0.0 ], [ 98.533668005000038, 3.599655379000069, 0.0 ], [ 98.533620994000046, 3.599603825000031, 0.0 ], [ 98.533596375000059, 3.599571371000025, 0.0 ], [ 98.533586383000056, 3.599550251000039, 0.0 ], [ 98.533578962000036, 3.599516195000035, 0.0 ], [ 98.533577233000074, 3.599481121000053, 0.0 ], [ 98.533578681000051, 3.599449802000038, 0.0 ], [ 98.533579990000078, 3.599407166000049, 0.0 ], [ 98.533580981000057, 3.599369568000043, 0.0 ], [ 98.533582349000085, 3.599336223000023, 0.0 ], [ 98.533548143000075, 3.59931668300004, 0.0 ], [ 98.533525860000054, 3.599313668000036, 0.0 ], [ 98.533495156000072, 3.599312286000043, 0.0 ], [ 98.533455422000031, 3.599311560000046, 0.0 ], [ 98.533410672000059, 3.599310641000045, 0.0 ], [ 98.533339144000081, 3.599310469000045, 0.0 ], [ 98.533308692000048, 3.599310716000048, 0.0 ], [ 98.53327642000005, 3.599310636000041, 0.0 ], [ 98.533251436000057, 3.599309384000037, 0.0 ], [ 98.533236427000077, 3.599306037000076, 0.0 ], [ 98.533220737000079, 3.599298249000071, 0.0 ], [ 98.533204571000056, 3.599286806000066, 0.0 ], [ 98.533191336000073, 3.599269177000053, 0.0 ], [ 98.533182038000064, 3.599243777000027, 0.0 ], [ 98.53317069600007, 3.599219672000061, 0.0 ], [ 98.533142316000067, 3.599182194000036, 0.0 ], [ 98.533112515000084, 3.599158522000039, 0.0 ], [ 98.53309386400008, 3.599148778000028, 0.0 ], [ 98.533075533000044, 3.59914696900006, 0.0 ], [ 98.533051086000057, 3.599147065000068, 0.0 ], [ 98.53301779800006, 3.599148785000068, 0.0 ], [ 98.532987154000068, 3.599154215000056, 0.0 ], [ 98.532947362000073, 3.599159804000067, 0.0 ], [ 98.532921589000068, 3.599165897000034, 0.0 ], [ 98.532899328000042, 3.59917123200006, 0.0 ], [ 98.532859259000077, 3.599173301000064, 0.0 ], [ 98.532819291000067, 3.599171091000073, 0.0 ], [ 98.532764258000043, 3.599170511000068, 0.0 ], [ 98.532740749000084, 3.599169286000063, 0.0 ], [ 98.532722425000031, 3.599170291000064, 0.0 ], [ 98.532709233000048, 3.599172808000048, 0.0 ], [ 98.532696022000039, 3.59917637500007, 0.0 ], [ 98.532679281000071, 3.599182111000061, 0.0 ], [ 98.532667097000058, 3.599186401000054, 0.0 ], [ 98.532657100000051, 3.599190187000033, 0.0 ], [ 98.532636695000065, 3.599193741000022, 0.0 ], [ 98.532610896000051, 3.599197870000069, 0.0 ], [ 98.532588230000044, 3.599202917000071, 0.0 ], [ 98.532566664000058, 3.599205320000067, 0.0 ], [ 98.532534303000034, 3.599206009000056, 0.0 ], [ 98.532500088000063, 3.599205676000054, 0.0 ], [ 98.532449539000083, 3.599204428000064, 0.0 ], [ 98.532330177000063, 3.599194144000023, 0.0 ], [ 98.532274435000033, 3.599190535000048, 0.0 ], [ 98.532258057000035, 3.59918947400007, 0.0 ], [ 98.532210445000032, 3.599186963000022, 0.0 ], [ 98.532191915000055, 3.599185985000076, 0.0 ], [ 98.532146564000072, 3.59918063300006, 0.0 ], [ 98.532121578000044, 3.599179380000066, 0.0 ], [ 98.532081756000082, 3.599173380000025, 0.0 ], [ 98.532056182000076, 3.599161028000026, 0.0 ], [ 98.53204016400008, 3.599142989000029, 0.0 ], [ 98.532014896000078, 3.599113168000031, 0.0 ], [ 98.531990343000075, 3.599092555000027, 0.0 ], [ 98.531966453000052, 3.599079815000039, 0.0 ], [ 98.531941651000068, 3.599070222000023, 0.0 ], [ 98.531924053000068, 3.599060569000073, 0.0 ], [ 98.531899907000081, 3.59903715300004, 0.0 ], [ 98.531860645000052, 3.598992361000057, 0.0 ], [ 98.531833154000083, 3.598959118000039, 0.0 ], [ 98.531807402000084, 3.598941852000053, 0.0 ], [ 98.531783970000049, 3.598930668000037, 0.0 ], [ 98.531765011000061, 3.598925475000044, 0.0 ], [ 98.531744951000064, 3.598923211000056, 0.0 ], [ 98.531719793000036, 3.598923497000044, 0.0 ], [ 98.531676410000046, 3.598927247000063, 0.0 ], [ 98.531645138000044, 3.598929221000049, 0.0 ], [ 98.531608040000037, 3.598929528000042, 0.0 ], [ 98.53157473300007, 3.598932234000074, 0.0 ], [ 98.531544577000034, 3.598934661000044, 0.0 ], [ 98.531527226000037, 3.598935819000076, 0.0 ], [ 98.531498114000044, 3.598938410000073, 0.0 ], [ 98.531478213000071, 3.598941131000061, 0.0 ], [ 98.531459149000057, 3.598947445000022, 0.0 ], [ 98.531441550000068, 3.598956953000027, 0.0 ], [ 98.53141880000004, 3.59896894600007, 0.0 ], [ 98.531393672000036, 3.598980531000052, 0.0 ], [ 98.531375644000036, 3.598984348000045, 0.0 ], [ 98.531359923000082, 3.598984630000075, 0.0 ], [ 98.531347039000082, 3.598982524000064, 0.0 ], [ 98.531340244000035, 3.598976948000029, 0.0 ], [ 98.531318639000062, 3.598949273000073, 0.0 ], [ 98.53124994500007, 3.598865075000049, 0.0 ], [ 98.531201941000063, 3.598801145000039, 0.0 ], [ 98.531182529000034, 3.598781749000068, 0.0 ], [ 98.531164238000088, 3.598771209000063, 0.0 ], [ 98.531136272000083, 3.598768444000029, 0.0 ], [ 98.53108522000008, 3.59876803800006, 0.0 ], [ 98.531008533000033, 3.598766822000073, 0.0 ], [ 98.530925791000072, 3.598771330000034, 0.0 ], [ 98.530882939000037, 3.598776112000053, 0.0 ], [ 98.530842294000081, 3.598777837000057, 0.0 ], [ 98.53081099700006, 3.598775242000045, 0.0 ], [ 98.530782055000032, 3.598762797000063, 0.0 ], [ 98.530780065000044, 3.598761792000062, 0.0 ], [ 98.530768727000066, 3.598747827000068, 0.0 ], [ 98.530756859000064, 3.598714990000076, 0.0 ], [ 98.530751605000034, 3.598688988000049, 0.0 ], [ 98.53074760800007, 3.598670766000055, 0.0 ], [ 98.530736026000056, 3.598657507000041, 0.0 ], [ 98.53072239100004, 3.598645748000024, 0.0 ], [ 98.530705236000074, 3.598631888000057, 0.0 ], [ 98.530690711000034, 3.598617380000064, 0.0 ], [ 98.530674929000043, 3.598595071000034, 0.0 ], [ 98.530638337000084, 3.598541533000059, 0.0 ], [ 98.530605274000038, 3.59850573600005, 0.0 ], [ 98.530584335000071, 3.598480340000037, 0.0 ], [ 98.530566157000067, 3.598459053000056, 0.0 ], [ 98.530558327000051, 3.598436694000043, 0.0 ], [ 98.530554529000085, 3.598414772000069, 0.0 ], [ 98.530548947000057, 3.598360607000075, 0.0 ], [ 98.530536874000063, 3.598304150000047, 0.0 ], [ 98.530516519000059, 3.598263014000054, 0.0 ], [ 98.530503408000072, 3.598249129000067, 0.0 ], [ 98.530484768000065, 3.59823237400002, 0.0 ], [ 98.530437155000072, 3.598216047000051, 0.0 ], [ 98.530404437000072, 3.598207934000072, 0.0 ], [ 98.530379112000048, 3.598203795000074, 0.0 ], [ 98.530356378000079, 3.598200789000032, 0.0 ], [ 98.530315457000086, 3.598193449000064, 0.0 ], [ 98.530286233000083, 3.598188631000028, 0.0 ], [ 98.530254576000061, 3.59818626200007, 0.0 ], [ 98.530217308000033, 3.598185320000027, 0.0 ], [ 98.530180509000047, 3.59818474900004, 0.0 ], [ 98.530155586000035, 3.598184202000027, 0.0 ], [ 98.530139334000069, 3.598183606000021, 0.0 ], [ 98.530129872000032, 3.598182081000061, 0.0 ], [ 98.530109922000065, 3.598176281000065, 0.0 ], [ 98.530094141000063, 3.598170437000022, 0.0 ], [ 98.530080213000076, 3.598166794000065, 0.0 ], [ 98.530063170000062, 3.598164152000038, 0.0 ], [ 98.530045261000055, 3.598162922000029, 0.0 ], [ 98.530025434000038, 3.598162848000072, 0.0 ], [ 98.530015223000078, 3.598162861000048, 0.0 ], [ 98.529993451000053, 3.598164641000039, 0.0 ], [ 98.529963709000072, 3.598167330000024, 0.0 ], [ 98.529933292000067, 3.598168093000027, 0.0 ], [ 98.529909081000085, 3.598167320000073, 0.0 ], [ 98.529892607000079, 3.598160518000043, 0.0 ], [ 98.529870073000041, 3.598137591000068, 0.0 ], [ 98.529815098000086, 3.59809378500006, 0.0 ], [ 98.529761552000082, 3.598039161000031, 0.0 ], [ 98.529711840000061, 3.597987959000022, 0.0 ], [ 98.529681022000034, 3.597947432000069, 0.0 ], [ 98.529644075000078, 3.597882666000032, 0.0 ], [ 98.529591510000046, 3.597777589000032, 0.0 ], [ 98.529519789000062, 3.597625206000032, 0.0 ], [ 98.529496401000074, 3.597581390000073, 0.0 ], [ 98.529485918000034, 3.597566603000075, 0.0 ], [ 98.529475495000042, 3.597559930000045, 0.0 ], [ 98.529464764000068, 3.59755646800005, 0.0 ], [ 98.52945184400005, 3.59755535000005, 0.0 ], [ 98.529433791000088, 3.597555665000073, 0.0 ], [ 98.529408794000062, 3.597558340000035, 0.0 ], [ 98.529379672000061, 3.597565100000054, 0.0 ], [ 98.529344261000062, 3.597577204000061, 0.0 ], [ 98.529284646000065, 3.59759354800002, 0.0 ], [ 98.529246544000046, 3.597605072000022, 0.0 ], [ 98.529182459000083, 3.597627402000057, 0.0 ], [ 98.529075920000082, 3.597667623000063, 0.0 ], [ 98.528910315000076, 3.597723716000075, 0.0 ], [ 98.528716687000042, 3.597786264000035, 0.0 ], [ 98.528661066000041, 3.597808029000021, 0.0 ], [ 98.528638812000054, 3.597819623000021, 0.0 ], [ 98.528624086000036, 3.597826672000053, 0.0 ], [ 98.528604543000085, 3.597834687000045, 0.0 ], [ 98.528588864000085, 3.597840731000076, 0.0 ], [ 98.528575040000078, 3.597846912000023, 0.0 ], [ 98.528558206000071, 3.597856365000041, 0.0 ], [ 98.528545769000061, 3.597861696000052, 0.0 ], [ 98.528516198000034, 3.597863698000026, 0.0 ], [ 98.528487638000058, 3.59786385600006, 0.0 ], [ 98.52844402900007, 3.597867904000054, 0.0 ], [ 98.528399314000069, 3.597869075000062, 0.0 ], [ 98.52834421700004, 3.597871209000061, 0.0 ], [ 98.528266617000043, 3.597877854000046, 0.0 ], [ 98.528249965000043, 3.597880902000043, 0.0 ], [ 98.528200538000078, 3.59788995100007, 0.0 ], [ 98.528115878000051, 3.597898013000076, 0.0 ], [ 98.528069, 3.597903860000031, 0.0 ], [ 98.528033937000032, 3.597906529000056, 0.0 ], [ 98.528015972000048, 3.597909767000033, 0.0 ], [ 98.527998007000065, 3.597913005000066, 0.0 ], [ 98.527950055000076, 3.597923348000052, 0.0 ], [ 98.527917664000086, 3.597928922000051, 0.0 ], [ 98.527889580000078, 3.597929776000058, 0.0 ], [ 98.527867134000076, 3.597927710000022, 0.0 ], [ 98.52784992100004, 3.597923206000075, 0.0 ], [ 98.527811708000058, 3.59790418800003, 0.0 ], [ 98.527776586000073, 3.597882584000047, 0.0 ], [ 98.527744636000079, 3.597854568000059, 0.0 ], [ 98.527726361000077, 3.597831471000063, 0.0 ], [ 98.52770133000007, 3.597795444000042, 0.0 ], [ 98.527673355000047, 3.597741972000051, 0.0 ], [ 98.527636303000065, 3.597687800000074, 0.0 ], [ 98.527599305000081, 3.597635600000046, 0.0 ], [ 98.527560430000051, 3.597592798000051, 0.0 ], [ 98.527523644000041, 3.597548749000055, 0.0 ], [ 98.527494690000083, 3.597508811000068, 0.0 ], [ 98.527460606000034, 3.597462176000022, 0.0 ], [ 98.527413424000088, 3.597392365000076, 0.0 ], [ 98.52738405100007, 3.597344846000055, 0.0 ], [ 98.527361561000077, 3.597304270000052, 0.0 ], [ 98.527345074000038, 3.597271186000057, 0.0 ], [ 98.527326094000045, 3.597235695000052, 0.0 ], [ 98.527314512000032, 3.597206261000053, 0.0 ], [ 98.527300799000045, 3.597171370000069, 0.0 ], [ 98.52728875400004, 3.597114016000035, 0.0 ], [ 98.52728138100008, 3.597075248000067, 0.0 ], [ 98.527274938000062, 3.597052402000031, 0.0 ], [ 98.527257728000052, 3.59702098300005, 0.0 ], [ 98.527251183000033, 3.597002561000068, 0.0 ], [ 98.527241905000039, 3.596975335000025, 0.0 ], [ 98.527237519000039, 3.59694330700006, 0.0 ], [ 98.527232248000075, 3.596861939000064, 0.0 ], [ 98.527231542000038, 3.596746476000021, 0.0 ], [ 98.527230957000086, 3.596728681000059, 0.0 ], [ 98.527232925000078, 3.596700918000067, 0.0 ], [ 98.527233972000033, 3.596680012000036, 0.0 ], [ 98.527233438000053, 3.596668703000034, 0.0 ], [ 98.527228126000068, 3.596647658000052, 0.0 ], [ 98.527215725000076, 3.596619770000075, 0.0 ], [ 98.527193558000079, 3.596564655000066, 0.0 ], [ 98.527178506000041, 3.596524037000052, 0.0 ], [ 98.527145095000037, 3.596463958000072, 0.0 ], [ 98.527126014000032, 3.59643348000003, 0.0 ], [ 98.527109225000061, 3.596409326000071, 0.0 ], [ 98.527090095000062, 3.596385324000039, 0.0 ], [ 98.527071008000064, 3.596345797000026, 0.0 ], [ 98.527046994000045, 3.596276786000033, 0.0 ], [ 98.527012308000053, 3.596194770000068, 0.0 ], [ 98.527003712000067, 3.596171687000037, 0.0 ], [ 98.526991353000085, 3.596146459000067, 0.0 ], [ 98.52698021100008, 3.59611949400005, 0.0 ], [ 98.526972924000063, 3.596090251000021, 0.0 ], [ 98.526970584000082, 3.596054136000021, 0.0 ], [ 98.526969027000064, 3.595999773000074, 0.0 ], [ 98.526971377000052, 3.595964059000039, 0.0 ], [ 98.526972438000087, 3.595915252000054, 0.0 ], [ 98.526973220000059, 3.595883825000044, 0.0 ], [ 98.526973860000055, 3.595845721000046, 0.0 ], [ 98.526975811000057, 3.59578297500002, 0.0 ], [ 98.526979143000062, 3.595746898000073, 0.0 ], [ 98.526991343000077, 3.595694108000032, 0.0 ], [ 98.527000514000065, 3.595650291000027, 0.0 ], [ 98.527016323000055, 3.595584412000051, 0.0 ], [ 98.527022496000086, 3.595521379000047, 0.0 ], [ 98.52703628200004, 3.595449664000057, 0.0 ], [ 98.527047866000032, 3.595371217000036, 0.0 ], [ 98.527057426000056, 3.595323284000074, 0.0 ], [ 98.527058327000077, 3.595320310000034, 0.0 ], [ 98.527069115000074, 3.595284724000066, 0.0 ], [ 98.527083502000039, 3.595234840000046, 0.0 ], [ 98.527094078000061, 3.595189675000029, 0.0 ], [ 98.527100095000037, 3.59513350800006, 0.0 ], [ 98.527099759000066, 3.595121910000046, 0.0 ], [ 98.527095508000059, 3.59510599500004, 0.0 ], [ 98.527084924000064, 3.595080125000038, 0.0 ], [ 98.527079125000057, 3.59506338500006, 0.0 ], [ 98.52706728000004, 3.595037388000037, 0.0 ], [ 98.527054491000058, 3.595009301000061, 0.0 ], [ 98.527054387000078, 3.594982667000068, 0.0 ], [ 98.527055053000083, 3.594965488000071, 0.0 ], [ 98.527056376000075, 3.594949992000068, 0.0 ], [ 98.527057582000054, 3.59491680900004, 0.0 ], [ 98.527056888000061, 3.594899602000055, 0.0 ], [ 98.527052128000037, 3.594875526000067, 0.0 ], [ 98.52703835300008, 3.594821285000023, 0.0 ], [ 98.527023112000052, 3.594744109000032, 0.0 ], [ 98.527010450000034, 3.594697259000043, 0.0 ], [ 98.527002304000064, 3.594640197000047, 0.0 ], [ 98.526994185000035, 3.594599827000025, 0.0 ], [ 98.526981242000033, 3.59455670400007, 0.0 ], [ 98.526971314000036, 3.59451404400005, 0.0 ], [ 98.52696343000008, 3.594454422000069, 0.0 ], [ 98.526952681000068, 3.594364384000073, 0.0 ], [ 98.526942514000041, 3.594296665000059, 0.0 ], [ 98.526935526000045, 3.594245023000042, 0.0 ], [ 98.526928680000083, 3.594200166000064, 0.0 ], [ 98.526922312000067, 3.594151691000036, 0.0 ], [ 98.52691586800006, 3.594110570000055, 0.0 ], [ 98.526908065000043, 3.594087416000036, 0.0 ], [ 98.526900706000049, 3.594074964000072, 0.0 ], [ 98.526887455000065, 3.594032429000038, 0.0 ], [ 98.526876071000061, 3.593980196000075, 0.0 ], [ 98.52685910100007, 3.593904592000058, 0.0 ], [ 98.52685563700004, 3.593864839000048, 0.0 ], [ 98.526862796000046, 3.593810292000057, 0.0 ], [ 98.526873851000062, 3.593780878000075, 0.0 ], [ 98.526895429000035, 3.593754501000035, 0.0 ], [ 98.526925091000066, 3.593714937000072, 0.0 ], [ 98.526961780000079, 3.593648128000041, 0.0 ], [ 98.526975789000062, 3.593616888000042, 0.0 ], [ 98.526976045000083, 3.593608783000036, 0.0 ], [ 98.526973555000041, 3.593601444000058, 0.0 ], [ 98.526958954000065, 3.593577445000051, 0.0 ], [ 98.526942924000082, 3.593546841000034, 0.0 ], [ 98.52693756900004, 3.593524800000068, 0.0 ], [ 98.526932413000054, 3.59350041700003, 0.0 ], [ 98.526920443000051, 3.593472873000053, 0.0 ], [ 98.526878632000034, 3.593397022000033, 0.0 ], [ 98.52683402200006, 3.593317126000045, 0.0 ], [ 98.526798154000062, 3.593256911000026, 0.0 ], [ 98.526764361000062, 3.593205527000066, 0.0 ], [ 98.526718890000041, 3.59313716500003, 0.0 ], [ 98.526671493000038, 3.593068069000026, 0.0 ], [ 98.526653572000043, 3.593055503000073, 0.0 ], [ 98.526630133000083, 3.593058540000072, 0.0 ], [ 98.52657864300005, 3.593102525000063, 0.0 ], [ 98.526537145000077, 3.593135016000076, 0.0 ], [ 98.52652558300008, 3.593136060000063, 0.0 ], [ 98.526504908000049, 3.59312340200006, 0.0 ], [ 98.526459759000034, 3.593075766000027, 0.0 ], [ 98.526428267000085, 3.593034181000064, 0.0 ], [ 98.526331821000042, 3.592902184000025, 0.0 ], [ 98.526300868000078, 3.592861550000066, 0.0 ], [ 98.526277402000062, 3.592829512000037, 0.0 ], [ 98.526250192000077, 3.59279375400007, 0.0 ], [ 98.52621978600007, 3.592756855000061, 0.0 ], [ 98.526187032000053, 3.592716237000047, 0.0 ], [ 98.526169011000036, 3.592689277000034, 0.0 ], [ 98.526142117000063, 3.592652878000024, 0.0 ], [ 98.526111827000079, 3.59261725500005, 0.0 ], [ 98.526082692000045, 3.592579072000035, 0.0 ], [ 98.526055234000069, 3.592537135000043, 0.0 ], [ 98.526021674000049, 3.592489053000065, 0.0 ], [ 98.525936509000076, 3.592375961000073, 0.0 ], [ 98.525892217000035, 3.592310151000049, 0.0 ], [ 98.525857577000068, 3.592259201000047, 0.0 ], [ 98.52580531600006, 3.592192906000037, 0.0 ], [ 98.525777990000051, 3.592155023000032, 0.0 ], [ 98.525745933000053, 3.592108751000069, 0.0 ], [ 98.525717968000038, 3.59207097500007, 0.0 ], [ 98.525697806000039, 3.592041364000067, 0.0 ], [ 98.525674638000055, 3.592006541000046, 0.0 ], [ 98.525655363000055, 3.591966472000024, 0.0 ], [ 98.525642720000064, 3.591941868000049, 0.0 ], [ 98.525630078000063, 3.591917263000028, 0.0 ], [ 98.525601864000066, 3.591874060000066, 0.0 ], [ 98.52558246500007, 3.591847209000036, 0.0 ], [ 98.525546167000073, 3.591801712000063, 0.0 ], [ 98.525512541000069, 3.591758542000036, 0.0 ], [ 98.525488618000054, 3.591722018000041, 0.0 ], [ 98.525472066000077, 3.591692273000035, 0.0 ], [ 98.525457050000057, 3.591669874000047, 0.0 ], [ 98.525437220000072, 3.591641647000074, 0.0 ], [ 98.525413446000073, 3.59161162700002, 0.0 ], [ 98.525386884000056, 3.591578005000031, 0.0 ], [ 98.525354463000042, 3.591539622000028, 0.0 ], [ 98.525321890000043, 3.59149644300004, 0.0 ], [ 98.52529932200008, 3.59147047600004, 0.0 ], [ 98.525218798000083, 3.591384753000057, 0.0 ], [ 98.525195863000079, 3.591353033000075, 0.0 ], [ 98.525172538000049, 3.591310321000037, 0.0 ], [ 98.525161015000037, 3.591271468000059, 0.0 ], [ 98.525156290000041, 3.59123310800004, 0.0 ], [ 98.525153357000079, 3.591192179000075, 0.0 ], [ 98.525156288000062, 3.591166961000056, 0.0 ], [ 98.525157265000075, 3.591158556000039, 0.0 ], [ 98.525171065000052, 3.591128709000031, 0.0 ], [ 98.525179530000059, 3.591109236000023, 0.0 ], [ 98.525180367000075, 3.59109195700006, 0.0 ], [ 98.525179088000073, 3.591076179000027, 0.0 ], [ 98.525167815000032, 3.591058016000034, 0.0 ], [ 98.525153937000084, 3.591046275000053, 0.0 ], [ 98.525134764000086, 3.591036812000027, 0.0 ], [ 98.525072015000035, 3.591018269000074, 0.0 ], [ 98.525038873000085, 3.591014869000048, 0.0 ], [ 98.524978217000069, 3.591008794000061, 0.0 ], [ 98.524910663000071, 3.591001793000032, 0.0 ], [ 98.524784088000047, 3.590994788000046, 0.0 ], [ 98.524733991000062, 3.59099470700005, 0.0 ], [ 98.524699056000031, 3.590993251000043, 0.0 ], [ 98.524674471000083, 3.590983603000041, 0.0 ], [ 98.524649819000047, 3.590964692000057, 0.0 ], [ 98.524637409000036, 3.590950482000039, 0.0 ], [ 98.524628104000044, 3.590940685000021, 0.0 ], [ 98.524618799000052, 3.59093088700007, 0.0 ], [ 98.52459095200004, 3.590910282000038, 0.0 ], [ 98.524573372000077, 3.590900484000031, 0.0 ], [ 98.524548762000052, 3.590887326000029, 0.0 ], [ 98.524529123000036, 3.590871141000036, 0.0 ], [ 98.524513568000032, 3.590847684000039, 0.0 ], [ 98.524501174000079, 3.59082036500007, 0.0 ], [ 98.524490929000081, 3.590781830000026, 0.0 ], [ 98.524485440000035, 3.590740909000033, 0.0 ], [ 98.524475411000083, 3.590702800000031, 0.0 ], [ 98.524455597000042, 3.590661022000063, 0.0 ], [ 98.524426304000087, 3.59061547500005, 0.0 ], [ 98.524403269000061, 3.590584496000076, 0.0 ], [ 98.524395456000036, 3.590574032000063, 0.0 ], [ 98.52435098400008, 3.59051447500002, 0.0 ], [ 98.524306607000085, 3.590436931000056, 0.0 ], [ 98.524287074000085, 3.590389923000032, 0.0 ], [ 98.524276929000052, 3.590350963000049, 0.0 ], [ 98.524266444000034, 3.590307732000042, 0.0 ], [ 98.52426106300004, 3.590265754000029, 0.0 ], [ 98.524251142000082, 3.590228177000029, 0.0 ], [ 98.524241330000052, 3.590206379000051, 0.0 ], [ 98.524218886000085, 3.590184565000072, 0.0 ], [ 98.52419661600004, 3.590171716000043, 0.0 ], [ 98.52415770500005, 3.590163345000065, 0.0 ], [ 98.524114928000074, 3.590162898000074, 0.0 ], [ 98.524069170000075, 3.59016119100005, 0.0 ], [ 98.524019378000048, 3.590160152000067, 0.0 ], [ 98.52396163700007, 3.59016002200002, 0.0 ], [ 98.523915670000065, 3.590160451000031, 0.0 ], [ 98.523873964000074, 3.590161696000052, 0.0 ], [ 98.523837677000074, 3.59016301500003, 0.0 ], [ 98.523808511000084, 3.590167379000036, 0.0 ], [ 98.523748552000086, 3.590168541000025, 0.0 ], [ 98.523671164000064, 3.590167913000073, 0.0 ], [ 98.523604848000048, 3.590170719000071, 0.0 ], [ 98.523563879000051, 3.590172073000076, 0.0 ], [ 98.523529592000045, 3.590171675000022, 0.0 ], [ 98.523512925000034, 3.590171363000024, 0.0 ], [ 98.523496259000069, 3.590171051000027, 0.0 ], [ 98.523455905000048, 3.590168669000036, 0.0 ], [ 98.523426382000082, 3.590166952000061, 0.0 ], [ 98.523397614000032, 3.590165978000073, 0.0 ], [ 98.523376906000067, 3.590164946000073, 0.0 ], [ 98.523346860000061, 3.590164197000036, 0.0 ], [ 98.523317561000056, 3.590163439000037, 0.0 ], [ 98.523285323000039, 3.590153001000033, 0.0 ], [ 98.523251939000033, 3.590129770000033, 0.0 ], [ 98.523216165000065, 3.590098025000032, 0.0 ], [ 98.523171891000061, 3.590050027000075, 0.0 ], [ 98.523150890000068, 3.590022225000041, 0.0 ], [ 98.523125722000032, 3.589989345000049, 0.0 ], [ 98.523099583000032, 3.589954864000049, 0.0 ], [ 98.523081654000066, 3.589926086000048, 0.0 ], [ 98.523067335000064, 3.589896749000047, 0.0 ], [ 98.523048791000065, 3.589854329000048, 0.0 ], [ 98.52304074500006, 3.589811725000061, 0.0 ], [ 98.523021467000035, 3.589724939000064, 0.0 ], [ 98.523009761000083, 3.589674787000035, 0.0 ], [ 98.52300057900004, 3.589636886000051, 0.0 ], [ 98.522994004000054, 3.589606540000034, 0.0 ], [ 98.522985635000055, 3.589578871000072, 0.0 ], [ 98.522975823000081, 3.589556222000056, 0.0 ], [ 98.522958865000078, 3.589529570000025, 0.0 ], [ 98.522944413000062, 3.589511968000068, 0.0 ], [ 98.522929016000035, 3.58949554000003, 0.0 ], [ 98.522909900000059, 3.589478721000035, 0.0 ], [ 98.522883987000057, 3.58946161800003, 0.0 ], [ 98.522852346000036, 3.58944499200004, 0.0 ], [ 98.522818673000074, 3.589425280000057, 0.0 ], [ 98.522789132000071, 3.589405009000075, 0.0 ], [ 98.522756371000071, 3.589380602000062, 0.0 ], [ 98.522715940000069, 3.589350808000063, 0.0 ], [ 98.522674796000047, 3.58932614400004, 0.0 ], [ 98.522626198000069, 3.589297477000059, 0.0 ], [ 98.52259276500007, 3.589283093000063, 0.0 ], [ 98.522512188000064, 3.589265419000071, 0.0 ], [ 98.522476888000085, 3.589257132000057, 0.0 ], [ 98.522432525000056, 3.589241874000038, 0.0 ], [ 98.522408321000057, 3.589226256000074, 0.0 ], [ 98.522392384000057, 3.589208986000074, 0.0 ], [ 98.522375616000033, 3.589179241000068, 0.0 ], [ 98.522364468000035, 3.58914775300002, 0.0 ], [ 98.52235693700004, 3.589118474000031, 0.0 ], [ 98.522348694000073, 3.589092298000025, 0.0 ], [ 98.522333487000083, 3.589056890000052, 0.0 ], [ 98.522321317000035, 3.589032549000024, 0.0 ], [ 98.522303006000072, 3.589009425000029, 0.0 ], [ 98.522283641000058, 3.588987268000039, 0.0 ], [ 98.522269670000071, 3.588962519000063, 0.0 ], [ 98.522258389000058, 3.588927087000059, 0.0 ], [ 98.522256728000059, 3.588901393000071, 0.0 ], [ 98.522260269000071, 3.588876950000042, 0.0 ], [ 98.522268319000034, 3.588858870000024, 0.0 ], [ 98.522280279000086, 3.588837771000044, 0.0 ], [ 98.522291209000059, 3.588822343000061, 0.0 ], [ 98.52229780600004, 3.588809926000067, 0.0 ], [ 98.522301150000033, 3.588786117000041, 0.0 ], [ 98.522299463000081, 3.588757655000052, 0.0 ], [ 98.522290763000058, 3.588727109000047, 0.0 ], [ 98.522276660000045, 3.588697981000053, 0.0 ], [ 98.522251210000036, 3.588656353000033, 0.0 ], [ 98.522224598000037, 3.588613982000027, 0.0 ], [ 98.52216836100007, 3.588556145000041, 0.0 ], [ 98.522144748000073, 3.588532530000066, 0.0 ], [ 98.522125582000058, 3.588508664000074, 0.0 ], [ 98.522101900000052, 3.588476735000029, 0.0 ], [ 98.522082277000038, 3.588448074000041, 0.0 ], [ 98.522053250000056, 3.588409990000059, 0.0 ], [ 98.52201864400007, 3.588364160000026, 0.0 ], [ 98.521995361000052, 3.588328061000027, 0.0 ], [ 98.521956639000052, 3.58828406400005, 0.0 ], [ 98.521928326000079, 3.588242570000034, 0.0 ], [ 98.521855391000088, 3.58817897900002, 0.0 ], [ 98.521820778000063, 3.588147543000048, 0.0 ], [ 98.521789261000038, 3.588117690000047, 0.0 ], [ 98.521744215000069, 3.588081525000064, 0.0 ], [ 98.521708839000041, 3.588046053000028, 0.0 ], [ 98.521680435000064, 3.588005618000068, 0.0 ], [ 98.521645339000031, 3.587950188000036, 0.0 ], [ 98.521598648000065, 3.587874796000051, 0.0 ], [ 98.521567952000055, 3.587825738000049, 0.0 ], [ 98.521537804000047, 3.587779449000038, 0.0 ], [ 98.521511084000053, 3.587737079000021, 0.0 ], [ 98.521480288000078, 3.587689088000047, 0.0 ], [ 98.521451435000074, 3.587645885000029, 0.0 ], [ 98.52142327100006, 3.587609818000033, 0.0 ], [ 98.52139141400005, 3.587577940000074, 0.0 ], [ 98.521336101000031, 3.58752937600002, 0.0 ], [ 98.521306941000034, 3.587503233000064, 0.0 ], [ 98.521282264000035, 3.587481328000024, 0.0 ], [ 98.521257803000083, 3.587458888000072, 0.0 ], [ 98.521231275000048, 3.587428893000038, 0.0 ], [ 98.521205974000054, 3.587393127000041, 0.0 ], [ 98.52118777000004, 3.587354652000045, 0.0 ], [ 98.52115617700008, 3.587282669000047, 0.0 ], [ 98.521136918000082, 3.587245903000053, 0.0 ], [ 98.52112092200008, 3.58720420800006, 0.0 ], [ 98.521111027000075, 3.587170042000025, 0.0 ], [ 98.521101272000067, 3.587125319000052, 0.0 ], [ 98.521087974000068, 3.587089677000051, 0.0 ], [ 98.521085946000085, 3.587065485000039, 0.0 ], [ 98.521083920000081, 3.587041294000073, 0.0 ], [ 98.52108329400005, 3.586981043000037, 0.0 ], [ 98.521083599000065, 3.58694871900002, 0.0 ], [ 98.521084037000037, 3.586919391000038, 0.0 ], [ 98.521088924000082, 3.586889386000053, 0.0 ], [ 98.521099761000073, 3.586845370000049, 0.0 ], [ 98.521101435000048, 3.586795560000041, 0.0 ], [ 98.521099115000084, 3.586735959000066, 0.0 ], [ 98.521096723000085, 3.58671272600003, 0.0 ], [ 98.521087335000061, 3.586689644000046, 0.0 ], [ 98.521078370000055, 3.586667312000031, 0.0 ], [ 98.521061983000038, 3.586615276000032, 0.0 ], [ 98.521054187000061, 3.586578, 0.0 ], [ 98.521044929000084, 3.586528266000073, 0.0 ], [ 98.521033208000063, 3.586491439000042, 0.0 ], [ 98.521016564000035, 3.586447935000024, 0.0 ], [ 98.520999298000049, 3.586407424000072, 0.0 ], [ 98.520973307000077, 3.586347774000046, 0.0 ], [ 98.520944710000038, 3.586279937000029, 0.0 ], [ 98.520927595000046, 3.586260323000033, 0.0 ], [ 98.520904271000063, 3.586249076000058, 0.0 ], [ 98.520878748000086, 3.586242639000034, 0.0 ], [ 98.52085364900006, 3.586235669000075, 0.0 ], [ 98.520837165000046, 3.586231201000032, 0.0 ], [ 98.520820267000033, 3.586227691000033, 0.0 ], [ 98.520803368000031, 3.586225139000021, 0.0 ], [ 98.520775471000036, 3.586212007000029, 0.0 ], [ 98.520750728000053, 3.586195221000025, 0.0 ], [ 98.52073613500005, 3.586172498000053, 0.0 ], [ 98.520731021000074, 3.586154935000025, 0.0 ], [ 98.520730539000056, 3.586130943000057, 0.0 ], [ 98.520732721000059, 3.586108111000044, 0.0 ], [ 98.520736528000043, 3.586091766000038, 0.0 ], [ 98.520747532000087, 3.586054997000076, 0.0 ], [ 98.520774089000042, 3.585996796000074, 0.0 ], [ 98.520791233000068, 3.585959026000069, 0.0 ], [ 98.520801320000032, 3.585936701000037, 0.0 ], [ 98.520804719000068, 3.585929179000061, 0.0 ], [ 98.52081703500005, 3.585898273000055, 0.0 ], [ 98.520837350000079, 3.585857818000022, 0.0 ], [ 98.520863161000079, 3.585813911000059, 0.0 ], [ 98.520908267000038, 3.585751530000039, 0.0 ], [ 98.52092749600007, 3.585723243000075, 0.0 ], [ 98.520948194000084, 3.585693237000044, 0.0 ], [ 98.521003557000085, 3.585609982000051, 0.0 ], [ 98.521028878000038, 3.585571629000071, 0.0 ], [ 98.521046846000047, 3.585545367000066, 0.0 ], [ 98.521084597000083, 3.585478984000076, 0.0 ], [ 98.521108158000061, 3.58541653900005, 0.0 ], [ 98.521117078000032, 3.585386934000041, 0.0 ], [ 98.52112487900007, 3.585363199000028, 0.0 ], [ 98.521132961000035, 3.585334246000059, 0.0 ], [ 98.52114537500006, 3.585303874000033, 0.0 ], [ 98.521154377000073, 3.585222965000071, 0.0 ], [ 98.521157312000071, 3.585186897000028, 0.0 ], [ 98.521165643000074, 3.585149087000048, 0.0 ], [ 98.521170970000071, 3.585120791000065, 0.0 ], [ 98.521177924000085, 3.58509760000004, 0.0 ], [ 98.521187335000036, 3.585077051000042, 0.0 ], [ 98.52120185800004, 3.58505892900007, 0.0 ], [ 98.521216631000073, 3.585046986000066, 0.0 ], [ 98.521249514000033, 3.58502788800007, 0.0 ], [ 98.52127319300007, 3.585013751000076, 0.0 ], [ 98.521303188000047, 3.584991991000038, 0.0 ], [ 98.521310308000068, 3.58497754800004, 0.0 ], [ 98.52131219100005, 3.584958976000053, 0.0 ], [ 98.521311501000071, 3.584935092000023, 0.0 ], [ 98.521308968000085, 3.584922308000046, 0.0 ], [ 98.521304942000086, 3.584908049000035, 0.0 ], [ 98.521296451000069, 3.584892005000029, 0.0 ], [ 98.521283376000042, 3.584875036000028, 0.0 ], [ 98.521264483000039, 3.584828345000062, 0.0 ], [ 98.521259145000045, 3.584792870000058, 0.0 ], [ 98.521254952000049, 3.584754076000024, 0.0 ], [ 98.521257249000087, 3.584733369000048, 0.0 ], [ 98.521265887000084, 3.584709210000028, 0.0 ], [ 98.521274062000032, 3.584693691000041, 0.0 ], [ 98.521279523000032, 3.584684800000048, 0.0 ], [ 98.521291382000072, 3.584665628000039, 0.0 ], [ 98.521305167000037, 3.584648781000055, 0.0 ], [ 98.521327326000062, 3.584629325000037, 0.0 ], [ 98.521353511000086, 3.584609734000026, 0.0 ], [ 98.521382493000033, 3.584578493000038, 0.0 ], [ 98.521396245000062, 3.584556219000035, 0.0 ], [ 98.521412875000067, 3.584521226000049, 0.0 ], [ 98.521436909000045, 3.584465601000034, 0.0 ], [ 98.521458137000081, 3.584435171000052, 0.0 ], [ 98.521476844000063, 3.584407525000074, 0.0 ], [ 98.521513436000077, 3.584357245000035, 0.0 ], [ 98.521545568000079, 3.584308075000024, 0.0 ], [ 98.521585165000033, 3.584245936000059, 0.0 ], [ 98.52164421100008, 3.584143252000047, 0.0 ], [ 98.521658709000064, 3.584105825000051, 0.0 ], [ 98.521663996000086, 3.584087228000044, 0.0 ], [ 98.521668061000071, 3.584061284000029, 0.0 ], [ 98.521669436000082, 3.58402981100005, 0.0 ], [ 98.521670296000082, 3.583986189000029, 0.0 ], [ 98.521671034000065, 3.583953658000041, 0.0 ], [ 98.521672566000063, 3.583898618000035, 0.0 ], [ 98.521675493000032, 3.583846439000069, 0.0 ], [ 98.521678308000048, 3.583747234000043, 0.0 ], [ 98.521680463000052, 3.583705522000059, 0.0 ], [ 98.521681731000058, 3.583674157000075, 0.0 ], [ 98.52168361300005, 3.583638949000033, 0.0 ], [ 98.521684491000087, 3.583612606000031, 0.0 ], [ 98.521685926000032, 3.583573986000033, 0.0 ], [ 98.521686669000076, 3.583527803000038, 0.0 ], [ 98.521688501000085, 3.583485666000058, 0.0 ], [ 98.521694409000077, 3.583449572000063, 0.0 ], [ 98.521700434000081, 3.583409988000028, 0.0 ], [ 98.521703701000035, 3.583387542000025, 0.0 ], [ 98.521706087000041, 3.583366692000027, 0.0 ], [ 98.521706590000065, 3.583333334000031, 0.0 ], [ 98.521707716000037, 3.583295736000025, 0.0 ], [ 98.52170837500006, 3.58322283900003, 0.0 ], [ 98.521712731000036, 3.583210185000041, 0.0 ], [ 98.52172188600008, 3.583196149000059, 0.0 ], [ 98.521736744000066, 3.583175639000046, 0.0 ], [ 98.521737613000084, 3.583166891000076, 0.0 ], [ 98.521730317000049, 3.583156131000067, 0.0 ], [ 98.521716221000077, 3.583147973000052, 0.0 ], [ 98.521706915000038, 3.583139374000041, 0.0 ], [ 98.521704409000051, 3.583127440000055, 0.0 ], [ 98.521706101000063, 3.583112975000063, 0.0 ], [ 98.521711947000085, 3.583091266000054, 0.0 ], [ 98.521714695000071, 3.583068995000076, 0.0 ], [ 98.521716978000086, 3.583024179000063, 0.0 ], [ 98.521716851000065, 3.582974114000024, 0.0 ], [ 98.521716629000082, 3.582916849000071, 0.0 ], [ 98.521723940000072, 3.582830602000058, 0.0 ], [ 98.521724636000044, 3.582811758000048, 0.0 ], [ 98.521724857000038, 3.58278013100005, 0.0 ], [ 98.521723460000032, 3.582731921000061, 0.0 ], [ 98.521719696000048, 3.582714341000042, 0.0 ], [ 98.521714187000043, 3.582695269000055, 0.0 ], [ 98.521699168000055, 3.582660920000023, 0.0 ], [ 98.52169669400007, 3.582640645000026, 0.0 ], [ 98.521696383000062, 3.582614771000067, 0.0 ], [ 98.521698110000045, 3.582565676000058, 0.0 ], [ 98.521703058000071, 3.582471259000044, 0.0 ], [ 98.521708770000032, 3.582394058000034, 0.0 ], [ 98.521708963000037, 3.582349738000062, 0.0 ], [ 98.521707120000087, 3.582328840000059, 0.0 ], [ 98.521701351000047, 3.582307161000074, 0.0 ], [ 98.521690702000058, 3.582284873000049, 0.0 ], [ 98.521680194000055, 3.58226718100002, 0.0 ], [ 98.521668266000063, 3.582247581000047, 0.0 ], [ 98.521658926000043, 3.582234078000056, 0.0 ], [ 98.521652001000064, 3.582219265000049, 0.0 ], [ 98.52164902800007, 3.582204300000058, 0.0 ], [ 98.521647018000067, 3.582174327000075, 0.0 ], [ 98.521648085000038, 3.58211489200005, 0.0 ], [ 98.521650106000038, 3.582053810000048, 0.0 ], [ 98.521643807000032, 3.581942207000054, 0.0 ], [ 98.521641395000074, 3.581854028000066, 0.0 ], [ 98.521635785000058, 3.581751310000072, 0.0 ], [ 98.521630486000049, 3.581655258000069, 0.0 ], [ 98.521622523000076, 3.581575970000074, 0.0 ], [ 98.521621343000049, 3.581522386000074, 0.0 ], [ 98.521622970000067, 3.58147761500004, 0.0 ], [ 98.521623779000038, 3.581376139000042, 0.0 ], [ 98.52162710500005, 3.581247172000076, 0.0 ], [ 98.521627147000061, 3.581182306000073, 0.0 ], [ 98.521629833000077, 3.581153798000059, 0.0 ], [ 98.52163874300004, 3.581117512000048, 0.0 ], [ 98.521646606000047, 3.581086466000045, 0.0 ], [ 98.521648919000086, 3.581058042000052, 0.0 ], [ 98.521644364000053, 3.581021166000028, 0.0 ], [ 98.521633804000032, 3.580986533000043, 0.0 ], [ 98.521613807000051, 3.580951675000051, 0.0 ], [ 98.521583390000046, 3.580919579000067, 0.0 ], [ 98.521538532000079, 3.580869202000031, 0.0 ], [ 98.52145930100005, 3.580793540000059, 0.0 ], [ 98.521434874000079, 3.580769434000047, 0.0 ], [ 98.521394722000082, 3.580729700000063, 0.0 ], [ 98.52134516700005, 3.58067423600005, 0.0 ], [ 98.521328611000058, 3.580651439000064, 0.0 ], [ 98.521292950000031, 3.580614221000076, 0.0 ], [ 98.52124751000008, 3.580577247000065, 0.0 ], [ 98.521206298000038, 3.580546306000031, 0.0 ], [ 98.52119026400004, 3.580528386000026, 0.0 ], [ 98.521177971000043, 3.580508461000022, 0.0 ], [ 98.521167647000084, 3.580481205000069, 0.0 ], [ 98.521161391000078, 3.580444389000036, 0.0 ], [ 98.521159362000049, 3.580415984000069, 0.0 ], [ 98.521157513000048, 3.58030450900003, 0.0 ], [ 98.521152121000057, 3.580213684000057, 0.0 ], [ 98.521145499000056, 3.580097742000021, 0.0 ], [ 98.521141399000044, 3.579965831000038, 0.0 ], [ 98.521139301000062, 3.579876937000051, 0.0 ], [ 98.521133932000055, 3.579778697000052, 0.0 ], [ 98.521133991000056, 3.579717371000072, 0.0 ], [ 98.521129656000085, 3.579638553000052, 0.0 ], [ 98.521130208000045, 3.579546459000028, 0.0 ], [ 98.521130710000079, 3.57946365600003, 0.0 ], [ 98.521130050000068, 3.57938249700004, 0.0 ], [ 98.521128089000058, 3.579259489000037, 0.0 ], [ 98.521124363000069, 3.579220424000027, 0.0 ], [ 98.521118672000057, 3.57918726500003, 0.0 ], [ 98.521115834000057, 3.579157175000034, 0.0 ], [ 98.521115328000064, 3.579072370000063, 0.0 ], [ 98.521119046000081, 3.579022580000071, 0.0 ], [ 98.521118340000044, 3.578924623000034, 0.0 ], [ 98.521118246000071, 3.578846713000075, 0.0 ], [ 98.521119063000071, 3.578763801000036, 0.0 ], [ 98.521124874000066, 3.578706321000027, 0.0 ], [ 98.521124392000047, 3.57867794200007, 0.0 ], [ 98.521119078000083, 3.578647506000038, 0.0 ], [ 98.521115192000082, 3.57862754100006, 0.0 ], [ 98.521109460000048, 3.578600097000049, 0.0 ], [ 98.521106499000041, 3.578545707000046, 0.0 ], [ 98.521106805000045, 3.57847479000003, 0.0 ], [ 98.521106314000065, 3.578364113000021, 0.0 ], [ 98.521106615000065, 3.578287561000025, 0.0 ], [ 98.521105858000055, 3.578218815000071, 0.0 ], [ 98.521106843000041, 3.578125580000062, 0.0 ], [ 98.521108927000057, 3.577996387000042, 0.0 ], [ 98.521109577000061, 3.577924014000075, 0.0 ], [ 98.521109187000036, 3.577825966000034, 0.0 ], [ 98.521107380000046, 3.577731853000046, 0.0 ], [ 98.521109412000044, 3.577599529000054, 0.0 ], [ 98.521112360000075, 3.577487451000025, 0.0 ], [ 98.521113095000032, 3.577442092000069, 0.0 ], [ 98.521111746000088, 3.577351950000036, 0.0 ], [ 98.521111252000082, 3.577279351000072, 0.0 ], [ 98.521110240000041, 3.577149576000068, 0.0 ], [ 98.521108353000045, 3.577124724000043, 0.0 ], [ 98.521095022000054, 3.577101666000033, 0.0 ], [ 98.521080888000085, 3.57709643000004, 0.0 ], [ 98.52101185500004, 3.577096556000072, 0.0 ], [ 98.520912064000072, 3.577098269000032, 0.0 ], [ 98.520821215000069, 3.577099289000046, 0.0 ], [ 98.520723876000034, 3.57709707500004, 0.0 ], [ 98.520644119000053, 3.577099114000021, 0.0 ], [ 98.52054753200008, 3.577101922000054, 0.0 ], [ 98.52045680100008, 3.57710221800005, 0.0 ], [ 98.520378988000061, 3.577105751000033, 0.0 ], [ 98.520299347000048, 3.577106749000052, 0.0 ], [ 98.520281827000076, 3.577105103000065, 0.0 ], [ 98.520269007000081, 3.577102291000074, 0.0 ], [ 98.520256234000044, 3.57709571700002, 0.0 ], [ 98.520219188000056, 3.57706956100003, 0.0 ], [ 98.520187816000032, 3.577038805000029, 0.0 ], [ 98.520176326000069, 3.577023492000023, 0.0 ], [ 98.520132657000033, 3.57698939900007, 0.0 ], [ 98.520108722000032, 3.576961062000066, 0.0 ], [ 98.520045922000065, 3.576922065000076, 0.0 ], [ 98.520033745000035, 3.576911131000031, 0.0 ], [ 98.520023949000063, 3.576894072000073, 0.0 ], [ 98.520019457000046, 3.576876791000075, 0.0 ], [ 98.52001692400006, 3.576846808000028, 0.0 ], [ 98.520016722000037, 3.576801747000047, 0.0 ], [ 98.520010810000088, 3.57674324900006, 0.0 ], [ 98.520010782000043, 3.576642279000055, 0.0 ], [ 98.520005476000051, 3.57650785200002, 0.0 ], [ 98.520002033000083, 3.576444379000066, 0.0 ], [ 98.520000666000044, 3.57635549500003, 0.0 ], [ 98.519996421000087, 3.576258522000046, 0.0 ], [ 98.519991203000075, 3.576131505000035, 0.0 ], [ 98.519984912000041, 3.576038782000069, 0.0 ], [ 98.519983245000049, 3.575955417000046, 0.0 ], [ 98.519980068000052, 3.575882354000044, 0.0 ], [ 98.519977861000086, 3.57578085800003, 0.0 ] ], [ [ 98.535294890000046, 3.60345866800003, 0.0 ], [ 98.535263133000058, 3.603376743000069, 0.0 ], [ 98.535225973000081, 3.603280883000025, 0.0 ], [ 98.535209398000063, 3.603241070000024, 0.0 ], [ 98.535189984000056, 3.603192018000072, 0.0 ], [ 98.535175191000064, 3.603152567000052, 0.0 ], [ 98.535164413000075, 3.603118790000053, 0.0 ], [ 98.535148415000037, 3.603078199000038, 0.0 ], [ 98.535133105000057, 3.603049043000055, 0.0 ], [ 98.535133145000032, 3.603021387000069, 0.0 ], [ 98.535140053000077, 3.602982996000037, 0.0 ], [ 98.535149345000036, 3.602949240000044, 0.0 ], [ 98.535165888000051, 3.602908329000059, 0.0 ], [ 98.535179908000032, 3.60287151700004, 0.0 ], [ 98.535214196452742, 3.602783320789101, 0.0 ] ], [ [ 98.535684768426833, 3.593394660028827, 0.0 ], [ 98.535664686000075, 3.593345197000076, 0.0 ], [ 98.535644811000054, 3.593316572000049, 0.0 ], [ 98.535635132000039, 3.593297488000076, 0.0 ], [ 98.535629166000035, 3.593273393000061, 0.0 ], [ 98.535630620000063, 3.593246326000042, 0.0 ], [ 98.535641199000054, 3.593211140000051, 0.0 ], [ 98.535645201000079, 3.593193972000051, 0.0 ], [ 98.535649203000048, 3.593176803000063, 0.0 ], [ 98.535654578000049, 3.593054893000044, 0.0 ], [ 98.535651574000042, 3.593011920000038, 0.0 ], [ 98.535653506000074, 3.592912734000038, 0.0 ], [ 98.53566726300005, 3.592843470000048, 0.0 ], [ 98.535700735000034, 3.592783562000022, 0.0 ], [ 98.535715808000077, 3.592763152000032, 0.0 ], [ 98.535729195000044, 3.592748892000031, 0.0 ], [ 98.535753739000086, 3.592734429000075, 0.0 ], [ 98.53577643400007, 3.592724608000026, 0.0 ], [ 98.535798768000063, 3.592716921000033, 0.0 ], [ 98.535818976000087, 3.592711231000067, 0.0 ], [ 98.535844206000036, 3.592708422000044, 0.0 ], [ 98.535875371000031, 3.592704231000027, 0.0 ], [ 98.535917654000059, 3.592688140000064, 0.0 ], [ 98.535977337571154, 3.592667746751018, 0.0 ] ], [ [ 98.536462753359118, 3.570900623863562, 0.0 ], [ 98.536419350000074, 3.570943512000042, 0.0 ], [ 98.536361748000047, 3.570970686000067, 0.0 ], [ 98.536335934000078, 3.570971215000043, 0.0 ], [ 98.536258892000035, 3.570965097000055, 0.0 ], [ 98.536212047000049, 3.570942131000038, 0.0 ], [ 98.536183338000058, 3.57091599000006, 0.0 ], [ 98.536146398000085, 3.570868029000053, 0.0 ], [ 98.536115712000083, 3.570824020000032, 0.0 ], [ 98.536090577000039, 3.570797260000063, 0.0 ], [ 98.536065535000034, 3.570766208000066, 0.0 ], [ 98.536022308000042, 3.570676959000025, 0.0 ], [ 98.536009457000034, 3.570628083000031, 0.0 ], [ 98.535995458000059, 3.570588550000025, 0.0 ], [ 98.535989644298112, 3.570564494048889, 0.0 ] ], [ [ 98.536993582425055, 3.588153701171692, 0.0 ], [ 98.536990151000055, 3.588146294000069, 0.0 ], [ 98.536987855000064, 3.588129602000038, 0.0 ], [ 98.536988903000065, 3.588068845000066, 0.0 ], [ 98.536994828000047, 3.588032860000055, 0.0 ], [ 98.537003653000056, 3.587994977000051, 0.0 ], [ 98.537010981000037, 3.587959546000036, 0.0 ], [ 98.537016523000034, 3.587933186000043, 0.0 ], [ 98.537025698000036, 3.587897737000048, 0.0 ], [ 98.537040752000053, 3.587862553000036, 0.0 ], [ 98.537051004000034, 3.587836124000034, 0.0 ], [ 98.537063664000073, 3.587815640000031, 0.0 ], [ 98.537092760000064, 3.587790043000041, 0.0 ], [ 98.537108505000049, 3.587777359000029, 0.0 ], [ 98.537122503000035, 3.587766338000051, 0.0 ], [ 98.537133636000078, 3.587758030000032, 0.0 ], [ 98.537144769000065, 3.587749722000069, 0.0 ], [ 98.537160723000056, 3.587735265000049, 0.0 ], [ 98.537184430000082, 3.58771813200002, 0.0 ], [ 98.537235261000035, 3.587692185000037, 0.0 ], [ 98.537271672000031, 3.587677395000071, 0.0 ], [ 98.537311682000052, 3.58766550100006, 0.0 ], [ 98.537359897000044, 3.587652452000043, 0.0 ], [ 98.537404777000063, 3.58764158300005, 0.0 ], [ 98.537464294000074, 3.587623765000046, 0.0 ], [ 98.537531185000034, 3.587604122000073, 0.0 ], [ 98.537562917000059, 3.587602383000046, 0.0 ], [ 98.537577518765019, 3.587604221862554, 0.0 ] ], [ [ 98.537427907539552, 3.572638415329009, 0.0 ], [ 98.537425338000048, 3.572635486000024, 0.0 ], [ 98.537394374000087, 3.572598378000066, 0.0 ], [ 98.537314506000087, 3.572497096000063, 0.0 ], [ 98.53728944900007, 3.57246056200006, 0.0 ], [ 98.537269271000071, 3.572425795000072, 0.0 ], [ 98.53723894400008, 3.572356519000039, 0.0 ], [ 98.537215957000058, 3.572321904000034, 0.0 ], [ 98.537164004000033, 3.572271225000065, 0.0 ], [ 98.537152288000073, 3.572255704000042, 0.0 ], [ 98.537142925000069, 3.572235127000056, 0.0 ], [ 98.537136965000059, 3.572216171000036, 0.0 ], [ 98.537128575000054, 3.57217780000002, 0.0 ], [ 98.537118934000034, 3.572118838000051, 0.0 ], [ 98.537117508000051, 3.572090675000027, 0.0 ], [ 98.537102376000064, 3.571976273000075, 0.0 ], [ 98.537099418000082, 3.571930775000055, 0.0 ], [ 98.53709998800008, 3.571835007000061, 0.0 ], [ 98.537119011000073, 3.571786020000047, 0.0 ], [ 98.537139580000087, 3.57176030200003, 0.0 ], [ 98.537201335000077, 3.571707694000054, 0.0 ], [ 98.537240669000084, 3.571672069000044, 0.0 ], [ 98.537286198000061, 3.571616607000067, 0.0 ], [ 98.537305694000054, 3.571576811000057, 0.0 ], [ 98.537314699000035, 3.571535563000054, 0.0 ], [ 98.537331690000087, 3.571498299000041, 0.0 ], [ 98.537332387843875, 3.571495174889222, 0.0 ] ], [ [ 98.539582123265731, 3.575688926608664, 0.0 ], [ 98.539577218000034, 3.575688255000046, 0.0 ], [ 98.539510071000052, 3.575681798000062, 0.0 ], [ 98.539428185000077, 3.575671671000066, 0.0 ], [ 98.539407499000049, 3.575662397000031, 0.0 ], [ 98.539390433000051, 3.57563324900002, 0.0 ], [ 98.539376312000059, 3.575601868000035, 0.0 ], [ 98.539365586000088, 3.57557151900005, 0.0 ], [ 98.539358915000037, 3.575516540000024, 0.0 ], [ 98.53936069100007, 3.575475026000049, 0.0 ], [ 98.539368915000068, 3.575435918000039, 0.0 ], [ 98.539390273000038, 3.575372150000021, 0.0 ], [ 98.539390286000071, 3.575345968000022, 0.0 ], [ 98.539381242000047, 3.575309591000064, 0.0 ], [ 98.539356940000062, 3.575273917000061, 0.0 ], [ 98.539347056000054, 3.575244672000053, 0.0 ], [ 98.539344270000072, 3.575218951000068, 0.0 ], [ 98.539351381000074, 3.575181046000068, 0.0 ], [ 98.539352256000086, 3.575154030000022, 0.0 ], [ 98.539346240000043, 3.575132414000052, 0.0 ], [ 98.539333551000084, 3.575115333000042, 0.0 ], [ 98.539311072000032, 3.57510691300007, 0.0 ], [ 98.539221634000057, 3.575098795000031, 0.0 ], [ 98.539180308000084, 3.575096114000075, 0.0 ], [ 98.539089493000063, 3.575089933000072, 0.0 ], [ 98.539055191000045, 3.575083698000071, 0.0 ], [ 98.539017927000032, 3.575070132000064, 0.0 ], [ 98.538982307000083, 3.575054093000062, 0.0 ], [ 98.538951864000069, 3.575037585000075, 0.0 ], [ 98.53894060600004, 3.575025620000076, 0.0 ], [ 98.538929326000073, 3.575004897000042, 0.0 ], [ 98.53892690400005, 3.574986232000072, 0.0 ], [ 98.538925494000068, 3.574960738000073, 0.0 ], [ 98.538926899000046, 3.57494190400007, 0.0 ], [ 98.538931989000048, 3.574918313000069, 0.0 ], [ 98.538947601000075, 3.574865344000045, 0.0 ], [ 98.539003204000039, 3.574761952000074, 0.0 ], [ 98.539021378000086, 3.574716574000036, 0.0 ], [ 98.539046145000043, 3.574687266000069, 0.0 ], [ 98.539074307000078, 3.574675353000032, 0.0 ], [ 98.53908854000008, 3.574684243000036, 0.0 ], [ 98.539125167000066, 3.574745189000055, 0.0 ], [ 98.539148505000071, 3.57476431300006, 0.0 ], [ 98.539177529000085, 3.574773694000044, 0.0 ], [ 98.539203589000067, 3.574775974000033, 0.0 ], [ 98.539226116000066, 3.574761221000074, 0.0 ], [ 98.539232553000033, 3.57474415300004, 0.0 ], [ 98.539232747000085, 3.574715394000066, 0.0 ], [ 98.539220667000052, 3.574655753000059, 0.0 ], [ 98.539207236000038, 3.574631274000069, 0.0 ], [ 98.539192811000078, 3.574597378000021, 0.0 ], [ 98.539182705000087, 3.57453128700007, 0.0 ], [ 98.539172589000032, 3.574505526000053, 0.0 ], [ 98.539157320000072, 3.574484386000051, 0.0 ], [ 98.53914089500006, 3.574470201000054, 0.0 ], [ 98.539114295000047, 3.574457250000023, 0.0 ], [ 98.539042967000057, 3.574438805000057, 0.0 ], [ 98.539001875000054, 3.574416412000062, 0.0 ], [ 98.538961362000066, 3.574390310000069, 0.0 ], [ 98.538901663000047, 3.574361901000032, 0.0 ], [ 98.538871059000087, 3.57434317700006, 0.0 ], [ 98.538833932000045, 3.57431543000007, 0.0 ], [ 98.538812324000048, 3.574295335000045, 0.0 ], [ 98.538767607000068, 3.574248351000051, 0.0 ], [ 98.538679690000038, 3.574164888000041, 0.0 ], [ 98.53864148100007, 3.574122612000053, 0.0 ], [ 98.538603385000044, 3.574070411000037, 0.0 ], [ 98.538544974000047, 3.57398640100007, 0.0 ], [ 98.538504690000082, 3.573895661000051, 0.0 ], [ 98.538433448000035, 3.573815254000067, 0.0 ], [ 98.538396891000048, 3.573780388000046, 0.0 ], [ 98.538317013000039, 3.573719581000034, 0.0 ], [ 98.53827814400006, 3.573698963000027, 0.0 ], [ 98.538221558000032, 3.573676318000025, 0.0 ], [ 98.538174463000075, 3.573667138000076, 0.0 ], [ 98.538139620000038, 3.573662950000028, 0.0 ], [ 98.538106721000077, 3.573662328000069, 0.0 ], [ 98.538070136000044, 3.573664969000049, 0.0 ], [ 98.538004254000043, 3.573685942000054, 0.0 ], [ 98.537955714000077, 3.573685953000052, 0.0 ], [ 98.537926336000055, 3.573681606000036, 0.0 ], [ 98.537854954000068, 3.573645826000075, 0.0 ], [ 98.537826299000074, 3.573637326000039, 0.0 ], [ 98.537804015000063, 3.57363562200004, 0.0 ], [ 98.537786907000054, 3.573637749000056, 0.0 ], [ 98.537747515000035, 3.573637882000071, 0.0 ], [ 98.537685070000066, 3.573627122000062, 0.0 ], [ 98.537654755000062, 3.573608398000033, 0.0 ], [ 98.537596675000032, 3.573580722000031, 0.0 ], [ 98.537576825000087, 3.57355633100002, 0.0 ], [ 98.537566517000073, 3.573518556000067, 0.0 ], [ 98.53757201600007, 3.573485783000024, 0.0 ], [ 98.537600534000035, 3.573407706000069, 0.0 ], [ 98.537620637000032, 3.573376949000021, 0.0 ], [ 98.537652561000073, 3.573348378000048, 0.0 ], [ 98.537662530000034, 3.573327594000034, 0.0 ], [ 98.537666916000035, 3.573271543000033, 0.0 ], [ 98.537674318000086, 3.573235341000043, 0.0 ], [ 98.537676501089976, 3.573230802426129, 0.0 ] ], [ [ 98.538553820954434, 3.584412370693453, 0.0 ], [ 98.538543369000081, 3.584387433000074, 0.0 ], [ 98.538530956000045, 3.584363960000076, 0.0 ], [ 98.538516119000064, 3.584341444000074, 0.0 ], [ 98.538495865000073, 3.584314185000039, 0.0 ], [ 98.538483338000049, 3.584300988000052, 0.0 ], [ 98.53843468000008, 3.584266967000076, 0.0 ], [ 98.538399895000055, 3.584235919000037, 0.0 ], [ 98.538369319000083, 3.584215395000058, 0.0 ], [ 98.538339457000063, 3.584190103000026, 0.0 ], [ 98.538322681000068, 3.584174941000072, 0.0 ], [ 98.538300774000049, 3.584156647000043, 0.0 ], [ 98.538285806000033, 3.584145195000076, 0.0 ], [ 98.538273614000047, 3.584128933000045, 0.0 ], [ 98.538266886000088, 3.584115467000061, 0.0 ], [ 98.538264728000058, 3.584073616000069, 0.0 ], [ 98.538264999000035, 3.584054673000026, 0.0 ], [ 98.538266027000077, 3.584033360000035, 0.0 ], [ 98.538267966000035, 3.584008763000043, 0.0 ], [ 98.538272886000073, 3.583983127000067, 0.0 ], [ 98.538282906000063, 3.583951025000033, 0.0 ], [ 98.538291410000056, 3.583923565000021, 0.0 ], [ 98.538300746000061, 3.583891227000038, 0.0 ], [ 98.538304458000084, 3.58386794200004, 0.0 ], [ 98.538315504000082, 3.583835652000062, 0.0 ], [ 98.538328612000043, 3.58380274700005, 0.0 ], [ 98.538337671000079, 3.583782722000024, 0.0 ], [ 98.538367430000051, 3.583727073000034, 0.0 ], [ 98.538387001000046, 3.583698260000062, 0.0 ], [ 98.538403661000075, 3.583675064000033, 0.0 ], [ 98.538420462000033, 3.583657802000062, 0.0 ], [ 98.538441350000085, 3.583640905000038, 0.0 ], [ 98.538495349000073, 3.583618930000057, 0.0 ], [ 98.538517240000033, 3.583613251000031, 0.0 ], [ 98.538543804000085, 3.583610469000064, 0.0 ], [ 98.538544009810991, 3.583610447503951, 0.0 ] ], [ [ 98.538802393288307, 3.581018618748965, 0.0 ], [ 98.538742005000074, 3.581008488000066, 0.0 ], [ 98.538662306000049, 3.581002675000036, 0.0 ], [ 98.538566533000051, 3.580998113000021, 0.0 ], [ 98.538495557000033, 3.58099582400007, 0.0 ], [ 98.538422214000036, 3.580990740000061, 0.0 ], [ 98.538401390000047, 3.580986060000043, 0.0 ], [ 98.538397658000065, 3.580974216000072, 0.0 ], [ 98.538402338000083, 3.580961155000068, 0.0 ], [ 98.538419666000038, 3.580934857000045, 0.0 ], [ 98.538463156000034, 3.580878970000072, 0.0 ], [ 98.538484592000032, 3.580847770000048, 0.0 ], [ 98.538538342000038, 3.580728390000047, 0.0 ], [ 98.538548271000082, 3.580697673000032, 0.0 ], [ 98.538550079000061, 3.580664907000028, 0.0 ], [ 98.538547892000054, 3.58062770600003, 0.0 ], [ 98.538537181000038, 3.580601646000048, 0.0 ], [ 98.538517331000037, 3.580576215000065, 0.0 ], [ 98.538465376000033, 3.580527173000064, 0.0 ], [ 98.538459560000035, 3.580509104000043, 0.0 ], [ 98.538467770000068, 3.580493811000053, 0.0 ], [ 98.538489261000052, 3.58047831600004, 0.0 ], [ 98.538505021000049, 3.580470707000075, 0.0 ], [ 98.538545876000057, 3.580464042000074, 0.0 ], [ 98.538589353000077, 3.580450556000073, 0.0 ], [ 98.538619399000083, 3.580433257000038, 0.0 ], [ 98.538658498000075, 3.580390431000069, 0.0 ], [ 98.538683953000032, 3.580368849000024, 0.0 ], [ 98.538758762000043, 3.580324124000072, 0.0 ], [ 98.538774483000054, 3.580305098000053, 0.0 ], [ 98.53879868100006, 3.580261433000032, 0.0 ], [ 98.538814348000074, 3.580225056000074, 0.0 ], [ 98.538847166000039, 3.58015572000005, 0.0 ], [ 98.538893925000082, 3.580062762000068, 0.0 ], [ 98.538906639000061, 3.58002476300004, 0.0 ], [ 98.538912420000031, 3.579989458000057, 0.0 ], [ 98.538912895000067, 3.579954917000066, 0.0 ], [ 98.538910325000074, 3.579891626000062, 0.0 ], [ 98.538897290000079, 3.579831630000058, 0.0 ], [ 98.538897165000037, 3.579794123000056, 0.0 ], [ 98.538914046000059, 3.579725133000068, 0.0 ], [ 98.53891733200004, 3.579691472000036, 0.0 ], [ 98.538895751000041, 3.579634611000074, 0.0 ], [ 98.538894308000067, 3.579601708000041, 0.0 ], [ 98.538898508000045, 3.579576642000063, 0.0 ], [ 98.538913741000044, 3.579543973000057, 0.0 ], [ 98.538949559000059, 3.579487965000055, 0.0 ], [ 98.538979268000048, 3.579460144000052, 0.0 ], [ 98.53903503500004, 3.579412812000044, 0.0 ], [ 98.539134057000069, 3.579329461000043, 0.0 ], [ 98.539159488000053, 3.579303438000068, 0.0 ], [ 98.539192761151611, 3.57927290387582, 0.0 ] ], [ [ 98.538835270207301, 3.58300926178861, 0.0 ], [ 98.538788984000064, 3.582977491000065, 0.0 ], [ 98.538726412000074, 3.582931004000045, 0.0 ], [ 98.53869092900004, 3.582909483000037, 0.0 ], [ 98.538637850000043, 3.582874527000058, 0.0 ], [ 98.538612679000039, 3.582848071000058, 0.0 ], [ 98.538599433000059, 3.582814763000044, 0.0 ], [ 98.53859992100007, 3.582738862000042, 0.0 ], [ 98.538610710000057, 3.582700130000035, 0.0 ], [ 98.538630943000044, 3.582662108000022, 0.0 ], [ 98.538650332000032, 3.582636253000032, 0.0 ], [ 98.538671511000075, 3.582614389000071, 0.0 ], [ 98.53869373200007, 3.582598008000048, 0.0 ], [ 98.53875387800008, 3.582580904000054, 0.0 ], [ 98.538821462000044, 3.582560966000074, 0.0 ], [ 98.53896076500007, 3.582501343000047, 0.0 ], [ 98.539052511000079, 3.58249287600006, 0.0 ], [ 98.539121523000063, 3.582480491000069, 0.0 ], [ 98.539124649635909, 3.582478159927726, 0.0 ] ], [ [ 98.539263205777644, 3.578520028171218, 0.0 ], [ 98.539261457000066, 3.578509825000026, 0.0 ], [ 98.539250691000063, 3.578467020000062, 0.0 ], [ 98.539238333000071, 3.578387005000025, 0.0 ], [ 98.539238063000084, 3.578350981000028, 0.0 ], [ 98.539242551000086, 3.578326060000052, 0.0 ], [ 98.539262069000074, 3.578294713000048, 0.0 ], [ 98.539263318865963, 3.578293375830234, 0.0 ] ], [ [ 98.539295956688832, 3.577872428221252, 0.0 ], [ 98.539289093000036, 3.577855810000074, 0.0 ], [ 98.539288920000047, 3.577805266000041, 0.0 ], [ 98.539293239000074, 3.577774112000043, 0.0 ], [ 98.539305944357167, 3.577752838420635, 0.0 ] ], [ [ 98.539432257139723, 3.576949347981763, 0.0 ], [ 98.53942367500008, 3.57693252100006, 0.0 ], [ 98.53938614100008, 3.576871871000037, 0.0 ], [ 98.539338483000051, 3.576781896000057, 0.0 ], [ 98.53932463600006, 3.576744581000071, 0.0 ], [ 98.53931394500006, 3.576679539000054, 0.0 ], [ 98.539287086000058, 3.576589936000062, 0.0 ], [ 98.539278810000042, 3.576539859000036, 0.0 ], [ 98.539280125000062, 3.576448089000053, 0.0 ], [ 98.539296788000058, 3.576400893000027, 0.0 ], [ 98.539308513000037, 3.576377431000026, 0.0 ], [ 98.539321821000044, 3.576341957000068, 0.0 ], [ 98.539340057000061, 3.576280368000027, 0.0 ], [ 98.539357950000067, 3.576204113000074, 0.0 ], [ 98.539362157000085, 3.576182159000041, 0.0 ], [ 98.539375965000033, 3.576117772000032, 0.0 ], [ 98.539388968000083, 3.576080225000055, 0.0 ], [ 98.539418840000053, 3.576011630000039, 0.0 ], [ 98.539437203000034, 3.575986518000036, 0.0 ], [ 98.539451768000049, 3.575974158000065, 0.0 ], [ 98.539486614000054, 3.575960596000073, 0.0 ], [ 98.539513103000047, 3.575964362000036, 0.0 ], [ 98.539524804000052, 3.575983873000041, 0.0 ], [ 98.539530798000044, 3.576007485000048, 0.0 ], [ 98.539529293000044, 3.576028867000048, 0.0 ], [ 98.539519153000072, 3.576049183000066, 0.0 ], [ 98.539512990000048, 3.576064838000036, 0.0 ], [ 98.539508, 3.576082791000033, 0.0 ], [ 98.539508800000078, 3.57610472600004, 0.0 ], [ 98.539515861000041, 3.576120242000059, 0.0 ], [ 98.539530288000037, 3.576125289000061, 0.0 ], [ 98.53954370644567, 3.576123513706188, 0.0 ] ] ] } }
]
}
